{"f1_macro": 0.5640333606302856, "f1_weighted": 0.678002098125853, "precision_macro": 0.5484755467552455, "precision_weighted": 0.8157507191742043, "recall_macro": 0.7276014621922551, "recall_weighted": 0.6459627329192547, "accuracy": 0.6459627329192547, "class_scores": {"P0": 0.6486486486486487, "P1": 0.7228260869565217, "P2": 0.5803108808290155, "P3": 0.30434782608695654}, "skipped_nodes": 3, "model_name": "MaxIbdSumPerClassSize"}