{"f1_macro": 0.4978427469413482, "f1_weighted": 0.5246632343525032, "accuracy": 0.5416666666666666, "class_scores": {"krasnodar": 0.5408805031446541, "vologda-yaroslavl": 0.5985915492957746, "ryazan": 0.576036866359447, "kaluga": 0.27586206896551724}, "skipped_nodes": 0, "model_name": "MaxEdgeCount"}