{"f1_macro": 0.6233130938851452, "f1_weighted": 0.7932277229706514, "precision_macro": 0.6475857843137254, "precision_weighted": 0.7995781615398453, "recall_macro": 0.6136583891654885, "recall_weighted": 0.8073394495412844, "accuracy": 0.8073394495412844, "class_scores": {"Chechens": 0.8571428571428571, "Kabardians, Circassians, Adyghes": 0.7647058823529411, "Karachays, Balkars": 0.7586206896551724, "Ingush": 0.8888888888888888, "Dagestan peoples": 0.8936170212765957, "Ossetians": 0.8235294117647058, "Kumyks": 0.0, "Nogais": 0.0}, "skipped_nodes": 9, "memory_allocated_MB": 17.8798828125, "memory_reserved_MB": 46.0, "model_name": "GL_GINConv_3l_128h"}