{"f1_macro": 0.7612140310669723, "f1_weighted": 0.9483944291003115, "precision_macro": 0.9593645484949833, "precision_weighted": 0.9625500385901724, "recall_macro": 0.7456896551724138, "recall_weighted": 0.9569230769230769, "accuracy": 0.9569230769230769, "class_scores": {"Udmurts,Besermyan": 0.9411764705882353, "Tatars,Volga-Tatars,Mishar-Tatars,Kryashens": 0.987012987012987, "Chuvash": 0.9166666666666666, "Mari": 0.2}, "skipped_nodes": 1, "model_name": "MaxSegmentCount"}