{"f1_macro": 0.49634742226782824, "f1_weighted": 0.5354681076522595, "precision_macro": 0.4960154738878143, "precision_weighted": 0.5405772908776664, "recall_macro": 0.5003096565596565, "recall_weighted": 0.533068783068783, "accuracy": 0.533068783068783, "class_scores": {"Northen Russians": 0.6459854014598541, "Ukranians": 0.38095238095238093, "Belarusians": 0.42857142857142855, "Southern Russians": 0.5298804780876494}, "skipped_nodes": 101, "memory_allocated_MB": 41.90673828125, "memory_reserved_MB": 148.0, "model_name": "GL_GINConv_3l_512h"}