{"f1_macro": 0.9739224137931034, "f1_weighted": 0.9941585572244555, "precision_macro": 0.9545454545454546, "precision_weighted": 0.9949804796430564, "recall_macro": 0.997854077253219, "recall_weighted": 0.9938650306748467, "accuracy": 0.9938650306748467, "class_scores": {"Udmurts,Besermyan": 1.0, "Tatars,Volga-Tatars,Mishar-Tatars,Kryashens": 0.9956896551724138, "Chuvash": 1.0, "Mari": 0.9}, "skipped_nodes": 0, "memory_allocated_MB": 18.61083984375, "memory_reserved_MB": 180.0, "model_name": "GL_GCNConv_3l_128h_w"}