{"f1_macro": 0.8179026689682645, "f1_weighted": 0.9133615819439161, "precision_macro": 0.7946708463949843, "precision_weighted": 0.9290920630036348, "recall_macro": 0.8528471409372698, "recall_weighted": 0.9079754601226994, "accuracy": 0.9079754601226994, "class_scores": {"P0": 1.0, "P1": 0.9480812641083521, "P2": 0.8235294117647058, "P3": 0.5}, "skipped_nodes": 0, "model_name": "LongestIbd"}