{"f1_macro": 0.8410404218912171, "f1_weighted": 0.9462536647426277, "precision_macro": 0.8627285513361462, "precision_weighted": 0.946906203317871, "recall_macro": 0.8221406201755548, "recall_weighted": 0.9472049689440993, "accuracy": 0.9472049689440993, "class_scores": {"Udmurts,Besermyan": 0.9411764705882353, "Tatars,Volga-Tatars,Mishar-Tatars,Kryashens": 0.9785407725321889, "Chuvash": 0.8888888888888888, "Mari": 0.5555555555555556}, "skipped_nodes": 4, "memory_allocated_MB": 0.00048828125, "memory_reserved_MB": 2.0, "f1_macro_score_only_mask_connect": NaN, "f1_macro_score_only_not_mask_connect": 0.8410404218912171, "f1_macro_score_mixed_connect": NaN, "only_mask_connect_sum": 0.0, "only_not_mask_connect_sum": 322.0, "mixed_connect_sum": 0.0, "model_name": "GL_LR"}