{"f1_macro": 0.4643803084146259, "f1_weighted": 0.5150267322677866, "precision_macro": 0.4842254140199637, "precision_weighted": 0.5229403481788191, "recall_macro": 0.4878595109067118, "recall_weighted": 0.544468546637744, "accuracy": 0.544468546637744, "class_scores": {"Southern Russians": 0.4956369982547993, "Ukranians": 0.19718309859154928, "Northen Russians": 0.7217043941411452, "Belarusians": 0.44299674267100975}, "skipped_nodes": 3, "memory_allocated_MB": 339.1455078125, "memory_reserved_MB": 8440.0, "model_name": "GL_GATConv_9l_512h"}