{"f1_macro": 0.8909299799776814, "f1_weighted": 0.9072680239362741, "precision_macro": 0.9380032206119163, "precision_weighted": 0.9157825393523334, "recall_macro": 0.8624059574764242, "recall_weighted": 0.9090909090909091, "accuracy": 0.9090909090909091, "class_scores": {"Swedes": 0.9251700680272109, "Norwegians": 0.9174311926605505, "Danes": 0.8301886792452831}, "skipped_nodes": 6, "memory_allocated_MB": 17.0234375, "memory_reserved_MB": 36.0, "model_name": "GL_SAGEConv_3l_128h"}