{"f1_macro": 0.3199017383470688, "f1_weighted": 0.4382260969153299, "precision_macro": 0.2752642798103276, "precision_weighted": 0.3770363241259835, "recall_macro": 0.3886340494349718, "recall_weighted": 0.5324675324675324, "accuracy": 0.5324675324675324, "class_scores": {"Southern Russians": 0.5651162790697675, "Ukranians": 0.0, "Northen Russians": 0.7144906743185079, "Belarusians": 0.0}, "skipped_nodes": 1, "memory_allocated_MB": 21.427734375, "memory_reserved_MB": 884.0, "model_name": "GL_GATConv_3l_128h"}