{"f1_macro": 0.8342381313493954, "f1_weighted": 0.9116749253010928, "precision_macro": 0.9051406901856065, "precision_weighted": 0.9198791819621196, "recall_macro": 0.8062942266067266, "recall_weighted": 0.9186746987951807, "accuracy": 0.9186746987951807, "class_scores": {"English": 0.9631236442516269, "Germans": 0.8359788359788359, "French": 0.6341463414634146, "Belgium": 0.9037037037037037}, "skipped_nodes": 105, "memory_allocated_MB": 101.53857421875, "memory_reserved_MB": 256.0, "model_name": "GL_GINConv_9l_512h"}