{"f1_macro": 0.6255347784093609, "f1_weighted": 0.867319837663945, "precision_macro": 0.6255564999190546, "precision_weighted": 0.8586509417336259, "recall_macro": 0.6266897222137398, "recall_weighted": 0.8765822784810127, "accuracy": 0.8765822784810127, "class_scores": {"P0": 0.8, "P1": 0.928416485900217, "P2": 0.7737226277372263, "P3": 0.0}, "skipped_nodes": 7, "memory_allocated_MB": 40.8095703125, "memory_reserved_MB": 194.0, "f1_macro_score_only_mask_connect": -100.0, "f1_macro_score_only_not_mask_connect": -100.0, "f1_macro_score_mixed_connect": -100.0, "only_mask_connect_sum": -100.0, "only_not_mask_connect_sum": -100.0, "mixed_connect_sum": -100.0, "model_name": "GL_TAGConv_3l_512h_w_k3_gnorm"}