{"f1_macro": 0.8625, "f1_weighted": 0.9310734463276835, "precision_macro": 0.8712121212121212, "precision_weighted": 0.9310477657935284, "recall_macro": 0.8583333333333333, "recall_weighted": 0.9322033898305084, "accuracy": 0.9322033898305084, "class_scores": {"P0": 0.8333333333333334, "P1": 1.0, "P2": 1.0, "P3": 0.6666666666666666, "P4": 1.0, "P5": 1.0, "P6": 0.4, "P7": 1.0}, "skipped_nodes": 0, "memory_allocated_MB": 36.94091796875, "memory_reserved_MB": 254.0, "model_name": "GL_GATConv_9l_128h"}