{"f1_macro": 0.8297364121087031, "f1_weighted": 0.8813044973901079, "precision_macro": 0.8327380952380952, "precision_weighted": 0.9056728778467908, "recall_macro": 0.8489942528735632, "recall_weighted": 0.8782608695652174, "accuracy": 0.8782608695652174, "class_scores": {"Chechens": 0.9473684210526315, "Kabardians, Circassians, Adyghes": 0.8627450980392157, "Karachays, Balkars": 1.0, "Ingush": 0.8, "Dagestan peoples": 0.8888888888888888, "Ossetians": 0.75, "Kumyks": 0.5, "Nogais": 0.8888888888888888}, "skipped_nodes": 3, "model_name": "MaxEdgeCountPerClassSize"}