{"f1_macro": 0.12772837510105092, "f1_weighted": 0.175297140203831, "precision_macro": 0.08577633007600434, "precision_weighted": 0.11772126082092235, "recall_macro": 0.25, "recall_weighted": 0.34310532030401736, "accuracy": 0.34310532030401736, "class_scores": {"Southern Russians": 0.0, "Ukranians": 0.0, "Northen Russians": 0.5109135004042037, "Belarusians": 0.0}, "skipped_nodes": 4, "memory_allocated_MB": 21.08154296875, "memory_reserved_MB": 86.0, "model_name": "GL_GCNConv_9l_128h_w"}