{"f1_macro": 0.5358618233618234, "f1_weighted": 0.49437704688872913, "precision_macro": 0.518918918918919, "precision_weighted": 0.43619600909320533, "recall_macro": 0.6018518518518519, "recall_weighted": 0.616822429906542, "accuracy": 0.616822429906542, "class_scores": {"P0": 0.0, "P1": 0.7152777777777778, "P2": 0.8923076923076924}, "skipped_nodes": 1, "model_name": "AgglomerativeClustering"}