{"f1_macro": 0.41143890053337445, "f1_weighted": 0.4518699717201945, "precision_macro": 0.410301140285385, "precision_weighted": 0.45650601011286646, "recall_macro": 0.4142835936156474, "recall_weighted": 0.44884488448844884, "accuracy": 0.44884488448844884, "class_scores": {"Southern Russians": 0.4638655462184874, "Ukranians": 0.30434782608695654, "Northen Russians": 0.5709728867623605, "Belarusians": 0.30656934306569344}, "skipped_nodes": 16, "memory_allocated_MB": 338.7607421875, "memory_reserved_MB": 956.0, "model_name": "GL_GATConv_9l_512h"}