{"f1_macro": 0.8775066513508593, "f1_weighted": 0.8980546238432703, "precision_macro": 0.9315004659832246, "precision_weighted": 0.909509558125391, "recall_macro": 0.8493388811835413, "recall_weighted": 0.9014084507042254, "accuracy": 0.9014084507042254, "class_scores": {"Swedes": 0.9261744966442953, "Norwegians": 0.91324200913242, "Danes": 0.7931034482758621}, "skipped_nodes": 2, "memory_allocated_MB": 101.78369140625, "memory_reserved_MB": 168.0, "model_name": "GL_GINConv_9l_512h"}