{"f1_macro": 0.5776532835356365, "f1_weighted": 0.7228731868334188, "precision_macro": 0.5381766381766382, "precision_weighted": 0.667818305846475, "recall_macro": 0.6278748651564185, "recall_weighted": 0.7934272300469484, "accuracy": 0.7934272300469484, "class_scores": {"Swedes": 0.8758169934640523, "Norwegians": 0.8571428571428571, "Danes": 0.0}, "skipped_nodes": 2, "memory_allocated_MB": 101.70654296875, "memory_reserved_MB": 166.0, "model_name": "GL_GINConv_9l_512h"}