{"f1_macro": 0.6026819065809172, "f1_weighted": 0.7718157322937386, "precision_macro": 0.8514622788558959, "precision_weighted": 0.8255218937520677, "recall_macro": 0.5553023737300784, "recall_weighted": 0.803030303030303, "accuracy": 0.803030303030303, "class_scores": {"English": 0.9123505976095617, "Germans": 0.6444444444444445, "French": 0.42696629213483145, "Belgium": 0.42696629213483145}, "skipped_nodes": 43, "memory_allocated_MB": 17.416015625, "memory_reserved_MB": 48.0, "f1_macro_score_only_mask_connect": 0.2994204895444967, "f1_macro_score_only_not_mask_connect": 0.94, "f1_macro_score_mixed_connect": 0.735685945696064, "only_mask_connect_sum": 191.0, "only_not_mask_connect_sum": 26.0, "mixed_connect_sum": 509.0, "model_name": "GL_SAGEConv_3l_128h_de"}