{"f1_macro": 0.8518939393939394, "f1_weighted": 0.9079720279720279, "precision_macro": 0.8107028388278388, "precision_weighted": 0.9256229923922232, "recall_macro": 0.9225552943225357, "recall_weighted": 0.9015384615384615, "accuracy": 0.9015384615384615, "class_scores": {"Udmurts,Besermyan": 1.0, "Tatars,Volga-Tatars,Mishar-Tatars,Kryashens": 0.9409090909090909, "Chuvash": 0.8, "Mari": 0.6666666666666666}, "skipped_nodes": 1, "model_name": "LongestIbd"}