{"f1_macro": 0.8791452500500547, "f1_weighted": 0.9386498285789352, "precision_macro": 0.8919787294250814, "precision_weighted": 0.9407069234185309, "recall_macro": 0.8714424967939947, "recall_weighted": 0.9398496240601504, "accuracy": 0.9398496240601504, "class_scores": {"English": 0.9792802617230099, "Germans": 0.8449197860962567, "French": 0.74, "Belgium": 0.9523809523809523}, "skipped_nodes": 104, "memory_allocated_MB": 17.60888671875, "memory_reserved_MB": 52.0, "model_name": "GL_TAGConv_3l_128h_w_k3"}