{"f1_macro": 0.8936518954595769, "f1_weighted": 0.9680272041901091, "precision_macro": 0.9506769641495042, "precision_weighted": 0.9711017674888742, "recall_macro": 0.8696351931330473, "recall_weighted": 0.9693251533742331, "accuracy": 0.9693251533742331, "class_scores": {"Udmurts,Besermyan": 0.918918918918919, "Tatars,Volga-Tatars,Mishar-Tatars,Kryashens": 0.9848812095032398, "Chuvash": 0.9565217391304348, "Mari": 0.7142857142857143}, "skipped_nodes": 0, "memory_allocated_MB": 36.6923828125, "memory_reserved_MB": 266.0, "model_name": "GL_TAGConv_3l_512h_w_k3_gnorm"}