{"f1_macro": 0.9111645185865869, "f1_weighted": 0.9142607076522075, "precision_macro": 0.9297174840085288, "precision_weighted": 0.9177447739764922, "recall_macro": 0.8965554256816394, "recall_weighted": 0.914572864321608, "accuracy": 0.914572864321608, "class_scores": {"Swedes": 0.9078014184397163, "Norwegians": 0.9209302325581395, "Danes": 0.9047619047619048}, "skipped_nodes": 16, "memory_allocated_MB": 97.857421875, "memory_reserved_MB": 166.0, "model_name": "GL_GATConv_3l_512h"}