{"f1_macro": 0.5461657899641208, "f1_weighted": 0.616727794241686, "precision_macro": 0.5840890091214703, "precision_weighted": 0.6188082379954783, "recall_macro": 0.5358428170306435, "recall_weighted": 0.6308186195826645, "accuracy": 0.6308186195826645, "class_scores": {"Northen Russians": 0.7426326129666012, "Ukranians": 0.3418803418803419, "Belarusians": 0.45962732919254656, "Southern Russians": 0.6405228758169934}, "skipped_nodes": 115, "memory_allocated_MB": 156.67822265625, "memory_reserved_MB": 402.0, "model_name": "GL_TAGConv_9l_512h_w_k3"}