{"f1_macro": 0.6496991883848675, "f1_weighted": 0.8039711297040907, "accuracy": 0.8270676691729323, "class_scores": {"English": 0.9180327868852459, "Germans": 0.6170212765957447, "French": 0.5526315789473685, "Belgium": 0.5111111111111111}, "skipped_nodes": 104, "model_name": "GL_GCNConv_3l_128h_w"}