{"f1_macro": 0.8016941391941392, "f1_weighted": 0.9324548333022908, "accuracy": 0.9491525423728814, "class_scores": {"P0": 0.9230769230769231, "P1": 0.9666666666666667, "P2": 1.0, "P3": 1.0, "P4": 1.0, "P5": 0.9523809523809523, "P6": 0.0, "P7": 0.5714285714285714}, "skipped_nodes": 0, "model_name": "GL_GCNConv_3l_512h_w"}