{"f1_macro": 0.7302849108494793, "f1_weighted": 0.9531502643775369, "accuracy": 0.9662576687116564, "class_scores": {"Udmurts,Besermyan": 1.0, "Tatars,Volga-Tatars,Mishar-Tatars,Kryashens": 0.9936034115138592, "Chuvash": 0.927536231884058, "Mari": 0.0}, "skipped_nodes": 0, "model_name": "GL_TAGConv_3l_128h_w_k3"}