{"f1_macro": 0.25121926420100865, "f1_weighted": 0.288630346056711, "accuracy": 0.3038194444444444, "class_scores": {"krasnodar": 0.3448275862068966, "yaroslavl": 0.17094017094017094, "ryazan": 0.38738738738738737, "kaluga": 0.16176470588235295, "vologda": 0.19117647058823528}, "skipped_nodes": 0, "model_name": "GL_TAGConv_3l_128h_w_k3"}