{"f1_macro": 0.4292402412423432, "f1_weighted": 0.4769246362094152, "precision_macro": 0.4282316551175629, "precision_weighted": 0.47766549706135225, "recall_macro": 0.4321406367412262, "recall_weighted": 0.47752808988764045, "accuracy": 0.47752808988764045, "class_scores": {"Ukranians": 0.2753623188405797, "Southern Russians": 0.49087893864013266, "Northen Russians": 0.6185897435897436, "Belarusians": 0.33212996389891697}, "skipped_nodes": 25, "memory_allocated_MB": 37.56298828125, "memory_reserved_MB": 230.0, "model_name": "GL_TAGConv_3l_512h_nw_k3_gnorm_leaky_relu"}