{"f1_macro": 0.6291780683085031, "f1_weighted": 0.8054045809263201, "precision_macro": 0.6305669683101034, "precision_weighted": 0.8440635184799945, "recall_macro": 0.6567708333333333, "recall_weighted": 0.81, "accuracy": 0.81, "class_scores": {"Chechens": 0.8333333333333334, "Kabardians, Circassians, Adyghes": 0.782608695652174, "Karachays, Balkars": 0.8205128205128205, "Ingush": 0.9090909090909091, "Dagestan peoples": 0.7878787878787878, "Ossetians": 0.9, "Kumyks": 0.0, "Nogais": 0.0}, "skipped_nodes": 18, "memory_allocated_MB": 18.59814453125, "memory_reserved_MB": 46.0, "model_name": "GL_GCNConv_9l_128h_w"}