{"f1_macro": 0.5927969457013575, "f1_weighted": 0.7893663650075414, "accuracy": 0.8, "class_scores": {"Chechens": 0.8, "Kabardians, Circassians, Adyghes": 0.84, "Karachays, Balkars": 0.8205128205128205, "Ingush": 0.625, "Dagestan peoples": 0.8333333333333334, "Ossetians": 0.8235294117647058, "Kumyks": 0.0, "Nogais": 0.0}, "skipped_nodes": 18, "model_name": "GL_GCNConv_9l_128h_w"}