{"f1_macro": 0.4885061974247367, "f1_weighted": 0.5446154326673609, "precision_macro": 0.4961363636363636, "precision_weighted": 0.5437149877149877, "recall_macro": 0.4902852913883643, "recall_weighted": 0.5556756756756757, "accuracy": 0.5556756756756757, "class_scores": {"Southern Russians": 0.5709459459459459, "Ukranians": 0.358974358974359, "Northen Russians": 0.7078651685393258, "Belarusians": 0.3162393162393162}, "skipped_nodes": 0, "memory_allocated_MB": 37.1083984375, "memory_reserved_MB": 196.0, "f1_macro_score_only_mask_connect": 0.3333333333333333, "f1_macro_score_only_not_mask_connect": 1.0, "f1_macro_score_mixed_connect": 0.48689223778130586, "only_mask_connect_sum": 16.0, "only_not_mask_connect_sum": 1.0, "mixed_connect_sum": 908.0, "model_name": "GL_SAGEConv_3l_512h_de"}