{"f1_macro": 0.41373283395755306, "f1_weighted": 0.8185381769720366, "precision_macro": 0.3879923866269447, "precision_weighted": 0.8216396269061357, "recall_macro": 0.4677461308362596, "recall_weighted": 0.8404907975460123, "accuracy": 0.8404907975460123, "class_scores": {"Udmurts,Besermyan": 0.0, "Tatars,Volga-Tatars,Mishar-Tatars,Kryashens": 0.9438202247191011, "Chuvash": 0.7111111111111111, "Mari": 0.0}, "skipped_nodes": 0, "memory_allocated_MB": 96.93359375, "memory_reserved_MB": 4874.0, "model_name": "GL_GATConv_3l_512h"}