{"f1_macro": 0.48049357854277774, "f1_weighted": 0.5312172292377577, "precision_macro": 0.5065517244542791, "precision_weighted": 0.5352799557582797, "recall_macro": 0.4785817031070196, "recall_weighted": 0.5472312703583062, "accuracy": 0.5472312703583062, "class_scores": {"Southern Russians": 0.5581395348837209, "Ukranians": 0.35570469798657717, "Northen Russians": 0.6747967479674797, "Belarusians": 0.3333333333333333}, "skipped_nodes": 4, "memory_allocated_MB": 31.09716796875, "memory_reserved_MB": 104.0, "f1_macro_score_only_mask_connect": 0.23809523809523808, "f1_macro_score_only_not_mask_connect": 0.38710317460317456, "f1_macro_score_mixed_connect": 0.484139520361735, "only_mask_connect_sum": 12.0, "only_not_mask_connect_sum": 35.0, "mixed_connect_sum": 874.0, "model_name": "GL_SAGEConv_3l_512h"}