{"f1_macro": 0.9418381679483978, "f1_weighted": 0.967662184480195, "precision_macro": 0.9315174800544499, "precision_weighted": 0.9690426299505611, "recall_macro": 0.954210572810236, "recall_weighted": 0.9672131147540983, "accuracy": 0.9672131147540983, "class_scores": {"English": 0.9912087912087912, "Germans": 0.9389312977099237, "French": 0.9019607843137255, "Belgium": 0.935251798561151}, "skipped_nodes": 37, "memory_allocated_MB": 22.2763671875, "memory_reserved_MB": 72.0, "model_name": "GL_MLP_3l_512h"}