{"f1_macro": 0.826453671524094, "f1_weighted": 0.8648396956927383, "precision_macro": 0.9273165422885571, "precision_weighted": 0.8960317076175726, "recall_macro": 0.7900970873786407, "recall_weighted": 0.8726415094339622, "accuracy": 0.8726415094339622, "class_scores": {"Swedes": 0.9295774647887324, "Norwegians": 0.8831168831168831, "Danes": 0.6666666666666666}, "skipped_nodes": 3, "memory_allocated_MB": 16.9189453125, "memory_reserved_MB": 60.0, "model_name": "GL_SAGEConv_3l_128h"}