{"f1_macro": 0.9577710339974491, "f1_weighted": 0.9579622273294937, "precision_macro": 0.961049412522131, "precision_weighted": 0.9601765240923945, "recall_macro": 0.9566436339251873, "recall_weighted": 0.958139534883721, "accuracy": 0.958139534883721, "class_scores": {"Swedes": 0.951048951048951, "Norwegians": 0.9622641509433962, "Danes": 0.96}, "skipped_nodes": 0, "memory_allocated_MB": 44.7548828125, "memory_reserved_MB": 52.0, "model_name": "GL_GCNConv_9l_512h_w"}