{"f1_macro": 0.33311688311688314, "f1_weighted": 0.45628192032686415, "accuracy": 0.5617977528089888, "class_scores": {"Chechens": 0.8484848484848485, "Kabardians, Circassians, Adyghes": 0.55, "Karachays, Balkars": 0.0, "Ingush": 0.0, "Dagestan peoples": 0.9333333333333333, "Ossetians": 0.0, "Kumyks": 0.0, "Nogais": 0.0}, "skipped_nodes": 29, "model_name": "GL_GATConv_3l_128h"}