{"f1_macro": 0.5493712771877974, "f1_weighted": 0.6090941168304629, "precision_macro": 0.6051207878500238, "precision_weighted": 0.6235583422688628, "recall_macro": 0.5405159310214417, "recall_weighted": 0.6283950617283951, "accuracy": 0.6283950617283951, "class_scores": {"Ukranians": 0.2958579881656805, "Southern Russians": 0.656441717791411, "Northen Russians": 0.7331081081081081, "Belarusians": 0.5120772946859904}, "skipped_nodes": 73, "memory_allocated_MB": 36.68505859375, "memory_reserved_MB": 208.0, "model_name": "GL_TAGConv_3l_512h_w_k3_gnorm_relu"}