{"f1_macro": 0.5740740740740741, "f1_weighted": 0.8702331961591222, "accuracy": 0.8855218855218855, "class_scores": {"Udmurts,Besermyan": 0.5333333333333333, "Tatars,Volga-Tatars,Mishar-Tatars,Kryashens": 0.9333333333333333, "Chuvash": 0.8296296296296296, "Mari": 0.0}, "skipped_nodes": 29, "model_name": "GL_TAGConv_3l_512h_w_k3_gnorm"}