{"f1_macro": 0.5291670835000667, "f1_weighted": 0.6870596452866861, "accuracy": 0.6964285714285714, "class_scores": {"Chechens": 0.8333333333333334, "Kabardians, Circassians, Adyghes": 0.6530612244897959, "Karachays, Balkars": 0.8235294117647058, "Ingush": 0.6, "Dagestan peoples": 0.6984126984126984, "Ossetians": 0.625, "Kumyks": 0.0, "Nogais": 0.0}, "skipped_nodes": 6, "model_name": "GL_MLP_9l_512h"}