{"f1_macro": 0.8704493785501419, "f1_weighted": 0.9224132765594064, "precision_macro": 0.8858286366677491, "precision_weighted": 0.922688805965471, "recall_macro": 0.8583921642188461, "recall_weighted": 0.9244755244755245, "accuracy": 0.9244755244755245, "class_scores": {"English": 0.9668449197860962, "Germans": 0.8608695652173913, "French": 0.734375, "Belgium": 0.9197080291970803}, "skipped_nodes": 54, "memory_allocated_MB": 22.314453125, "memory_reserved_MB": 348.0, "model_name": "GL_GATConv_3l_128h"}