{"f1_macro": 0.7300175563274731, "f1_weighted": 0.9528040188681319, "precision_macro": 0.7260918451887798, "precision_weighted": 0.9401170647123448, "recall_macro": 0.7350381497377205, "recall_weighted": 0.9662576687116564, "accuracy": 0.9662576687116564, "class_scores": {"Udmurts,Besermyan": 0.9714285714285714, "Tatars,Volga-Tatars,Mishar-Tatars,Kryashens": 0.9851380042462845, "Chuvash": 0.9635036496350365, "Mari": 0.0}, "skipped_nodes": 0, "memory_allocated_MB": 27.0009765625, "memory_reserved_MB": 86.0, "f1_macro_score_only_mask_connect": NaN, "f1_macro_score_only_not_mask_connect": NaN, "f1_macro_score_mixed_connect": 0.7300175563274731, "only_mask_connect_sum": 0.0, "only_not_mask_connect_sum": 0.0, "mixed_connect_sum": 326.0, "model_name": "GL_GCNConv_9l_128h_w"}