{"f1_macro": 0.3916458057059647, "f1_weighted": 0.4883657453549613, "precision_macro": 0.5135529121684659, "precision_weighted": 0.5338878862869267, "recall_macro": 0.42274202550717244, "recall_weighted": 0.547027027027027, "accuracy": 0.547027027027027, "class_scores": {"Southern Russians": 0.5710754017305315, "Ukranians": 0.228310502283105, "Northen Russians": 0.7243401759530792, "Belarusians": 0.04285714285714286}, "skipped_nodes": 0, "memory_allocated_MB": 99.5498046875, "memory_reserved_MB": 422.0, "f1_macro_score_only_mask_connect": 0.3928571428571428, "f1_macro_score_only_not_mask_connect": 0.0, "f1_macro_score_mixed_connect": 0.38846452332553216, "only_mask_connect_sum": 16.0, "only_not_mask_connect_sum": 1.0, "mixed_connect_sum": 908.0, "model_name": "GL_SAGEConv_9l_512h_de"}