{"f1_macro": 0.5009187756943282, "f1_weighted": 0.5771016224338767, "precision_macro": 0.5512173227289506, "precision_weighted": 0.7349965010972287, "recall_macro": 0.5418888455369142, "recall_weighted": 0.5398773006134969, "accuracy": 0.5398773006134969, "class_scores": {"P0": 0.8125, "P1": 0.6187845303867403, "P2": 0.42424242424242425, "P3": 0.14814814814814814}, "skipped_nodes": 0, "model_name": "LongestIbd"}