{"f1_macro": 0.9389442719398594, "f1_weighted": 0.9419089823176878, "precision_macro": 0.9427963267043727, "precision_weighted": 0.9431280832247015, "recall_macro": 0.9361916452776847, "recall_weighted": 0.9420289855072463, "accuracy": 0.9420289855072463, "class_scores": {"Swedes": 0.9379310344827586, "Norwegians": 0.9478672985781991, "Danes": 0.9310344827586207}, "skipped_nodes": 8, "memory_allocated_MB": 17.8515625, "memory_reserved_MB": 38.0, "model_name": "GL_GINConv_3l_128h"}