{"f1_macro": 0.8808825895223951, "f1_weighted": 0.9174444478136875, "accuracy": 0.9194444444444444, "class_scores": {"English": 0.9502645502645503, "Germans": 0.8680851063829788, "French": 0.8292682926829268, "Belgium": 0.8759124087591241}, "skipped_nodes": 49, "model_name": "LongestIbd"}