{"f1_macro": 0.8597797763415287, "f1_weighted": 0.9292738481258505, "precision_macro": 0.9138389978815511, "precision_weighted": 0.9333916720098033, "recall_macro": 0.833270146256543, "recall_weighted": 0.9344262295081968, "accuracy": 0.9344262295081968, "class_scores": {"English": 0.9728555917480999, "Germans": 0.8682926829268293, "French": 0.6506024096385542, "Belgium": 0.9473684210526315}, "skipped_nodes": 98, "memory_allocated_MB": 36.60791015625, "memory_reserved_MB": 116.0, "model_name": "GL_TAGConv_3l_512h_w_k3"}