{"f1_macro": 0.5932958327797593, "f1_weighted": 0.6363026223691409, "precision_macro": 0.5906260681671247, "precision_weighted": 0.6418909721618846, "recall_macro": 0.5995241212968053, "recall_weighted": 0.6331168831168831, "accuracy": 0.6331168831168831, "class_scores": {"Southern Russians": 0.6645161290322581, "Ukranians": 0.43729903536977494, "Northen Russians": 0.7597402597402597, "Belarusians": 0.5116279069767442}, "skipped_nodes": 1, "memory_allocated_MB": 159.11572265625, "memory_reserved_MB": 718.0, "model_name": "GL_TAGConv_9l_512h_w_k3"}