{"f1_macro": 0.49536783859240774, "f1_weighted": 0.5523738634913933, "precision_macro": 0.49423877765261964, "precision_weighted": 0.557097157478917, "recall_macro": 0.5000862261112203, "recall_weighted": 0.552, "accuracy": 0.552, "class_scores": {"Northen Russians": 0.6866197183098591, "Ukranians": 0.31759656652360513, "Belarusians": 0.4075829383886256, "Southern Russians": 0.569672131147541}, "skipped_nodes": 107, "memory_allocated_MB": 97.52880859375, "memory_reserved_MB": 654.0, "model_name": "GL_GATConv_3l_512h"}