{"f1_macro": 0.44351075767333525, "f1_weighted": 0.4962112070001347, "precision_macro": 0.4442045279465533, "precision_weighted": 0.5101663122400971, "recall_macro": 0.4488254300374398, "recall_weighted": 0.4872389791183295, "accuracy": 0.4872389791183295, "class_scores": {"Ukranians": 0.29965156794425085, "Southern Russians": 0.5043782837127846, "Northen Russians": 0.6424870466321243, "Belarusians": 0.32752613240418116}, "skipped_nodes": 43, "memory_allocated_MB": 37.4814453125, "memory_reserved_MB": 210.0, "model_name": "GL_TAGConv_3l_512h_w_k3_gnorm"}