{"f1_macro": 0.8953182212464785, "f1_weighted": 0.9009340236159712, "precision_macro": 0.8849096017770717, "precision_weighted": 0.9078854402434436, "recall_macro": 0.9116370010787486, "recall_weighted": 0.9, "accuracy": 0.9, "class_scores": {"Swedes": 0.8860759493670886, "Norwegians": 0.9175257731958762, "Danes": 0.8823529411764706}, "skipped_nodes": 5, "memory_allocated_MB": 101.5, "memory_reserved_MB": 150.0, "model_name": "GL_GINConv_9l_512h"}