{"f1_macro": 0.7410666088297667, "f1_weighted": 0.8307189043869702, "precision_macro": 0.7291320598006644, "precision_weighted": 0.9273930966308624, "recall_macro": 0.9243237091949539, "recall_weighted": 0.7914110429447853, "accuracy": 0.7914110429447853, "class_scores": {"P0": 1.0, "P1": 0.8320802005012531, "P2": 0.8552631578947368, "P3": 0.27692307692307694}, "skipped_nodes": 0, "model_name": "MaxIbdSumPerClassSize"}