{"f1_macro": 0.5943782335550629, "f1_weighted": 0.7870702964605403, "accuracy": 0.7888888888888889, "class_scores": {"Chechens": 0.8, "Kabardians, Circassians, Adyghes": 0.8292682926829268, "Karachays, Balkars": 0.8, "Ingush": 0.7272727272727273, "Dagestan peoples": 0.8484848484848485, "Ossetians": 0.75, "Kumyks": 0.0, "Nogais": 0.0}, "skipped_nodes": 28, "model_name": "GL_SAGEConv_9l_512h"}