{"f1_macro": 0.742789920162984, "f1_weighted": 0.9339796313586042, "precision_macro": 0.8439465893672136, "precision_weighted": 0.9355558068244636, "recall_macro": 0.6920995670995671, "recall_weighted": 0.941358024691358, "accuracy": 0.941358024691358, "class_scores": {"Udmurts,Besermyan": 0.7586206896551724, "Tatars,Volga-Tatars,Mishar-Tatars,Kryashens": 0.9725158562367865, "Chuvash": 0.9323308270676691, "Mari": 0.3076923076923077}, "skipped_nodes": 2, "memory_allocated_MB": 0.00048828125, "memory_reserved_MB": 2.0, "f1_macro_score_only_mask_connect": NaN, "f1_macro_score_only_not_mask_connect": 0.742789920162984, "f1_macro_score_mixed_connect": NaN, "only_mask_connect_sum": 0.0, "only_not_mask_connect_sum": 324.0, "mixed_connect_sum": 0.0, "model_name": "GL_LR"}