{"f1_macro": 0.7540769190159434, "f1_weighted": 0.8402425644413146, "precision_macro": 0.8289240731939164, "precision_weighted": 0.8462872273984225, "recall_macro": 0.7120390105256387, "recall_weighted": 0.8539944903581267, "accuracy": 0.8539944903581267, "class_scores": {"English": 0.9288617886178862, "Germans": 0.6666666666666666, "French": 0.5636363636363636, "Belgium": 0.8571428571428571}, "skipped_nodes": 43, "memory_allocated_MB": 22.45361328125, "memory_reserved_MB": 92.0, "f1_macro_score_only_mask_connect": 0.6712789661319074, "f1_macro_score_only_not_mask_connect": 0.7312801932367149, "f1_macro_score_mixed_connect": 0.7870612132487894, "only_mask_connect_sum": 191.0, "only_not_mask_connect_sum": 26.0, "mixed_connect_sum": 509.0, "model_name": "GL_GINConv_9l_128h"}