{"f1_macro": 0.7854381946028053, "f1_weighted": 0.8795627529504658, "precision_macro": 0.8265755060877013, "precision_weighted": 0.8824227821150898, "recall_macro": 0.7730568453928038, "recall_weighted": 0.8881118881118881, "accuracy": 0.8881118881118881, "class_scores": {"English": 0.9605963791267306, "Germans": 0.7642276422764228, "French": 0.5436893203883495, "Belgium": 0.8732394366197183}, "skipped_nodes": 54, "memory_allocated_MB": 22.4501953125, "memory_reserved_MB": 92.0, "model_name": "GL_GINConv_9l_128h"}