{"f1_macro": 0.5384267548203239, "f1_weighted": 0.5526080928798117, "precision_macro": 0.537577508534073, "precision_weighted": 0.5493995061322436, "recall_macro": 0.5408269632838179, "recall_weighted": 0.5573593073593074, "accuracy": 0.5573593073593074, "class_scores": {"P0": 0.5679442508710801, "P1": 0.41277641277641275, "P2": 0.76171875, "P3": 0.4112676056338028}, "skipped_nodes": 0, "memory_allocated_MB": 39.00830078125, "memory_reserved_MB": 486.0, "model_name": "GL_TAGConv_3l_512h_w_k3_gnorm"}