{"f1_macro": 0.9760567304467626, "f1_weighted": 0.9812561075433227, "precision_macro": 0.9784680146969366, "precision_weighted": 0.9812978708453377, "recall_macro": 0.9738007910823446, "recall_weighted": 0.9813084112149533, "accuracy": 0.9813084112149533, "class_scores": {"Swedes": 0.9801324503311258, "Norwegians": 0.9902912621359223, "Danes": 0.9577464788732394}, "skipped_nodes": 1, "memory_allocated_MB": 23.548828125, "memory_reserved_MB": 88.0, "f1_macro_score_only_mask_connect": -100.0, "f1_macro_score_only_not_mask_connect": -100.0, "f1_macro_score_mixed_connect": -100.0, "only_mask_connect_sum": -100.0, "only_not_mask_connect_sum": -100.0, "mixed_connect_sum": -100.0, "model_name": "GL_MLP_3l_512h"}