{"f1_macro": 0.15457690509583916, "f1_weighted": 0.2315295170690398, "accuracy": 0.3309608540925267, "class_scores": {"krasnodar": 0.3115942028985507, "yaroslavl": 0.0, "ryazan": 0.4612903225806452, "kaluga": 0.0, "vologda": 0.0}, "skipped_nodes": 14, "model_name": "GL_GINConv_9l_128h"}