{"f1_macro": 0.9607859705454688, "f1_weighted": 0.9668132832753179, "precision_macro": 0.9742634889109567, "precision_weighted": 0.9678529635276071, "recall_macro": 0.9497796270611806, "recall_weighted": 0.9671361502347418, "accuracy": 0.9671361502347418, "class_scores": {"Swedes": 0.9668874172185431, "Norwegians": 0.9760765550239234, "Danes": 0.9393939393939394}, "skipped_nodes": 2, "memory_allocated_MB": 26.13427734375, "memory_reserved_MB": 62.0, "f1_macro_score_only_mask_connect": 1.0, "f1_macro_score_only_not_mask_connect": 0.6984126984126985, "f1_macro_score_mixed_connect": 0.9711582878765541, "only_mask_connect_sum": 10.0, "only_not_mask_connect_sum": 12.0, "mixed_connect_sum": 191.0, "model_name": "GL_TAGConv_9l_128h_w_k3"}