{"f1_macro": 0.4995191915436701, "f1_weighted": 0.5560113494224532, "precision_macro": 0.525689915577556, "precision_weighted": 0.554643402354021, "recall_macro": 0.49576340104548194, "recall_weighted": 0.5731225296442688, "accuracy": 0.5731225296442688, "class_scores": {"Northen Russians": 0.6863711001642037, "Ukranians": 0.25301204819277107, "Belarusians": 0.48205128205128206, "Southern Russians": 0.5766423357664233}, "skipped_nodes": 98, "memory_allocated_MB": 36.68359375, "memory_reserved_MB": 198.0, "model_name": "GL_TAGConv_3l_512h_w_k3_gnorm_gelu"}