{"f1_macro": 0.6476664846583273, "f1_weighted": 0.6488738152579284, "precision_macro": 0.650550173869846, "precision_weighted": 0.6511602774605755, "recall_macro": 0.6585952948073466, "recall_weighted": 0.6601731601731602, "accuracy": 0.6601731601731602, "class_scores": {"P0": 0.612, "P1": 0.4734042553191489, "P2": 0.8414872798434442, "P3": 0.6637744034707158}, "skipped_nodes": 0, "model_name": "MaxEdgeCountPerClassSize"}