{"f1_macro": 0.9609121954329567, "f1_weighted": 0.9736928630868984, "precision_macro": 0.9704793757692375, "precision_weighted": 0.9741280041088031, "recall_macro": 0.9530822338679237, "recall_weighted": 0.9741144414168937, "accuracy": 0.9741144414168937, "class_scores": {"P0": 0.9860064585575888, "P1": 0.96, "P2": 0.918918918918919, "P3": 0.9787234042553191}, "skipped_nodes": 28, "memory_allocated_MB": 22.25634765625, "memory_reserved_MB": 348.0, "model_name": "GL_GATConv_3l_128h"}