{"f1_macro": 0.6399366134660253, "f1_weighted": 0.8363434302897467, "precision_macro": 0.6463345864661654, "precision_weighted": 0.8681071611066501, "recall_macro": 0.6469663742690058, "recall_weighted": 0.8252427184466019, "accuracy": 0.8252427184466019, "class_scores": {"Chechens": 0.8648648648648649, "Kabardians, Circassians, Adyghes": 0.8571428571428571, "Karachays, Balkars": 0.8648648648648649, "Ingush": 0.9090909090909091, "Dagestan peoples": 0.8235294117647058, "Ossetians": 0.8, "Kumyks": 0.0, "Nogais": 0.0}, "skipped_nodes": 15, "memory_allocated_MB": 16.70654296875, "memory_reserved_MB": 44.0, "model_name": "GL_GCNConv_3l_128h_w"}