{"f1_macro": 0.9451263483251204, "f1_weighted": 0.9625125865014327, "accuracy": 0.9634146341463414, "class_scores": {"P0": 0.9808102345415778, "P1": 0.9322709163346613, "P2": 0.9090909090909091, "P3": 0.9583333333333334}, "skipped_nodes": 24, "model_name": "GL_GCNConv_3l_512h_w"}