{"f1_macro": 0.6012759170653907, "f1_weighted": 0.7457661065984198, "accuracy": 0.8232558139534883, "class_scores": {"P0": 0.9090909090909091, "P1": 0.8947368421052632, "P2": 0.0}, "skipped_nodes": 0, "model_name": "GL_GATConv_3l_512h"}