{"f1_macro": 0.5941387315760955, "f1_weighted": 0.6415727236493026, "precision_macro": 0.6214982522250043, "precision_weighted": 0.6457769463441675, "recall_macro": 0.5863007790778965, "recall_weighted": 0.652972972972973, "accuracy": 0.652972972972973, "class_scores": {"Southern Russians": 0.6913229018492176, "Ukranians": 0.43478260869565216, "Northen Russians": 0.7585139318885449, "Belarusians": 0.49193548387096775}, "skipped_nodes": 0, "memory_allocated_MB": 31.20458984375, "memory_reserved_MB": 240.0, "f1_macro_score_only_mask_connect": -100.0, "f1_macro_score_only_not_mask_connect": -100.0, "f1_macro_score_mixed_connect": -100.0, "only_mask_connect_sum": -100.0, "only_not_mask_connect_sum": -100.0, "mixed_connect_sum": -100.0, "model_name": "GL_SAGEConv_3l_512h"}