{"f1_macro": 0.494201555611385, "f1_weighted": 0.541624012143382, "precision_macro": 0.5005949830579083, "precision_weighted": 0.576090223238061, "recall_macro": 0.5111149099480825, "recall_weighted": 0.5267441860465116, "accuracy": 0.5267441860465116, "class_scores": {"Ukranians": 0.32903225806451614, "Southern Russians": 0.5271028037383177, "Northen Russians": 0.6929982046678635, "Belarusians": 0.4276729559748428}, "skipped_nodes": 45, "model_name": "MaxEdgeCountPerClassSize"}