{"f1_macro": 0.8194506533391109, "f1_weighted": 0.9086862229941994, "accuracy": 0.9161676646706587, "class_scores": {"English": 0.9666307857911733, "Germans": 0.8333333333333334, "French": 0.5925925925925926, "Belgium": 0.8852459016393442}, "skipped_nodes": 101, "model_name": "GL_GCNConv_3l_128h_w"}