{"f1_macro": 0.3578981039029831, "f1_weighted": 0.45604586983832496, "precision_macro": 0.420724424264736, "precision_weighted": 0.4826552423783986, "recall_macro": 0.39491324921135645, "recall_weighted": 0.52, "accuracy": 0.52, "class_scores": {"Southern Russians": 0.5680345572354212, "Ukranians": 0.19689119170984457, "Northen Russians": 0.6666666666666666, "Belarusians": 0.0}, "skipped_nodes": 0, "memory_allocated_MB": 31.02978515625, "memory_reserved_MB": 192.0, "model_name": "GL_GINConv_9l_128h"}