{"f1_macro": 0.7245238700822783, "f1_weighted": 0.8393812818716541, "precision_macro": 0.749094089390142, "precision_weighted": 0.8563224879014353, "recall_macro": 0.7377169345999269, "recall_weighted": 0.8468468468468469, "accuracy": 0.8468468468468469, "class_scores": {"Chechens": 0.9444444444444444, "Kabardians, Circassians, Adyghes": 0.8846153846153846, "Karachays, Balkars": 0.8421052631578947, "Ingush": 0.9090909090909091, "Dagestan peoples": 0.8292682926829268, "Ossetians": 0.72, "Kumyks": 0.0, "Nogais": 0.6666666666666666}, "skipped_nodes": 7, "memory_allocated_MB": 17.50732421875, "memory_reserved_MB": 46.0, "f1_macro_score_only_mask_connect": 0.4083333333333333, "f1_macro_score_only_not_mask_connect": 0.5925925925925926, "f1_macro_score_mixed_connect": 0.6968201258998222, "only_mask_connect_sum": 22.0, "only_not_mask_connect_sum": 11.0, "mixed_connect_sum": 78.0, "model_name": "GL_GCNConv_3l_128h_w"}