{"f1_macro": 0.8057561692067418, "f1_weighted": 0.9088335285843977, "precision_macro": 0.8967281993043205, "precision_weighted": 0.9221989804059839, "recall_macro": 0.7850691310935448, "recall_weighted": 0.9191616766467066, "accuracy": 0.9191616766467066, "class_scores": {"English": 0.9750812567713976, "Germans": 0.822429906542056, "French": 0.5135135135135135, "Belgium": 0.912}, "skipped_nodes": 101, "memory_allocated_MB": 36.55419921875, "memory_reserved_MB": 362.0, "model_name": "GL_GATConv_9l_128h"}