{"f1_macro": 0.7492088151065528, "f1_weighted": 0.8456257263322546, "precision_macro": 0.861734640794881, "precision_weighted": 0.900966897812345, "recall_macro": 0.7419964327930302, "recall_weighted": 0.8368263473053892, "accuracy": 0.8368263473053892, "class_scores": {"English": 0.9209302325581395, "Germans": 0.6529209621993127, "French": 0.5789473684210527, "Belgium": 0.8440366972477065}, "skipped_nodes": 101, "memory_allocated_MB": 51.96435546875, "memory_reserved_MB": 124.0, "model_name": "GL_MLP_9l_512h"}