{"f1_macro": 0.8157489683805473, "f1_weighted": 0.872202119748953, "accuracy": 0.8728813559322034, "class_scores": {"P0": 1.0, "P1": 0.8, "P2": 0.9714285714285714, "P3": 1.0, "P4": 0.8518518518518519, "P5": 0.8421052631578947, "P6": 0.3333333333333333, "P7": 0.7272727272727273}, "skipped_nodes": 0, "model_name": "GL_TAGConv_3l_512h_w_k3_gnorm"}