{"f1_macro": 0.9371500532790855, "f1_weighted": 0.9869502195645081, "precision_macro": 0.9759725400457666, "precision_weighted": 0.9882916146060002, "recall_macro": 0.9155937052932761, "recall_weighted": 0.9877300613496932, "accuracy": 0.9877300613496932, "class_scores": {"Udmurts,Besermyan": 0.972972972972973, "Tatars,Volga-Tatars,Mishar-Tatars,Kryashens": 0.9978494623655914, "Chuvash": 0.9777777777777777, "Mari": 0.8}, "skipped_nodes": 0, "memory_allocated_MB": 55.279296875, "memory_reserved_MB": 874.0, "model_name": "GL_GCNConv_9l_512h_w"}