{"f1_macro": 0.5443821227161078, "f1_weighted": 0.6050858615024952, "precision_macro": 0.5871869727992545, "precision_weighted": 0.6126576184973126, "recall_macro": 0.5420671525500511, "recall_weighted": 0.6268156424581005, "accuracy": 0.6268156424581005, "class_scores": {"Ukranians": 0.3069306930693069, "Southern Russians": 0.6617862371888726, "Northen Russians": 0.7466266866566716, "Belarusians": 0.46218487394957986}, "skipped_nodes": 20, "memory_allocated_MB": 36.6279296875, "memory_reserved_MB": 176.0, "model_name": "GL_TAGConv_3l_512h_w_k3"}