{"f1_macro": 0.4986177095216313, "f1_weighted": 0.5097609005755908, "precision_macro": 0.535264295212766, "precision_weighted": 0.8406513102075447, "recall_macro": 0.7953082325399922, "recall_weighted": 0.48466257668711654, "accuracy": 0.48466257668711654, "class_scores": {"Udmurts,Besermyan": 0.75, "Tatars,Volga-Tatars,Mishar-Tatars,Kryashens": 0.4820846905537459, "Chuvash": 0.5876288659793815, "Mari": 0.17475728155339806}, "skipped_nodes": 0, "model_name": "MaxEdgeCountPerClassSize"}