{"f1_macro": 0.92859244315555, "f1_weighted": 0.9479915433403805, "accuracy": 0.9488372093023256, "class_scores": {"P0": 0.948051948051948, "P1": 0.9805825242718447, "P2": 0.8571428571428571}, "skipped_nodes": 0, "model_name": "GL_GINConv_3l_512h"}