{"f1_macro": 0.49408644429936494, "f1_weighted": 0.38868099251853433, "precision_macro": 0.6026166456494325, "precision_weighted": 0.8328646361181814, "recall_macro": 0.7549746390948108, "recall_weighted": 0.39263803680981596, "accuracy": 0.39263803680981596, "class_scores": {"P0": 1.0, "P1": 0.3357142857142857, "P2": 0.43373493975903615, "P3": 0.20689655172413793}, "skipped_nodes": 0, "model_name": "MaxIbdSumPerClassSize"}