{"f1_macro": 0.923331522108672, "f1_weighted": 0.9631942013898047, "accuracy": 0.9640831758034026, "class_scores": {"English": 0.9814585908529048, "Germans": 0.8979591836734694, "French": 0.8846153846153846, "Belgium": 0.9292929292929293}, "skipped_nodes": 240, "model_name": "GL_GATConv_3l_128h"}