{"f1_macro": 0.2963907906186767, "f1_weighted": 0.3628166532609048, "accuracy": 0.4473684210526316, "class_scores": {"Chechens": 0.5454545454545454, "Kabardians, Circassians, Adyghes": 0.06666666666666667, "Karachays, Balkars": 0.5862068965517241, "Ingush": 0.0, "Dagestan peoples": 0.5641025641025641, "Ossetians": 0.6086956521739131, "Kumyks": 0.0, "Nogais": 0.0}, "skipped_nodes": 4, "model_name": "GL_GINConv_9l_128h"}