{"f1_macro": 0.8527312059067007, "f1_weighted": 0.9201084007166428, "accuracy": 0.9267241379310345, "class_scores": {"English": 0.9701492537313433, "Germans": 0.8583690987124464, "French": 0.6521739130434783, "Belgium": 0.9302325581395349}, "skipped_nodes": 73, "model_name": "GL_SAGEConv_3l_512h"}