{"f1_macro": 0.6498872940416301, "f1_weighted": 0.8453648836540238, "accuracy": 0.8787425149700598, "class_scores": {"English": 0.9631236442516269, "Germans": 0.7404255319148936, "French": 0.0, "Belgium": 0.896}, "skipped_nodes": 101, "model_name": "GL_GINConv_9l_128h"}