{"f1_macro": 0.937979238748578, "f1_weighted": 0.9596176440602848, "accuracy": 0.9611111111111111, "class_scores": {"English": 0.9764957264957265, "Germans": 0.9469387755102041, "French": 0.8429752066115702, "Belgium": 0.9855072463768116}, "skipped_nodes": 49, "model_name": "GL_GCNConv_3l_128h_w"}