{"f1_macro": 0.9348514441682143, "f1_weighted": 0.9393262354892356, "precision_macro": 0.9317926225820963, "precision_weighted": 0.9399215823527187, "recall_macro": 0.938633585041352, "recall_weighted": 0.9392523364485982, "accuracy": 0.9392523364485982, "class_scores": {"Swedes": 0.9387755102040817, "Norwegians": 0.9468599033816425, "Danes": 0.918918918918919}, "skipped_nodes": 1, "memory_allocated_MB": 18.2119140625, "memory_reserved_MB": 82.0, "model_name": "GL_GINConv_3l_128h"}