{"f1_macro": 0.8016196805004999, "f1_weighted": 0.8692546014932611, "precision_macro": 0.7969398656898656, "precision_weighted": 0.9040520573496035, "recall_macro": 0.8320815450643777, "recall_weighted": 0.8619631901840491, "accuracy": 0.8619631901840491, "class_scores": {"P0": 0.9444444444444444, "P1": 0.9018691588785047, "P2": 0.7719298245614035, "P3": 0.5882352941176471}, "skipped_nodes": 0, "model_name": "LongestIbd"}