{"f1_macro": 0.861375251855128, "f1_weighted": 0.9124985111499253, "accuracy": 0.9152542372881356, "class_scores": {"Chechens": 0.8947368421052632, "Kabardians, Circassians, Adyghes": 0.9285714285714286, "Karachays, Balkars": 0.8888888888888888, "Ingush": 0.9523809523809523, "Dagestan peoples": 0.9803921568627451, "Ossetians": 0.8571428571428571, "Kumyks": 0.5, "Nogais": 0.8888888888888888}, "skipped_nodes": 0, "model_name": "GL_TAGConv_3l_128h_w_k3"}