{"f1_macro": 0.699867374005305, "f1_weighted": 0.7624416201526419, "precision_macro": 0.6929563492063492, "precision_weighted": 0.8980974291557112, "recall_macro": 0.9045064377682404, "recall_weighted": 0.7269938650306749, "accuracy": 0.7269938650306749, "class_scores": {"P0": 1.0, "P1": 0.7639257294429708, "P2": 0.7586206896551724, "P3": 0.27692307692307694}, "skipped_nodes": 0, "model_name": "MaxEdgeCountPerClassSize"}