{"f1_macro": 0.7716511805327595, "f1_weighted": 0.841803112352648, "accuracy": 0.8431372549019608, "class_scores": {"Chechens": 0.8717948717948718, "Kabardians, Circassians, Adyghes": 0.875, "Karachays, Balkars": 0.8648648648648649, "Ingush": 0.7777777777777778, "Dagestan peoples": 0.8421052631578947, "Ossetians": 0.875, "Kumyks": 0.6666666666666666, "Nogais": 0.4}, "skipped_nodes": 16, "model_name": "GL_SAGEConv_3l_512h"}