{"f1_macro": 0.2929451700689845, "f1_weighted": 0.33945828507095255, "accuracy": 0.390625, "class_scores": {"krasnodar": 0.41359773371104813, "yaroslavl": 0.21428571428571427, "ryazan": 0.4844961240310077, "kaluga": 0.041666666666666664, "vologda": 0.3106796116504854}, "skipped_nodes": 0, "model_name": "GL_MLP_3l_128h"}