{"f1_macro": 0.032448377581120944, "f1_weighted": 0.0927665273178059, "precision_macro": 0.05188679245283019, "precision_weighted": 0.14833892811668017, "recall_macro": 0.023605150214592276, "recall_weighted": 0.06748466257668712, "accuracy": 0.06748466257668712, "class_scores": {"P0": 0.0, "P1": 0.12979351032448377, "P2": 0.0, "P3": 0.0}, "skipped_nodes": 0, "model_name": "MaxIbdSum"}