{"f1_macro": 0.31373043513478216, "f1_weighted": 0.39463767315273895, "precision_macro": 0.31427667812189325, "precision_weighted": 0.37106895670836243, "recall_macro": 0.34629544965360604, "recall_weighted": 0.44994499449944997, "accuracy": 0.44994499449944997, "class_scores": {"Southern Russians": 0.45755395683453237, "Ukranians": 0.2100456621004566, "Northen Russians": 0.5873221216041398, "Belarusians": 0.0}, "skipped_nodes": 16, "memory_allocated_MB": 38.142578125, "memory_reserved_MB": 242.0, "f1_macro_score_only_mask_connect": NaN, "f1_macro_score_only_not_mask_connect": 0.31373043513478216, "f1_macro_score_mixed_connect": NaN, "only_mask_connect_sum": 0.0, "only_not_mask_connect_sum": 909.0, "mixed_connect_sum": 0.0, "model_name": "GL_GATConv_9l_128h"}