{"f1_macro": 0.9675893205982465, "f1_weighted": 0.9669960446870193, "accuracy": 0.9669811320754716, "class_scores": {"Swedes": 0.9668874172185431, "Norwegians": 0.966183574879227, "Danes": 0.9696969696969697}, "skipped_nodes": 3, "model_name": "GL_SAGEConv_9l_128h"}