{"f1_macro": 0.7275981586820391, "f1_weighted": 0.8103551825750918, "precision_macro": 0.7028635653936017, "precision_weighted": 0.9098555499947317, "recall_macro": 0.9227467811158798, "recall_weighted": 0.7791411042944786, "accuracy": 0.7791411042944786, "class_scores": {"P0": 0.972972972972973, "P1": 0.817258883248731, "P2": 0.8098159509202454, "P3": 0.3103448275862069}, "skipped_nodes": 0, "model_name": "MaxIbdSumPerClassSize"}