{"f1_macro": 0.7919857410195299, "f1_weighted": 0.8993851519651963, "precision_macro": 0.9077385327344494, "precision_weighted": 0.9158707248630545, "recall_macro": 0.7497641509433962, "recall_weighted": 0.907185628742515, "accuracy": 0.907185628742515, "class_scores": {"English": 0.9718004338394793, "Germans": 0.782608695652174, "French": 0.5714285714285714, "Belgium": 0.8421052631578947}, "skipped_nodes": 101, "memory_allocated_MB": 17.1484375, "memory_reserved_MB": 54.0, "f1_macro_score_only_mask_connect": 0.39316239316239315, "f1_macro_score_only_not_mask_connect": 0.9179691076893419, "f1_macro_score_mixed_connect": 0.9078516446739338, "only_mask_connect_sum": 133.0, "only_not_mask_connect_sum": 74.0, "mixed_connect_sum": 461.0, "model_name": "GL_SAGEConv_3l_128h_de"}