{"f1_macro": 0.8268431994194725, "f1_weighted": 0.9321234687674981, "precision_macro": 0.8327148235930506, "precision_weighted": 0.932261531846938, "recall_macro": 0.8214670850132224, "recall_weighted": 0.9320987654320988, "accuracy": 0.9320987654320988, "class_scores": {"P0": 0.9032258064516129, "P1": 0.9613733905579399, "P2": 0.8872180451127819, "P3": 0.5555555555555556}, "skipped_nodes": 1, "memory_allocated_MB": 39.080078125, "memory_reserved_MB": 128.0, "model_name": "GL_TAGConv_3l_512h_w_k3_gnorm"}