{"f1_macro": 0.7249528055050833, "f1_weighted": 0.8261021525113083, "precision_macro": 0.7348428729292573, "precision_weighted": 0.8306847156961573, "recall_macro": 0.7255650871459696, "recall_weighted": 0.8288288288288288, "accuracy": 0.8288288288288288, "class_scores": {"Chechens": 0.8888888888888888, "Kabardians, Circassians, Adyghes": 0.8627450980392157, "Karachays, Balkars": 0.7777777777777778, "Ingush": 0.782608695652174, "Dagestan peoples": 0.8936170212765957, "Ossetians": 0.7368421052631579, "Kumyks": 0.0, "Nogais": 0.8571428571428571}, "skipped_nodes": 7, "memory_allocated_MB": 100.69287109375, "memory_reserved_MB": 334.0, "f1_macro_score_only_mask_connect": 0.46530612244897956, "f1_macro_score_only_not_mask_connect": 0.4666666666666666, "f1_macro_score_mixed_connect": 0.7286063099482216, "only_mask_connect_sum": 22.0, "only_not_mask_connect_sum": 6.0, "mixed_connect_sum": 83.0, "model_name": "GL_GATConv_3l_512h"}