{"f1_macro": 0.5152399338677759, "f1_weighted": 0.5932862514207943, "precision_macro": 0.555938739905152, "precision_weighted": 0.5938153594952815, "recall_macro": 0.5075038316275458, "recall_weighted": 0.6134020618556701, "accuracy": 0.6134020618556701, "class_scores": {"Northen Russians": 0.7401247401247402, "Ukranians": 0.25688073394495414, "Belarusians": 0.4492753623188406, "Southern Russians": 0.6146788990825688}, "skipped_nodes": 156, "memory_allocated_MB": 36.67822265625, "memory_reserved_MB": 158.0, "model_name": "GL_TAGConv_3l_512h_nw_k3_gnorm_leaky_relu"}