{"f1_macro": 0.8239440393640689, "f1_weighted": 0.959015806619598, "precision_macro": 0.8147896879240163, "precision_weighted": 0.9612797695848698, "recall_macro": 0.8351649542636668, "recall_weighted": 0.9570552147239264, "accuracy": 0.9570552147239264, "class_scores": {"Udmurts,Besermyan": 1.0, "Tatars,Volga-Tatars,Mishar-Tatars,Kryashens": 0.9935205183585313, "Chuvash": 0.9022556390977443, "Mari": 0.4}, "skipped_nodes": 0, "memory_allocated_MB": 18.50341796875, "memory_reserved_MB": 76.0, "model_name": "GL_GINConv_3l_128h"}