{"f1_macro": 0.8420931190920762, "f1_weighted": 0.8625615971626744, "precision_macro": 0.8885822510822512, "precision_weighted": 0.8862412949369471, "recall_macro": 0.8324018137989828, "recall_weighted": 0.8608695652173913, "accuracy": 0.8608695652173913, "class_scores": {"Chechens": 0.9, "Kabardians, Circassians, Adyghes": 0.8421052631578947, "Karachays, Balkars": 0.9375, "Ingush": 0.9090909090909091, "Dagestan peoples": 0.8780487804878049, "Ossetians": 0.72, "Kumyks": 0.8, "Nogais": 0.75}, "skipped_nodes": 3, "memory_allocated_MB": 21.724609375, "memory_reserved_MB": 86.0, "f1_macro_score_only_mask_connect": -100.0, "f1_macro_score_only_not_mask_connect": -100.0, "f1_macro_score_mixed_connect": -100.0, "only_mask_connect_sum": -100.0, "only_not_mask_connect_sum": -100.0, "mixed_connect_sum": -100.0, "model_name": "GL_SAGEConv_9l_128h"}