{"f1_macro": 0.5311443155159986, "f1_weighted": 0.5855892843959893, "precision_macro": 0.5432675000334146, "precision_weighted": 0.5839308837635379, "recall_macro": 0.5321421247266704, "recall_weighted": 0.5971769815418024, "accuracy": 0.5971769815418024, "class_scores": {"Ukranians": 0.3373493975903614, "Southern Russians": 0.6328725038402457, "Northen Russians": 0.7294469357249627, "Belarusians": 0.4249084249084249}, "skipped_nodes": 2, "memory_allocated_MB": 36.6865234375, "memory_reserved_MB": 236.0, "model_name": "GL_TAGConv_3l_512h_nw_k3_gnorm_gelu"}