{"f1_macro": 0.891337550347363, "f1_weighted": 0.9036777228124241, "precision_macro": 0.9172714078374455, "precision_weighted": 0.9070253645725342, "recall_macro": 0.8740156749865488, "recall_weighted": 0.9047619047619048, "accuracy": 0.9047619047619048, "class_scores": {"Swedes": 0.9078947368421053, "Norwegians": 0.9186602870813397, "Danes": 0.847457627118644}, "skipped_nodes": 5, "memory_allocated_MB": 17.44140625, "memory_reserved_MB": 70.0, "f1_macro_score_only_mask_connect": 0.6363636363636364, "f1_macro_score_only_not_mask_connect": 0.8668647425014148, "f1_macro_score_mixed_connect": 0.8455485705732676, "only_mask_connect_sum": 7.0, "only_not_mask_connect_sum": 29.0, "mixed_connect_sum": 174.0, "model_name": "GL_SAGEConv_3l_128h"}