{"f1_macro": 0.4868335840249365, "f1_weighted": 0.5998030388783356, "precision_macro": 0.4856660725991478, "precision_weighted": 0.8066461311549806, "recall_macro": 0.700616363075338, "recall_weighted": 0.56, "accuracy": 0.56, "class_scores": {"P0": 0.5531914893617021, "P1": 0.6358381502890174, "P2": 0.5360824742268041, "P3": 0.2222222222222222}, "skipped_nodes": 0, "model_name": "MaxEdgeCountPerClassSize"}