{"f1_macro": 0.5132373745272557, "f1_weighted": 0.6934552061435368, "accuracy": 0.6698564593301436, "class_scores": {"P0": 0.6, "P1": 0.766798418972332, "P2": 0.5611510791366906, "P3": 0.125}, "skipped_nodes": 68, "model_name": "MaxEdgeCountPerClassSize"}