{"f1_macro": 0.24601507859998695, "f1_weighted": 0.057157733218973064, "precision_macro": 0.23347958192085336, "precision_weighted": 0.05374235683846725, "recall_macro": 0.3308080808080808, "recall_weighted": 0.0705521472392638, "accuracy": 0.0705521472392638, "class_scores": {"P0": 0.918918918918919, "P1": 0.0, "P2": 0.02643171806167401, "P3": 0.03870967741935484}, "skipped_nodes": 0, "model_name": "MaxIbdSumPerClassSize"}