{"f1_macro": 0.772398136810846, "f1_weighted": 0.8725311942808063, "accuracy": 0.865040650406504, "class_scores": {"English": 0.9375736160188457, "Germans": 0.6442307692307693, "French": 0.6666666666666666, "Belgium": 0.8411214953271028}, "skipped_nodes": 154, "model_name": "GL_MLP_9l_512h"}