{"f1_macro": 0.45320958455255955, "f1_weighted": 0.4993612135891701, "precision_macro": 0.5018100423109731, "precision_weighted": 0.5494599965667726, "recall_macro": 0.46757398564245284, "recall_weighted": 0.4983164983164983, "accuracy": 0.4983164983164983, "class_scores": {"Ukranians": 0.38611713665943603, "Southern Russians": 0.504930966469428, "Northen Russians": 0.6360759493670886, "Belarusians": 0.2857142857142857}, "skipped_nodes": 24, "memory_allocated_MB": 102.205078125, "memory_reserved_MB": 402.0, "model_name": "GL_GINConv_9l_512h"}