{"f1_macro": 0.5378915722868176, "f1_weighted": 0.5983994164812146, "precision_macro": 0.5816988694282272, "precision_weighted": 0.6043069010500204, "recall_macro": 0.5335784545887604, "recall_weighted": 0.6192307692307693, "accuracy": 0.6192307692307693, "class_scores": {"Northen Russians": 0.7180327868852459, "Ukranians": 0.2716049382716049, "Belarusians": 0.5154639175257731, "Southern Russians": 0.6464646464646465}, "skipped_nodes": 77, "memory_allocated_MB": 17.6259765625, "memory_reserved_MB": 56.0, "model_name": "GL_TAGConv_3l_128h_w_k3"}