{"f1_macro": 0.663328099966488, "f1_weighted": 0.8495414991053376, "accuracy": 0.8637770897832817, "class_scores": {"P0": 0.8571428571428571, "P1": 0.9186991869918699, "P2": 0.6956521739130435, "P3": 0.18181818181818182}, "skipped_nodes": 2, "model_name": "MaxEdgeCount"}