{"f1_macro": 0.4130910172813316, "f1_weighted": 0.44518871865955145, "accuracy": 0.4895833333333333, "class_scores": {"krasnodar": 0.38392857142857145, "vologda-yaroslavl": 0.5714285714285714, "ryazan": 0.5526770293609672, "kaluga": 0.14432989690721648}, "skipped_nodes": 0, "model_name": "GL_GCNConv_3l_512h_w"}