{"f1_macro": 0.5916386751682825, "f1_weighted": 0.7256420265594767, "precision_macro": 0.8703560371517028, "precision_weighted": 0.8292217183389294, "recall_macro": 0.629717984281091, "recall_weighted": 0.7887323943661971, "accuracy": 0.7887323943661971, "class_scores": {"Swedes": 0.8741721854304636, "Norwegians": 0.8451882845188284, "Danes": 0.05555555555555555}, "skipped_nodes": 2, "memory_allocated_MB": 21.88818359375, "memory_reserved_MB": 72.0, "model_name": "GL_GINConv_9l_128h"}