{"f1_macro": 0.7044378725567211, "f1_weighted": 0.9344506663816665, "precision_macro": 0.7112907146329606, "precision_weighted": 0.9219938799430941, "recall_macro": 0.6994949494949495, "recall_weighted": 0.9478527607361963, "accuracy": 0.9478527607361963, "class_scores": {"P0": 0.9411764705882353, "P1": 0.9810526315789474, "P2": 0.8955223880597015, "P3": 0.0}, "skipped_nodes": 0, "model_name": "MaxIbdSum"}