{"f1_macro": 0.9325017002152673, "f1_weighted": 0.9564154724727353, "precision_macro": 0.9677688250421026, "precision_weighted": 0.9588199833035089, "recall_macro": 0.9065238704177323, "recall_weighted": 0.9583333333333334, "accuracy": 0.9583333333333334, "class_scores": {"English": 0.9744680851063829, "Germans": 0.9465020576131687, "French": 0.8235294117647058, "Belgium": 0.9855072463768116}, "skipped_nodes": 49, "memory_allocated_MB": 20.39404296875, "memory_reserved_MB": 26.0, "model_name": "GL_GATConv_3l_128h"}