{"f1_macro": 0.20547381952252824, "f1_weighted": 0.22467066359119142, "precision_macro": 0.2640796703296703, "precision_weighted": 0.3676739926739927, "recall_macro": 0.3476470588235294, "recall_weighted": 0.3684210526315789, "accuracy": 0.3684210526315789, "class_scores": {"Chechens": 0.4927536231884058, "Kabardians, Circassians, Adyghes": 0.0, "Karachays, Balkars": 0.6530612244897959, "Ingush": 0.0, "Dagestan peoples": 0.07692307692307693, "Ossetians": 0.42105263157894735, "Kumyks": 0.0, "Nogais": 0.0}, "skipped_nodes": 4, "memory_allocated_MB": 23.44677734375, "memory_reserved_MB": 60.0, "f1_macro_score_only_mask_connect": 0.03809523809523809, "f1_macro_score_only_not_mask_connect": 0.16666666666666666, "f1_macro_score_mixed_connect": 0.2459650298783057, "only_mask_connect_sum": 25.0, "only_not_mask_connect_sum": 4.0, "mixed_connect_sum": 85.0, "model_name": "GL_GINConv_9l_128h"}