{"f1_macro": 0.916544884282953, "f1_weighted": 0.9392030941181545, "precision_macro": 0.950189393939394, "precision_weighted": 0.9467852437417654, "recall_macro": 0.8991700473292765, "recall_weighted": 0.9391304347826087, "accuracy": 0.9391304347826087, "class_scores": {"Chechens": 0.918918918918919, "Kabardians, Circassians, Adyghes": 0.9491525423728814, "Karachays, Balkars": 0.9696969696969697, "Ingush": 0.9473684210526315, "Dagestan peoples": 0.9583333333333334, "Ossetians": 0.9, "Kumyks": 0.8, "Nogais": 0.8888888888888888}, "skipped_nodes": 3, "memory_allocated_MB": 52.65576171875, "memory_reserved_MB": 130.0, "f1_macro_score_only_mask_connect": -100.0, "f1_macro_score_only_not_mask_connect": -100.0, "f1_macro_score_mixed_connect": -100.0, "only_mask_connect_sum": -100.0, "only_not_mask_connect_sum": -100.0, "mixed_connect_sum": -100.0, "model_name": "GL_GCNConv_9l_512h_w"}