{"f1_macro": 0.9469417024841553, "f1_weighted": 0.9657513708601013, "precision_macro": 0.9660641502746765, "precision_weighted": 0.9684024304898525, "recall_macro": 0.9372126436781609, "recall_weighted": 0.9661016949152542, "accuracy": 0.9661016949152542, "class_scores": {"P0": 0.972972972972973, "P1": 0.9642857142857143, "P2": 1.0, "P3": 1.0, "P4": 0.9811320754716981, "P5": 0.8571428571428571, "P6": 0.8, "P7": 1.0}, "skipped_nodes": 0, "memory_allocated_MB": 338.42041015625, "memory_reserved_MB": 1040.0, "model_name": "GL_GATConv_9l_512h"}