{"f1_macro": 0.15384615384615385, "f1_weighted": 0.033978291647003306, "precision_macro": 0.25, "precision_weighted": 0.05521472392638037, "recall_macro": 0.1111111111111111, "recall_weighted": 0.024539877300613498, "accuracy": 0.024539877300613498, "class_scores": {"P0": 0.6153846153846154, "P1": 0.0, "P2": 0.0, "P3": 0.0}, "skipped_nodes": 0, "model_name": "MaxEdgeCountPerClassSize"}