{"f1_macro": 0.7278773835854311, "f1_weighted": 0.9240269909050669, "precision_macro": 0.9169227302523763, "precision_weighted": 0.9398766494288455, "recall_macro": 0.7218066824430922, "recall_weighted": 0.9320987654320988, "accuracy": 0.9320987654320988, "class_scores": {"Udmurts,Besermyan": 0.8484848484848485, "Tatars,Volga-Tatars,Mishar-Tatars,Kryashens": 0.9650655021834061, "Chuvash": 0.8979591836734694, "Mari": 0.2}, "skipped_nodes": 2, "model_name": "MaxIbdSum"}