{"f1_macro": 0.3960733830393582, "f1_weighted": 0.42415379830323885, "accuracy": 0.4600694444444444, "class_scores": {"krasnodar": 0.34306569343065696, "vologda-yaroslavl": 0.5431309904153354, "ryazan": 0.5364806866952789, "kaluga": 0.16161616161616163}, "skipped_nodes": 0, "model_name": "GL_MLP_3l_128h"}