{"f1_macro": 0.5119832009054922, "f1_weighted": 0.5782793754439751, "precision_macro": 0.5398054377243037, "precision_weighted": 0.5767016004317194, "recall_macro": 0.5089117306137556, "recall_weighted": 0.5976744186046512, "accuracy": 0.5976744186046512, "class_scores": {"Ukranians": 0.27411167512690354, "Southern Russians": 0.6070878274268104, "Northen Russians": 0.7427701674277016, "Belarusians": 0.423963133640553}, "skipped_nodes": 45, "memory_allocated_MB": 86.52978515625, "memory_reserved_MB": 298.0, "model_name": "GL_SAGEConv_9l_512h"}