{"f1_macro": 0.8497177658942365, "f1_weighted": 0.9141286086012251, "accuracy": 0.9166666666666666, "class_scores": {"English": 0.9647058823529412, "Germans": 0.8282828282828283, "French": 0.7058823529411765, "Belgium": 0.9}, "skipped_nodes": 73, "model_name": "GL_GINConv_3l_128h"}