{"f1_macro": 0.20288958703952886, "f1_weighted": 0.2643536415789833, "accuracy": 0.3402777777777778, "class_scores": {"krasnodar": 0.30656934306569344, "yaroslavl": 0.17204301075268819, "ryazan": 0.46885245901639344, "kaluga": 0.041666666666666664, "vologda": 0.02531645569620253}, "skipped_nodes": 0, "model_name": "GL_GCNConv_9l_512h_w"}