{"f1_macro": 0.6999146956292661, "f1_weighted": 0.7632135641645639, "precision_macro": 0.6936792916871618, "precision_weighted": 0.8991758681147569, "recall_macro": 0.9045064377682404, "recall_weighted": 0.7269938650306749, "accuracy": 0.7269938650306749, "class_scores": {"P0": 1.0, "P1": 0.7639257294429708, "P2": 0.7630057803468208, "P3": 0.2727272727272727}, "skipped_nodes": 0, "model_name": "MaxEdgeCountPerClassSize"}