{"f1_macro": 0.5684320573343277, "f1_weighted": 0.6151330497236003, "precision_macro": 0.5929800837044066, "precision_weighted": 0.8517783038627188, "recall_macro": 0.767742075931731, "recall_weighted": 0.5723076923076923, "accuracy": 0.5723076923076923, "class_scores": {"Udmurts,Besermyan": 0.8717948717948718, "Tatars,Volga-Tatars,Mishar-Tatars,Kryashens": 0.608955223880597, "Chuvash": 0.6282722513089005, "Mari": 0.16470588235294117}, "skipped_nodes": 1, "model_name": "MaxEdgeCountPerClassSize"}