{"f1_macro": 0.9429800307219662, "f1_weighted": 0.9521407095172574, "precision_macro": 0.9578100046549934, "precision_weighted": 0.953193133689611, "recall_macro": 0.9308973227419829, "recall_weighted": 0.95260663507109, "accuracy": 0.95260663507109, "class_scores": {"Swedes": 0.9733333333333334, "Norwegians": 0.9523809523809523, "Danes": 0.9032258064516129}, "skipped_nodes": 4, "memory_allocated_MB": 51.39501953125, "memory_reserved_MB": 100.0, "model_name": "GL_GCNConv_9l_512h_w"}