{"f1_macro": 0.4515397849156474, "f1_weighted": 0.5138713832784465, "precision_macro": 0.4625363866093389, "precision_weighted": 0.51562922077085, "recall_macro": 0.4528262745618693, "recall_weighted": 0.5204216073781291, "accuracy": 0.5204216073781291, "class_scores": {"Northen Russians": 0.6294227188081937, "Ukranians": 0.2598870056497175, "Belarusians": 0.3508771929824561, "Southern Russians": 0.5659722222222222}, "skipped_nodes": 98, "memory_allocated_MB": 25.61474609375, "memory_reserved_MB": 104.0, "model_name": "GL_TAGConv_9l_128h_w_k3"}