{"f1_macro": 0.5234861575467529, "f1_weighted": 0.5982852978184874, "precision_macro": 0.5692488262910798, "precision_weighted": 0.6023425778035912, "recall_macro": 0.5166015018701074, "recall_weighted": 0.6185567010309279, "accuracy": 0.6185567010309279, "class_scores": {"Northen Russians": 0.7338709677419355, "Ukranians": 0.2830188679245283, "Belarusians": 0.4520547945205479, "Southern Russians": 0.625}, "skipped_nodes": 156, "memory_allocated_MB": 86.52197265625, "memory_reserved_MB": 238.0, "model_name": "GL_SAGEConv_9l_512h"}