{"f1_macro": 0.9657062658080798, "f1_weighted": 0.9716760306289126, "accuracy": 0.971830985915493, "class_scores": {"Swedes": 0.9798657718120806, "Norwegians": 0.9760765550239234, "Danes": 0.9411764705882353}, "skipped_nodes": 2, "model_name": "GL_TAGConv_9l_512h_w_k3"}