{"f1_macro": 0.8449095143539589, "f1_weighted": 0.8976877564525158, "accuracy": 0.9032697547683923, "class_scores": {"P0": 0.9435897435897436, "P1": 0.8477366255144033, "P2": 0.8428571428571429, "P3": 0.7454545454545455}, "skipped_nodes": 28, "model_name": "LongestIbd"}