{"f1_macro": 0.21473137973137973, "f1_weighted": 0.2319244220939136, "precision_macro": 0.18893116687234335, "precision_weighted": 0.23296427733117667, "recall_macro": 0.35086206896551725, "recall_weighted": 0.3305084745762712, "accuracy": 0.3305084745762712, "class_scores": {"P0": 0.0, "P1": 0.2857142857142857, "P2": 0.68, "P3": 0.3076923076923077, "P4": 0.0, "P5": 0.4444444444444444, "P6": 0.0, "P7": 0.0}, "skipped_nodes": 0, "memory_allocated_MB": 101.93896484375, "memory_reserved_MB": 170.0, "model_name": "GL_GINConv_9l_512h"}