{"f1_macro": 0.6994574730639181, "f1_weighted": 0.7898508556436142, "precision_macro": 0.8874671916010498, "precision_weighted": 0.8538661785267496, "recall_macro": 0.6995505213951816, "recall_weighted": 0.8271028037383178, "accuracy": 0.8271028037383178, "class_scores": {"Swedes": 0.9032258064516129, "Norwegians": 0.8695652173913043, "Danes": 0.32558139534883723}, "skipped_nodes": 1, "memory_allocated_MB": 21.64111328125, "memory_reserved_MB": 96.0, "model_name": "GL_GINConv_9l_128h"}