{"f1_macro": 0.8616171549594429, "f1_weighted": 0.9351724999041096, "accuracy": 0.9382113821138212, "class_scores": {"English": 0.9761092150170648, "Germans": 0.8481012658227848, "French": 0.704225352112676, "Belgium": 0.9180327868852459}, "skipped_nodes": 154, "model_name": "GL_SAGEConv_9l_128h"}