{"f1_macro": 0.48862136727764127, "f1_weighted": 0.5345195590353615, "precision_macro": 0.49718185453831387, "precision_weighted": 0.5576330783855892, "recall_macro": 0.5036296324981606, "recall_weighted": 0.5281531531531531, "accuracy": 0.5281531531531531, "class_scores": {"Ukranians": 0.35074626865671643, "Southern Russians": 0.5207956600361664, "Northen Russians": 0.6976744186046512, "Belarusians": 0.38526912181303113}, "skipped_nodes": 27, "memory_allocated_MB": 37.2197265625, "memory_reserved_MB": 612.0, "model_name": "GL_GATConv_9l_128h"}