{"f1_macro": 0.7301705875546853, "f1_weighted": 0.8321240466151885, "accuracy": 0.8461538461538461, "class_scores": {"Chechens": 0.9230769230769231, "Kabardians, Circassians, Adyghes": 0.847457627118644, "Karachays, Balkars": 0.7272727272727273, "Ingush": 0.9523809523809523, "Dagestan peoples": 0.9411764705882353, "Ossetians": 0.7, "Kumyks": 0.0, "Nogais": 0.75}, "skipped_nodes": 1, "model_name": "GL_GINConv_3l_512h"}