{"f1_macro": 0.4629714557671617, "f1_weighted": 0.5272695064283589, "precision_macro": 0.5167785186085513, "precision_weighted": 0.5396981383638154, "recall_macro": 0.4672299465814322, "recall_weighted": 0.5589189189189189, "accuracy": 0.5589189189189189, "class_scores": {"Southern Russians": 0.5952712100139083, "Ukranians": 0.22966507177033493, "Northen Russians": 0.6875, "Belarusians": 0.3394495412844037}, "skipped_nodes": 0, "memory_allocated_MB": 23.97705078125, "memory_reserved_MB": 68.0, "f1_macro_score_only_mask_connect": 0.3333333333333333, "f1_macro_score_only_not_mask_connect": 0.25, "f1_macro_score_mixed_connect": 0.4600091343875431, "only_mask_connect_sum": 16.0, "only_not_mask_connect_sum": 6.0, "mixed_connect_sum": 903.0, "model_name": "GL_SAGEConv_3l_128h"}