{"f1_macro": 0.22984740104911777, "f1_weighted": 0.05292345770030807, "precision_macro": 0.22698928384366018, "precision_weighted": 0.051700150150032785, "recall_macro": 0.25757575757575757, "recall_weighted": 0.05828220858895705, "accuracy": 0.05828220858895705, "class_scores": {"P0": 0.8888888888888888, "P1": 0.0, "P2": 0.017167381974248927, "P3": 0.013333333333333334}, "skipped_nodes": 0, "model_name": "MaxIbdSumPerClassSize"}