{"f1_macro": 0.17801339468166283, "f1_weighted": 0.1840961350787226, "precision_macro": 0.33009444346380434, "precision_weighted": 0.40945519257549334, "recall_macro": 0.29960743640341597, "recall_weighted": 0.24324324324324326, "accuracy": 0.24324324324324326, "class_scores": {"Southern Russians": 0.023809523809523808, "Ukranians": 0.3205944798301486, "Northen Russians": 0.34517766497461927, "Belarusians": 0.02247191011235955}, "skipped_nodes": 0, "memory_allocated_MB": 36.77685546875, "memory_reserved_MB": 172.0, "f1_macro_score_only_mask_connect": 0.11904761904761904, "f1_macro_score_only_not_mask_connect": 1.0, "f1_macro_score_mixed_connect": 0.1776032014584591, "only_mask_connect_sum": 16.0, "only_not_mask_connect_sum": 1.0, "mixed_connect_sum": 908.0, "model_name": "GL_GINConv_9l_128h"}