{"f1_macro": 0.8659835619570779, "f1_weighted": 0.9341599268188396, "precision_macro": 0.9340684968017057, "precision_weighted": 0.9419933754111869, "recall_macro": 0.8382916956237618, "recall_weighted": 0.93952802359882, "accuracy": 0.93952802359882, "class_scores": {"English": 0.9793253536452666, "Germans": 0.867579908675799, "French": 0.675, "Belgium": 0.9420289855072463}, "skipped_nodes": 91, "memory_allocated_MB": 86.7080078125, "memory_reserved_MB": 214.0, "f1_macro_score_only_mask_connect": 0.7294744800812762, "f1_macro_score_only_not_mask_connect": 0.9042419795904755, "f1_macro_score_mixed_connect": 0.9416783956997182, "only_mask_connect_sum": 143.0, "only_not_mask_connect_sum": 71.0, "mixed_connect_sum": 464.0, "model_name": "GL_SAGEConv_9l_512h_de"}