{"f1_macro": 0.8580419024433039, "f1_weighted": 0.9288332154618343, "precision_macro": 0.8653530377668309, "precision_weighted": 0.9409169210311585, "recall_macro": 0.8647147440065894, "recall_weighted": 0.9263803680981595, "accuracy": 0.9263803680981595, "class_scores": {"P0": 1.0, "P1": 0.9574944071588367, "P2": 0.8496732026143791, "P3": 0.625}, "skipped_nodes": 0, "model_name": "LongestIbd"}