{"f1_macro": 0.935844147036764, "f1_weighted": 0.9578291787635039, "accuracy": 0.9587345254470426, "class_scores": {"English": 0.976545842217484, "Germans": 0.9392712550607287, "French": 0.8923076923076924, "Belgium": 0.935251798561151}, "skipped_nodes": 42, "model_name": "GL_GATConv_9l_128h"}