{"f1_macro": 0.5239528266792228, "f1_weighted": 0.5779263048491889, "precision_macro": 0.5473673009550253, "precision_weighted": 0.5793368696562217, "recall_macro": 0.516240708370853, "recall_weighted": 0.5892255892255892, "accuracy": 0.5892255892255892, "class_scores": {"Ukranians": 0.3665338645418327, "Southern Russians": 0.6437768240343348, "Northen Russians": 0.6817447495961227, "Belarusians": 0.40375586854460094}, "skipped_nodes": 24, "memory_allocated_MB": 36.6865234375, "memory_reserved_MB": 222.0, "model_name": "GL_TAGConv_3l_512h_nw_k3_gnorm_relu"}