{"f1_macro": 0.5576480614765248, "f1_weighted": 0.6071753046978425, "precision_macro": 0.564807015937205, "precision_weighted": 0.6050112039525506, "recall_macro": 0.5528404263058493, "recall_weighted": 0.6111111111111112, "accuracy": 0.6111111111111112, "class_scores": {"Ukranians": 0.3700440528634361, "Southern Russians": 0.6411149825783972, "Northen Russians": 0.715008431703204, "Belarusians": 0.504424778761062}, "skipped_nodes": 73, "model_name": "LongestIbd"}