{"f1_macro": 0.500394222499417, "f1_weighted": 0.5510956659300308, "precision_macro": 0.4982218337218337, "precision_weighted": 0.5606081899362533, "recall_macro": 0.5088144004384711, "recall_weighted": 0.5480895915678524, "accuracy": 0.5480895915678524, "class_scores": {"Northen Russians": 0.6940966010733453, "Ukranians": 0.319672131147541, "Belarusians": 0.4434782608695652, "Southern Russians": 0.5443298969072164}, "skipped_nodes": 98, "memory_allocated_MB": 21.89892578125, "memory_reserved_MB": 180.0, "model_name": "GL_GATConv_3l_128h"}