{"f1_macro": 0.5037675006481722, "f1_weighted": 0.5558738037978186, "precision_macro": 0.507312190454358, "precision_weighted": 0.5563643474879113, "recall_macro": 0.5027040832338961, "recall_weighted": 0.5587808417997098, "accuracy": 0.5587808417997098, "class_scores": {"Northen Russians": 0.6388384754990926, "Ukranians": 0.2857142857142857, "Belarusians": 0.5, "Southern Russians": 0.5905172413793104}, "skipped_nodes": 121, "memory_allocated_MB": 17.349609375, "memory_reserved_MB": 36.0, "model_name": "GL_SAGEConv_3l_128h"}