{"f1_macro": 0.5153605142207967, "f1_weighted": 0.5845415767627634, "precision_macro": 0.550994455994456, "precision_weighted": 0.5841636515138512, "recall_macro": 0.5101280982014926, "recall_weighted": 0.6058588548601864, "accuracy": 0.6058588548601864, "class_scores": {"Northen Russians": 0.7142857142857143, "Ukranians": 0.2389937106918239, "Belarusians": 0.4692737430167598, "Southern Russians": 0.6388888888888888}, "skipped_nodes": 106, "memory_allocated_MB": 17.6259765625, "memory_reserved_MB": 56.0, "model_name": "GL_TAGConv_3l_128h_w_k3"}