{"f1_macro": 0.5186763618988806, "f1_weighted": 0.5743568617219872, "precision_macro": 0.5527298140925341, "precision_weighted": 0.5901873957312573, "recall_macro": 0.5115631483591947, "recall_weighted": 0.5744186046511628, "accuracy": 0.5744186046511628, "class_scores": {"Ukranians": 0.35526315789473684, "Southern Russians": 0.5846645367412141, "Northen Russians": 0.7239669421487603, "Belarusians": 0.41081081081081083}, "skipped_nodes": 45, "model_name": "MaxEdgeCount"}