{"f1_macro": 0.78440313361366, "f1_weighted": 0.8747639434410416, "precision_macro": 0.789683014354067, "precision_weighted": 0.9129876287771025, "recall_macro": 0.8516865079365079, "recall_weighted": 0.8648648648648649, "accuracy": 0.8648648648648649, "class_scores": {"Chechens": 0.918918918918919, "Kabardians, Circassians, Adyghes": 0.88, "Karachays, Balkars": 0.8717948717948718, "Ingush": 0.9473684210526315, "Dagestan peoples": 0.8571428571428571, "Ossetians": 1.0, "Kumyks": 0.4, "Nogais": 0.4}, "skipped_nodes": 7, "memory_allocated_MB": 51.79052734375, "memory_reserved_MB": 102.0, "model_name": "GL_GCNConv_9l_512h_w"}