{"f1_macro": 0.6501745182563811, "f1_weighted": 0.7484239186961542, "precision_macro": 0.6510655216284987, "precision_weighted": 0.7627168102341434, "recall_macro": 0.661251087192868, "recall_weighted": 0.7431192660550459, "accuracy": 0.7431192660550459, "class_scores": {"P0": 0.8421052631578947, "P1": 0.8158844765342961, "P2": 0.609375, "P3": 0.3333333333333333}, "skipped_nodes": 59, "model_name": "LongestIbd"}