{"f1_macro": 0.9317898825936909, "f1_weighted": 0.9466360005222275, "precision_macro": 0.9657335907335908, "precision_weighted": 0.9518398958257448, "recall_macro": 0.9094434926073989, "recall_weighted": 0.9481132075471698, "accuracy": 0.9481132075471698, "class_scores": {"Swedes": 0.9798657718120806, "Norwegians": 0.9488372093023256, "Danes": 0.8666666666666667}, "skipped_nodes": 3, "memory_allocated_MB": 16.87939453125, "memory_reserved_MB": 178.0, "model_name": "GL_GCNConv_3l_128h_w"}