{"f1_macro": 0.8265456989247312, "f1_weighted": 0.9677114255557755, "precision_macro": 0.8354037267080745, "precision_weighted": 0.9666196700072399, "recall_macro": 0.8208967355963065, "recall_weighted": 0.9693251533742331, "accuracy": 0.9693251533742331, "class_scores": {"Udmurts,Besermyan": 1.0, "Tatars,Volga-Tatars,Mishar-Tatars,Kryashens": 0.9978494623655914, "Chuvash": 0.9333333333333333, "Mari": 0.375}, "skipped_nodes": 0, "memory_allocated_MB": 17.54541015625, "memory_reserved_MB": 26.0, "model_name": "GL_GINConv_3l_128h"}