{"f1_macro": 0.8840887093935874, "f1_weighted": 0.9156998620413255, "accuracy": 0.918918918918919, "class_scores": {"Chechens": 0.8780487804878049, "Kabardians, Circassians, Adyghes": 0.9454545454545454, "Karachays, Balkars": 0.9444444444444444, "Ingush": 1.0, "Dagestan peoples": 0.9047619047619048, "Ossetians": 0.9, "Kumyks": 1.0, "Nogais": 0.5}, "skipped_nodes": 7, "model_name": "GL_TAGConv_3l_128h_w_k3"}