{"f1_macro": 0.4145779299958863, "f1_weighted": 0.5129689518488036, "precision_macro": 0.4174391298974169, "precision_weighted": 0.4852727922583318, "recall_macro": 0.4532127501890778, "recall_weighted": 0.5805405405405405, "accuracy": 0.5805405405405405, "class_scores": {"Southern Russians": 0.6126340882002383, "Ukranians": 0.0, "Northen Russians": 0.7701674277016742, "Belarusians": 0.2755102040816326}, "skipped_nodes": 0, "memory_allocated_MB": 169.85009765625, "memory_reserved_MB": 700.0, "model_name": "GL_TAGConv_9l_512h_w_k3"}