{"f1_macro": 0.6605996540457428, "f1_weighted": 0.9082744853429299, "precision_macro": 0.7072661734016316, "precision_weighted": 0.899008697899026, "recall_macro": 0.631502796202367, "recall_weighted": 0.9233128834355828, "accuracy": 0.9233128834355828, "class_scores": {"Udmurts,Besermyan": 0.8, "Tatars,Volga-Tatars,Mishar-Tatars,Kryashens": 0.9586776859504132, "Chuvash": 0.8837209302325582, "Mari": 0.0}, "skipped_nodes": 0, "model_name": "MaxEdgeCount"}