{"f1_macro": 0.3874444444444444, "f1_weighted": 0.41873483299250164, "precision_macro": 0.46794361965358783, "precision_weighted": 0.6935524269886604, "recall_macro": 0.4122285082585512, "recall_weighted": 0.36503067484662577, "accuracy": 0.36503067484662577, "class_scores": {"P0": 0.8333333333333334, "P1": 0.4444444444444444, "P2": 0.272, "P3": 0.0}, "skipped_nodes": 0, "model_name": "LongestIbd"}