{"f1_macro": 0.6128748762789384, "f1_weighted": 0.7474980809343863, "precision_macro": 0.6101861787378429, "precision_weighted": 0.7496513083587386, "recall_macro": 0.6280603213507625, "recall_weighted": 0.7657657657657657, "accuracy": 0.7657657657657657, "class_scores": {"Chechens": 0.8571428571428571, "Kabardians, Circassians, Adyghes": 0.723404255319149, "Karachays, Balkars": 0.9090909090909091, "Ingush": 0.9523809523809523, "Dagestan peoples": 0.7241379310344828, "Ossetians": 0.7368421052631579, "Kumyks": 0.0, "Nogais": 0.0}, "skipped_nodes": 7, "memory_allocated_MB": 53.75244140625, "memory_reserved_MB": 224.0, "f1_macro_score_only_mask_connect": 0.125, "f1_macro_score_only_not_mask_connect": 0.3333333333333333, "f1_macro_score_mixed_connect": 0.6552018130143131, "only_mask_connect_sum": 22.0, "only_not_mask_connect_sum": 6.0, "mixed_connect_sum": 83.0, "model_name": "GL_MLP_9l_512h"}