{"f1_macro": 0.9462649679754942, "f1_weighted": 0.9566427839844431, "precision_macro": 0.9629784688995215, "precision_weighted": 0.9618765712432081, "recall_macro": 0.9410919540229885, "recall_weighted": 0.9576271186440678, "accuracy": 0.9576271186440678, "class_scores": {"P0": 0.9473684210526315, "P1": 0.9259259259259259, "P2": 0.9444444444444444, "P3": 0.9523809523809523, "P4": 1.0, "P5": 1.0, "P6": 0.8, "P7": 1.0}, "skipped_nodes": 0, "model_name": "MaxIbdSumPerClassSize"}