{"f1_macro": 0.8572107890635714, "f1_weighted": 0.9187741508690861, "precision_macro": 0.8825971934667586, "precision_weighted": 0.9198231996934509, "recall_macro": 0.8392494984398704, "recall_weighted": 0.9225251076040172, "accuracy": 0.9225251076040172, "class_scores": {"English": 0.9680851063829787, "Germans": 0.835820895522388, "French": 0.6837606837606838, "Belgium": 0.9411764705882353}, "skipped_nodes": 72, "memory_allocated_MB": 25.82666015625, "memory_reserved_MB": 232.0, "model_name": "GL_TAGConv_9l_128h_w_k3"}