{"f1_macro": 0.8768078852801424, "f1_weighted": 0.9264738747987963, "precision_macro": 0.8892870982385049, "precision_weighted": 0.9297864674908282, "recall_macro": 0.8712574361704619, "recall_weighted": 0.9282700421940928, "accuracy": 0.9282700421940928, "class_scores": {"English": 0.9721030042918455, "Germans": 0.8370044052863436, "French": 0.7716535433070866, "Belgium": 0.9264705882352942}, "skipped_nodes": 58, "memory_allocated_MB": 22.03564453125, "memory_reserved_MB": 206.0, "f1_macro_score_only_mask_connect": 0.756511399131881, "f1_macro_score_only_not_mask_connect": 0.8995192307692308, "f1_macro_score_mixed_connect": 0.9501516465778674, "only_mask_connect_sum": 176.0, "only_not_mask_connect_sum": 43.0, "mixed_connect_sum": 492.0, "model_name": "GL_SAGEConv_9l_128h"}