{"f1_macro": 0.2949238572079238, "f1_weighted": 0.36423225758916467, "accuracy": 0.4322916666666667, "class_scores": {"krasnodar": 0.45930232558139533, "yaroslavl": 0.15, "ryazan": 0.5379061371841155, "kaluga": 0.21782178217821782, "vologda": 0.1095890410958904}, "skipped_nodes": 0, "model_name": "GL_TAGConv_9l_128h_w_k3"}