{"f1_macro": 0.945861049519586, "f1_weighted": 0.9644938270086267, "accuracy": 0.9653259361997226, "class_scores": {"English": 0.9818181818181818, "Germans": 0.9349593495934959, "French": 0.8888888888888888, "Belgium": 0.9777777777777777}, "skipped_nodes": 48, "model_name": "GL_TAGConv_3l_128h_w_k3"}