{"f1_macro": 0.7939118629908103, "f1_weighted": 0.9383254916432185, "precision_macro": 0.7558718826213516, "precision_weighted": 0.9541485250444883, "recall_macro": 0.8734880998829496, "recall_weighted": 0.9294478527607362, "accuracy": 0.9294478527607362, "class_scores": {"P0": 0.8571428571428571, "P1": 0.9692982456140351, "P2": 0.9206349206349206, "P3": 0.42857142857142855}, "skipped_nodes": 0, "memory_allocated_MB": 22.0146484375, "memory_reserved_MB": 52.0, "model_name": "GL_MLP_3l_512h"}