{"f1_macro": 0.5837971938162885, "f1_weighted": 0.6267191113737222, "precision_macro": 0.5811163984279895, "precision_weighted": 0.6346132317867167, "recall_macro": 0.590053131002735, "recall_weighted": 0.6216216216216216, "accuracy": 0.6216216216216216, "class_scores": {"Southern Russians": 0.6305418719211823, "Ukranians": 0.45454545454545453, "Northen Russians": 0.7719869706840391, "Belarusians": 0.4781144781144781}, "skipped_nodes": 0, "memory_allocated_MB": 39.0771484375, "memory_reserved_MB": 478.0, "model_name": "GL_TAGConv_3l_512h_nw_k3_gnorm_relu"}