{"f1_macro": 0.35387945350241545, "f1_weighted": 0.45210503553913883, "precision_macro": 0.45618371749256603, "precision_weighted": 0.48206427260725204, "recall_macro": 0.39338632945382807, "recall_weighted": 0.5194805194805194, "accuracy": 0.5194805194805194, "class_scores": {"Southern Russians": 0.5703125, "Ukranians": 0.11, "Northen Russians": 0.6657608695652174, "Belarusians": 0.06944444444444445}, "skipped_nodes": 1, "memory_allocated_MB": 24.267578125, "memory_reserved_MB": 96.0, "f1_macro_score_only_mask_connect": 0.2761904761904762, "f1_macro_score_only_not_mask_connect": 0.2941457586618877, "f1_macro_score_mixed_connect": 0.35322391437737855, "only_mask_connect_sum": 15.0, "only_not_mask_connect_sum": 43.0, "mixed_connect_sum": 866.0, "model_name": "GL_SAGEConv_9l_128h"}