{"f1_macro": 0.4596387726751146, "f1_weighted": 0.5316920710588371, "precision_macro": 0.485999185999186, "precision_weighted": 0.8108552643937259, "recall_macro": 0.7346090212469523, "recall_weighted": 0.48, "accuracy": 0.48, "class_scores": {"Udmurts,Besermyan": 0.6415094339622641, "Tatars,Volga-Tatars,Mishar-Tatars,Kryashens": 0.5572755417956656, "Chuvash": 0.45977011494252873, "Mari": 0.18}, "skipped_nodes": 1, "model_name": "MaxEdgeCountPerClassSize"}