{"f1_macro": 0.9501682931237011, "f1_weighted": 0.9665697578672059, "accuracy": 0.9669876203576341, "class_scores": {"English": 0.9806451612903225, "Germans": 0.9523809523809523, "French": 0.9117647058823529, "Belgium": 0.9558823529411765}, "skipped_nodes": 42, "model_name": "GL_TAGConv_3l_512h_nw_k3_gnorm_relu"}