{"f1_macro": 0.9509156583851328, "f1_weighted": 0.9665810396523753, "precision_macro": 0.96565076385164, "precision_weighted": 0.9671353454607281, "recall_macro": 0.9382949254105386, "recall_weighted": 0.9669876203576341, "accuracy": 0.9669876203576341, "class_scores": {"English": 0.9806451612903225, "Germans": 0.9486166007905138, "French": 0.9185185185185185, "Belgium": 0.9558823529411765}, "skipped_nodes": 42, "memory_allocated_MB": 36.6796875, "memory_reserved_MB": 214.0, "model_name": "GL_TAGConv_3l_512h_nw_k3_gnorm_relu"}