{"f1_macro": 0.487624762275411, "f1_weighted": 0.5572890421987153, "precision_macro": 0.5551665363904812, "precision_weighted": 0.5818146429304584, "recall_macro": 0.4849917717056656, "recall_weighted": 0.5822510822510822, "accuracy": 0.5822510822510822, "class_scores": {"Southern Russians": 0.6122961104140527, "Ukranians": 0.3492063492063492, "Northen Russians": 0.7334410339256866, "Belarusians": 0.25555555555555554}, "skipped_nodes": 1, "memory_allocated_MB": 101.958984375, "memory_reserved_MB": 3684.0, "f1_macro_score_only_mask_connect": -100.0, "f1_macro_score_only_not_mask_connect": -100.0, "f1_macro_score_mixed_connect": -100.0, "only_mask_connect_sum": -100.0, "only_not_mask_connect_sum": -100.0, "mixed_connect_sum": -100.0, "model_name": "GL_GATConv_3l_512h"}