{"f1_macro": 0.45593885983512034, "f1_weighted": 0.5444249363805501, "precision_macro": 0.43596523333735815, "precision_weighted": 0.5064036325467004, "recall_macro": 0.48401968010074337, "recall_weighted": 0.5929078014184397, "accuracy": 0.5929078014184397, "class_scores": {"Northen Russians": 0.7032590051457976, "Ukranians": 0.0, "Belarusians": 0.5084745762711864, "Southern Russians": 0.6120218579234973}, "skipped_nodes": 105, "memory_allocated_MB": 17.890625, "memory_reserved_MB": 56.0, "model_name": "GL_GINConv_3l_128h"}