{"f1_macro": 0.9554596719070403, "f1_weighted": 0.9661669714301293, "precision_macro": 0.9660087719298246, "precision_weighted": 0.9704603388813916, "recall_macro": 0.9512452107279693, "recall_weighted": 0.9658119658119658, "accuracy": 0.9658119658119658, "class_scores": {"P0": 0.9714285714285714, "P1": 0.9824561403508771, "P2": 0.9444444444444444, "P3": 0.9473684210526315, "P4": 1.0, "P5": 0.9090909090909091, "P6": 1.0, "P7": 0.8888888888888888}, "skipped_nodes": 1, "memory_allocated_MB": 337.61279296875, "memory_reserved_MB": 1038.0, "model_name": "GL_GATConv_9l_512h"}