{"f1_macro": 0.9381129909703527, "f1_weighted": 0.9428812912853323, "accuracy": 0.943127962085308, "class_scores": {"Swedes": 0.9523809523809523, "Norwegians": 0.9439252336448598, "Danes": 0.9180327868852459}, "skipped_nodes": 4, "model_name": "GL_GATConv_3l_512h"}