{"f1_macro": 0.8270248474280733, "f1_weighted": 0.9029412025475448, "accuracy": 0.9152542372881356, "class_scores": {"P0": 0.972972972972973, "P1": 0.9032258064516129, "P2": 1.0, "P3": 1.0, "P4": 0.84, "P5": 0.9, "P6": 0.0, "P7": 1.0}, "skipped_nodes": 0, "model_name": "GL_SAGEConv_3l_512h"}