{"f1_macro": 0.9114884541241132, "f1_weighted": 0.9269138484254763, "precision_macro": 0.9411375661375662, "precision_weighted": 0.9309180402930404, "recall_macro": 0.8902912621359224, "recall_weighted": 0.9278846153846154, "accuracy": 0.9278846153846154, "class_scores": {"Swedes": 0.9523809523809523, "Norwegians": 0.9302325581395349, "Danes": 0.8518518518518519}, "skipped_nodes": 7, "memory_allocated_MB": 21.5419921875, "memory_reserved_MB": 76.0, "model_name": "GL_GCNConv_3l_512h_w"}