{"f1_macro": 0.38286859119000904, "f1_weighted": 0.44312350343205775, "precision_macro": 0.41085494344148726, "precision_weighted": 0.4555175135113166, "recall_macro": 0.4263716320528662, "recall_weighted": 0.4799566630552546, "accuracy": 0.4799566630552546, "class_scores": {"Southern Russians": 0.4, "Ukranians": 0.4262295081967213, "Northen Russians": 0.6638655462184874, "Belarusians": 0.041379310344827586}, "skipped_nodes": 2, "memory_allocated_MB": 158.0166015625, "memory_reserved_MB": 570.0, "model_name": "GL_TAGConv_9l_512h_w_k3"}