{"f1_macro": 0.4394683351916474, "f1_weighted": 0.49698787340333245, "precision_macro": 0.4416990252737355, "precision_weighted": 0.5024148309712755, "recall_macro": 0.43884656132996835, "recall_weighted": 0.49266503667481665, "accuracy": 0.49266503667481665, "class_scores": {"Ukranians": 0.25092250922509224, "Southern Russians": 0.5359712230215827, "Northen Russians": 0.6185567010309279, "Belarusians": 0.3524229074889868}, "skipped_nodes": 65, "memory_allocated_MB": 27.0576171875, "memory_reserved_MB": 106.0, "model_name": "GL_SAGEConv_3l_512h"}