{"f1_macro": 0.5947465664899916, "f1_weighted": 0.6502014957893462, "precision_macro": 0.6016714964494569, "precision_weighted": 0.6460381161236424, "recall_macro": 0.5951663139400232, "recall_weighted": 0.6605405405405406, "accuracy": 0.6605405405405406, "class_scores": {"Southern Russians": 0.706436420722135, "Ukranians": 0.37777777777777777, "Northen Russians": 0.7928994082840237, "Belarusians": 0.50187265917603}, "skipped_nodes": 0, "memory_allocated_MB": 91.30419921875, "memory_reserved_MB": 428.0, "f1_macro_score_only_mask_connect": -100.0, "f1_macro_score_only_not_mask_connect": -100.0, "f1_macro_score_mixed_connect": -100.0, "only_mask_connect_sum": -100.0, "only_not_mask_connect_sum": -100.0, "mixed_connect_sum": -100.0, "model_name": "GL_SAGEConv_9l_512h"}