{"f1_macro": 0.8513361325251891, "f1_weighted": 0.9059247496220091, "precision_macro": 0.8478819105785758, "precision_weighted": 0.9070805532694941, "recall_macro": 0.8550911345238463, "recall_weighted": 0.9049586776859504, "accuracy": 0.9049586776859504, "class_scores": {"English": 0.967032967032967, "Germans": 0.7633587786259542, "French": 0.7552447552447552, "Belgium": 0.9197080291970803}, "skipped_nodes": 43, "memory_allocated_MB": 102.009765625, "memory_reserved_MB": 326.0, "f1_macro_score_only_mask_connect": 0.784514102169957, "f1_macro_score_only_not_mask_connect": 0.794137022397892, "f1_macro_score_mixed_connect": 0.9189559914302405, "only_mask_connect_sum": 191.0, "only_not_mask_connect_sum": 26.0, "mixed_connect_sum": 509.0, "model_name": "GL_GINConv_9l_512h"}