{"f1_macro": 0.4981849427941486, "f1_weighted": 0.571107251103897, "precision_macro": 0.5300429330789151, "precision_weighted": 0.5687675120585521, "recall_macro": 0.49797702180603687, "recall_weighted": 0.5952970297029703, "accuracy": 0.5952970297029703, "class_scores": {"Ukranians": 0.19631901840490798, "Southern Russians": 0.6246056782334385, "Northen Russians": 0.7163695299837926, "Belarusians": 0.45544554455445546}, "skipped_nodes": 75, "memory_allocated_MB": 36.68505859375, "memory_reserved_MB": 208.0, "model_name": "GL_TAGConv_3l_512h_nw_k3_gnorm"}