{"f1_macro": 0.5560756254411032, "f1_weighted": 0.6221814628346128, "precision_macro": 0.5829773755656109, "precision_weighted": 0.6231298129560298, "recall_macro": 0.551377599550348, "recall_weighted": 0.6345177664974619, "accuracy": 0.6345177664974619, "class_scores": {"Northen Russians": 0.7432150313152401, "Ukranians": 0.3333333333333333, "Belarusians": 0.5, "Southern Russians": 0.6477541371158393}, "skipped_nodes": 147, "memory_allocated_MB": 36.67822265625, "memory_reserved_MB": 158.0, "model_name": "GL_TAGConv_3l_512h_w_k3_gnorm_leaky_relu"}