{"f1_macro": 0.9358053541766179, "f1_weighted": 0.9587070299421965, "accuracy": 0.9597780859916782, "class_scores": {"English": 0.9786780383795309, "Germans": 0.9306122448979591, "French": 0.8780487804878049, "Belgium": 0.9558823529411765}, "skipped_nodes": 48, "model_name": "GL_GCNConv_9l_512h_w"}