{"f1_macro": 0.7079461109066372, "f1_weighted": 0.8353099142572826, "precision_macro": 0.7165841103341103, "precision_weighted": 0.8648984648984648, "recall_macro": 0.7594508636788049, "recall_weighted": 0.8288288288288288, "accuracy": 0.8288288288288288, "class_scores": {"Chechens": 0.9444444444444444, "Kabardians, Circassians, Adyghes": 0.8888888888888888, "Karachays, Balkars": 0.7692307692307693, "Ingush": 0.9473684210526315, "Dagestan peoples": 0.8636363636363636, "Ossetians": 0.75, "Kumyks": 0.5, "Nogais": 0.0}, "skipped_nodes": 7, "memory_allocated_MB": 38.3310546875, "memory_reserved_MB": 206.0, "model_name": "GL_TAGConv_3l_512h_w_k3"}