{"f1_macro": 0.9030214677681964, "f1_weighted": 0.9556788416223735, "precision_macro": 0.932603333150259, "precision_weighted": 0.9566737158678473, "recall_macro": 0.8807133217659533, "recall_weighted": 0.9565217391304348, "accuracy": 0.9565217391304348, "class_scores": {"English": 0.9788819875776398, "Germans": 0.9, "French": 0.84, "Belgium": 0.8932038834951457}, "skipped_nodes": 240, "memory_allocated_MB": 102.337890625, "memory_reserved_MB": 184.0, "model_name": "GL_GINConv_9l_512h"}