{"f1_macro": 0.6915162824338429, "f1_weighted": 0.7582470358729321, "precision_macro": 0.6928744812465742, "precision_weighted": 0.7537504848375589, "recall_macro": 0.6960167934925217, "recall_weighted": 0.7674418604651163, "accuracy": 0.7674418604651163, "class_scores": {"Swedes": 0.8944099378881988, "Norwegians": 0.7920792079207921, "Danes": 0.3880597014925373}, "skipped_nodes": 0, "memory_allocated_MB": 23.79345703125, "memory_reserved_MB": 190.0, "f1_macro_score_only_mask_connect": 0.5606837606837607, "f1_macro_score_only_not_mask_connect": 0.24444444444444446, "f1_macro_score_mixed_connect": 0.6892554410080184, "only_mask_connect_sum": 12.0, "only_not_mask_connect_sum": 7.0, "mixed_connect_sum": 196.0, "model_name": "GL_GINConv_9l_128h"}