{"f1_macro": 0.38541361492181164, "f1_weighted": 0.4886194008144332, "precision_macro": 0.3830400137583123, "precision_weighted": 0.45368888650368105, "recall_macro": 0.4232022992708406, "recall_weighted": 0.555431131019037, "accuracy": 0.555431131019037, "class_scores": {"Ukranians": 0.0, "Southern Russians": 0.6060606060606061, "Northen Russians": 0.6951566951566952, "Belarusians": 0.24043715846994534}, "skipped_nodes": 22, "memory_allocated_MB": 51.4521484375, "memory_reserved_MB": 246.0, "model_name": "GL_GCNConv_9l_512h_w"}