{"f1_macro": 0.20810065722068138, "f1_weighted": 0.28521484979401257, "accuracy": 0.35776614310645727, "class_scores": {"krasnodar": 0.44880174291938996, "yaroslavl": 0.09523809523809523, "ryazan": 0.4496487119437939, "kaluga": 0.019417475728155338, "vologda": 0.0273972602739726}, "skipped_nodes": 3, "model_name": "GL_TAGConv_9l_512h_w_k3"}