{"f1_macro": 0.4438453042191612, "f1_weighted": 0.49660984298397765, "precision_macro": 0.44346463943812453, "precision_weighted": 0.506488750398749, "recall_macro": 0.4487965413431715, "recall_weighted": 0.49074074074074076, "accuracy": 0.49074074074074076, "class_scores": {"Ukranians": 0.3164983164983165, "Southern Russians": 0.48807339449541287, "Northen Russians": 0.6557911908646004, "Belarusians": 0.315018315018315}, "skipped_nodes": 41, "memory_allocated_MB": 37.4814453125, "memory_reserved_MB": 210.0, "model_name": "GL_TAGConv_3l_512h_w_k3_gnorm_gelu"}