{"f1_macro": 0.9850721223660008, "f1_weighted": 0.9877208358319111, "precision_macro": 0.9903913906860548, "precision_weighted": 0.9878216280560389, "recall_macro": 0.9801773095764512, "recall_weighted": 0.9877300613496932, "accuracy": 0.9877300613496932, "class_scores": {"P0": 0.9714285714285714, "P1": 0.9914163090128756, "P2": 0.9774436090225563, "P3": 1.0}, "skipped_nodes": 0, "memory_allocated_MB": 23.31103515625, "memory_reserved_MB": 82.0, "model_name": "GL_MLP_3l_512h"}