{"f1_macro": 0.8909855576522244, "f1_weighted": 0.911784796400181, "precision_macro": 0.9141149286718906, "precision_weighted": 0.9135858603421894, "recall_macro": 0.8751240560949299, "recall_weighted": 0.9134615384615384, "accuracy": 0.9134615384615384, "class_scores": {"Swedes": 0.935064935064935, "Norwegians": 0.9230769230769231, "Danes": 0.8148148148148148}, "skipped_nodes": 7, "memory_allocated_MB": 36.5205078125, "memory_reserved_MB": 150.0, "model_name": "GL_GATConv_9l_128h"}