{"f1_macro": 0.5924652071136544, "f1_weighted": 0.6431963944729309, "precision_macro": 0.5907001487439426, "precision_weighted": 0.6512693469614353, "recall_macro": 0.5975946372239748, "recall_weighted": 0.6378378378378379, "accuracy": 0.6378378378378379, "class_scores": {"Southern Russians": 0.6721854304635762, "Ukranians": 0.45871559633027525, "Northen Russians": 0.7877813504823151, "Belarusians": 0.4511784511784512}, "skipped_nodes": 0, "memory_allocated_MB": 39.08642578125, "memory_reserved_MB": 478.0, "model_name": "GL_TAGConv_3l_512h_w_k3_gnorm_gelu"}