{"f1_macro": 0.8668771904539666, "f1_weighted": 0.9274716283222908, "accuracy": 0.9308270676691729, "class_scores": {"English": 0.9703622392974753, "Germans": 0.8442211055276382, "French": 0.735632183908046, "Belgium": 0.9172932330827067}, "skipped_nodes": 104, "model_name": "GL_TAGConv_9l_512h_w_k3"}