{"f1_macro": 0.9172971814382166, "f1_weighted": 0.9144799592755333, "accuracy": 0.915, "class_scores": {"Swedes": 0.9, "Norwegians": 0.9216589861751152, "Danes": 0.9302325581395349}, "skipped_nodes": 15, "model_name": "GL_GINConv_3l_128h"}