{"f1_macro": 0.17719684674240668, "f1_weighted": 0.43716528287286693, "precision_macro": 0.40497737556561086, "precision_weighted": 0.49827887738389365, "recall_macro": 0.16088459704339533, "recall_weighted": 0.4233128834355828, "accuracy": 0.4233128834355828, "class_scores": {"P0": 0.10526315789473684, "P1": 0.6035242290748899, "P2": 0.0, "P3": 0.0}, "skipped_nodes": 0, "model_name": "MaxSegmentCount"}