{"f1_macro": 0.9443407004968332, "f1_weighted": 0.9810834286723435, "precision_macro": 0.9882048331415421, "precision_weighted": 0.981802179596697, "recall_macro": 0.9090909090909091, "recall_weighted": 0.9815950920245399, "accuracy": 0.9815950920245399, "class_scores": {"Udmurts,Besermyan": 0.9411764705882353, "Tatars,Volga-Tatars,Mishar-Tatars,Kryashens": 0.9914893617021276, "Chuvash": 0.9696969696969697, "Mari": 0.875}, "skipped_nodes": 0, "memory_allocated_MB": 36.70263671875, "memory_reserved_MB": 266.0, "model_name": "GL_TAGConv_3l_512h_w_k3_gnorm"}