{"f1_macro": 0.15399462639878383, "f1_weighted": 0.16332453014927406, "precision_macro": 0.2296462158531124, "precision_weighted": 0.32395220603386465, "recall_macro": 0.1465838643950232, "recall_weighted": 0.13496932515337423, "accuracy": 0.13496932515337423, "class_scores": {"P0": 0.3448275862068966, "P1": 0.174496644295302, "P2": 0.09665427509293681, "P3": 0.0}, "skipped_nodes": 0, "model_name": "LongestIbd"}