{"f1_macro": 0.2410992525352387, "f1_weighted": 0.21872493927199174, "precision_macro": 0.3704863763687293, "precision_weighted": 0.4715316801567253, "recall_macro": 0.24519334980708374, "recall_weighted": 0.18404907975460122, "accuracy": 0.18404907975460122, "class_scores": {"P0": 0.5714285714285714, "P1": 0.22145328719723184, "P2": 0.13818181818181818, "P3": 0.03333333333333333}, "skipped_nodes": 0, "model_name": "LongestIbd"}