{"f1_macro": 0.5213882414475491, "f1_weighted": 0.5717947466169893, "precision_macro": 0.5516917770375762, "precision_weighted": 0.5793028254634306, "recall_macro": 0.5124049679677416, "recall_weighted": 0.578239608801956, "accuracy": 0.578239608801956, "class_scores": {"Ukranians": 0.39344262295081966, "Southern Russians": 0.6064516129032258, "Northen Russians": 0.676818950930626, "Belarusians": 0.4088397790055249}, "skipped_nodes": 65, "model_name": "MaxEdgeCount"}