{"f1_macro": 0.16313321687965432, "f1_weighted": 0.22347076027024546, "precision_macro": 0.21951020408163266, "precision_weighted": 0.3003333259790403, "recall_macro": 0.2603172543225652, "recall_weighted": 0.3567567567567568, "accuracy": 0.3567567567567568, "class_scores": {"Southern Russians": 0.5100671140939598, "Ukranians": 0.0, "Northen Russians": 0.14246575342465753, "Belarusians": 0.0}, "skipped_nodes": 0, "model_name": "SpectralClustering"}