{"f1_macro": 0.5970693007969343, "f1_weighted": 0.6739747644973254, "precision_macro": 0.5930488782051282, "precision_weighted": 0.862977082350165, "recall_macro": 0.8015454978974292, "recall_weighted": 0.6319018404907976, "accuracy": 0.6319018404907976, "class_scores": {"P0": 0.8571428571428571, "P1": 0.6836158192090396, "P2": 0.6557377049180327, "P3": 0.1917808219178082}, "skipped_nodes": 0, "model_name": "MaxIbdSumPerClassSize"}