{"f1_macro": 0.09347826086956522, "f1_weighted": 0.13534275806881835, "precision_macro": 0.3169642857142857, "precision_weighted": 0.24665863277826466, "recall_macro": 0.05996661897949451, "recall_weighted": 0.09815950920245399, "accuracy": 0.09815950920245399, "class_scores": {"P0": 0.2, "P1": 0.17391304347826086, "P2": 0.0, "P3": 0.0}, "skipped_nodes": 0, "model_name": "MaxIbdSum"}