{"f1_macro": 0.8505133020168139, "f1_weighted": 0.9173069648311883, "precision_macro": 0.8693221959909939, "precision_weighted": 0.918479109032395, "recall_macro": 0.8380483198804947, "recall_weighted": 0.9200603318250377, "accuracy": 0.9200603318250377, "class_scores": {"English": 0.9651416122004357, "Germans": 0.8, "French": 0.7115384615384616, "Belgium": 0.9253731343283582}, "skipped_nodes": 106, "memory_allocated_MB": 51.79345703125, "memory_reserved_MB": 150.0, "model_name": "GL_GCNConv_9l_512h_w"}