{"f1_macro": 0.3700196416007505, "f1_weighted": 0.5259549495767861, "precision_macro": 0.40384024577572963, "precision_weighted": 0.5419615975422427, "recall_macro": 0.3828125, "recall_weighted": 0.59, "accuracy": 0.59, "class_scores": {"Chechens": 0.8387096774193549, "Kabardians, Circassians, Adyghes": 0.6067415730337079, "Karachays, Balkars": 0.0, "Ingush": 0.75, "Dagestan peoples": 0.7647058823529411, "Ossetians": 0.0, "Kumyks": 0.0, "Nogais": 0.0}, "skipped_nodes": 18, "memory_allocated_MB": 98.4853515625, "memory_reserved_MB": 190.0, "model_name": "GL_GATConv_3l_512h"}