{"f1_macro": 0.5478172702919656, "f1_weighted": 0.6924007388787392, "precision_macro": 0.6903409090909091, "precision_weighted": 0.6924275945293645, "recall_macro": 0.4907460159204925, "recall_weighted": 0.7123893805309734, "accuracy": 0.7123893805309734, "class_scores": {"P0": 0.7272727272727273, "P1": 0.8145896656534954, "P2": 0.42718446601941745, "P3": 0.2222222222222222}, "skipped_nodes": 51, "memory_allocated_MB": 37.43994140625, "memory_reserved_MB": 88.0, "model_name": "GL_TAGConv_3l_512h_w_k3_gnorm"}