{"f1_macro": 0.7768057285180573, "f1_weighted": 0.8802971729226037, "accuracy": 0.8742331288343558, "class_scores": {"P0": 0.9090909090909091, "P1": 0.9223744292237442, "P2": 0.7757575757575758, "P3": 0.5}, "skipped_nodes": 0, "model_name": "LongestIbd"}