{"f1_macro": 0.963651967233141, "f1_weighted": 0.9713758231821596, "precision_macro": 0.9615173682830893, "precision_weighted": 0.9717605618891565, "recall_macro": 0.9667214848923933, "recall_weighted": 0.9714673913043478, "accuracy": 0.9714673913043478, "class_scores": {"P0": 0.9804772234273319, "P1": 0.9501915708812261, "P2": 0.958904109589041, "P3": 0.965034965034965}, "skipped_nodes": 26, "model_name": "MaxIbdSumPerClassSize"}