{"f1_macro": 0.7183431581587858, "f1_weighted": 0.9499562557373467, "precision_macro": 0.7187356848373798, "precision_weighted": 0.9383917555904662, "recall_macro": 0.7211492608488317, "recall_weighted": 0.9631901840490797, "accuracy": 0.9631901840490797, "class_scores": {"Udmurts,Besermyan": 0.9411764705882353, "Tatars,Volga-Tatars,Mishar-Tatars,Kryashens": 0.9893390191897654, "Chuvash": 0.9428571428571428, "Mari": 0.0}, "skipped_nodes": 0, "memory_allocated_MB": 60.64990234375, "memory_reserved_MB": 214.0, "f1_macro_score_only_mask_connect": NaN, "f1_macro_score_only_not_mask_connect": NaN, "f1_macro_score_mixed_connect": 0.7183431581587858, "only_mask_connect_sum": 0.0, "only_not_mask_connect_sum": 0.0, "mixed_connect_sum": 326.0, "model_name": "GL_GINConv_3l_128h"}