{"f1_macro": 0.931549960660897, "f1_weighted": 0.9378561493916422, "accuracy": 0.9383886255924171, "class_scores": {"Swedes": 0.9548387096774194, "Norwegians": 0.9365853658536586, "Danes": 0.9032258064516129}, "skipped_nodes": 4, "model_name": "GL_GATConv_9l_512h"}