{"f1_macro": 0.5819923740976373, "f1_weighted": 0.6381906614538194, "precision_macro": 0.6098382531301075, "precision_weighted": 0.6431547481632898, "recall_macro": 0.5733273843615846, "recall_weighted": 0.6497297297297298, "accuracy": 0.6497297297297298, "class_scores": {"Southern Russians": 0.6895604395604396, "Ukranians": 0.45925925925925926, "Northen Russians": 0.7756410256410257, "Belarusians": 0.40350877192982454}, "skipped_nodes": 0, "memory_allocated_MB": 21.51025390625, "memory_reserved_MB": 108.0, "f1_macro_score_only_mask_connect": -100.0, "f1_macro_score_only_not_mask_connect": -100.0, "f1_macro_score_mixed_connect": -100.0, "only_mask_connect_sum": -100.0, "only_not_mask_connect_sum": -100.0, "mixed_connect_sum": -100.0, "model_name": "GL_SAGEConv_3l_128h_de"}