{"f1_macro": 0.5554777020817919, "f1_weighted": 0.6046852223341146, "precision_macro": 0.5553578679385622, "precision_weighted": 0.6058479678031587, "recall_macro": 0.5635068130576601, "recall_weighted": 0.6086486486486486, "accuracy": 0.6086486486486486, "class_scores": {"Southern Russians": 0.6045016077170418, "Ukranians": 0.34657039711191334, "Northen Russians": 0.7838258164852255, "Belarusians": 0.487012987012987}, "skipped_nodes": 0, "memory_allocated_MB": 18.4462890625, "memory_reserved_MB": 150.0, "model_name": "GL_GCNConv_3l_128h_w"}