{"f1_macro": 0.31622362994099423, "f1_weighted": 0.40730869473629133, "accuracy": 0.4697674418604651, "class_scores": {"P0": 0.36220472440944884, "P1": 0.5864661654135338, "P2": 0.0}, "skipped_nodes": 0, "model_name": "GL_GCNConv_3l_512h_w"}