{"f1_macro": 0.7591959944835049, "f1_weighted": 0.8775801991577712, "precision_macro": 0.7536589635854343, "precision_weighted": 0.9053571428571429, "recall_macro": 0.7988132465629931, "recall_weighted": 0.8660714285714286, "accuracy": 0.8660714285714286, "class_scores": {"Chechens": 0.8717948717948718, "Kabardians, Circassians, Adyghes": 0.9122807017543859, "Karachays, Balkars": 0.9411764705882353, "Ingush": 0.9, "Dagestan peoples": 0.8292682926829268, "Ossetians": 1.0, "Kumyks": 0.3333333333333333, "Nogais": 0.2857142857142857}, "skipped_nodes": 6, "memory_allocated_MB": 157.7197265625, "memory_reserved_MB": 228.0, "model_name": "GL_TAGConv_9l_512h_w_k3"}