{"f1_macro": 0.8261212134678078, "f1_weighted": 0.9109053233541676, "precision_macro": 0.8450659641833265, "precision_weighted": 0.9136580186230311, "recall_macro": 0.8167975225640081, "recall_weighted": 0.9138755980861244, "accuracy": 0.9138755980861244, "class_scores": {"English": 0.9670828603859251, "Germans": 0.7741935483870968, "French": 0.6813186813186813, "Belgium": 0.8818897637795275}, "skipped_nodes": 142, "memory_allocated_MB": 157.14111328125, "memory_reserved_MB": 302.0, "model_name": "GL_TAGConv_9l_512h_w_k3"}