{"f1_macro": 0.9097132074007238, "f1_weighted": 0.9717701771243159, "precision_macro": 0.9242892304601166, "precision_weighted": 0.9715924849399262, "recall_macro": 0.8966543113538822, "recall_weighted": 0.9723926380368099, "accuracy": 0.9723926380368099, "class_scores": {"Udmurts,Besermyan": 1.0, "Tatars,Volga-Tatars,Mishar-Tatars,Kryashens": 0.9872340425531915, "Chuvash": 0.9457364341085271, "Mari": 0.7058823529411765}, "skipped_nodes": 0, "memory_allocated_MB": 36.646484375, "memory_reserved_MB": 188.0, "model_name": "GL_TAGConv_3l_512h_w_k3_gnorm"}