{"f1_macro": 0.5501074532742525, "f1_weighted": 0.5873893946851327, "precision_macro": 0.546909840714149, "precision_weighted": 0.5984244947584211, "recall_macro": 0.5615063483842617, "recall_weighted": 0.5839653304442037, "accuracy": 0.5839653304442037, "class_scores": {"Southern Russians": 0.5604203152364273, "Ukranians": 0.38461538461538464, "Northen Russians": 0.7488151658767772, "Belarusians": 0.506578947368421}, "skipped_nodes": 2, "memory_allocated_MB": 99.21728515625, "memory_reserved_MB": 3604.0, "model_name": "GL_GATConv_3l_512h"}