{"f1_macro": 0.5082764234721693, "f1_weighted": 0.5616314830539401, "precision_macro": 0.5080029099261203, "precision_weighted": 0.5611683513940983, "recall_macro": 0.5105666435896351, "recall_weighted": 0.5633802816901409, "accuracy": 0.5633802816901409, "class_scores": {"Southern Russians": 0.5965463108320251, "Ukranians": 0.3194444444444444, "Northen Russians": 0.7129337539432177, "Belarusians": 0.40418118466898956}, "skipped_nodes": 2, "memory_allocated_MB": 18.00927734375, "memory_reserved_MB": 152.0, "model_name": "GL_SAGEConv_3l_128h"}