{"f1_macro": 0.5405245081227573, "f1_weighted": 0.5849553852394704, "precision_macro": 0.5371432495419266, "precision_weighted": 0.6002166458786341, "recall_macro": 0.5587807085344818, "recall_weighted": 0.5815950920245399, "accuracy": 0.5815950920245399, "class_scores": {"Ukranians": 0.3534136546184739, "Southern Russians": 0.5769980506822612, "Northen Russians": 0.7160068846815835, "Belarusians": 0.5156794425087108}, "skipped_nodes": 68, "model_name": "MaxIbdSumPerClassSize"}