{"f1_macro": 0.761131856930194, "f1_weighted": 0.8757010812186296, "precision_macro": 0.7993303571428572, "precision_weighted": 0.8787824675324675, "recall_macro": 0.7491916331750091, "recall_weighted": 0.8818181818181818, "accuracy": 0.8818181818181818, "class_scores": {"Chechens": 0.9230769230769231, "Kabardians, Circassians, Adyghes": 0.896551724137931, "Karachays, Balkars": 0.9090909090909091, "Ingush": 0.9473684210526315, "Dagestan peoples": 0.8372093023255814, "Ossetians": 0.9090909090909091, "Kumyks": 0.0, "Nogais": 0.6666666666666666}, "skipped_nodes": 8, "memory_allocated_MB": 36.9658203125, "memory_reserved_MB": 88.0, "model_name": "GL_TAGConv_3l_512h_w_k3_gnorm"}