{"f1_macro": 0.6073512149780905, "f1_weighted": 0.8407350114286526, "precision_macro": 0.6212365208521899, "precision_weighted": 0.862060385807768, "recall_macro": 0.5946161248087328, "recall_weighted": 0.8207547169811321, "accuracy": 0.8207547169811321, "class_scores": {"Udmurts,Besermyan": 0.8823529411764706, "Tatars,Volga-Tatars,Mishar-Tatars,Kryashens": 0.9390519187358917, "Chuvash": 0.608, "Mari": 0.0}, "skipped_nodes": 8, "memory_allocated_MB": 22.12060546875, "memory_reserved_MB": 48.0, "model_name": "GL_MLP_3l_512h"}