{"f1_macro": 0.16759471141622173, "f1_weighted": 0.2757866999514597, "precision_macro": 0.24022988505747125, "precision_weighted": 0.3982863113897596, "recall_macro": 0.22395833333333331, "recall_weighted": 0.39090909090909093, "accuracy": 0.39090909090909093, "class_scores": {"Chechens": 0.631578947368421, "Kabardians, Circassians, Adyghes": 0.48695652173913045, "Karachays, Balkars": 0.0, "Ingush": 0.0, "Dagestan peoples": 0.2222222222222222, "Ossetians": 0.0, "Kumyks": 0.0, "Nogais": 0.0}, "skipped_nodes": 8, "memory_allocated_MB": 97.1650390625, "memory_reserved_MB": 296.0, "model_name": "GL_GATConv_3l_512h"}