{"f1_macro": 0.8975204318434062, "f1_weighted": 0.9152667018674795, "precision_macro": 0.8949616253701107, "precision_weighted": 0.9343193429836965, "recall_macro": 0.9154744873628994, "recall_weighted": 0.911042944785276, "accuracy": 0.911042944785276, "class_scores": {"P0": 1.0, "P1": 0.9363636363636364, "P2": 0.8301886792452831, "P3": 0.8235294117647058}, "skipped_nodes": 0, "model_name": "LongestIbd"}