{"f1_macro": 0.9839054366917394, "f1_weighted": 0.9860278799307322, "accuracy": 0.986046511627907, "class_scores": {"P0": 0.9933774834437086, "P1": 0.9853658536585366, "P2": 0.972972972972973}, "skipped_nodes": 0, "model_name": "GL_TAGConv_3l_512h_w_k3"}