{"f1_macro": 0.5680851778011894, "f1_weighted": 0.6204616510284002, "precision_macro": 0.5874220946117482, "precision_weighted": 0.619211564780984, "recall_macro": 0.559921973418369, "recall_weighted": 0.6301675977653631, "accuracy": 0.6301675977653631, "class_scores": {"Ukranians": 0.3937007874015748, "Southern Russians": 0.6666666666666666, "Northen Russians": 0.7429467084639498, "Belarusians": 0.4690265486725664}, "skipped_nodes": 20, "memory_allocated_MB": 36.6865234375, "memory_reserved_MB": 222.0, "model_name": "GL_TAGConv_3l_512h_w_k3_gnorm_relu"}