{"f1_macro": 0.8994294108445944, "f1_weighted": 0.9183689203835022, "accuracy": 0.9195979899497487, "class_scores": {"Swedes": 0.9295774647887324, "Norwegians": 0.926605504587156, "Danes": 0.8421052631578947}, "skipped_nodes": 16, "model_name": "MaxEdgeCount"}