{"f1_macro": 0.6040147777833512, "f1_weighted": 0.6519454120673187, "precision_macro": 0.6194058580090469, "precision_weighted": 0.8709034844996125, "recall_macro": 0.8048944379416483, "recall_weighted": 0.6104294478527608, "accuracy": 0.6104294478527608, "class_scores": {"P0": 0.9230769230769231, "P1": 0.641399416909621, "P2": 0.6808510638297872, "P3": 0.17073170731707318}, "skipped_nodes": 0, "model_name": "MaxEdgeCountPerClassSize"}