{"f1_macro": 0.6017369575563938, "f1_weighted": 0.6504604579134265, "precision_macro": 0.6180996521905613, "precision_weighted": 0.870072267311531, "recall_macro": 0.8011065591537694, "recall_weighted": 0.6073619631901841, "accuracy": 0.6073619631901841, "class_scores": {"P0": 0.9230769230769231, "P1": 0.641399416909621, "P2": 0.6737967914438503, "P3": 0.1686746987951807}, "skipped_nodes": 0, "model_name": "MaxEdgeCountPerClassSize"}