{"f1_macro": 0.7006648936170212, "f1_weighted": 0.9464854457642606, "accuracy": 0.9601226993865031, "class_scores": {"Udmurts,Besermyan": 0.875, "Tatars,Volga-Tatars,Mishar-Tatars,Kryashens": 0.9914893617021276, "Chuvash": 0.9361702127659575, "Mari": 0.0}, "skipped_nodes": 0, "model_name": "GL_SAGEConv_3l_128h"}