{"f1_macro": 0.6951032349433512, "f1_weighted": 0.7877013568506837, "precision_macro": 0.7079335016835018, "precision_weighted": 0.8413521176679073, "recall_macro": 0.7394061302681992, "recall_weighted": 0.7807017543859649, "accuracy": 0.7807017543859649, "class_scores": {"Chechens": 0.7555555555555555, "Kabardians, Circassians, Adyghes": 0.84, "Karachays, Balkars": 0.8717948717948718, "Ingush": 0.625, "Dagestan peoples": 0.7906976744186046, "Ossetians": 0.9, "Kumyks": 0.3333333333333333, "Nogais": 0.4444444444444444}, "skipped_nodes": 4, "memory_allocated_MB": 36.93994140625, "memory_reserved_MB": 262.0, "model_name": "GL_GATConv_9l_128h"}