{"f1_macro": 0.6748929615705932, "f1_weighted": 0.7738930659983292, "accuracy": 0.7844827586206896, "class_scores": {"Chechens": 0.9, "Kabardians, Circassians, Adyghes": 0.7301587301587301, "Karachays, Balkars": 0.8, "Ingush": 0.7368421052631579, "Dagestan peoples": 0.8571428571428571, "Ossetians": 0.625, "Kumyks": 0.0, "Nogais": 0.75}, "skipped_nodes": 2, "model_name": "GL_GINConv_3l_128h"}