{"f1_macro": 0.7781419360687654, "f1_weighted": 0.8489530545149419, "precision_macro": 0.7693381180223284, "precision_weighted": 0.8558258432828034, "recall_macro": 0.7934163059163059, "recall_weighted": 0.8504672897196262, "accuracy": 0.8504672897196262, "class_scores": {"Chechens": 0.8648648648648649, "Kabardians, Circassians, Adyghes": 0.8461538461538461, "Karachays, Balkars": 0.9142857142857143, "Ingush": 0.8181818181818182, "Dagestan peoples": 0.8292682926829268, "Ossetians": 0.9523809523809523, "Kumyks": 1.0, "Nogais": 0.0}, "skipped_nodes": 11, "memory_allocated_MB": 21.00439453125, "memory_reserved_MB": 52.0, "model_name": "GL_SAGEConv_9l_128h"}