{"f1_macro": 0.47371197467909265, "f1_weighted": 0.8747212726042928, "accuracy": 0.9141104294478528, "class_scores": {"Udmurts,Besermyan": 0.0, "Tatars,Volga-Tatars,Mishar-Tatars,Kryashens": 0.9586776859504132, "Chuvash": 0.9361702127659575, "Mari": 0.0}, "skipped_nodes": 0, "model_name": "GL_GINConv_3l_128h"}