{"f1_macro": 0.6787144939196577, "f1_weighted": 0.7348615623377033, "precision_macro": 0.6869047619047619, "precision_weighted": 0.8988168273444348, "recall_macro": 0.8889159838730654, "recall_weighted": 0.6901840490797546, "accuracy": 0.6901840490797546, "class_scores": {"P0": 1.0, "P1": 0.726775956284153, "P2": 0.7602339181286549, "P3": 0.22784810126582278}, "skipped_nodes": 0, "model_name": "MaxEdgeCountPerClassSize"}