{"f1_macro": 0.6930256373758461, "f1_weighted": 0.930755856398171, "accuracy": 0.9447852760736196, "class_scores": {"P0": 0.875, "P1": 0.9728601252609603, "P2": 0.9242424242424242, "P3": 0.0}, "skipped_nodes": 0, "model_name": "MaxSegmentCount"}