{"f1_macro": 0.5185118601747815, "f1_weighted": 0.6461129195981659, "precision_macro": 0.5360162601626016, "precision_weighted": 0.645743104627308, "recall_macro": 0.5511111111111111, "recall_weighted": 0.7102803738317757, "accuracy": 0.7102803738317757, "class_scores": {"Swedes": 0.784, "Norwegians": 0.7715355805243446, "Danes": 0.0}, "skipped_nodes": 1, "memory_allocated_MB": 101.7861328125, "memory_reserved_MB": 174.0, "model_name": "GL_GINConv_9l_512h"}