{"f1_macro": 0.49937957157784746, "f1_weighted": 0.5333745216070158, "accuracy": 0.5214723926380368, "class_scores": {"Udmurts,Besermyan": 1.0, "Tatars,Volga-Tatars,Mishar-Tatars,Kryashens": 0.5391849529780565, "Chuvash": 0.4583333333333333, "Mari": 0.0}, "skipped_nodes": 0, "model_name": "GL_GATConv_9l_512h"}