{"f1_macro": 0.8740174193456776, "f1_weighted": 0.9364251475434953, "precision_macro": 0.9364464158926049, "precision_weighted": 0.9408542499464567, "recall_macro": 0.839104403287583, "recall_weighted": 0.939935064935065, "accuracy": 0.939935064935065, "class_scores": {"English": 0.9717514124293786, "Germans": 0.8427672955974843, "French": 0.7384615384615385, "Belgium": 0.943089430894309}, "skipped_nodes": 153, "memory_allocated_MB": 86.50341796875, "memory_reserved_MB": 178.0, "model_name": "GL_SAGEConv_9l_512h"}