{"f1_macro": 0.1930735930735931, "f1_weighted": 0.30772050035853715, "precision_macro": 0.37571897317120245, "precision_weighted": 0.41152749013325, "recall_macro": 0.14303442146789785, "recall_weighted": 0.254601226993865, "accuracy": 0.254601226993865, "class_scores": {"P0": 0.36363636363636365, "P1": 0.4, "P2": 0.008658008658008658, "P3": 0.0}, "skipped_nodes": 0, "model_name": "MaxIbdSum"}