{"f1_macro": 0.5894049043062201, "f1_weighted": 0.7273311092577148, "precision_macro": 0.6446539979628214, "precision_weighted": 0.8311013145875532, "recall_macro": 0.6387400793650794, "recall_weighted": 0.6788990825688074, "accuracy": 0.6788990825688074, "class_scores": {"Chechens": 0.8, "Kabardians, Circassians, Adyghes": 0.7083333333333334, "Karachays, Balkars": 0.8484848484848485, "Ingush": 0.631578947368421, "Dagestan peoples": 0.7368421052631579, "Ossetians": 0.75, "Kumyks": 0.0, "Nogais": 0.24}, "skipped_nodes": 9, "memory_allocated_MB": 51.78173828125, "memory_reserved_MB": 106.0, "model_name": "GL_MLP_9l_512h"}