{"f1_macro": 0.4965287061507365, "f1_weighted": 0.5504568389649499, "precision_macro": 0.5027785751853548, "precision_weighted": 0.5518932455864018, "recall_macro": 0.49468317479010726, "recall_weighted": 0.5535135135135135, "accuracy": 0.5535135135135135, "class_scores": {"Southern Russians": 0.5822416302765647, "Ukranians": 0.3250883392226148, "Northen Russians": 0.707037643207856, "Belarusians": 0.37174721189591076}, "skipped_nodes": 0, "memory_allocated_MB": 22.78515625, "memory_reserved_MB": 272.0, "model_name": "GL_GCNConv_3l_512h_w"}