{"f1_macro": 0.6287505623031939, "f1_weighted": 0.7837493363809153, "precision_macro": 0.6338550922761449, "precision_weighted": 0.817155788734736, "recall_macro": 0.6475626361655773, "recall_weighted": 0.7837837837837838, "accuracy": 0.7837837837837838, "class_scores": {"Chechens": 0.9444444444444444, "Kabardians, Circassians, Adyghes": 0.8461538461538461, "Karachays, Balkars": 0.7692307692307693, "Ingush": 0.9, "Dagestan peoples": 0.7368421052631579, "Ossetians": 0.8333333333333334, "Kumyks": 0.0, "Nogais": 0.0}, "skipped_nodes": 7, "memory_allocated_MB": 99.2158203125, "memory_reserved_MB": 246.0, "f1_macro_score_only_mask_connect": 0.30266875981161695, "f1_macro_score_only_not_mask_connect": 0.45999999999999996, "f1_macro_score_mixed_connect": 0.6654808881030418, "only_mask_connect_sum": 22.0, "only_not_mask_connect_sum": 10.0, "mixed_connect_sum": 79.0, "model_name": "GL_GATConv_3l_512h"}