{"f1_macro": 0.5125620842432512, "f1_weighted": 0.5781632722917983, "precision_macro": 0.5250928821898717, "precision_weighted": 0.5808826664002594, "recall_macro": 0.5079606849578765, "recall_weighted": 0.5849056603773585, "accuracy": 0.5849056603773585, "class_scores": {"Northen Russians": 0.7048903878583473, "Ukranians": 0.27906976744186046, "Belarusians": 0.48520710059171596, "Southern Russians": 0.581081081081081}, "skipped_nodes": 121, "model_name": "MaxEdgeCount"}