{"f1_macro": 0.44786390371981244, "f1_weighted": 0.5052993994648425, "precision_macro": 0.45757099384718025, "precision_weighted": 0.5091123718000933, "recall_macro": 0.4604062076892357, "recall_weighted": 0.5186046511627908, "accuracy": 0.5186046511627908, "class_scores": {"Ukranians": 0.22885572139303484, "Southern Russians": 0.4981949458483754, "Northen Russians": 0.6795252225519288, "Belarusians": 0.3848797250859107}, "skipped_nodes": 45, "memory_allocated_MB": 19.03271484375, "memory_reserved_MB": 80.0, "model_name": "GL_GCNConv_9l_128h_w"}