{"f1_macro": 0.5788953900624594, "f1_weighted": 0.6233391156037826, "precision_macro": 0.5941912943443555, "precision_weighted": 0.6212184379292521, "recall_macro": 0.5717059711257602, "recall_weighted": 0.6316359696641387, "accuracy": 0.6316359696641387, "class_scores": {"Southern Russians": 0.6515151515151515, "Ukranians": 0.42704626334519574, "Northen Russians": 0.7496251874062968, "Belarusians": 0.48739495798319327}, "skipped_nodes": 2, "memory_allocated_MB": 36.6865234375, "memory_reserved_MB": 360.0, "model_name": "GL_TAGConv_3l_512h_w_k3_gnorm_relu"}