{"f1_macro": 0.41059794360354795, "f1_weighted": 0.6472016838837901, "precision_macro": 0.3772440794499618, "precision_weighted": 0.5981833556750316, "recall_macro": 0.4662134740259741, "recall_weighted": 0.7264150943396226, "accuracy": 0.7264150943396226, "class_scores": {"Chechens": 0.68, "Kabardians, Circassians, Adyghes": 0.8387096774193549, "Karachays, Balkars": 0.8823529411764706, "Ingush": 0.0, "Dagestan peoples": 0.8837209302325582, "Ossetians": 0.0, "Kumyks": 0.0, "Nogais": 0.0}, "skipped_nodes": 12, "memory_allocated_MB": 18.5068359375, "memory_reserved_MB": 44.0, "model_name": "GL_GCNConv_9l_128h_w"}