{"f1_macro": 0.4495346479208619, "f1_weighted": 0.5126296184442821, "precision_macro": 0.49610616721201917, "precision_weighted": 0.519414559421444, "recall_macro": 0.4512259063664229, "recall_weighted": 0.5405405405405406, "accuracy": 0.5405405405405406, "class_scores": {"Southern Russians": 0.5672082717872969, "Ukranians": 0.2890625, "Northen Russians": 0.6730506155950753, "Belarusians": 0.26881720430107525}, "skipped_nodes": 0, "memory_allocated_MB": 38.49853515625, "memory_reserved_MB": 358.0, "model_name": "GL_TAGConv_3l_512h_w_k3"}