{"f1_macro": 0.5870593006161475, "f1_weighted": 0.686330004582148, "accuracy": 0.6226993865030674, "class_scores": {"P0": 0.85, "P1": 0.7091412742382271, "P2": 0.6335403726708074, "P3": 0.15555555555555556}, "skipped_nodes": 0, "model_name": "MaxIbdSumPerClassSize"}