{"f1_macro": 0.5272670204093876, "f1_weighted": 0.5988089842695233, "precision_macro": 0.6266328873832816, "precision_weighted": 0.6316268323377797, "recall_macro": 0.5296450925303999, "recall_weighted": 0.64, "accuracy": 0.64, "class_scores": {"Southern Russians": 0.6898470097357441, "Ukranians": 0.27053140096618356, "Northen Russians": 0.7612551159618008, "Belarusians": 0.387434554973822}, "skipped_nodes": 0, "model_name": "MaxIbdSum"}