{"f1_macro": 0.41472517333640635, "f1_weighted": 0.6049438161147773, "accuracy": 0.6551724137931034, "class_scores": {"Chechens": 0.6792452830188679, "Kabardians, Circassians, Adyghes": 0.7272727272727273, "Karachays, Balkars": 0.7407407407407407, "Ingush": 0.0, "Dagestan peoples": 0.8372093023255814, "Ossetians": 0.3333333333333333, "Kumyks": 0.0, "Nogais": 0.0}, "skipped_nodes": 2, "model_name": "GL_GATConv_9l_128h"}