{"f1_macro": 0.47390498047094065, "f1_weighted": 0.5309693437563108, "precision_macro": 0.47359544489480787, "precision_weighted": 0.5350972554977698, "recall_macro": 0.4758765484712234, "recall_weighted": 0.5286697247706422, "accuracy": 0.5286697247706422, "class_scores": {"Ukranians": 0.3050847457627119, "Southern Russians": 0.5557461406518011, "Northen Russians": 0.678513731825525, "Belarusians": 0.3562753036437247}, "skipped_nodes": 33, "memory_allocated_MB": 27.11328125, "memory_reserved_MB": 106.0, "model_name": "GL_SAGEConv_3l_512h"}