{"f1_macro": 0.929900931409354, "f1_weighted": 0.9543153025431822, "accuracy": 0.9541666666666667, "class_scores": {"English": 0.9769484083424808, "Germans": 0.919831223628692, "French": 0.920863309352518, "Belgium": 0.9019607843137255}, "skipped_nodes": 49, "model_name": "MaxIbdSumPerClassSize"}