{"f1_macro": 0.8740387717724721, "f1_weighted": 0.9360929649258769, "accuracy": 0.938610662358643, "class_scores": {"English": 0.9718785151856018, "Germans": 0.8502994011976048, "French": 0.7536231884057971, "Belgium": 0.9203539823008849}, "skipped_nodes": 150, "model_name": "GL_SAGEConv_3l_512h"}