{"f1_macro": 0.8053266052594984, "f1_weighted": 0.8909042304827544, "precision_macro": 0.8180951613835608, "precision_weighted": 0.90462232357796, "recall_macro": 0.8154306617963005, "recall_weighted": 0.8890489913544669, "accuracy": 0.8890489913544669, "class_scores": {"English": 0.9627192982456141, "Germans": 0.7553191489361702, "French": 0.6143790849673203, "Belgium": 0.8888888888888888}, "skipped_nodes": 75, "memory_allocated_MB": 37.4140625, "memory_reserved_MB": 170.0, "model_name": "GL_TAGConv_3l_512h_w_k3_gnorm"}