{"f1_macro": 0.9423076923076923, "f1_weighted": 0.9882491741387446, "precision_macro": 0.9279119318181819, "precision_weighted": 0.9893073759063024, "recall_macro": 0.9608585858585859, "recall_weighted": 0.9877300613496932, "accuracy": 0.9877300613496932, "class_scores": {"Udmurts,Besermyan": 1.0, "Tatars,Volga-Tatars,Mishar-Tatars,Kryashens": 1.0, "Chuvash": 0.9692307692307692, "Mari": 0.8}, "skipped_nodes": 0, "memory_allocated_MB": 114.8232421875, "memory_reserved_MB": 2954.0, "f1_macro_score_only_mask_connect": NaN, "f1_macro_score_only_not_mask_connect": NaN, "f1_macro_score_mixed_connect": 0.9423076923076923, "only_mask_connect_sum": 0.0, "only_not_mask_connect_sum": 0.0, "mixed_connect_sum": 326.0, "model_name": "GL_GATConv_3l_512h"}