{"f1_macro": 0.889918118277059, "f1_weighted": 0.8695039966590282, "precision_macro": 0.8836580086580087, "precision_weighted": 0.8957307060755336, "recall_macro": 0.9162068965517242, "recall_weighted": 0.8706896551724138, "accuracy": 0.8706896551724138, "class_scores": {"Chechens": 0.9, "Kabardians, Circassians, Adyghes": 0.8163265306122449, "Karachays, Balkars": 0.8947368421052632, "Ingush": 0.8333333333333334, "Dagestan peoples": 0.9130434782608695, "Ossetians": 0.7619047619047619, "Kumyks": 1.0, "Nogais": 1.0}, "skipped_nodes": 2, "model_name": "MaxEdgeCountPerClassSize"}