{"f1_macro": 0.47027839565820906, "f1_weighted": 0.5412597677301212, "precision_macro": 0.47309303397886077, "precision_weighted": 0.5377876455886035, "recall_macro": 0.4700985250740893, "recall_weighted": 0.5481099656357389, "accuracy": 0.5481099656357389, "class_scores": {"Northen Russians": 0.6960167714884696, "Ukranians": 0.2361111111111111, "Belarusians": 0.4129032258064516, "Southern Russians": 0.5360824742268041}, "skipped_nodes": 156, "memory_allocated_MB": 16.94873046875, "memory_reserved_MB": 34.0, "model_name": "GL_GCNConv_3l_128h_w"}