{"f1_macro": 0.43419519537786516, "f1_weighted": 0.5005002375243176, "precision_macro": 0.43384899840444135, "precision_weighted": 0.5058158376825455, "recall_macro": 0.4357591997706555, "recall_weighted": 0.4962871287128713, "accuracy": 0.4962871287128713, "class_scores": {"Ukranians": 0.2693877551020408, "Southern Russians": 0.5441441441441441, "Northen Russians": 0.6363636363636364, "Belarusians": 0.28688524590163933}, "skipped_nodes": 75, "memory_allocated_MB": 37.42529296875, "memory_reserved_MB": 210.0, "model_name": "GL_TAGConv_3l_512h_nw_k3_gnorm_gelu"}