{"f1_macro": 0.49194352159468435, "f1_weighted": 0.6289140365448506, "precision_macro": 0.5350588969426462, "precision_weighted": 0.7627693839644158, "recall_macro": 0.5155826900821339, "recall_weighted": 0.578125, "accuracy": 0.578125, "class_scores": {"Udmurts,Besermyan": 0.7, "Tatars,Volga-Tatars,Mishar-Tatars,Kryashens": 0.7142857142857143, "Chuvash": 0.45348837209302323, "Mari": 0.1}, "skipped_nodes": 70, "memory_allocated_MB": 37.8447265625, "memory_reserved_MB": 286.0, "f1_macro_score_only_mask_connect": NaN, "f1_macro_score_only_not_mask_connect": 0.49194352159468435, "f1_macro_score_mixed_connect": NaN, "only_mask_connect_sum": 0.0, "only_not_mask_connect_sum": 256.0, "mixed_connect_sum": 0.0, "model_name": "GL_TAGConv_3l_512h_w_k3_gnorm"}