{"f1_macro": 0.13026436430317848, "f1_weighted": 0.17844824598123463, "precision_macro": 0.21043263964950712, "precision_weighted": 0.2893166798252791, "recall_macro": 0.24998992179311458, "recall_weighted": 0.34242093784078514, "accuracy": 0.34242093784078514, "class_scores": {"Ukranians": 0.0, "Southern Russians": 0.508557457212714, "Northen Russians": 0.0125, "Belarusians": 0.0}, "skipped_nodes": 6, "memory_allocated_MB": 36.57421875, "memory_reserved_MB": 850.0, "model_name": "GL_GATConv_9l_128h"}