{"f1_macro": 0.9626568100358422, "f1_weighted": 0.9905130615475954, "precision_macro": 0.9891304347826086, "precision_weighted": 0.9911976527073886, "recall_macro": 0.9433714830710539, "recall_weighted": 0.99079754601227, "accuracy": 0.99079754601227, "class_scores": {"Udmurts,Besermyan": 1.0, "Tatars,Volga-Tatars,Mishar-Tatars,Kryashens": 0.9978494623655914, "Chuvash": 0.9777777777777777, "Mari": 0.875}, "skipped_nodes": 0, "memory_allocated_MB": 53.5244140625, "memory_reserved_MB": 140.0, "f1_macro_score_only_mask_connect": -100.0, "f1_macro_score_only_not_mask_connect": -100.0, "f1_macro_score_mixed_connect": -100.0, "only_mask_connect_sum": -100.0, "only_not_mask_connect_sum": -100.0, "mixed_connect_sum": -100.0, "model_name": "GL_MLP_3l_512h"}