{"f1_macro": 0.42943368710317437, "f1_weighted": 0.4795940082719574, "precision_macro": 0.43014687721363026, "precision_weighted": 0.4923593608001789, "recall_macro": 0.4337367023915214, "recall_weighted": 0.4710648148148148, "accuracy": 0.4710648148148148, "class_scores": {"Ukranians": 0.3127035830618892, "Southern Russians": 0.4910394265232975, "Northen Russians": 0.6125211505922166, "Belarusians": 0.3014705882352941}, "skipped_nodes": 41, "memory_allocated_MB": 37.4814453125, "memory_reserved_MB": 210.0, "model_name": "GL_TAGConv_3l_512h_w_k3_gnorm"}