{"f1_macro": 0.6113472168563701, "f1_weighted": 0.7627437170000099, "precision_macro": 0.6105665032814533, "precision_weighted": 0.7675634175366651, "recall_macro": 0.621961861667744, "recall_weighted": 0.7735849056603774, "accuracy": 0.7735849056603774, "class_scores": {"Chechens": 0.8333333333333334, "Kabardians, Circassians, Adyghes": 0.7391304347826086, "Karachays, Balkars": 0.9090909090909091, "Ingush": 0.9523809523809523, "Dagestan peoples": 0.72, "Ossetians": 0.7368421052631579, "Kumyks": 0.0, "Nogais": 0.0}, "skipped_nodes": 12, "memory_allocated_MB": 52.29833984375, "memory_reserved_MB": 112.0, "f1_macro_score_only_mask_connect": 0.14583333333333334, "f1_macro_score_only_not_mask_connect": 0.39030969030969037, "f1_macro_score_mixed_connect": 0.6724266278771285, "only_mask_connect_sum": 17.0, "only_not_mask_connect_sum": 19.0, "mixed_connect_sum": 70.0, "model_name": "GL_MLP_9l_512h"}