{"f1_macro": 0.944405612844151, "f1_weighted": 0.9526384318323958, "precision_macro": 0.9685846560846562, "precision_weighted": 0.9564558299955497, "recall_macro": 0.9266666666666667, "recall_weighted": 0.9532710280373832, "accuracy": 0.9532710280373832, "class_scores": {"Swedes": 0.9659863945578231, "Norwegians": 0.958139534883721, "Danes": 0.9090909090909091}, "skipped_nodes": 1, "memory_allocated_MB": 17.3505859375, "memory_reserved_MB": 50.0, "model_name": "GL_SAGEConv_3l_128h"}