{"f1_macro": 0.9350877192982456, "f1_weighted": 0.9653021442495126, "accuracy": 0.9658119658119658, "class_scores": {"P0": 1.0, "P1": 0.9333333333333333, "P2": 1.0, "P3": 1.0, "P4": 1.0, "P5": 0.9473684210526315, "P6": 0.8, "P7": 0.8}, "skipped_nodes": 1, "model_name": "GL_TAGConv_3l_512h_w_k3_gnorm"}