{"f1_macro": 0.5597704991087344, "f1_weighted": 0.7152488242343675, "accuracy": 0.6991525423728814, "class_scores": {"P0": 0.7777777777777778, "P1": 0.7908496732026143, "P2": 0.5454545454545454, "P3": 0.125}, "skipped_nodes": 41, "model_name": "MaxIbdSum"}