{"f1_macro": 0.7785174716565695, "f1_weighted": 0.9182463000231106, "precision_macro": 0.8287202380952381, "precision_weighted": 0.9193086883876357, "recall_macro": 0.7730459770114942, "recall_weighted": 0.9298245614035088, "accuracy": 0.9298245614035088, "class_scores": {"Chechens": 0.9230769230769231, "Kabardians, Circassians, Adyghes": 0.9473684210526315, "Karachays, Balkars": 0.918918918918919, "Ingush": 1.0, "Dagestan peoples": 0.9387755102040817, "Ossetians": 1.0, "Kumyks": 0.0, "Nogais": 0.5}, "skipped_nodes": 4, "memory_allocated_MB": 20.4052734375, "memory_reserved_MB": 28.0, "model_name": "GL_GCNConv_3l_512h_w"}