{"f1_macro": 0.845420045596752, "f1_weighted": 0.9140431555396936, "accuracy": 0.9165467625899281, "class_scores": {"English": 0.9721030042918455, "Germans": 0.7839195979899497, "French": 0.6991869918699187, "Belgium": 0.9264705882352942}, "skipped_nodes": 74, "model_name": "GL_GINConv_3l_512h"}