{"f1_macro": 0.8691924574222829, "f1_weighted": 0.9279847967323329, "precision_macro": 0.9305866106507955, "precision_weighted": 0.9353804492407941, "recall_macro": 0.842065853141697, "recall_weighted": 0.9323741007194245, "accuracy": 0.9323741007194245, "class_scores": {"English": 0.9721030042918455, "Germans": 0.8535564853556485, "French": 0.7045454545454546, "Belgium": 0.9465648854961832}, "skipped_nodes": 74, "memory_allocated_MB": 41.421875, "memory_reserved_MB": 148.0, "model_name": "GL_GINConv_3l_512h"}