{"f1_macro": 0.5636697239164024, "f1_weighted": 0.564305028133265, "precision_macro": 0.5648767984076041, "precision_weighted": 0.5653409279078633, "recall_macro": 0.5630405407807293, "recall_weighted": 0.5638528138528138, "accuracy": 0.5638528138528138, "class_scores": {"P0": 0.4910891089108911, "P1": 0.4805491990846682, "P2": 0.7408993576017131, "P3": 0.5421412300683371}, "skipped_nodes": 0, "memory_allocated_MB": 38.97900390625, "memory_reserved_MB": 482.0, "model_name": "GL_TAGConv_3l_512h_w_k3_gnorm"}