{"f1_macro": 0.7221713808080158, "f1_weighted": 0.8575021745247012, "precision_macro": 0.7035249110490321, "precision_weighted": 0.9173354310931295, "recall_macro": 0.8184473490267481, "recall_weighted": 0.8251533742331288, "accuracy": 0.8251533742331288, "class_scores": {"Udmurts,Besermyan": 0.972972972972973, "Tatars,Volga-Tatars,Mishar-Tatars,Kryashens": 0.883054892601432, "Chuvash": 0.8243243243243243, "Mari": 0.20833333333333334}, "skipped_nodes": 0, "memory_allocated_MB": 38.54248046875, "memory_reserved_MB": 2624.0, "model_name": "GL_GATConv_9l_128h"}