{"f1_macro": 0.9383881047218001, "f1_weighted": 0.9581642850715216, "precision_macro": 0.9540530814215026, "precision_weighted": 0.9599463886269942, "recall_macro": 0.927621896416133, "recall_weighted": 0.958904109589041, "accuracy": 0.958904109589041, "class_scores": {"English": 0.9796791443850268, "Germans": 0.9105691056910569, "French": 0.9253731343283582, "Belgium": 0.9379310344827586}, "skipped_nodes": 39, "memory_allocated_MB": 19.28369140625, "memory_reserved_MB": 68.0, "model_name": "GL_MLP_9l_128h"}