{"f1_macro": 0.5700318504594821, "f1_weighted": 0.7487993912173172, "precision_macro": 0.5762926003734827, "precision_weighted": 0.7589071932403324, "recall_macro": 0.5721527777777777, "recall_weighted": 0.7524752475247525, "accuracy": 0.7524752475247525, "class_scores": {"Chechens": 0.7428571428571429, "Kabardians, Circassians, Adyghes": 0.7555555555555555, "Karachays, Balkars": 0.875, "Ingush": 0.7, "Dagestan peoples": 0.75, "Ossetians": 0.7368421052631579, "Kumyks": 0.0, "Nogais": 0.0}, "skipped_nodes": 17, "memory_allocated_MB": 18.6552734375, "memory_reserved_MB": 70.0, "model_name": "GL_MLP_9l_128h"}