{"f1_macro": 0.5569935841960937, "f1_weighted": 0.6071681980221029, "precision_macro": 0.6069582953663393, "precision_weighted": 0.6174761168847859, "recall_macro": 0.5459303872455574, "recall_weighted": 0.6252821670428894, "accuracy": 0.6252821670428894, "class_scores": {"Ukranians": 0.3577981651376147, "Southern Russians": 0.6470588235294118, "Northen Russians": 0.7327327327327328, "Belarusians": 0.49038461538461536}, "skipped_nodes": 29, "memory_allocated_MB": 36.6279296875, "memory_reserved_MB": 176.0, "model_name": "GL_TAGConv_3l_512h_w_k3"}