{"f1_macro": 0.9359604020128063, "f1_weighted": 0.952314475311683, "precision_macro": 0.9504324479422857, "precision_weighted": 0.9530878584747022, "recall_macro": 0.9248118020933555, "recall_weighted": 0.9534883720930233, "accuracy": 0.9534883720930233, "class_scores": {"Swedes": 0.9668874172185431, "Norwegians": 0.9714285714285714, "Danes": 0.8695652173913043}, "skipped_nodes": 0, "memory_allocated_MB": 17.15283203125, "memory_reserved_MB": 22.0, "model_name": "GL_SAGEConv_3l_128h"}