{"f1_macro": 0.4750978851172444, "f1_weighted": 0.5303702045742846, "precision_macro": 0.47390352365304744, "precision_weighted": 0.5313582160316977, "recall_macro": 0.4798643244904683, "recall_weighted": 0.5330347144456887, "accuracy": 0.5330347144456887, "class_scores": {"Ukranians": 0.2899628252788104, "Southern Russians": 0.5423728813559322, "Northen Russians": 0.6912442396313364, "Belarusians": 0.37681159420289856}, "skipped_nodes": 22, "memory_allocated_MB": 22.07568359375, "memory_reserved_MB": 304.0, "model_name": "GL_GATConv_3l_128h"}