{"f1_macro": 0.8668405696231081, "f1_weighted": 0.931048095160831, "precision_macro": 0.8811731212783944, "precision_weighted": 0.9333139164089858, "recall_macro": 0.8595949853857191, "recall_weighted": 0.9323671497584541, "accuracy": 0.9323671497584541, "class_scores": {"English": 0.9716231555051078, "Germans": 0.8201438848920863, "French": 0.7708333333333334, "Belgium": 0.9047619047619048}, "skipped_nodes": 148, "memory_allocated_MB": 16.87841796875, "memory_reserved_MB": 70.0, "model_name": "GL_GCNConv_3l_128h_w"}