{"f1_macro": 0.8759435504055408, "f1_weighted": 0.9378369077461102, "precision_macro": 0.919860187597917, "precision_weighted": 0.9408615953496258, "recall_macro": 0.8498921444984704, "recall_weighted": 0.9404186795491143, "accuracy": 0.9404186795491143, "class_scores": {"English": 0.9751131221719457, "Germans": 0.8535031847133758, "French": 0.7631578947368421, "Belgium": 0.912}, "skipped_nodes": 148, "memory_allocated_MB": 16.79736328125, "memory_reserved_MB": 46.0, "model_name": "GL_GCNConv_3l_128h_w"}