{"f1_macro": 0.8569721982918516, "f1_weighted": 0.9281169449974084, "accuracy": 0.9323671497584541, "class_scores": {"English": 0.9697648376259799, "Germans": 0.8441558441558441, "French": 0.7123287671232876, "Belgium": 0.9016393442622951}, "skipped_nodes": 148, "model_name": "GL_GCNConv_3l_128h_w"}