{"f1_macro": 0.5896681365858897, "f1_weighted": 0.7850665493276899, "accuracy": 0.8155619596541787, "class_scores": {"English": 0.9296636085626911, "Germans": 0.5933014354066986, "French": 0.04938271604938271, "Belgium": 0.7863247863247863}, "skipped_nodes": 75, "model_name": "GL_GINConv_9l_128h"}