{"f1_macro": 0.9573416118200611, "f1_weighted": 0.9770737512583144, "precision_macro": 0.9525402333366699, "precision_weighted": 0.9781272387949318, "recall_macro": 0.9639127496544377, "recall_weighted": 0.9768707482993197, "accuracy": 0.9768707482993197, "class_scores": {"P0": 0.9978213507625272, "P1": 0.9407114624505929, "P2": 0.9202453987730062, "P3": 0.9705882352941176}, "skipped_nodes": 27, "memory_allocated_MB": 22.06494140625, "memory_reserved_MB": 68.0, "model_name": "GL_MLP_3l_512h"}