{"f1_macro": 0.8098182335850497, "f1_weighted": 0.9163221232260269, "accuracy": 0.9141104294478528, "class_scores": {"Udmurts,Besermyan": 0.9444444444444444, "Tatars,Volga-Tatars,Mishar-Tatars,Kryashens": 0.9506726457399103, "Chuvash": 0.8441558441558441, "Mari": 0.5}, "skipped_nodes": 0, "model_name": "LongestIbd"}