{"f1_macro": 0.4702385991157393, "f1_weighted": 0.5103009161001413, "precision_macro": 0.47170936383111867, "precision_weighted": 0.5124639072862591, "recall_macro": 0.47211113172613073, "recall_weighted": 0.511137162954279, "accuracy": 0.511137162954279, "class_scores": {"Ukranians": 0.35714285714285715, "Southern Russians": 0.4938704028021016, "Northen Russians": 0.6370839936608558, "Belarusians": 0.39285714285714285}, "skipped_nodes": 52, "memory_allocated_MB": 22.185546875, "memory_reserved_MB": 80.0, "model_name": "GL_GINConv_9l_128h"}