{"f1_macro": 0.8703304048892284, "f1_weighted": 0.9103109899843931, "accuracy": 0.9049079754601227, "class_scores": {"Udmurts,Besermyan": 0.9714285714285714, "Tatars,Volga-Tatars,Mishar-Tatars,Kryashens": 0.9363636363636364, "Chuvash": 0.8235294117647058, "Mari": 0.75}, "skipped_nodes": 0, "model_name": "LongestIbd"}