{"f1_macro": 0.44263883039506025, "f1_weighted": 0.49414877413280767, "precision_macro": 0.44977346607372315, "precision_weighted": 0.488511048694366, "recall_macro": 0.44428795158893863, "recall_weighted": 0.5070270270270271, "accuracy": 0.5070270270270271, "class_scores": {"Southern Russians": 0.5213414634146342, "Ukranians": 0.24806201550387597, "Northen Russians": 0.6509572901325479, "Belarusians": 0.35019455252918286}, "skipped_nodes": 0, "memory_allocated_MB": 18.57373046875, "memory_reserved_MB": 82.0, "model_name": "GL_TAGConv_3l_128h_w_k3"}