{"f1_macro": 0.6863891023947349, "f1_weighted": 0.9222178781994312, "precision_macro": 0.7003408417308833, "precision_weighted": 0.9106477588801241, "recall_macro": 0.6772212786792439, "recall_weighted": 0.9353846153846154, "accuracy": 0.9353846153846154, "class_scores": {"P0": 0.9032258064516129, "P1": 0.9746835443037974, "P2": 0.8676470588235294, "P3": 0.0}, "skipped_nodes": 1, "model_name": "MaxIbdSum"}