{"f1_macro": 0.6754522781999561, "f1_weighted": 0.7873075165318932, "precision_macro": 0.6907715106244517, "precision_weighted": 0.8091335240458049, "recall_macro": 0.6749894957983193, "recall_weighted": 0.7807017543859649, "accuracy": 0.7807017543859649, "class_scores": {"Chechens": 0.6666666666666666, "Kabardians, Circassians, Adyghes": 0.9090909090909091, "Karachays, Balkars": 0.8823529411764706, "Ingush": 0.6666666666666666, "Dagestan peoples": 0.8636363636363636, "Ossetians": 0.5263157894736842, "Kumyks": 0.0, "Nogais": 0.8888888888888888}, "skipped_nodes": 4, "memory_allocated_MB": 37.13916015625, "memory_reserved_MB": 256.0, "f1_macro_score_only_mask_connect": 0.40277777777777773, "f1_macro_score_only_not_mask_connect": 0.5, "f1_macro_score_mixed_connect": 0.7213764897736672, "only_mask_connect_sum": 25.0, "only_not_mask_connect_sum": 4.0, "mixed_connect_sum": 85.0, "model_name": "GL_GATConv_9l_128h"}