{"f1_macro": 0.7248389402994666, "f1_weighted": 0.8106880167129475, "precision_macro": 0.7360310079640575, "precision_weighted": 0.8597428899463009, "recall_macro": 0.8040167906242957, "recall_weighted": 0.7894736842105263, "accuracy": 0.7894736842105263, "class_scores": {"Chechens": 0.7222222222222222, "Kabardians, Circassians, Adyghes": 0.8928571428571429, "Karachays, Balkars": 0.8888888888888888, "Ingush": 0.7777777777777778, "Dagestan peoples": 0.7619047619047619, "Ossetians": 0.9473684210526315, "Kumyks": 0.3076923076923077, "Nogais": 0.5}, "skipped_nodes": 4, "memory_allocated_MB": 37.14208984375, "memory_reserved_MB": 278.0, "model_name": "GL_GATConv_9l_128h"}