{"f1_macro": 0.9596214818482626, "f1_weighted": 0.9668054730114322, "precision_macro": 0.977037037037037, "precision_weighted": 0.9685877466251298, "recall_macro": 0.9460230133045667, "recall_weighted": 0.9672897196261683, "accuracy": 0.9672897196261683, "class_scores": {"Swedes": 0.9866666666666667, "Norwegians": 0.966824644549763, "Danes": 0.9253731343283582}, "skipped_nodes": 1, "memory_allocated_MB": 16.84033203125, "memory_reserved_MB": 58.0, "model_name": "GL_GCNConv_3l_128h_w"}