{"f1_macro": 0.6576544027317921, "f1_weighted": 0.6576544027317922, "precision_macro": 0.6611399457560503, "precision_weighted": 0.6611399457560503, "recall_macro": 0.6699134199134199, "recall_weighted": 0.6699134199134199, "accuracy": 0.6699134199134199, "class_scores": {"P0": 0.6610169491525424, "P1": 0.4804177545691906, "P2": 0.8085106382978723, "P3": 0.680672268907563}, "skipped_nodes": 0, "model_name": "MaxIbdSum"}