{"f1_macro": 0.529953679272998, "f1_weighted": 0.6831520511801105, "accuracy": 0.7230169050715215, "class_scores": {"P0": 0.8279883381924198, "P1": 0.6402640264026402, "P2": 0.18691588785046728, "P3": 0.46464646464646464}, "skipped_nodes": 0, "model_name": "GL_TAGConv_3l_512h_w_k3"}