{"f1_macro": 0.6992194519317161, "f1_weighted": 0.8487241958940073, "precision_macro": 0.7591673677199993, "precision_weighted": 0.8655389181704971, "recall_macro": 0.7152777777777778, "recall_weighted": 0.8648648648648649, "accuracy": 0.8648648648648649, "class_scores": {"Chechens": 0.9142857142857143, "Kabardians, Circassians, Adyghes": 0.9056603773584906, "Karachays, Balkars": 0.9444444444444444, "Ingush": 0.8571428571428571, "Dagestan peoples": 0.8888888888888888, "Ossetians": 0.75, "Kumyks": 0.0, "Nogais": 0.3333333333333333}, "skipped_nodes": 7, "memory_allocated_MB": 20.52978515625, "memory_reserved_MB": 178.0, "f1_macro_score_only_mask_connect": 0.41609977324263037, "f1_macro_score_only_not_mask_connect": 0.6666666666666666, "f1_macro_score_mixed_connect": 0.6816639901317321, "only_mask_connect_sum": 22.0, "only_not_mask_connect_sum": 6.0, "mixed_connect_sum": 83.0, "model_name": "GL_GCNConv_9l_128h_w"}