{"f1_macro": 0.7418676561533705, "f1_weighted": 0.9309172860443675, "precision_macro": 0.946250471723543, "precision_weighted": 0.9475248281206435, "recall_macro": 0.7237395413361079, "recall_weighted": 0.9386503067484663, "accuracy": 0.9386503067484663, "class_scores": {"P0": 0.9090909090909091, "P1": 0.974025974025974, "P2": 0.8843537414965986, "P3": 0.2}, "skipped_nodes": 0, "model_name": "MaxIbdSum"}