{"f1_macro": 0.7653317158197465, "f1_weighted": 0.8444871964321833, "precision_macro": 0.7338224014998722, "precision_weighted": 0.8874529481853628, "recall_macro": 0.8270960679758963, "recall_weighted": 0.8343558282208589, "accuracy": 0.8343558282208589, "class_scores": {"P0": 0.9230769230769231, "P1": 0.8836104513064132, "P2": 0.7283236994219653, "P3": 0.5263157894736842}, "skipped_nodes": 0, "model_name": "LongestIbd"}