{"f1_macro": 0.5244146221568433, "f1_weighted": 0.6260105888978843, "precision_macro": 0.5250614737017587, "precision_weighted": 0.7991436523727206, "recall_macro": 0.6934446769485133, "recall_weighted": 0.5869565217391305, "accuracy": 0.5869565217391305, "class_scores": {"P0": 0.6486486486486487, "P1": 0.672316384180791, "P2": 0.5074626865671642, "P3": 0.2692307692307692}, "skipped_nodes": 3, "model_name": "MaxEdgeCountPerClassSize"}