{"f1_macro": 0.677365362519518, "f1_weighted": 0.7534622505900815, "precision_macro": 0.6617647058823529, "precision_weighted": 0.8969943805743156, "recall_macro": 0.9002145922746781, "recall_weighted": 0.7147239263803681, "accuracy": 0.7147239263803681, "class_scores": {"Udmurts,Besermyan": 0.9230769230769231, "Tatars,Volga-Tatars,Mishar-Tatars,Kryashens": 0.7506702412868632, "Chuvash": 0.7857142857142857, "Mari": 0.25}, "skipped_nodes": 0, "model_name": "MaxEdgeCountPerClassSize"}