{"f1_macro": 0.6979146346133379, "f1_weighted": 0.7822039009749746, "precision_macro": 0.6848874327956989, "precision_weighted": 0.9097995621413022, "recall_macro": 0.9060833658473144, "recall_weighted": 0.7392638036809815, "accuracy": 0.7392638036809815, "class_scores": {"P0": 0.9473684210526315, "P1": 0.7801047120418848, "P2": 0.8176100628930818, "P3": 0.2465753424657534}, "skipped_nodes": 0, "model_name": "MaxIbdSumPerClassSize"}