{"f1_macro": 0.747534376481745, "f1_weighted": 0.9269966926717499, "precision_macro": 0.9456639566395664, "precision_weighted": 0.9440640307024188, "recall_macro": 0.7346230158730159, "recall_weighted": 0.9347826086956522, "accuracy": 0.9347826086956522, "class_scores": {"Udmurts,Besermyan": 0.9333333333333333, "Tatars,Volga-Tatars,Mishar-Tatars,Kryashens": 0.9649122807017544, "Chuvash": 0.8918918918918919, "Mari": 0.2}, "skipped_nodes": 4, "model_name": "MaxSegmentCount"}