{"f1_macro": 0.45869762556498184, "f1_weighted": 0.4996153276400426, "accuracy": 0.5243055555555556, "class_scores": {"krasnodar": 0.5875706214689266, "vologda-yaroslavl": 0.5409252669039146, "ryazan": 0.5671641791044776, "kaluga": 0.1391304347826087}, "skipped_nodes": 0, "model_name": "GL_TAGConv_3l_512h_w_k3_gnorm"}