{"f1_macro": 0.8272247225909526, "f1_weighted": 0.9503456511635053, "precision_macro": 0.8922008547008546, "precision_weighted": 0.9514590215510461, "recall_macro": 0.8027160012138553, "recall_weighted": 0.9539877300613497, "accuracy": 0.9539877300613497, "class_scores": {"Udmurts,Besermyan": 0.9444444444444444, "Tatars,Volga-Tatars,Mishar-Tatars,Kryashens": 0.9764453961456103, "Chuvash": 0.9264705882352942, "Mari": 0.46153846153846156}, "skipped_nodes": 0, "memory_allocated_MB": 39.37060546875, "memory_reserved_MB": 72.0, "f1_macro_score_only_mask_connect": NaN, "f1_macro_score_only_not_mask_connect": 0.8272247225909526, "f1_macro_score_mixed_connect": NaN, "only_mask_connect_sum": 0.0, "only_not_mask_connect_sum": 326.0, "mixed_connect_sum": 0.0, "model_name": "GL_TAGConv_3l_512h_w_k3_gnorm"}