{"f1_macro": 0.6240023931034293, "f1_weighted": 0.6301802422456717, "precision_macro": 0.6279752989797699, "precision_weighted": 0.6357903331065821, "recall_macro": 0.6384138802006535, "recall_weighted": 0.6417748917748918, "accuracy": 0.6417748917748918, "class_scores": {"P0": 0.6292134831460674, "P1": 0.449438202247191, "P2": 0.7926605504587156, "P3": 0.6246973365617433}, "skipped_nodes": 0, "model_name": "MaxIbdSumPerClassSize"}