{"f1_macro": 0.8314807004562831, "f1_weighted": 0.9456535940146787, "precision_macro": 0.8720874846187432, "precision_weighted": 0.9461550693675501, "recall_macro": 0.7981694628690337, "recall_weighted": 0.9478527607361963, "accuracy": 0.9478527607361963, "class_scores": {"P0": 0.9411764705882353, "P1": 0.9727463312368972, "P2": 0.912, "P3": 0.5}, "skipped_nodes": 0, "memory_allocated_MB": 40.0302734375, "memory_reserved_MB": 144.0, "model_name": "GL_TAGConv_3l_512h_w_k3_gnorm"}