{"f1_macro": 0.6072067238912733, "f1_weighted": 0.7505901287553648, "accuracy": 0.827906976744186, "class_scores": {"P0": 0.9375, "P1": 0.8841201716738197, "P2": 0.0}, "skipped_nodes": 0, "model_name": "GL_GATConv_3l_512h"}