{"f1_macro": 0.3784848484848485, "f1_weighted": 0.6423759063022867, "precision_macro": 0.4337539432176656, "precision_weighted": 0.5805480830640011, "recall_macro": 0.375, "recall_weighted": 0.7423312883435583, "accuracy": 0.7423312883435583, "class_scores": {"Udmurts,Besermyan": 0.6666666666666666, "Tatars,Volga-Tatars,Mishar-Tatars,Kryashens": 0.8472727272727273, "Chuvash": 0.0, "Mari": 0.0}, "skipped_nodes": 0, "memory_allocated_MB": 64.29931640625, "memory_reserved_MB": 2292.0, "f1_macro_score_only_mask_connect": NaN, "f1_macro_score_only_not_mask_connect": NaN, "f1_macro_score_mixed_connect": 0.3784848484848485, "only_mask_connect_sum": 0.0, "only_not_mask_connect_sum": 0.0, "mixed_connect_sum": 326.0, "model_name": "GL_GATConv_3l_128h"}