{"f1_macro": 0.6102110178717278, "f1_weighted": 0.6442036278363101, "precision_macro": 0.6064463371873964, "precision_weighted": 0.6564857701056157, "recall_macro": 0.6235861631426781, "recall_weighted": 0.64, "accuracy": 0.64, "class_scores": {"Southern Russians": 0.6505190311418685, "Ukranians": 0.48338368580060426, "Northen Russians": 0.759170653907496, "Belarusians": 0.5477707006369427}, "skipped_nodes": 0, "memory_allocated_MB": 39.09375, "memory_reserved_MB": 478.0, "model_name": "GL_TAGConv_3l_512h_nw_k3_gnorm_leaky_relu"}