{"f1_macro": 0.43663520828958946, "f1_weighted": 0.5151369082830991, "precision_macro": 0.5649884383654269, "precision_weighted": 0.5710645407285803, "recall_macro": 0.4484577401070585, "recall_weighted": 0.5616883116883117, "accuracy": 0.5616883116883117, "class_scores": {"Southern Russians": 0.593939393939394, "Ukranians": 0.18848167539267016, "Northen Russians": 0.7112462006079028, "Belarusians": 0.25287356321839083}, "skipped_nodes": 1, "memory_allocated_MB": 31.8466796875, "memory_reserved_MB": 186.0, "f1_macro_score_only_mask_connect": 0.21825396825396826, "f1_macro_score_only_not_mask_connect": 0.0, "f1_macro_score_mixed_connect": 0.4372383795132699, "only_mask_connect_sum": 15.0, "only_not_mask_connect_sum": 2.0, "mixed_connect_sum": 907.0, "model_name": "GL_SAGEConv_9l_128h"}