{"f1_macro": 0.42982302580312537, "f1_weighted": 0.4731378858346864, "precision_macro": 0.432986208837602, "precision_weighted": 0.4890677078267014, "recall_macro": 0.4391538977201638, "recall_weighted": 0.47020585048754066, "accuracy": 0.47020585048754066, "class_scores": {"Southern Russians": 0.4612546125461255, "Ukranians": 0.2978723404255319, "Northen Russians": 0.6341463414634146, "Belarusians": 0.32601880877742945}, "skipped_nodes": 2, "memory_allocated_MB": 37.73095703125, "memory_reserved_MB": 158.0, "model_name": "GL_TAGConv_3l_512h_w_k3_gnorm"}