{"f1_macro": 0.03498542274052478, "f1_weighted": 0.10001967482873955, "precision_macro": 0.05454545454545454, "precision_weighted": 0.15593976575571666, "recall_macro": 0.02575107296137339, "recall_weighted": 0.0736196319018405, "accuracy": 0.0736196319018405, "class_scores": {"P0": 0.0, "P1": 0.13994169096209913, "P2": 0.0, "P3": 0.0}, "skipped_nodes": 0, "model_name": "MaxSegmentCount"}