{"f1_macro": 0.46483955398298027, "f1_weighted": 0.5201441274012466, "precision_macro": 0.4637316651466788, "precision_weighted": 0.5229057307076427, "recall_macro": 0.46705422109231176, "recall_weighted": 0.5186046511627908, "accuracy": 0.5186046511627908, "class_scores": {"Ukranians": 0.26811594202898553, "Southern Russians": 0.5244755244755245, "Northen Russians": 0.6763285024154589, "Belarusians": 0.3904382470119522}, "skipped_nodes": 45, "memory_allocated_MB": 21.99658203125, "memory_reserved_MB": 234.0, "model_name": "GL_GATConv_3l_128h"}