{"f1_macro": 0.514221328722975, "f1_weighted": 0.5547633136232378, "precision_macro": 0.5179161701282488, "precision_weighted": 0.5791551250880258, "recall_macro": 0.524506365125463, "recall_weighted": 0.542795232936078, "accuracy": 0.542795232936078, "class_scores": {"Southern Russians": 0.5611015490533563, "Ukranians": 0.4032258064516129, "Northen Russians": 0.6861063464837049, "Belarusians": 0.4064516129032258}, "skipped_nodes": 2, "memory_allocated_MB": 18.93798828125, "memory_reserved_MB": 154.0, "model_name": "GL_GINConv_3l_128h"}