{"f1_macro": 0.9423015259317618, "f1_weighted": 0.9480737401295899, "precision_macro": 0.9327380952380953, "precision_weighted": 0.9513350340136055, "recall_macro": 0.9548044768069041, "recall_weighted": 0.9476190476190476, "accuracy": 0.9476190476190476, "class_scores": {"Swedes": 0.9419354838709677, "Norwegians": 0.9595959595959596, "Danes": 0.9253731343283582}, "skipped_nodes": 5, "memory_allocated_MB": 25.2890625, "memory_reserved_MB": 82.0, "model_name": "GL_TAGConv_9l_128h_w_k3"}