{"f1_macro": 0.6732418998527246, "f1_weighted": 0.9085693052757122, "precision_macro": 0.7061507936507937, "precision_weighted": 0.8982593241795696, "recall_macro": 0.648989898989899, "recall_weighted": 0.9233128834355828, "accuracy": 0.9233128834355828, "class_scores": {"P0": 0.875, "P1": 0.9608247422680413, "P2": 0.8571428571428571, "P3": 0.0}, "skipped_nodes": 0, "model_name": "MaxSegmentCount"}