{"f1_macro": 0.3096807358875905, "f1_weighted": 0.4959654967008808, "precision_macro": 0.3162615640483698, "precision_weighted": 0.48927193647103584, "recall_macro": 0.35114162457912457, "recall_weighted": 0.5754716981132075, "accuracy": 0.5754716981132075, "class_scores": {"Chechens": 0.6530612244897959, "Kabardians, Circassians, Adyghes": 0.6578947368421053, "Karachays, Balkars": 0.43478260869565216, "Ingush": 0.0, "Dagestan peoples": 0.7317073170731707, "Ossetians": 0.0, "Kumyks": 0.0, "Nogais": 0.0}, "skipped_nodes": 12, "memory_allocated_MB": 339.4716796875, "memory_reserved_MB": 720.0, "model_name": "GL_GATConv_9l_512h"}