{"f1_macro": 0.7302724104194692, "f1_weighted": 0.8831863051458866, "precision_macro": 0.7130041011619959, "precision_weighted": 0.912948852890732, "recall_macro": 0.7883285646161182, "recall_weighted": 0.8619631901840491, "accuracy": 0.8619631901840491, "class_scores": {"Udmurts,Besermyan": 0.972972972972973, "Tatars,Volga-Tatars,Mishar-Tatars,Kryashens": 0.9230769230769231, "Chuvash": 0.8088235294117647, "Mari": 0.21621621621621623}, "skipped_nodes": 0, "memory_allocated_MB": 37.28173828125, "memory_reserved_MB": 852.0, "model_name": "GL_GATConv_9l_128h"}