{"f1_macro": 0.8886362199168065, "f1_weighted": 0.9273029720317292, "precision_macro": 0.9066141373154986, "precision_weighted": 0.9323088437470599, "recall_macro": 0.8807857686369571, "recall_weighted": 0.9297520661157025, "accuracy": 0.9297520661157025, "class_scores": {"English": 0.9670563230605739, "Germans": 0.8495575221238938, "French": 0.8, "Belgium": 0.9379310344827586}, "skipped_nodes": 43, "memory_allocated_MB": 17.40576171875, "memory_reserved_MB": 68.0, "f1_macro_score_only_mask_connect": 0.8034853540971449, "f1_macro_score_only_not_mask_connect": 1.0, "f1_macro_score_mixed_connect": 0.9296998527728751, "only_mask_connect_sum": 191.0, "only_not_mask_connect_sum": 26.0, "mixed_connect_sum": 509.0, "model_name": "GL_GCNConv_3l_128h_w"}