{"f1_macro": 0.6849105937921727, "f1_weighted": 0.8280256585519744, "precision_macro": 0.7172619047619048, "precision_weighted": 0.8647186147186148, "recall_macro": 0.6912107234198026, "recall_weighted": 0.8272727272727273, "accuracy": 0.8272727272727273, "class_scores": {"Chechens": 0.8571428571428571, "Kabardians, Circassians, Adyghes": 0.8928571428571429, "Karachays, Balkars": 0.8421052631578947, "Ingush": 0.6666666666666666, "Dagestan peoples": 0.8205128205128205, "Ossetians": 1.0, "Kumyks": 0.4, "Nogais": 0.0}, "skipped_nodes": 8, "memory_allocated_MB": 157.72119140625, "memory_reserved_MB": 228.0, "model_name": "GL_TAGConv_9l_512h_w_k3"}