{"f1_macro": 0.733903814561045, "f1_weighted": 0.8650295457339165, "precision_macro": 0.810919540229885, "precision_weighted": 0.9000487044613288, "recall_macro": 0.7375, "recall_weighted": 0.8898305084745762, "accuracy": 0.8898305084745762, "class_scores": {"P0": 0.7659574468085106, "P1": 0.9830508474576272, "P2": 1.0, "P3": 0.3333333333333333, "P4": 1.0, "P5": 0.9, "P6": 0.0, "P7": 0.8888888888888888}, "skipped_nodes": 0, "memory_allocated_MB": 19.34716796875, "memory_reserved_MB": 48.0, "model_name": "GL_GCNConv_9l_128h_w"}