{"f1_macro": 0.4433148648940842, "f1_weighted": 0.5951445918434609, "precision_macro": 0.4548904263081093, "precision_weighted": 0.7979243955841743, "recall_macro": 0.5722290091585224, "recall_weighted": 0.5370370370370371, "accuracy": 0.5370370370370371, "class_scores": {"P0": 0.5714285714285714, "P1": 0.6590257879656161, "P2": 0.4444444444444444, "P3": 0.09836065573770492}, "skipped_nodes": 1, "model_name": "MaxEdgeCountPerClassSize"}