{"f1_macro": 0.9203778658901224, "f1_weighted": 0.9507222859186456, "accuracy": 0.9521857923497268, "class_scores": {"English": 0.9755058572949947, "Germans": 0.9348659003831418, "French": 0.859375, "Belgium": 0.9117647058823529}, "skipped_nodes": 37, "model_name": "GL_GCNConv_9l_512h_w"}