{"f1_macro": 0.45383291065657316, "f1_weighted": 0.5170975385752504, "precision_macro": 0.5056448776384159, "precision_weighted": 0.5335669538804636, "recall_macro": 0.4648051619870539, "recall_weighted": 0.5481081081081081, "accuracy": 0.5481081081081081, "class_scores": {"Southern Russians": 0.5739910313901345, "Ukranians": 0.20202020202020202, "Northen Russians": 0.687757909215956, "Belarusians": 0.3515625}, "skipped_nodes": 0, "memory_allocated_MB": 24.76513671875, "memory_reserved_MB": 84.0, "f1_macro_score_only_mask_connect": 0.16346153846153846, "f1_macro_score_only_not_mask_connect": 0.26785714285714285, "f1_macro_score_mixed_connect": 0.4599185191121141, "only_mask_connect_sum": 16.0, "only_not_mask_connect_sum": 8.0, "mixed_connect_sum": 901.0, "model_name": "GL_TAGConv_3l_128h_w_k3"}