{"f1_macro": 0.18393871812306423, "f1_weighted": 0.2214710531379129, "accuracy": 0.24781849912739964, "class_scores": {"krasnodar": 0.36486486486486486, "yaroslavl": 0.096, "ryazan": 0.2572347266881029, "kaluga": 0.037037037037037035, "vologda": 0.16455696202531644}, "skipped_nodes": 3, "model_name": "GL_GATConv_9l_128h"}