{"f1_macro": 0.45149145460348783, "f1_weighted": 0.860890109050891, "precision_macro": 0.42874093777708233, "precision_weighted": 0.8265542450256766, "recall_macro": 0.4772727272727273, "recall_weighted": 0.8987730061349694, "accuracy": 0.8987730061349694, "class_scores": {"Udmurts,Besermyan": 0.0, "Tatars,Volga-Tatars,Mishar-Tatars,Kryashens": 0.966804979253112, "Chuvash": 0.8391608391608392, "Mari": 0.0}, "skipped_nodes": 0, "memory_allocated_MB": 21.39501953125, "memory_reserved_MB": 732.0, "model_name": "GL_GATConv_3l_128h"}