{"f1_macro": 0.2995423294695147, "f1_weighted": 0.32890443259108054, "accuracy": 0.3333333333333333, "class_scores": {"krasnodar": 0.3275862068965517, "yaroslavl": 0.256, "ryazan": 0.44266666666666665, "kaluga": 0.2441860465116279, "vologda": 0.22727272727272727}, "skipped_nodes": 0, "model_name": "GL_SAGEConv_3l_128h"}