{"f1_macro": 0.6169933069381599, "f1_weighted": 0.8134806253984544, "precision_macro": 0.6440217391304348, "precision_weighted": 0.8347153742716271, "recall_macro": 0.6111621732026143, "recall_weighted": 0.8144329896907216, "accuracy": 0.8144329896907216, "class_scores": {"Chechens": 0.85, "Kabardians, Circassians, Adyghes": 0.84, "Karachays, Balkars": 0.8333333333333334, "Ingush": 0.7692307692307693, "Dagestan peoples": 0.9375, "Ossetians": 0.7058823529411765, "Kumyks": 0.0, "Nogais": 0.0}, "skipped_nodes": 21, "memory_allocated_MB": 17.8798828125, "memory_reserved_MB": 44.0, "model_name": "GL_TAGConv_3l_128h_w_k3"}