{"f1_macro": 0.678358808843815, "f1_weighted": 0.8260867704564154, "accuracy": 0.8378378378378378, "class_scores": {"Chechens": 0.8, "Kabardians, Circassians, Adyghes": 0.8928571428571429, "Karachays, Balkars": 0.8947368421052632, "Ingush": 0.6666666666666666, "Dagestan peoples": 0.8837209302325582, "Ossetians": 0.8888888888888888, "Kumyks": 0.0, "Nogais": 0.4}, "skipped_nodes": 7, "model_name": "GL_GCNConv_9l_128h_w"}