{"f1_macro": 0.942031369801674, "f1_weighted": 0.9618662795545954, "precision_macro": 0.9540219405532372, "precision_weighted": 0.9619583673626148, "recall_macro": 0.9315299068934579, "recall_weighted": 0.9625, "accuracy": 0.9625, "class_scores": {"English": 0.978401727861771, "Germans": 0.943089430894309, "French": 0.8682170542635659, "Belgium": 0.9784172661870504}, "skipped_nodes": 49, "memory_allocated_MB": 38.28564453125, "memory_reserved_MB": 692.0, "model_name": "GL_GATConv_9l_128h"}