{"f1_macro": 0.9482640474612588, "f1_weighted": 0.9784065954095936, "accuracy": 0.9785276073619632, "class_scores": {"Udmurts,Besermyan": 0.972972972972973, "Tatars,Volga-Tatars,Mishar-Tatars,Kryashens": 0.9892008639308856, "Chuvash": 0.9558823529411765, "Mari": 0.875}, "skipped_nodes": 0, "model_name": "GL_TAGConv_3l_512h_w_k3_gnorm"}