{"f1_macro": 0.6221564383329089, "f1_weighted": 0.7749678604224058, "precision_macro": 0.6267379679144385, "precision_weighted": 0.8039944903581268, "recall_macro": 0.6375296857873585, "recall_weighted": 0.7818181818181819, "accuracy": 0.7818181818181819, "class_scores": {"Chechens": 0.8571428571428571, "Kabardians, Circassians, Adyghes": 0.7555555555555555, "Karachays, Balkars": 0.9411764705882353, "Ingush": 0.9090909090909091, "Dagestan peoples": 0.7142857142857143, "Ossetians": 0.8, "Kumyks": 0.0, "Nogais": 0.0}, "skipped_nodes": 8, "memory_allocated_MB": 22.5546875, "memory_reserved_MB": 52.0, "f1_macro_score_only_mask_connect": 0.15, "f1_macro_score_only_not_mask_connect": 0.4666666666666666, "f1_macro_score_mixed_connect": 0.6697341057635176, "only_mask_connect_sum": 21.0, "only_not_mask_connect_sum": 8.0, "mixed_connect_sum": 81.0, "model_name": "GL_MLP_3l_512h"}