{"f1_macro": 0.7173117239154975, "f1_weighted": 0.9341077977725737, "accuracy": 0.9478527607361963, "class_scores": {"Udmurts,Besermyan": 1.0, "Tatars,Volga-Tatars,Mishar-Tatars,Kryashens": 0.9769392033542977, "Chuvash": 0.8923076923076924, "Mari": 0.0}, "skipped_nodes": 0, "model_name": "GL_GATConv_3l_128h"}