{"f1_macro": 0.38724621658805025, "f1_weighted": 0.6318069673139253, "precision_macro": 0.3714029697900666, "precision_weighted": 0.6087884299441789, "recall_macro": 0.4818246846143842, "recall_weighted": 0.7024539877300614, "accuracy": 0.7024539877300614, "class_scores": {"Udmurts,Besermyan": 0.6792452830188679, "Tatars,Volga-Tatars,Mishar-Tatars,Kryashens": 0.81640625, "Chuvash": 0.05333333333333334, "Mari": 0.0}, "skipped_nodes": 0, "memory_allocated_MB": 22.15966796875, "memory_reserved_MB": 396.0, "model_name": "GL_GATConv_3l_128h"}