{"f1_macro": 0.9589137217250521, "f1_weighted": 0.9630654417451228, "precision_macro": 0.952991452991453, "precision_weighted": 0.9644007155635063, "recall_macro": 0.9659208723286393, "recall_weighted": 0.9627906976744186, "accuracy": 0.9627906976744186, "class_scores": {"Swedes": 0.954248366013072, "Norwegians": 0.9751243781094527, "Danes": 0.9473684210526315}, "skipped_nodes": 0, "memory_allocated_MB": 37.431640625, "memory_reserved_MB": 152.0, "model_name": "GL_TAGConv_3l_512h_nw_k3_gnorm_gelu"}