{"f1_macro": 0.46640218421298296, "f1_weighted": 0.5134432235036307, "precision_macro": 0.4898629817761894, "precision_weighted": 0.5225019334743657, "recall_macro": 0.4913320730135212, "recall_weighted": 0.5416216216216216, "accuracy": 0.5416216216216216, "class_scores": {"Southern Russians": 0.4916387959866221, "Ukranians": 0.19230769230769232, "Northen Russians": 0.7162534435261708, "Belarusians": 0.46540880503144655}, "skipped_nodes": 0, "memory_allocated_MB": 99.23779296875, "memory_reserved_MB": 5826.0, "model_name": "GL_GATConv_3l_512h"}