{"f1_macro": 0.8424658829966865, "f1_weighted": 0.914541625843141, "precision_macro": 0.8588303619501549, "precision_weighted": 0.9177048462051915, "recall_macro": 0.8358543417366947, "recall_weighted": 0.9174041297935103, "accuracy": 0.9174041297935103, "class_scores": {"English": 0.9698275862068966, "Germans": 0.7865168539325843, "French": 0.7017543859649122, "Belgium": 0.9117647058823529}, "skipped_nodes": 91, "memory_allocated_MB": 98.087890625, "memory_reserved_MB": 596.0, "model_name": "GL_GATConv_3l_512h"}