{"f1_macro": 0.6227364869392733, "f1_weighted": 0.7627596838123154, "precision_macro": 0.6245098039215686, "precision_weighted": 0.78404875463699, "recall_macro": 0.640340532348205, "recall_weighted": 0.7747747747747747, "accuracy": 0.7747747747747747, "class_scores": {"Chechens": 0.8571428571428571, "Kabardians, Circassians, Adyghes": 0.7727272727272727, "Karachays, Balkars": 0.9411764705882353, "Ingush": 0.9090909090909091, "Dagestan peoples": 0.7017543859649122, "Ossetians": 0.8, "Kumyks": 0.0, "Nogais": 0.0}, "skipped_nodes": 7, "memory_allocated_MB": 23.708984375, "memory_reserved_MB": 186.0, "f1_macro_score_only_mask_connect": 0.11612903225806452, "f1_macro_score_only_not_mask_connect": 0.3333333333333333, "f1_macro_score_mixed_connect": 0.6749462015667511, "only_mask_connect_sum": 22.0, "only_not_mask_connect_sum": 6.0, "mixed_connect_sum": 83.0, "model_name": "GL_MLP_3l_512h"}