{"f1_macro": 0.6314204663590455, "f1_weighted": 0.6481500608695075, "precision_macro": 0.6398966165413534, "precision_weighted": 0.6628840770758064, "recall_macro": 0.6466123598866381, "recall_weighted": 0.6547619047619048, "accuracy": 0.6547619047619048, "class_scores": {"P0": 0.6739130434782609, "P1": 0.4827586206896552, "P2": 0.8100358422939068, "P3": 0.558974358974359}, "skipped_nodes": 0, "model_name": "MaxEdgeCountPerClassSize"}