{"f1_macro": 0.9386733133415284, "f1_weighted": 0.9615043852606587, "accuracy": 0.9619718309859155, "class_scores": {"English": 0.9805194805194806, "Germans": 0.9338842975206612, "French": 0.905982905982906, "Belgium": 0.9343065693430657}, "skipped_nodes": 59, "model_name": "GL_TAGConv_3l_512h_w_k3_gnorm"}