{"f1_macro": 0.9478181290665086, "f1_weighted": 0.9654871063734406, "precision_macro": 0.968688356663451, "precision_weighted": 0.9665429057005459, "recall_macro": 0.9301339198435973, "recall_weighted": 0.9661971830985916, "accuracy": 0.9661971830985916, "class_scores": {"English": 0.9817400644468314, "Germans": 0.9333333333333333, "French": 0.9137931034482759, "Belgium": 0.9624060150375939}, "skipped_nodes": 59, "memory_allocated_MB": 341.7705078125, "memory_reserved_MB": 2754.0, "model_name": "GL_GATConv_9l_512h"}