{"f1_macro": 0.9752591143002102, "f1_weighted": 0.9765574799885388, "accuracy": 0.9766355140186916, "class_scores": {"Swedes": 0.9726027397260274, "Norwegians": 0.9809523809523809, "Danes": 0.9722222222222222}, "skipped_nodes": 1, "model_name": "GL_SAGEConv_3l_128h"}