{"f1_macro": 0.28935940158820195, "f1_weighted": 0.3688605615805734, "accuracy": 0.453125, "class_scores": {"krasnodar": 0.5260416666666666, "yaroslavl": 0.0, "ryazan": 0.562015503875969, "kaluga": 0.041666666666666664, "vologda": 0.3170731707317073}, "skipped_nodes": 0, "model_name": "GL_SAGEConv_3l_128h"}