{"f1_macro": 0.5724352893345982, "f1_weighted": 0.7132136791323699, "precision_macro": 0.5289480167528948, "precision_weighted": 0.6552589952407595, "recall_macro": 0.6258468176914779, "recall_weighted": 0.7850467289719626, "accuracy": 0.7850467289719626, "class_scores": {"Swedes": 0.8662420382165605, "Norwegians": 0.851063829787234, "Danes": 0.0}, "skipped_nodes": 1, "memory_allocated_MB": 102.826171875, "memory_reserved_MB": 196.0, "model_name": "GL_GINConv_9l_512h"}