{"f1_macro": 0.3267532520720601, "f1_weighted": 0.4524275797920832, "precision_macro": 0.2824229523923732, "precision_weighted": 0.39104716485097823, "recall_macro": 0.3952380952380953, "recall_weighted": 0.5472527472527473, "accuracy": 0.5472527472527473, "class_scores": {"Ukranians": 0.0, "Southern Russians": 0.5908558030480656, "Northen Russians": 0.7161572052401747, "Belarusians": 0.0}, "skipped_nodes": 13, "memory_allocated_MB": 21.427734375, "memory_reserved_MB": 432.0, "model_name": "GL_GATConv_3l_128h"}