{"f1_macro": 0.4826676374731294, "f1_weighted": 0.5549666194876848, "precision_macro": 0.5386895824395824, "precision_weighted": 0.7609868523212081, "recall_macro": 0.5551491307929076, "recall_weighted": 0.50920245398773, "accuracy": 0.50920245398773, "class_scores": {"P0": 0.7878787878787878, "P1": 0.591304347826087, "P2": 0.42105263157894735, "P3": 0.13043478260869565}, "skipped_nodes": 0, "model_name": "LongestIbd"}