{"f1_macro": 0.6248465443269191, "f1_weighted": 0.8092964453102086, "accuracy": 0.819047619047619, "class_scores": {"Chechens": 0.8947368421052632, "Kabardians, Circassians, Adyghes": 0.8135593220338984, "Karachays, Balkars": 0.8571428571428571, "Ingush": 0.8333333333333334, "Dagestan peoples": 0.8, "Ossetians": 0.8, "Kumyks": 0.0, "Nogais": 0.0}, "skipped_nodes": 13, "model_name": "GL_SAGEConv_3l_128h"}