{"f1_macro": 0.6206195402623974, "f1_weighted": 0.7224538392762692, "precision_macro": 0.6136160714285714, "precision_weighted": 0.7603360035603025, "recall_macro": 0.6952426046176046, "recall_weighted": 0.719626168224299, "accuracy": 0.719626168224299, "class_scores": {"Chechens": 0.8205128205128205, "Kabardians, Circassians, Adyghes": 0.6938775510204082, "Karachays, Balkars": 0.7777777777777778, "Ingush": 0.6923076923076923, "Dagestan peoples": 0.7027027027027027, "Ossetians": 0.7777777777777778, "Kumyks": 0.5, "Nogais": 0.0}, "skipped_nodes": 11, "memory_allocated_MB": 41.90576171875, "memory_reserved_MB": 76.0, "model_name": "GL_GINConv_3l_512h"}