{"f1_macro": 0.49232915900970453, "f1_weighted": 0.5079349794196663, "precision_macro": 0.4939511871449831, "precision_weighted": 0.5051463716857039, "recall_macro": 0.4952353465165145, "recall_weighted": 0.5151515151515151, "accuracy": 0.5151515151515151, "class_scores": {"P0": 0.5544871794871795, "P1": 0.3423913043478261, "P2": 0.6307977736549165, "P3": 0.4416403785488959}, "skipped_nodes": 0, "model_name": "LongestIbd"}