{"f1_macro": 0.9767761762541661, "f1_weighted": 0.9814889760617015, "precision_macro": 0.9736842105263158, "precision_weighted": 0.9817625458996329, "recall_macro": 0.9800740546371616, "recall_weighted": 0.9813953488372092, "accuracy": 0.9813953488372092, "class_scores": {"Swedes": 0.9801324503311258, "Norwegians": 0.9901960784313726, "Danes": 0.96}, "skipped_nodes": 0, "memory_allocated_MB": 37.431640625, "memory_reserved_MB": 152.0, "model_name": "GL_TAGConv_3l_512h_w_k3_gnorm_leaky_relu"}