{"f1_macro": 0.7840374507158446, "f1_weighted": 0.872985850022421, "precision_macro": 0.8538200280112045, "precision_weighted": 0.9092863467967832, "recall_macro": 0.7795294982794982, "recall_weighted": 0.8629032258064516, "accuracy": 0.8629032258064516, "class_scores": {"English": 0.9316037735849056, "Germans": 0.6513761467889908, "French": 0.7213114754098361, "Belgium": 0.831858407079646}, "skipped_nodes": 149, "memory_allocated_MB": 21.75244140625, "memory_reserved_MB": 74.0, "model_name": "GL_MLP_3l_512h"}