{"f1_macro": 0.527546608535477, "f1_weighted": 0.6103021787461328, "precision_macro": 0.5314518164636061, "precision_weighted": 0.8539439096612349, "recall_macro": 0.8215632722070491, "recall_weighted": 0.5674846625766872, "accuracy": 0.5674846625766872, "class_scores": {"Udmurts,Besermyan": 0.6428571428571429, "Tatars,Volga-Tatars,Mishar-Tatars,Kryashens": 0.608955223880597, "Chuvash": 0.6627218934911243, "Mari": 0.1956521739130435}, "skipped_nodes": 0, "model_name": "MaxEdgeCountPerClassSize"}