{"f1_macro": 0.7791936869473989, "f1_weighted": 0.8625235914166491, "precision_macro": 0.7362304873859776, "precision_weighted": 0.8932304602245545, "recall_macro": 0.8520939003771622, "recall_weighted": 0.852760736196319, "accuracy": 0.852760736196319, "class_scores": {"P0": 0.9473684210526315, "P1": 0.9023255813953488, "P2": 0.7453416149068323, "P3": 0.5217391304347826}, "skipped_nodes": 0, "model_name": "LongestIbd"}