{"f1_macro": 0.08109107037256061, "f1_weighted": 0.16240889153330698, "precision_macro": 0.32926829268292684, "precision_weighted": 0.28183450546161903, "recall_macro": 0.05573438245112065, "recall_weighted": 0.12269938650306748, "accuracy": 0.12269938650306748, "class_scores": {"P0": 0.10526315789473684, "P1": 0.21910112359550563, "P2": 0.0, "P3": 0.0}, "skipped_nodes": 0, "model_name": "MaxIbdSum"}