{"f1_macro": 0.3535852808436481, "f1_weighted": 0.46711422137425174, "precision_macro": 0.46418677215520393, "precision_weighted": 0.4930535173069891, "recall_macro": 0.40315417669051906, "recall_weighted": 0.5487122060470325, "accuracy": 0.5487122060470325, "class_scores": {"Ukranians": 0.0, "Southern Russians": 0.5962732919254659, "Northen Russians": 0.6885714285714286, "Belarusians": 0.12949640287769784}, "skipped_nodes": 22, "memory_allocated_MB": 338.3955078125, "memory_reserved_MB": 2564.0, "model_name": "GL_GATConv_9l_512h"}