{"f1_macro": 0.8429506846695726, "f1_weighted": 0.9567042064761865, "accuracy": 0.9601226993865031, "class_scores": {"Udmurts,Besermyan": 0.9714285714285714, "Tatars,Volga-Tatars,Mishar-Tatars,Kryashens": 0.9848812095032398, "Chuvash": 0.9154929577464789, "Mari": 0.5}, "skipped_nodes": 0, "model_name": "MaxSegmentCount"}