{"f1_macro": 0.8047274049929439, "f1_weighted": 0.8111741891456249, "accuracy": 0.8220338983050848, "class_scores": {"P0": 0.8571428571428571, "P1": 0.8387096774193549, "P2": 0.8292682926829268, "P3": 0.9523809523809523, "P4": 0.7, "P5": 0.8888888888888888, "P6": 0.8, "P7": 0.5714285714285714}, "skipped_nodes": 0, "model_name": "MaxSegmentCount"}