{"f1_macro": 0.5184065934065935, "f1_weighted": 0.7525989348075237, "precision_macro": 0.4819844789356985, "precision_weighted": 0.7629296859058942, "recall_macro": 0.7381974248927039, "recall_weighted": 0.7638036809815951, "accuracy": 0.7638036809815951, "class_scores": {"Udmurts,Besermyan": 0.9, "Tatars,Volga-Tatars,Mishar-Tatars,Kryashens": 0.9758241758241758, "Chuvash": 0.0, "Mari": 0.1978021978021978}, "skipped_nodes": 0, "memory_allocated_MB": 23.5068359375, "memory_reserved_MB": 1184.0, "model_name": "GL_GATConv_3l_128h"}