{"f1_macro": 0.4642296340676473, "f1_weighted": 0.5100930350897261, "precision_macro": 0.4608701081714207, "precision_weighted": 0.5077771940880125, "recall_macro": 0.471646517222126, "recall_weighted": 0.5151515151515151, "accuracy": 0.5151515151515151, "class_scores": {"Northen Russians": 0.6445993031358885, "Ukranians": 0.2376237623762376, "Belarusians": 0.47863247863247865, "Southern Russians": 0.49606299212598426}, "skipped_nodes": 98, "memory_allocated_MB": 21.1640625, "memory_reserved_MB": 80.0, "model_name": "GL_SAGEConv_9l_128h"}