{"f1_macro": 0.5030183104338298, "f1_weighted": 0.5466532404287411, "precision_macro": 0.5015583501193587, "precision_weighted": 0.5536643738228134, "recall_macro": 0.5105414186770609, "recall_weighted": 0.54375, "accuracy": 0.54375, "class_scores": {"Ukranians": 0.34893617021276596, "Southern Russians": 0.5567375886524822, "Northen Russians": 0.6593406593406593, "Belarusians": 0.4470588235294118}, "skipped_nodes": 83, "memory_allocated_MB": 22.130859375, "memory_reserved_MB": 80.0, "model_name": "GL_GINConv_9l_128h"}