{"f1_macro": 0.4193484061646923, "f1_weighted": 0.41726892096556867, "precision_macro": 0.4949156746031746, "precision_weighted": 0.5780394772851669, "recall_macro": 0.5068492224475998, "recall_weighted": 0.4827586206896552, "accuracy": 0.4827586206896552, "class_scores": {"Chechens": 0.6521739130434783, "Kabardians, Circassians, Adyghes": 0.21052631578947367, "Karachays, Balkars": 0.5714285714285714, "Ingush": 0.5294117647058824, "Dagestan peoples": 0.27586206896551724, "Ossetians": 0.6153846153846154, "Kumyks": 0.0, "Nogais": 0.5}, "skipped_nodes": 2, "memory_allocated_MB": 22.81494140625, "memory_reserved_MB": 58.0, "model_name": "GL_GINConv_9l_128h"}