{"f1_macro": 0.3309142762863271, "f1_weighted": 0.6476827393598907, "accuracy": 0.7392638036809815, "class_scores": {"Udmurts,Besermyan": 0.36363636363636365, "Tatars,Volga-Tatars,Mishar-Tatars,Kryashens": 0.8457350272232305, "Chuvash": 0.11428571428571428, "Mari": 0.0}, "skipped_nodes": 0, "model_name": "GL_GCNConv_3l_128h_w"}