{"f1_macro": 0.9078247088309007, "f1_weighted": 0.9549060837537512, "precision_macro": 0.9659090909090909, "precision_weighted": 0.9645608628659476, "recall_macro": 0.8950486295313882, "recall_weighted": 0.9576271186440678, "accuracy": 0.9576271186440678, "class_scores": {"P0": 0.9, "P1": 0.9824561403508771, "P2": 1.0, "P3": 0.9473684210526315, "P4": 0.9803921568627451, "P5": 0.9523809523809523, "P6": 0.5, "P7": 1.0}, "skipped_nodes": 0, "memory_allocated_MB": 21.44091796875, "memory_reserved_MB": 54.0, "model_name": "GL_GCNConv_3l_512h_w"}