{"f1_macro": 0.44629910137274764, "f1_weighted": 0.5052184193917452, "precision_macro": 0.46559360342512623, "precision_weighted": 0.5015433003148909, "recall_macro": 0.4478068715960595, "recall_weighted": 0.5254604550379198, "accuracy": 0.5254604550379198, "class_scores": {"Southern Russians": 0.5592972181551976, "Ukranians": 0.24896265560165975, "Northen Russians": 0.6579710144927536, "Belarusians": 0.31896551724137934}, "skipped_nodes": 2, "memory_allocated_MB": 90.30322265625, "memory_reserved_MB": 198.0, "f1_macro_score_only_mask_connect": 0.25, "f1_macro_score_only_not_mask_connect": 0.4179945054945055, "f1_macro_score_mixed_connect": 0.4424452065685537, "only_mask_connect_sum": 14.0, "only_not_mask_connect_sum": 39.0, "mixed_connect_sum": 870.0, "model_name": "GL_SAGEConv_9l_512h"}