{"f1_macro": 0.6338299707547824, "f1_weighted": 0.6774312883089085, "precision_macro": 0.631847302819284, "precision_weighted": 0.685783788535934, "recall_macro": 0.640204892361258, "recall_weighted": 0.6735135135135135, "accuracy": 0.6735135135135135, "class_scores": {"Southern Russians": 0.6972789115646258, "Ukranians": 0.4941860465116279, "Northen Russians": 0.8100470957613815, "Belarusians": 0.5338078291814946}, "skipped_nodes": 0, "memory_allocated_MB": 53.39453125, "memory_reserved_MB": 210.0, "model_name": "GL_MLP_9l_512h"}