{"f1_macro": 0.3311598069953083, "f1_weighted": 0.11513405342770446, "precision_macro": 0.5333051325437111, "precision_weighted": 0.801919902837034, "recall_macro": 0.5503153856158148, "recall_weighted": 0.18404907975460122, "accuracy": 0.18404907975460122, "class_scores": {"P0": 0.9473684210526315, "P1": 0.008547008547008548, "P2": 0.2661596958174905, "P3": 0.10256410256410256}, "skipped_nodes": 0, "model_name": "MaxIbdSumPerClassSize"}