{"f1_macro": 0.3694292261083891, "f1_weighted": 0.17511694830694785, "precision_macro": 0.5637406367041198, "precision_weighted": 0.8113574481284896, "recall_macro": 0.5877498157541076, "recall_weighted": 0.2147239263803681, "accuracy": 0.2147239263803681, "class_scores": {"P0": 1.0, "P1": 0.0823045267489712, "P2": 0.28688524590163933, "P3": 0.10852713178294573}, "skipped_nodes": 0, "model_name": "MaxIbdSumPerClassSize"}