{"f1_macro": 0.9182430596375921, "f1_weighted": 0.9482547490068729, "accuracy": 0.9494535519125683, "class_scores": {"English": 0.9744136460554371, "Germans": 0.9207547169811321, "French": 0.8923076923076924, "Belgium": 0.8854961832061069}, "skipped_nodes": 37, "model_name": "GL_GINConv_3l_512h"}