{"f1_macro": 0.5643438142258896, "f1_weighted": 0.7561037415754397, "accuracy": 0.7523809523809524, "class_scores": {"Chechens": 0.6666666666666666, "Kabardians, Circassians, Adyghes": 0.8301886792452831, "Karachays, Balkars": 0.85, "Ingush": 0.6363636363636364, "Dagestan peoples": 0.8648648648648649, "Ossetians": 0.6666666666666666, "Kumyks": 0.0, "Nogais": 0.0}, "skipped_nodes": 13, "model_name": "GL_GATConv_9l_512h"}