{"f1_macro": 0.0880995050349889, "f1_weighted": 0.08018715897203924, "precision_macro": 0.14458653026427962, "precision_weighted": 0.19541603251063028, "recall_macro": 0.08377227207699312, "recall_weighted": 0.06748466257668712, "accuracy": 0.06748466257668712, "class_scores": {"P0": 0.21428571428571427, "P1": 0.07885304659498207, "P2": 0.05925925925925926, "P3": 0.0}, "skipped_nodes": 0, "model_name": "LongestIbd"}