{"f1_macro": 0.6188244153082919, "f1_weighted": 0.7354127096621781, "accuracy": 0.7166666666666667, "class_scores": {"Udmurts,Besermyan": 0.7058823529411765, "Tatars,Volga-Tatars,Mishar-Tatars,Kryashens": 0.7867647058823529, "Chuvash": 0.6626506024096386, "Mari": 0.32}, "skipped_nodes": 86, "model_name": "LongestIbd"}