{"f1_macro": 0.5205249477138878, "f1_weighted": 0.6120607932091916, "precision_macro": 0.5241766061263214, "precision_weighted": 0.8380134856238163, "recall_macro": 0.7471929596393115, "recall_weighted": 0.5674846625766872, "accuracy": 0.5674846625766872, "class_scores": {"P0": 0.6938775510204082, "P1": 0.6334310850439883, "P2": 0.572972972972973, "P3": 0.18181818181818182}, "skipped_nodes": 0, "model_name": "MaxIbdSumPerClassSize"}