{"f1_macro": 0.6231043160971482, "f1_weighted": 0.8002179765954504, "precision_macro": 0.6297811590751421, "precision_weighted": 0.8276990310362544, "recall_macro": 0.6321150097465886, "recall_weighted": 0.7961165048543689, "accuracy": 0.7961165048543689, "class_scores": {"Chechens": 0.7428571428571429, "Kabardians, Circassians, Adyghes": 0.8260869565217391, "Karachays, Balkars": 0.85, "Ingush": 0.782608695652174, "Dagestan peoples": 0.8421052631578947, "Ossetians": 0.9411764705882353, "Kumyks": 0.0, "Nogais": 0.0}, "skipped_nodes": 15, "memory_allocated_MB": 20.86181640625, "memory_reserved_MB": 42.0, "model_name": "GL_SAGEConv_9l_128h"}