{"f1_macro": 0.7539017762701974, "f1_weighted": 0.7539017762701973, "precision_macro": 0.7532777777777777, "precision_weighted": 0.7532777777777778, "recall_macro": 0.7554112554112555, "recall_weighted": 0.7554112554112554, "accuracy": 0.7554112554112554, "class_scores": {"P0": 0.7149122807017544, "P1": 0.6973684210526315, "P2": 0.8648648648648649, "P3": 0.7384615384615385}, "skipped_nodes": 0, "memory_allocated_MB": 0.00048828125, "memory_reserved_MB": 52.0, "f1_macro_score_only_mask_connect": -100.0, "f1_macro_score_only_not_mask_connect": -100.0, "f1_macro_score_mixed_connect": -100.0, "only_mask_connect_sum": -100.0, "only_not_mask_connect_sum": -100.0, "mixed_connect_sum": -100.0, "model_name": "GL_LR"}