{"f1_macro": 0.5286340623339216, "f1_weighted": 0.5942929913844451, "precision_macro": 0.5594936943936669, "precision_weighted": 0.5938253858447432, "recall_macro": 0.5251813433509318, "recall_weighted": 0.612759643916914, "accuracy": 0.612759643916914, "class_scores": {"Northen Russians": 0.7313432835820896, "Ukranians": 0.2608695652173913, "Belarusians": 0.5029940119760479, "Southern Russians": 0.6193293885601578}, "skipped_nodes": 136, "memory_allocated_MB": 36.681640625, "memory_reserved_MB": 178.0, "model_name": "GL_TAGConv_3l_512h_nw_k3_gnorm"}