{"f1_macro": 0.7918499102864537, "f1_weighted": 0.9378880891818531, "accuracy": 0.9415384615384615, "class_scores": {"P0": 0.8387096774193549, "P1": 0.9658119658119658, "P2": 0.9343065693430657, "P3": 0.42857142857142855}, "skipped_nodes": 0, "model_name": "GL_TAGConv_3l_512h_w_k3_gnorm"}