{"f1_macro": 0.519141527658839, "f1_weighted": 0.5928511612677269, "accuracy": 0.5261538461538462, "class_scores": {"Udmurts,Besermyan": 0.7659574468085106, "Tatars,Volga-Tatars,Mishar-Tatars,Kryashens": 0.6107784431137725, "Chuvash": 0.5419354838709678, "Mari": 0.15789473684210525}, "skipped_nodes": 1, "model_name": "MaxEdgeCountPerClassSize"}