{"f1_macro": 0.8470465733662818, "f1_weighted": 0.9007640800717042, "precision_macro": 0.8453245267318494, "precision_weighted": 0.9198421652472557, "recall_macro": 0.8662320631204752, "recall_weighted": 0.8957055214723927, "accuracy": 0.8957055214723927, "class_scores": {"Udmurts,Besermyan": 0.9090909090909091, "Tatars,Volga-Tatars,Mishar-Tatars,Kryashens": 0.9321266968325792, "Chuvash": 0.810126582278481, "Mari": 0.7368421052631579}, "skipped_nodes": 0, "model_name": "LongestIbd"}