{"f1_macro": 0.8870441272563914, "f1_weighted": 0.924826431430205, "accuracy": 0.923728813559322, "class_scores": {"P0": 1.0, "P1": 0.9056603773584906, "P2": 1.0, "P3": 1.0, "P4": 0.8928571428571429, "P5": 0.9523809523809523, "P6": 0.8, "P7": 0.5454545454545454}, "skipped_nodes": 0, "model_name": "GL_TAGConv_3l_512h_w_k3_gnorm"}