{"f1_macro": 0.8626636374255974, "f1_weighted": 0.9256651222878904, "precision_macro": 0.9122013841736122, "precision_weighted": 0.9316960646180699, "recall_macro": 0.8436929765049721, "recall_weighted": 0.930835734870317, "accuracy": 0.930835734870317, "class_scores": {"English": 0.9720430107526882, "Germans": 0.8646288209606987, "French": 0.6736842105263158, "Belgium": 0.9402985074626866}, "skipped_nodes": 75, "memory_allocated_MB": 156.6728515625, "memory_reserved_MB": 418.0, "model_name": "GL_TAGConv_9l_512h_w_k3"}