{"f1_macro": 0.40429287712246287, "f1_weighted": 0.45835684585235603, "precision_macro": 0.4026842252734599, "precision_weighted": 0.46270781045878956, "recall_macro": 0.40806807170730225, "recall_weighted": 0.45586297760210803, "accuracy": 0.45586297760210803, "class_scores": {"Northen Russians": 0.6035714285714285, "Ukranians": 0.24347826086956523, "Belarusians": 0.31759656652360513, "Southern Russians": 0.45252525252525255}, "skipped_nodes": 98, "memory_allocated_MB": 37.39453125, "memory_reserved_MB": 200.0, "model_name": "GL_TAGConv_3l_512h_w_k3_gnorm_relu"}