{"f1_macro": 0.6473202614379086, "f1_weighted": 0.8504189972749812, "precision_macro": 0.8735671191553545, "precision_weighted": 0.8743599199988652, "recall_macro": 0.6212738741123021, "recall_weighted": 0.8557993730407524, "accuracy": 0.8557993730407524, "class_scores": {"P0": 0.72, "P1": 0.9111111111111111, "P2": 0.7581699346405228, "P3": 0.2}, "skipped_nodes": 6, "memory_allocated_MB": 37.26611328125, "memory_reserved_MB": 110.0, "model_name": "GL_TAGConv_3l_512h_w_k3_gnorm"}