{"f1_macro": 0.47584865108504126, "f1_weighted": 0.5544237617061565, "precision_macro": 0.5275300701507999, "precision_weighted": 0.5617003530694529, "recall_macro": 0.4750302299521957, "recall_weighted": 0.580829756795422, "accuracy": 0.580829756795422, "class_scores": {"Northen Russians": 0.7054673721340388, "Ukranians": 0.1984732824427481, "Belarusians": 0.4024390243902439, "Southern Russians": 0.5970149253731343}, "skipped_nodes": 111, "memory_allocated_MB": 16.9599609375, "memory_reserved_MB": 36.0, "model_name": "GL_SAGEConv_3l_128h"}