{"f1_macro": 0.8709601256472181, "f1_weighted": 0.9304296338202006, "precision_macro": 0.9103608859412101, "precision_weighted": 0.9342725318639711, "recall_macro": 0.8525215295128861, "recall_weighted": 0.9338129496402877, "accuracy": 0.9338129496402877, "class_scores": {"English": 0.9730893433799784, "Germans": 0.8744588744588745, "French": 0.7311827956989247, "Belgium": 0.9051094890510949}, "skipped_nodes": 74, "memory_allocated_MB": 27.0400390625, "memory_reserved_MB": 90.0, "model_name": "GL_SAGEConv_3l_512h"}