{"f1_macro": 0.854770887190172, "f1_weighted": 0.911901610493798, "precision_macro": 0.8867961659678021, "precision_weighted": 0.9245851670774675, "recall_macro": 0.8498454201509822, "recall_weighted": 0.9129834254143646, "accuracy": 0.9129834254143646, "class_scores": {"English": 0.9701657458563536, "Germans": 0.8178694158075601, "French": 0.6935483870967742, "Belgium": 0.9375}, "skipped_nodes": 45, "memory_allocated_MB": 108.6376953125, "memory_reserved_MB": 340.0, "f1_macro_score_only_mask_connect": -100.0, "f1_macro_score_only_not_mask_connect": -100.0, "f1_macro_score_mixed_connect": -100.0, "only_mask_connect_sum": -100.0, "only_not_mask_connect_sum": -100.0, "mixed_connect_sum": -100.0, "model_name": "GL_GINConv_9l_512h"}