{"f1_macro": 0.18606945733714958, "f1_weighted": 0.2291004826190849, "accuracy": 0.24695652173913044, "class_scores": {"krasnodar": 0.34382566585956414, "yaroslavl": 0.0784313725490196, "ryazan": 0.2787878787878788, "kaluga": 0.1919191919191919, "vologda": 0.037383177570093455}, "skipped_nodes": 1, "model_name": "GL_SAGEConv_3l_128h"}