{"f1_macro": 0.4462759481616134, "f1_weighted": 0.5049265873805571, "precision_macro": 0.44810307869801164, "precision_weighted": 0.4998542591287499, "recall_macro": 0.44729498250913274, "recall_weighted": 0.5123873873873874, "accuracy": 0.5123873873873874, "class_scores": {"Ukranians": 0.26053639846743293, "Southern Russians": 0.5454545454545454, "Northen Russians": 0.6552262090483619, "Belarusians": 0.32388663967611336}, "skipped_nodes": 27, "memory_allocated_MB": 17.5712890625, "memory_reserved_MB": 56.0, "model_name": "GL_SAGEConv_3l_128h"}