{"f1_macro": 0.8716075680048406, "f1_weighted": 0.9599191203265247, "precision_macro": 0.9846041055718475, "precision_weighted": 0.9643070489844684, "recall_macro": 0.8143939393939394, "recall_weighted": 0.9629629629629629, "accuracy": 0.9629629629629629, "class_scores": {"Udmurts,Besermyan": 0.9411764705882353, "Tatars,Volga-Tatars,Mishar-Tatars,Kryashens": 0.9767441860465116, "Chuvash": 0.953125, "Mari": 0.6153846153846154}, "skipped_nodes": 2, "memory_allocated_MB": 36.71142578125, "memory_reserved_MB": 264.0, "model_name": "GL_TAGConv_3l_512h_w_k3_gnorm"}