{"f1_macro": 0.14504014504014504, "f1_weighted": 0.1748331196183957, "precision_macro": 0.3305084745762712, "precision_weighted": 0.28538005615056666, "recall_macro": 0.09632808774439675, "recall_weighted": 0.12883435582822086, "accuracy": 0.12883435582822086, "class_scores": {"P0": 0.36363636363636365, "P1": 0.21652421652421652, "P2": 0.0, "P3": 0.0}, "skipped_nodes": 0, "model_name": "MaxIbdSum"}