{"f1_macro": 0.5754368441320882, "f1_weighted": 0.746350823144315, "precision_macro": 0.6559275793650794, "precision_weighted": 0.8517123015873015, "recall_macro": 0.6373842592592593, "recall_weighted": 0.69, "accuracy": 0.69, "class_scores": {"Chechens": 0.8, "Kabardians, Circassians, Adyghes": 0.723404255319149, "Karachays, Balkars": 0.8235294117647058, "Ingush": 0.7, "Dagestan peoples": 0.8235294117647058, "Ossetians": 0.6153846153846154, "Kumyks": 0.0, "Nogais": 0.11764705882352941}, "skipped_nodes": 18, "memory_allocated_MB": 18.65673828125, "memory_reserved_MB": 70.0, "model_name": "GL_MLP_9l_128h"}