{"f1_macro": 0.9519505995634102, "f1_weighted": 0.9441971059645569, "accuracy": 0.9439252336448598, "class_scores": {"Swedes": 0.9299363057324841, "Norwegians": 0.94, "Danes": 0.9859154929577465}, "skipped_nodes": 1, "model_name": "GL_GATConv_9l_128h"}