{"f1_macro": 0.5033784999027404, "f1_weighted": 0.5733878771015917, "precision_macro": 0.594568357503584, "precision_weighted": 0.5969707952758587, "recall_macro": 0.4939392191659273, "recall_weighted": 0.6014388489208633, "accuracy": 0.6014388489208633, "class_scores": {"Northen Russians": 0.7046632124352331, "Ukranians": 0.24, "Belarusians": 0.45517241379310347, "Southern Russians": 0.6136783733826248}, "skipped_nodes": 115, "memory_allocated_MB": 18.517578125, "memory_reserved_MB": 58.0, "model_name": "GL_GCNConv_9l_128h_w"}