{"f1_macro": 0.9523917779672256, "f1_weighted": 0.9568448828806885, "precision_macro": 0.9668803418803419, "precision_weighted": 0.9581043956043955, "recall_macro": 0.9409439050701187, "recall_weighted": 0.9571428571428572, "accuracy": 0.9571428571428572, "class_scores": {"Swedes": 0.9673202614379085, "Norwegians": 0.9565217391304348, "Danes": 0.9333333333333333}, "skipped_nodes": 5, "memory_allocated_MB": 18.67431640625, "memory_reserved_MB": 50.0, "model_name": "GL_GCNConv_9l_128h_w"}