{"f1_macro": 0.6758653111594288, "f1_weighted": 0.7527097947162906, "precision_macro": 0.6589379504786158, "precision_weighted": 0.8938862752083547, "recall_macro": 0.8974996748601899, "recall_weighted": 0.7147239263803681, "accuracy": 0.7147239263803681, "class_scores": {"Udmurts,Besermyan": 0.9230769230769231, "Tatars,Volga-Tatars,Mishar-Tatars,Kryashens": 0.7540106951871658, "Chuvash": 0.7692307692307693, "Mari": 0.2571428571428571}, "skipped_nodes": 0, "model_name": "MaxIbdSumPerClassSize"}