{"f1_macro": 0.06818181818181818, "f1_weighted": 0.015058561070831008, "precision_macro": 0.1875, "precision_weighted": 0.04141104294478527, "recall_macro": 0.041666666666666664, "recall_weighted": 0.009202453987730062, "accuracy": 0.009202453987730062, "class_scores": {"P0": 0.2727272727272727, "P1": 0.0, "P2": 0.0, "P3": 0.0}, "skipped_nodes": 0, "model_name": "MaxEdgeCountPerClassSize"}