{"f1_macro": 0.6344826335337688, "f1_weighted": 0.6983563715613409, "accuracy": 0.6595092024539877, "class_scores": {"Udmurts,Besermyan": 0.9, "Tatars,Volga-Tatars,Mishar-Tatars,Kryashens": 0.7019498607242339, "Chuvash": 0.6927374301675978, "Mari": 0.24324324324324326}, "skipped_nodes": 0, "model_name": "MaxEdgeCountPerClassSize"}