{"f1_macro": 0.9550380451042703, "f1_weighted": 0.9619428007451513, "precision_macro": 0.9725364813903918, "precision_weighted": 0.9636179101168745, "recall_macro": 0.9414640160271229, "recall_weighted": 0.9624413145539906, "accuracy": 0.9624413145539906, "class_scores": {"Swedes": 0.9801324503311258, "Norwegians": 0.9619047619047619, "Danes": 0.9230769230769231}, "skipped_nodes": 2, "memory_allocated_MB": 16.87939453125, "memory_reserved_MB": 178.0, "model_name": "GL_GCNConv_3l_128h_w"}