{"f1_macro": 0.8451969106955218, "f1_weighted": 0.9287839347713049, "precision_macro": 0.8630157912108912, "precision_weighted": 0.9322571773676809, "recall_macro": 0.8371947698399604, "recall_weighted": 0.9300813008130081, "accuracy": 0.9300813008130081, "class_scores": {"English": 0.9773242630385488, "Germans": 0.7969924812030075, "French": 0.6808510638297872, "Belgium": 0.9256198347107438}, "skipped_nodes": 154, "memory_allocated_MB": 338.16357421875, "memory_reserved_MB": 938.0, "model_name": "GL_GATConv_9l_512h"}