{"f1_macro": 0.9590719963530548, "f1_weighted": 0.9667310000035123, "precision_macro": 0.9798878131503193, "precision_weighted": 0.9685495764807562, "recall_macro": 0.9419330669330669, "recall_weighted": 0.967391304347826, "accuracy": 0.967391304347826, "class_scores": {"P0": 0.9776833156216791, "P1": 0.9349593495934959, "P2": 0.9379310344827586, "P3": 0.9857142857142858}, "skipped_nodes": 26, "model_name": "MaxSegmentCount"}