{"f1_macro": 0.33907329528457963, "f1_weighted": 0.4504235189625931, "precision_macro": 0.3924511826463499, "precision_weighted": 0.44839734381449287, "recall_macro": 0.3938116551355815, "recall_weighted": 0.5333333333333333, "accuracy": 0.5333333333333333, "class_scores": {"Ukranians": 0.0, "Southern Russians": 0.5690866510538641, "Northen Russians": 0.7050147492625368, "Belarusians": 0.0821917808219178}, "skipped_nodes": 8, "memory_allocated_MB": 51.4521484375, "memory_reserved_MB": 274.0, "model_name": "GL_GCNConv_9l_512h_w"}