{"f1_macro": 0.9028907496012759, "f1_weighted": 0.9502476286409804, "accuracy": 0.9473684210526315, "class_scores": {"Chechens": 1.0, "Kabardians, Circassians, Adyghes": 0.9473684210526315, "Karachays, Balkars": 0.9090909090909091, "Ingush": 1.0, "Dagestan peoples": 1.0, "Ossetians": 0.9, "Kumyks": 0.8, "Nogais": 0.6666666666666666}, "skipped_nodes": 4, "model_name": "GL_MLP_9l_512h"}