{"f1_macro": 0.63218620781646, "f1_weighted": 0.7898462066819064, "accuracy": 0.8275862068965517, "class_scores": {"Chechens": 0.7619047619047619, "Kabardians, Circassians, Adyghes": 0.9, "Karachays, Balkars": 0.8888888888888888, "Ingush": 0.0, "Dagestan peoples": 0.9333333333333333, "Ossetians": 0.9411764705882353, "Kumyks": 0.0, "Nogais": 0.0}, "skipped_nodes": 31, "model_name": "GL_TAGConv_9l_128h_w_k3"}