{"f1_macro": 0.9222003132400789, "f1_weighted": 0.9504476705579956, "precision_macro": 0.9604803999896909, "precision_weighted": 0.9540990742975226, "recall_macro": 0.8967056956139527, "recall_weighted": 0.9524475524475524, "accuracy": 0.9524475524475524, "class_scores": {"English": 0.9723404255319149, "Germans": 0.9327731092436975, "French": 0.8347826086956521, "Belgium": 0.948905109489051}, "skipped_nodes": 54, "memory_allocated_MB": 18.06982421875, "memory_reserved_MB": 24.0, "model_name": "GL_GCNConv_9l_128h_w"}