{"f1_macro": 0.617388558294131, "f1_weighted": 0.7671467936062109, "precision_macro": 0.6079802963849017, "precision_weighted": 0.7633844549674718, "recall_macro": 0.6363357843137255, "recall_weighted": 0.7835051546391752, "accuracy": 0.7835051546391752, "class_scores": {"Chechens": 0.8823529411764706, "Kabardians, Circassians, Adyghes": 0.7727272727272727, "Karachays, Balkars": 0.9090909090909091, "Ingush": 0.9523809523809523, "Dagestan peoples": 0.6857142857142857, "Ossetians": 0.7368421052631579, "Kumyks": 0.0, "Nogais": 0.0}, "skipped_nodes": 21, "memory_allocated_MB": 52.30224609375, "memory_reserved_MB": 112.0, "f1_macro_score_only_mask_connect": 0.07407407407407407, "f1_macro_score_only_not_mask_connect": 0.5090569561157796, "f1_macro_score_mixed_connect": 0.655367844630015, "only_mask_connect_sum": 8.0, "only_not_mask_connect_sum": 20.0, "mixed_connect_sum": 69.0, "model_name": "GL_MLP_9l_512h"}