{"f1_macro": 0.47819184438225737, "f1_weighted": 0.5374005562061145, "precision_macro": 0.5274231184189617, "precision_weighted": 0.5485588537679164, "recall_macro": 0.4789292268045231, "recall_weighted": 0.5643243243243243, "accuracy": 0.5643243243243243, "class_scores": {"Southern Russians": 0.5947441217150761, "Ukranians": 0.25116279069767444, "Northen Russians": 0.6918604651162791, "Belarusians": 0.375}, "skipped_nodes": 0, "memory_allocated_MB": 27.29248046875, "memory_reserved_MB": 110.0, "f1_macro_score_only_mask_connect": 0.3833333333333333, "f1_macro_score_only_not_mask_connect": 1.0, "f1_macro_score_mixed_connect": 0.4703501021463391, "only_mask_connect_sum": 16.0, "only_not_mask_connect_sum": 2.0, "mixed_connect_sum": 907.0, "model_name": "GL_SAGEConv_3l_128h_de"}