{"f1_macro": 0.856615136648723, "f1_weighted": 0.9202653230489204, "precision_macro": 0.9107012177272993, "precision_weighted": 0.930454840930334, "recall_macro": 0.8439390697625268, "recall_weighted": 0.9252873563218391, "accuracy": 0.9252873563218391, "class_scores": {"English": 0.9673202614379085, "Germans": 0.869198312236287, "French": 0.6808510638297872, "Belgium": 0.9090909090909091}, "skipped_nodes": 73, "memory_allocated_MB": 21.9140625, "memory_reserved_MB": 236.0, "model_name": "GL_GATConv_3l_128h"}