{"f1_macro": 0.618854902407534, "f1_weighted": 0.7752741140168041, "precision_macro": 0.6176577157397404, "precision_weighted": 0.775326889040693, "recall_macro": 0.6274632352941176, "recall_weighted": 0.7870370370370371, "accuracy": 0.7870370370370371, "class_scores": {"Chechens": 0.8333333333333334, "Kabardians, Circassians, Adyghes": 0.7555555555555555, "Karachays, Balkars": 0.9090909090909091, "Ingush": 0.9523809523809523, "Dagestan peoples": 0.7636363636363637, "Ossetians": 0.7368421052631579, "Kumyks": 0.0, "Nogais": 0.0}, "skipped_nodes": 10, "memory_allocated_MB": 52.6435546875, "memory_reserved_MB": 90.0, "f1_macro_score_only_mask_connect": 0.1724137931034483, "f1_macro_score_only_not_mask_connect": 0.42063492063492064, "f1_macro_score_mixed_connect": 0.660543885050464, "only_mask_connect_sum": 19.0, "only_not_mask_connect_sum": 8.0, "mixed_connect_sum": 81.0, "model_name": "GL_MLP_9l_512h"}