{"f1_macro": 0.37081688838531907, "f1_weighted": 0.46150404602733136, "precision_macro": 0.45412253889490933, "precision_weighted": 0.48788574970481074, "recall_macro": 0.4003994880872586, "recall_weighted": 0.5162689804772235, "accuracy": 0.5162689804772235, "class_scores": {"Southern Russians": 0.5589307411907655, "Ukranians": 0.23214285714285715, "Northen Russians": 0.6636225266362252, "Belarusians": 0.02857142857142857}, "skipped_nodes": 3, "memory_allocated_MB": 25.83447265625, "memory_reserved_MB": 128.0, "f1_macro_score_only_mask_connect": 0.3333333333333333, "f1_macro_score_only_not_mask_connect": 0.27329911433172305, "f1_macro_score_mixed_connect": 0.3682189846974713, "only_mask_connect_sum": 13.0, "only_not_mask_connect_sum": 35.0, "mixed_connect_sum": 874.0, "model_name": "GL_GCNConv_3l_512h_w"}