{"f1_macro": 0.9365917103987093, "f1_weighted": 0.9394619488545357, "precision_macro": 0.9507383200193656, "precision_weighted": 0.9420631301616254, "recall_macro": 0.9266485903379108, "recall_weighted": 0.9395348837209302, "accuracy": 0.9395348837209302, "class_scores": {"Swedes": 0.9358974358974359, "Norwegians": 0.9463414634146341, "Danes": 0.927536231884058}, "skipped_nodes": 0, "memory_allocated_MB": 53.65234375, "memory_reserved_MB": 214.0, "f1_macro_score_only_mask_connect": 0.8692810457516339, "f1_macro_score_only_not_mask_connect": 0.4296296296296296, "f1_macro_score_mixed_connect": 0.9475378368401625, "only_mask_connect_sum": 12.0, "only_not_mask_connect_sum": 8.0, "mixed_connect_sum": 195.0, "model_name": "GL_GCNConv_9l_512h_w"}