{"f1_macro": 0.47058170055447684, "f1_weighted": 0.5228836556770637, "precision_macro": 0.4687706266462037, "precision_weighted": 0.5221052499804741, "recall_macro": 0.47603276355286944, "recall_weighted": 0.5261845386533666, "accuracy": 0.5261845386533666, "class_scores": {"Ukranians": 0.28448275862068967, "Southern Russians": 0.5267034990791897, "Northen Russians": 0.6622516556291391, "Belarusians": 0.4088888888888889}, "skipped_nodes": 81, "memory_allocated_MB": 345.53466796875, "memory_reserved_MB": 1784.0, "model_name": "GL_GATConv_9l_512h"}