{"f1_macro": 0.8913636854029562, "f1_weighted": 0.9759683144620204, "precision_macro": 0.97808908045977, "precision_weighted": 0.9800481277766026, "recall_macro": 0.8589651883643301, "recall_weighted": 0.9785276073619632, "accuracy": 0.9785276073619632, "class_scores": {"Udmurts,Besermyan": 1.0, "Tatars,Volga-Tatars,Mishar-Tatars,Kryashens": 0.9935483870967742, "Chuvash": 0.9565217391304348, "Mari": 0.6153846153846154}, "skipped_nodes": 0, "memory_allocated_MB": 58.59716796875, "memory_reserved_MB": 592.0, "f1_macro_score_only_mask_connect": -100.0, "f1_macro_score_only_not_mask_connect": -100.0, "f1_macro_score_mixed_connect": -100.0, "only_mask_connect_sum": -100.0, "only_not_mask_connect_sum": -100.0, "mixed_connect_sum": -100.0, "model_name": "GL_SAGEConv_3l_512h_de"}