{"f1_macro": 0.6013773756116845, "f1_weighted": 0.6984454962890227, "precision_macro": 0.6044600136705399, "precision_weighted": 0.8657389430072672, "recall_macro": 0.796933931590584, "recall_weighted": 0.6411042944785276, "accuracy": 0.6411042944785276, "class_scores": {"P0": 0.85, "P1": 0.7213114754098361, "P2": 0.6459627329192547, "P3": 0.18823529411764706}, "skipped_nodes": 0, "model_name": "MaxIbdSumPerClassSize"}