{"f1_macro": 0.856808930187404, "f1_weighted": 0.9279463588849841, "precision_macro": 0.9290233614536015, "precision_weighted": 0.936710732600943, "recall_macro": 0.82878713279234, "recall_weighted": 0.9336283185840708, "accuracy": 0.9336283185840708, "class_scores": {"English": 0.9749727965179543, "Germans": 0.8597285067873304, "French": 0.6582278481012658, "Belgium": 0.9343065693430657}, "skipped_nodes": 91, "memory_allocated_MB": 51.962890625, "memory_reserved_MB": 154.0, "f1_macro_score_only_mask_connect": 0.7077214452214453, "f1_macro_score_only_not_mask_connect": 0.8942623069778242, "f1_macro_score_mixed_connect": 0.9337599758773714, "only_mask_connect_sum": 143.0, "only_not_mask_connect_sum": 71.0, "mixed_connect_sum": 464.0, "model_name": "GL_GCNConv_9l_512h_w"}