{"f1_macro": 0.634296943598027, "f1_weighted": 0.6833272300821722, "accuracy": 0.6319018404907976, "class_scores": {"Udmurts,Besermyan": 0.972972972972973, "Tatars,Volga-Tatars,Mishar-Tatars,Kryashens": 0.6798866855524079, "Chuvash": 0.6820809248554913, "Mari": 0.20224719101123595}, "skipped_nodes": 0, "model_name": "MaxEdgeCountPerClassSize"}