{"f1_macro": 0.8835494461256472, "f1_weighted": 0.930743259983303, "precision_macro": 0.8995651039352026, "precision_weighted": 0.9301448093961466, "recall_macro": 0.8690497219630138, "recall_weighted": 0.9322990126939351, "accuracy": 0.9322990126939351, "class_scores": {"English": 0.9730893433799784, "Germans": 0.8471615720524017, "French": 0.7580645161290323, "Belgium": 0.9558823529411765}, "skipped_nodes": 60, "memory_allocated_MB": 158.5458984375, "memory_reserved_MB": 428.0, "f1_macro_score_only_mask_connect": 0.8111348359149879, "f1_macro_score_only_not_mask_connect": 0.9843304843304843, "f1_macro_score_mixed_connect": 0.9107186368926424, "only_mask_connect_sum": 174.0, "only_not_mask_connect_sum": 43.0, "mixed_connect_sum": 492.0, "model_name": "GL_TAGConv_9l_512h_w_k3"}