{"f1_macro": 0.850737041677949, "f1_weighted": 0.8981898780994846, "precision_macro": 0.8415376676986583, "precision_weighted": 0.9206246399108562, "recall_macro": 0.8769020678891923, "recall_weighted": 0.8926380368098159, "accuracy": 0.8926380368098159, "class_scores": {"P0": 0.972972972972973, "P1": 0.9290617848970252, "P2": 0.7950310559006211, "P3": 0.7058823529411765}, "skipped_nodes": 0, "model_name": "LongestIbd"}