{"f1_macro": 0.7582170485703095, "f1_weighted": 0.8722758200985729, "precision_macro": 0.7239476859581864, "precision_weighted": 0.9017744841560313, "recall_macro": 0.8185069579919366, "recall_weighted": 0.8619631901840491, "accuracy": 0.8619631901840491, "class_scores": {"P0": 0.918918918918919, "P1": 0.9166666666666666, "P2": 0.7625, "P3": 0.43478260869565216}, "skipped_nodes": 0, "model_name": "LongestIbd"}