{"f1_macro": 0.49596960579103433, "f1_weighted": 0.5564301738196297, "precision_macro": 0.5627305325581187, "precision_weighted": 0.5750801897832549, "recall_macro": 0.4912621475121475, "recall_weighted": 0.578042328042328, "accuracy": 0.578042328042328, "class_scores": {"Northen Russians": 0.676923076923077, "Ukranians": 0.2638888888888889, "Belarusians": 0.441025641025641, "Southern Russians": 0.6020408163265306}, "skipped_nodes": 101, "memory_allocated_MB": 41.4326171875, "memory_reserved_MB": 148.0, "model_name": "GL_GINConv_3l_512h"}