{"f1_macro": 0.8502319857055358, "f1_weighted": 0.9648135493072023, "precision_macro": 0.8441670541734481, "precision_weighted": 0.96694762096987, "recall_macro": 0.8593445181428014, "recall_weighted": 0.9631901840490797, "accuracy": 0.9631901840490797, "class_scores": {"Udmurts,Besermyan": 0.9714285714285714, "Tatars,Volga-Tatars,Mishar-Tatars,Kryashens": 0.9892008639308856, "Chuvash": 0.9402985074626866, "Mari": 0.5}, "skipped_nodes": 0, "memory_allocated_MB": 41.7666015625, "memory_reserved_MB": 90.0, "model_name": "GL_GINConv_3l_512h"}