{"f1_macro": 0.9619403716998698, "f1_weighted": 0.9671542127654379, "accuracy": 0.9674418604651163, "class_scores": {"Swedes": 0.9668874172185431, "Norwegians": 0.9760765550239234, "Danes": 0.9428571428571428}, "skipped_nodes": 0, "model_name": "GL_GCNConv_9l_128h_w"}