{"f1_macro": 0.7956464411009866, "f1_weighted": 0.9283321849359585, "precision_macro": 0.7823360184119678, "precision_weighted": 0.9332942513262553, "recall_macro": 0.8203463203463203, "recall_weighted": 0.9276729559748428, "accuracy": 0.9276729559748428, "class_scores": {"Udmurts,Besermyan": 0.7407407407407407, "Tatars,Volga-Tatars,Mishar-Tatars,Kryashens": 0.9658119658119658, "Chuvash": 0.8760330578512396, "Mari": 0.6}, "skipped_nodes": 8, "memory_allocated_MB": 36.67578125, "memory_reserved_MB": 264.0, "model_name": "GL_TAGConv_3l_512h_w_k3_gnorm"}