{"f1_macro": 0.7254217047320496, "f1_weighted": 0.9480535049183241, "precision_macro": 0.7088607594936709, "precision_weighted": 0.9390774248660402, "recall_macro": 0.7457081545064378, "recall_weighted": 0.9601226993865031, "accuracy": 0.9601226993865031, "class_scores": {"Udmurts,Besermyan": 1.0, "Tatars,Volga-Tatars,Mishar-Tatars,Kryashens": 0.9913419913419913, "Chuvash": 0.9103448275862069, "Mari": 0.0}, "skipped_nodes": 0, "model_name": "SpectralClustering"}