{"f1_macro": 0.9390732595850548, "f1_weighted": 0.9472303386337774, "accuracy": 0.9471153846153846, "class_scores": {"Swedes": 0.9333333333333333, "Norwegians": 0.9658536585365853, "Danes": 0.9180327868852459}, "skipped_nodes": 7, "model_name": "GL_TAGConv_9l_512h_w_k3"}