{"f1_macro": 0.8496052966641201, "f1_weighted": 0.8905894646259758, "precision_macro": 0.8280183052241876, "precision_weighted": 0.8987113292387126, "recall_macro": 0.8941266946654878, "recall_weighted": 0.8879310344827587, "accuracy": 0.8879310344827587, "class_scores": {"Chechens": 0.9142857142857143, "Kabardians, Circassians, Adyghes": 0.8727272727272727, "Karachays, Balkars": 0.8484848484848485, "Ingush": 0.8571428571428571, "Dagestan peoples": 0.9803921568627451, "Ossetians": 0.8571428571428571, "Kumyks": 0.6666666666666666, "Nogais": 0.8}, "skipped_nodes": 2, "memory_allocated_MB": 36.93994140625, "memory_reserved_MB": 266.0, "model_name": "GL_GATConv_9l_128h"}