{"f1_macro": 0.7032205098192222, "f1_weighted": 0.9412994980479643, "precision_macro": 0.7083195774182899, "precision_weighted": 0.9320434167059934, "recall_macro": 0.7051144492131617, "recall_weighted": 0.9539877300613497, "accuracy": 0.9539877300613497, "class_scores": {"P0": 0.9090909090909091, "P1": 0.9871244635193133, "P2": 0.9166666666666666, "P3": 0.0}, "skipped_nodes": 0, "model_name": "MaxIbdSum"}