{"f1_macro": 0.5119937998906101, "f1_weighted": 0.5628191063398887, "precision_macro": 0.5091423951508451, "precision_weighted": 0.5712430597317821, "recall_macro": 0.5226566051544349, "recall_weighted": 0.5620347394540943, "accuracy": 0.5620347394540943, "class_scores": {"Ukranians": 0.3293172690763052, "Southern Russians": 0.5566218809980806, "Northen Russians": 0.7167235494880546, "Belarusians": 0.4453125}, "skipped_nodes": 77, "memory_allocated_MB": 97.56201171875, "memory_reserved_MB": 732.0, "model_name": "GL_GATConv_3l_512h"}