{"f1_macro": 0.37622966542694064, "f1_weighted": 0.47685701948569365, "precision_macro": 0.3695824524312896, "precision_weighted": 0.44119817030128466, "recall_macro": 0.4071202713167178, "recall_weighted": 0.5349127182044888, "accuracy": 0.5349127182044888, "class_scores": {"Ukranians": 0.0, "Southern Russians": 0.5697151424287856, "Northen Russians": 0.667687595712098, "Belarusians": 0.267515923566879}, "skipped_nodes": 81, "memory_allocated_MB": 36.57275390625, "memory_reserved_MB": 420.0, "model_name": "GL_GATConv_9l_128h"}