{"f1_macro": 0.5018231503385268, "f1_weighted": 0.6005789649126517, "precision_macro": 0.5127273265606905, "precision_weighted": 0.8207173489022237, "recall_macro": 0.6868070457796852, "recall_weighted": 0.5432098765432098, "accuracy": 0.5432098765432098, "class_scores": {"P0": 0.7317073170731707, "P1": 0.6434782608695652, "P2": 0.4782608695652174, "P3": 0.15384615384615385}, "skipped_nodes": 1, "model_name": "MaxIbdSumPerClassSize"}