{"f1_macro": 0.5339679407847756, "f1_weighted": 0.5726433648329943, "precision_macro": 0.5757406377456433, "precision_weighted": 0.8585018909899889, "recall_macro": 0.7760906478578893, "recall_weighted": 0.5076923076923077, "accuracy": 0.5076923076923077, "class_scores": {"Udmurts,Besermyan": 0.8372093023255814, "Tatars,Volga-Tatars,Mishar-Tatars,Kryashens": 0.5634674922600619, "Chuvash": 0.5911949685534591, "Mari": 0.144}, "skipped_nodes": 1, "model_name": "MaxEdgeCountPerClassSize"}