{"f1_macro": 0.7022957101552685, "f1_weighted": 0.7037691770098153, "precision_macro": 0.703813466714611, "precision_weighted": 0.7047268258902486, "recall_macro": 0.701444501096209, "recall_weighted": 0.7034632034632035, "accuracy": 0.7034632034632035, "class_scores": {"P0": 0.6772908366533864, "P1": 0.6083150984682714, "P2": 0.8553191489361702, "P3": 0.6682577565632458}, "skipped_nodes": 0, "memory_allocated_MB": 0.00048828125, "memory_reserved_MB": 52.0, "f1_macro_score_only_mask_connect": -100.0, "f1_macro_score_only_not_mask_connect": -100.0, "f1_macro_score_mixed_connect": -100.0, "only_mask_connect_sum": -100.0, "only_not_mask_connect_sum": -100.0, "mixed_connect_sum": -100.0, "model_name": "GL_LR"}