{"f1_macro": 0.7102835403223942, "f1_weighted": 0.786670200210117, "accuracy": 0.7663934426229508, "class_scores": {"Udmurts,Besermyan": 0.9523809523809523, "Tatars,Volga-Tatars,Mishar-Tatars,Kryashens": 0.8275862068965517, "Chuvash": 0.7183098591549296, "Mari": 0.34285714285714286}, "skipped_nodes": 82, "model_name": "MaxIbdSum"}