{"f1_macro": 0.6798692928786514, "f1_weighted": 0.9008078857330138, "precision_macro": 0.6597953216374269, "precision_weighted": 0.9075234097513722, "recall_macro": 0.7146518836433, "recall_weighted": 0.9079754601226994, "accuracy": 0.9079754601226994, "class_scores": {"Udmurts,Besermyan": 0.9444444444444444, "Tatars,Volga-Tatars,Mishar-Tatars,Kryashens": 0.9551569506726457, "Chuvash": 0.8198757763975155, "Mari": 0.0}, "skipped_nodes": 0, "memory_allocated_MB": 18.4482421875, "memory_reserved_MB": 40.0, "model_name": "GL_GINConv_3l_128h"}