{"f1_macro": 0.9094896331738437, "f1_weighted": 0.9760297285321502, "precision_macro": 0.8888059701492537, "precision_weighted": 0.9771312150901932, "recall_macro": 0.9325768413751246, "recall_weighted": 0.9754601226993865, "accuracy": 0.9754601226993865, "class_scores": {"Udmurts,Besermyan": 0.9473684210526315, "Tatars,Volga-Tatars,Mishar-Tatars,Kryashens": 0.9913419913419913, "Chuvash": 0.9624060150375939, "Mari": 0.7368421052631579}, "skipped_nodes": 0, "memory_allocated_MB": 22.14453125, "memory_reserved_MB": 52.0, "model_name": "GL_MLP_3l_512h"}