{"f1_macro": 0.41579076836453505, "f1_weighted": 0.4846749850756485, "precision_macro": 0.5569858292662043, "precision_weighted": 0.5522590404429603, "recall_macro": 0.4314589850263393, "recall_weighted": 0.5309446254071661, "accuracy": 0.5309446254071661, "class_scores": {"Southern Russians": 0.5640362225097024, "Ukranians": 0.11627906976744186, "Northen Russians": 0.6561151079136691, "Belarusians": 0.32673267326732675}, "skipped_nodes": 4, "memory_allocated_MB": 89.16796875, "memory_reserved_MB": 198.0, "f1_macro_score_only_mask_connect": 0.08333333333333333, "f1_macro_score_only_not_mask_connect": 0.22337962962962962, "f1_macro_score_mixed_connect": 0.42736986179141884, "only_mask_connect_sum": 12.0, "only_not_mask_connect_sum": 37.0, "mixed_connect_sum": 872.0, "model_name": "GL_SAGEConv_9l_512h_de"}