{"f1_macro": 0.8374057357421494, "f1_weighted": 0.9249241124307196, "precision_macro": 0.8567013950879182, "precision_weighted": 0.9293961878575371, "recall_macro": 0.8302736010961382, "recall_weighted": 0.9263502454991817, "accuracy": 0.9263502454991817, "class_scores": {"English": 0.9738339021615472, "Germans": 0.7819548872180451, "French": 0.651685393258427, "Belgium": 0.9421487603305785}, "skipped_nodes": 158, "memory_allocated_MB": 87.04248046875, "memory_reserved_MB": 190.0, "model_name": "GL_SAGEConv_9l_512h"}