{"f1_macro": 0.7598631098631098, "f1_weighted": 0.8488971482836513, "precision_macro": 0.7364130434782609, "precision_weighted": 0.9271805814883969, "recall_macro": 0.9366952789699571, "recall_weighted": 0.8190184049079755, "accuracy": 0.8190184049079755, "class_scores": {"P0": 1.0, "P1": 0.855036855036855, "P2": 0.8571428571428571, "P3": 0.32727272727272727}, "skipped_nodes": 0, "model_name": "MaxIbdSumPerClassSize"}