{"f1_macro": 0.752296833614743, "f1_weighted": 0.8767210500528396, "precision_macro": 0.743337580294102, "precision_weighted": 0.898816159685725, "recall_macro": 0.7784172194043439, "recall_weighted": 0.8680981595092024, "accuracy": 0.8680981595092024, "class_scores": {"P0": 0.9411764705882353, "P1": 0.9227272727272727, "P2": 0.7643312101910829, "P3": 0.38095238095238093}, "skipped_nodes": 0, "model_name": "LongestIbd"}