{"f1_macro": 0.9003977165021363, "f1_weighted": 0.9577784486468917, "accuracy": 0.9585687382297552, "class_scores": {"English": 0.9826732673267327, "Germans": 0.9108910891089109, "French": 0.8214285714285714, "Belgium": 0.8865979381443299}, "skipped_nodes": 238, "model_name": "GL_TAGConv_9l_512h_w_k3"}