{"f1_macro": 0.5665395557582995, "f1_weighted": 0.6042716986772585, "precision_macro": 0.5632715806776863, "precision_weighted": 0.6119505882475078, "recall_macro": 0.5739079359612999, "recall_weighted": 0.6002190580503833, "accuracy": 0.6002190580503833, "class_scores": {"Ukranians": 0.4578313253012048, "Southern Russians": 0.596964586846543, "Northen Russians": 0.7378640776699029, "Belarusians": 0.4734982332155477}, "skipped_nodes": 10, "memory_allocated_MB": 22.189453125, "memory_reserved_MB": 104.0, "model_name": "GL_MLP_3l_512h"}