{"f1_macro": 0.6940368333676201, "f1_weighted": 0.8493715928847723, "precision_macro": 0.6843217089927617, "precision_weighted": 0.8732471053813401, "recall_macro": 0.7259424603174603, "recall_weighted": 0.8532110091743119, "accuracy": 0.8532110091743119, "class_scores": {"Chechens": 0.918918918918919, "Kabardians, Circassians, Adyghes": 0.9019607843137255, "Karachays, Balkars": 0.8421052631578947, "Ingush": 0.8695652173913043, "Dagestan peoples": 0.8292682926829268, "Ossetians": 0.8571428571428571, "Kumyks": 0.0, "Nogais": 0.3333333333333333}, "skipped_nodes": 9, "memory_allocated_MB": 18.67626953125, "memory_reserved_MB": 60.0, "model_name": "GL_GCNConv_9l_128h_w"}