{"f1_macro": 0.8510781393642085, "f1_weighted": 0.9193796497283251, "precision_macro": 0.9101987161735154, "precision_weighted": 0.9248168395015339, "recall_macro": 0.8213196634244724, "recall_weighted": 0.9236417033773862, "accuracy": 0.9236417033773862, "class_scores": {"English": 0.9696312364425163, "Germans": 0.8281938325991189, "French": 0.6987951807228916, "Belgium": 0.9076923076923077}, "skipped_nodes": 88, "memory_allocated_MB": 17.3994140625, "memory_reserved_MB": 52.0, "f1_macro_score_only_mask_connect": 0.682401963531617, "f1_macro_score_only_not_mask_connect": 0.9199922791101673, "f1_macro_score_mixed_connect": 0.9359463951017948, "only_mask_connect_sum": 146.0, "only_not_mask_connect_sum": 72.0, "mixed_connect_sum": 463.0, "model_name": "GL_SAGEConv_3l_128h_de"}