{"f1_macro": 0.8623839797059352, "f1_weighted": 0.9292840023897597, "precision_macro": 0.921538834403069, "precision_weighted": 0.9330299484147597, "recall_macro": 0.8284187552802027, "recall_weighted": 0.9344262295081968, "accuracy": 0.9344262295081968, "class_scores": {"English": 0.9719827586206896, "Germans": 0.864321608040201, "French": 0.6666666666666666, "Belgium": 0.9465648854961832}, "skipped_nodes": 98, "memory_allocated_MB": 25.12353515625, "memory_reserved_MB": 90.0, "model_name": "GL_TAGConv_9l_128h_w_k3"}