{"f1_macro": 0.5336519236072808, "f1_weighted": 0.654641294640189, "accuracy": 0.6068111455108359, "class_scores": {"P0": 0.7428571428571429, "P1": 0.7189189189189189, "P2": 0.46875, "P3": 0.20408163265306123}, "skipped_nodes": 2, "model_name": "MaxEdgeCountPerClassSize"}