{"f1_macro": 0.5490714080632877, "f1_weighted": 0.6026829809924693, "precision_macro": 0.5538996408191489, "precision_weighted": 0.6104790096739933, "recall_macro": 0.5479827369277366, "recall_weighted": 0.5984848484848485, "accuracy": 0.5984848484848485, "class_scores": {"Southern Russians": 0.6533742331288344, "Ukranians": 0.3976945244956772, "Northen Russians": 0.7373737373737373, "Belarusians": 0.40784313725490196}, "skipped_nodes": 1, "memory_allocated_MB": 37.96044921875, "memory_reserved_MB": 240.0, "model_name": "GL_TAGConv_3l_512h_w_k3"}