{"f1_macro": 0.9252625367907295, "f1_weighted": 0.9527917453576087, "precision_macro": 0.9507435618642447, "precision_weighted": 0.9548117126232843, "recall_macro": 0.9080897947726281, "recall_weighted": 0.9545454545454546, "accuracy": 0.9545454545454546, "class_scores": {"English": 0.9754535752401281, "Germans": 0.9426229508196722, "French": 0.8333333333333334, "Belgium": 0.9496402877697842}, "skipped_nodes": 43, "memory_allocated_MB": 19.83544921875, "memory_reserved_MB": 26.0, "model_name": "GL_SAGEConv_9l_128h"}