{"f1_macro": 0.5955176638758424, "f1_weighted": 0.8634531888602553, "precision_macro": 0.6909651669085631, "precision_weighted": 0.8627262770797901, "recall_macro": 0.5492424242424243, "recall_weighted": 0.8834355828220859, "accuracy": 0.8834355828220859, "class_scores": {"P0": 0.6666666666666666, "P1": 0.9357429718875502, "P2": 0.7796610169491526, "P3": 0.0}, "skipped_nodes": 0, "model_name": "MaxEdgeCount"}