{"f1_macro": 0.2781203853350414, "f1_weighted": 0.3182935006761171, "accuracy": 0.343205574912892, "class_scores": {"krasnodar": 0.3492957746478873, "yaroslavl": 0.058823529411764705, "ryazan": 0.449438202247191, "kaluga": 0.22535211267605634, "vologda": 0.3076923076923077}, "skipped_nodes": 2, "model_name": "GL_SAGEConv_9l_128h"}