{"f1_macro": 0.8216850592909914, "f1_weighted": 0.8759946437260648, "accuracy": 0.8803418803418803, "class_scores": {"Chechens": 0.9230769230769231, "Kabardians, Circassians, Adyghes": 0.8813559322033898, "Karachays, Balkars": 0.9142857142857143, "Ingush": 1.0, "Dagestan peoples": 0.9166666666666666, "Ossetians": 0.7, "Kumyks": 0.6666666666666666, "Nogais": 0.5714285714285714}, "skipped_nodes": 1, "model_name": "GL_SAGEConv_3l_512h"}