{"f1_macro": 0.6752684057551818, "f1_weighted": 0.8492642565801923, "precision_macro": 0.8922952047952047, "precision_weighted": 0.8770974395974395, "recall_macro": 0.6549318290198118, "recall_weighted": 0.8518518518518519, "accuracy": 0.8518518518518519, "class_scores": {"P0": 0.8571428571428571, "P1": 0.9050772626931567, "P2": 0.7388535031847133, "P3": 0.2}, "skipped_nodes": 1, "model_name": "MaxIbdSum"}