{"f1_macro": 0.23966092987413307, "f1_weighted": 0.05550311318569274, "precision_macro": 0.25306748466257667, "precision_weighted": 0.05769882193533818, "recall_macro": 0.22979797979797978, "recall_weighted": 0.05521472392638037, "accuracy": 0.05521472392638037, "class_scores": {"P0": 0.9411764705882353, "P1": 0.0, "P2": 0.017467248908296942, "P3": 0.0}, "skipped_nodes": 0, "model_name": "MaxIbdSumPerClassSize"}