{"f1_macro": 0.918997668997669, "f1_weighted": 0.9291402396053559, "precision_macro": 0.9448559670781892, "precision_weighted": 0.9336089577950043, "recall_macro": 0.9028578092655763, "recall_weighted": 0.9302325581395349, "accuracy": 0.9302325581395349, "class_scores": {"Swedes": 0.9358974358974359, "Norwegians": 0.9423076923076923, "Danes": 0.8787878787878788}, "skipped_nodes": 0, "memory_allocated_MB": 27.642578125, "memory_reserved_MB": 114.0, "f1_macro_score_only_mask_connect": 0.8692810457516339, "f1_macro_score_only_not_mask_connect": 0.43333333333333335, "f1_macro_score_mixed_connect": 0.9244686141237866, "only_mask_connect_sum": 12.0, "only_not_mask_connect_sum": 8.0, "mixed_connect_sum": 195.0, "model_name": "GL_SAGEConv_3l_512h_de"}