{"f1_macro": 0.42648121197243605, "f1_weighted": 0.7009639897707124, "precision_macro": 0.5835057947019868, "precision_weighted": 0.7205211676756187, "recall_macro": 0.3952020202020202, "recall_weighted": 0.7668711656441718, "accuracy": 0.7668711656441718, "class_scores": {"P0": 0.6153846153846154, "P1": 0.8710280373831776, "P2": 0.21951219512195122, "P3": 0.0}, "skipped_nodes": 0, "model_name": "MaxSegmentCount"}