{"f1_macro": 0.13487539487539485, "f1_weighted": 0.19875790969540968, "accuracy": 0.3003472222222222, "class_scores": {"krasnodar": 0.42727272727272725, "yaroslavl": 0.0, "ryazan": 0.2471042471042471, "kaluga": 0.0, "vologda": 0.0}, "skipped_nodes": 0, "model_name": "GL_SAGEConv_9l_128h"}