{"f1_macro": 0.9281444033181869, "f1_weighted": 0.946667268514339, "accuracy": 0.9488372093023256, "class_scores": {"P0": 0.9736842105263158, "P1": 0.9622641509433962, "P2": 0.8484848484848485}, "skipped_nodes": 0, "model_name": "GL_SAGEConv_3l_512h"}