{"f1_macro": 0.554056579320156, "f1_weighted": 0.8037337650614077, "accuracy": 0.8217821782178217, "class_scores": {"P0": 0.6666666666666666, "P1": 0.888402625820569, "P2": 0.6611570247933884, "P3": 0.0}, "skipped_nodes": 11, "model_name": "GL_TAGConv_3l_512h_w_k3_gnorm"}