{"f1_macro": 0.8959578807639017, "f1_weighted": 0.9818967967229597, "accuracy": 0.9846625766871165, "class_scores": {"P0": 1.0, "P1": 0.9978586723768736, "P2": 0.9705882352941176, "P3": 0.6153846153846154}, "skipped_nodes": 0, "model_name": "GL_TAGConv_3l_512h_w_k3_gnorm"}