{"f1_macro": 0.24079894114093842, "f1_weighted": 0.3327210891892394, "precision_macro": 0.20774204911433172, "precision_weighted": 0.2870451195683176, "recall_macro": 0.3105095541401274, "recall_weighted": 0.429042904290429, "accuracy": 0.429042904290429, "class_scores": {"Southern Russians": 0.36212624584717606, "Ukranians": 0.0, "Northen Russians": 0.6010695187165775, "Belarusians": 0.0}, "skipped_nodes": 16, "memory_allocated_MB": 19.42724609375, "memory_reserved_MB": 50.0, "model_name": "GL_GCNConv_9l_128h_w"}