{"f1_macro": 0.5126295672560949, "f1_weighted": 0.558590791372038, "precision_macro": 0.5148507260735928, "precision_weighted": 0.5576354310232365, "recall_macro": 0.5108983071505071, "recall_weighted": 0.56, "accuracy": 0.56, "class_scores": {"Southern Russians": 0.5529953917050692, "Ukranians": 0.35947712418300654, "Northen Russians": 0.7258320126782885, "Belarusians": 0.4122137404580153}, "skipped_nodes": 0, "memory_allocated_MB": 22.04638671875, "memory_reserved_MB": 188.0, "model_name": "GL_SAGEConv_9l_128h"}