{"f1_macro": 0.5295726493205485, "f1_weighted": 0.5781476492708925, "precision_macro": 0.5391860895055783, "precision_weighted": 0.6092746690402155, "recall_macro": 0.5458380377922712, "recall_weighted": 0.56941431670282, "accuracy": 0.56941431670282, "class_scores": {"Southern Russians": 0.5825602968460112, "Ukranians": 0.3717948717948718, "Northen Russians": 0.7408585055643879, "Belarusians": 0.4230769230769231}, "skipped_nodes": 3, "model_name": "MaxEdgeCountPerClassSize"}