{"f1_macro": 0.8963862008638128, "f1_weighted": 0.9753041574303363, "precision_macro": 0.9056762005649718, "precision_weighted": 0.9753853852552771, "recall_macro": 0.8876262626262627, "recall_weighted": 0.9754601226993865, "accuracy": 0.9754601226993865, "class_scores": {"P0": 0.9714285714285714, "P1": 0.9936034115138592, "P2": 0.9538461538461539, "P3": 0.6666666666666666}, "skipped_nodes": 0, "memory_allocated_MB": 0.00048828125, "memory_reserved_MB": 24.0, "f1_macro_score_only_mask_connect": -100.0, "f1_macro_score_only_not_mask_connect": -100.0, "f1_macro_score_mixed_connect": -100.0, "only_mask_connect_sum": -100.0, "only_not_mask_connect_sum": -100.0, "mixed_connect_sum": -100.0, "model_name": "GL_LR"}