{"f1_macro": 0.9048814800059757, "f1_weighted": 0.9699408041603287, "precision_macro": 0.893981018981019, "precision_weighted": 0.9711571659424422, "recall_macro": 0.9195712489703906, "recall_weighted": 0.9693251533742331, "accuracy": 0.9693251533742331, "class_scores": {"Udmurts,Besermyan": 1.0, "Tatars,Volga-Tatars,Mishar-Tatars,Kryashens": 0.9892933618843683, "Chuvash": 0.9302325581395349, "Mari": 0.7}, "skipped_nodes": 0, "memory_allocated_MB": 39.833984375, "memory_reserved_MB": 74.0, "f1_macro_score_only_mask_connect": NaN, "f1_macro_score_only_not_mask_connect": 0.9048814800059757, "f1_macro_score_mixed_connect": NaN, "only_mask_connect_sum": 0.0, "only_not_mask_connect_sum": 326.0, "mixed_connect_sum": 0.0, "model_name": "GL_TAGConv_3l_512h_w_k3_gnorm"}