{"f1_macro": 0.902893829164037, "f1_weighted": 0.9037846181522062, "precision_macro": 0.8632625598086124, "precision_weighted": 0.9288075703760238, "recall_macro": 0.9645922746781116, "recall_weighted": 0.8987730061349694, "accuracy": 0.8987730061349694, "class_scores": {"Udmurts,Besermyan": 0.972972972972973, "Tatars,Volga-Tatars,Mishar-Tatars,Kryashens": 0.9237875288683602, "Chuvash": 0.8148148148148148, "Mari": 0.9}, "skipped_nodes": 0, "model_name": "LongestIbd"}