{"f1_macro": 0.6059088901990275, "f1_weighted": 0.6474355846412099, "precision_macro": 0.6033054348752023, "precision_weighted": 0.6575480355387332, "recall_macro": 0.6160644363336851, "recall_weighted": 0.6443243243243243, "accuracy": 0.6443243243243243, "class_scores": {"Southern Russians": 0.6516464471403813, "Ukranians": 0.4662576687116564, "Northen Russians": 0.7893915756630265, "Belarusians": 0.5163398692810458}, "skipped_nodes": 0, "memory_allocated_MB": 39.11376953125, "memory_reserved_MB": 484.0, "model_name": "GL_TAGConv_3l_512h_nw_k3_gnorm_leaky_relu"}