{"f1_macro": 0.8364713193765613, "f1_weighted": 0.9246701075800731, "precision_macro": 0.8973065112204496, "precision_weighted": 0.9284365477311923, "recall_macro": 0.8044458245192883, "recall_weighted": 0.9289099526066351, "accuracy": 0.9289099526066351, "class_scores": {"English": 0.9764309764309764, "Germans": 0.8172043010752689, "French": 0.65625, "Belgium": 0.896}, "skipped_nodes": 136, "memory_allocated_MB": 18.1376953125, "memory_reserved_MB": 76.0, "f1_macro_score_only_mask_connect": 0.6278857448376984, "f1_macro_score_only_not_mask_connect": 0.9264819587216113, "f1_macro_score_mixed_connect": 0.8135876911379573, "only_mask_connect_sum": 98.0, "only_not_mask_connect_sum": 166.0, "mixed_connect_sum": 369.0, "model_name": "GL_GINConv_3l_128h"}