{"f1_macro": 0.8230429990534578, "f1_weighted": 0.9688934887027092, "precision_macro": 0.9792164000954882, "precision_weighted": 0.9766572032799898, "recall_macro": 0.7916666666666667, "recall_weighted": 0.9754601226993865, "accuracy": 0.9754601226993865, "class_scores": {"Udmurts,Besermyan": 0.9714285714285714, "Tatars,Volga-Tatars,Mishar-Tatars,Kryashens": 0.9936034115138592, "Chuvash": 0.9635036496350365, "Mari": 0.36363636363636365}, "skipped_nodes": 0, "memory_allocated_MB": 128.001953125, "memory_reserved_MB": 888.0, "f1_macro_score_only_mask_connect": NaN, "f1_macro_score_only_not_mask_connect": NaN, "f1_macro_score_mixed_connect": 0.8230429990534578, "only_mask_connect_sum": 0.0, "only_not_mask_connect_sum": 0.0, "mixed_connect_sum": 326.0, "model_name": "GL_SAGEConv_9l_512h_de"}