{"f1_macro": 0.7523306197478992, "f1_weighted": 0.9119238849385908, "precision_macro": 0.7982775786539227, "precision_weighted": 0.9096511962748522, "recall_macro": 0.7215365597402962, "recall_weighted": 0.916923076923077, "accuracy": 0.916923076923077, "class_scores": {"P0": 0.9375, "P1": 0.957983193277311, "P2": 0.828125, "P3": 0.2857142857142857}, "skipped_nodes": 0, "memory_allocated_MB": 40.107421875, "memory_reserved_MB": 196.0, "f1_macro_score_only_mask_connect": -100.0, "f1_macro_score_only_not_mask_connect": -100.0, "f1_macro_score_mixed_connect": -100.0, "only_mask_connect_sum": -100.0, "only_not_mask_connect_sum": -100.0, "mixed_connect_sum": -100.0, "model_name": "GL_TAGConv_3l_512h_w_k3_gnorm"}