{"f1_macro": 0.6916338066538646, "f1_weighted": 0.7797325427808052, "precision_macro": 0.6743194192377496, "precision_weighted": 0.8986978499771747, "recall_macro": 0.8952236961893614, "recall_weighted": 0.7392638036809815, "accuracy": 0.7392638036809815, "class_scores": {"P0": 0.9473684210526315, "P1": 0.7927461139896373, "P2": 0.7577639751552795, "P3": 0.26865671641791045}, "skipped_nodes": 0, "model_name": "MaxIbdSumPerClassSize"}