{"f1_macro": 0.580718954248366, "f1_weighted": 0.7775947712418301, "accuracy": 0.79, "class_scores": {"Chechens": 0.8, "Kabardians, Circassians, Adyghes": 0.8, "Karachays, Balkars": 0.8888888888888888, "Ingush": 0.6666666666666666, "Dagestan peoples": 0.8235294117647058, "Ossetians": 0.6666666666666666, "Kumyks": 0.0, "Nogais": 0.0}, "skipped_nodes": 18, "model_name": "GL_MLP_3l_128h"}