{"f1_macro": 0.9521755368814192, "f1_weighted": 0.9620592162098484, "precision_macro": 0.9651181204569056, "precision_weighted": 0.962906149008647, "recall_macro": 0.9415785688601224, "recall_weighted": 0.9626168224299065, "accuracy": 0.9626168224299065, "class_scores": {"Swedes": 0.9733333333333334, "Norwegians": 0.9714285714285714, "Danes": 0.9117647058823529}, "skipped_nodes": 1, "memory_allocated_MB": 26.07861328125, "memory_reserved_MB": 62.0, "f1_macro_score_only_mask_connect": 1.0, "f1_macro_score_only_not_mask_connect": 0.7111111111111111, "f1_macro_score_mixed_connect": 0.9576907969288243, "only_mask_connect_sum": 11.0, "only_not_mask_connect_sum": 11.0, "mixed_connect_sum": 192.0, "model_name": "GL_TAGConv_9l_128h_w_k3"}