{"f1_macro": 0.47927489016373204, "f1_weighted": 0.5068169362633417, "accuracy": 0.5225694444444444, "class_scores": {"krasnodar": 0.5804749340369393, "vologda-yaroslavl": 0.5648854961832062, "ryazan": 0.5217391304347826, "kaluga": 0.25}, "skipped_nodes": 0, "model_name": "GL_TAGConv_3l_512h_w_k3_gnorm"}