{"f1_macro": 0.5671493827798405, "f1_weighted": 0.6150350686280827, "precision_macro": 0.5650761932663491, "precision_weighted": 0.6231142462186788, "recall_macro": 0.5729164866280743, "recall_weighted": 0.6097297297297297, "accuracy": 0.6097297297297297, "class_scores": {"Southern Russians": 0.6460032626427407, "Ukranians": 0.38769230769230767, "Northen Russians": 0.7549019607843137, "Belarusians": 0.48}, "skipped_nodes": 0, "memory_allocated_MB": 28.2412109375, "memory_reserved_MB": 264.0, "model_name": "GL_SAGEConv_3l_512h"}