{"f1_macro": 0.6103457556555706, "f1_weighted": 0.6568655122122405, "precision_macro": 0.6183684388417763, "precision_weighted": 0.6577116743602083, "recall_macro": 0.6075802232101084, "recall_weighted": 0.6605405405405406, "accuracy": 0.6605405405405406, "class_scores": {"Southern Russians": 0.6903703703703704, "Ukranians": 0.45714285714285713, "Northen Russians": 0.7865168539325843, "Belarusians": 0.5073529411764706}, "skipped_nodes": 0, "memory_allocated_MB": 28.58642578125, "memory_reserved_MB": 240.0, "model_name": "GL_SAGEConv_3l_512h"}