{"f1_macro": 0.8766913951427615, "f1_weighted": 0.9235620773678398, "precision_macro": 0.8962093817504264, "precision_weighted": 0.9239083998165656, "recall_macro": 0.8600120192990014, "recall_weighted": 0.9256198347107438, "accuracy": 0.9256198347107438, "class_scores": {"English": 0.9691160809371672, "Germans": 0.8464730290456431, "French": 0.7647058823529411, "Belgium": 0.9264705882352942}, "skipped_nodes": 43, "memory_allocated_MB": 42.326171875, "memory_reserved_MB": 156.0, "f1_macro_score_only_mask_connect": 0.7985147497173398, "f1_macro_score_only_not_mask_connect": 0.9074074074074073, "f1_macro_score_mixed_connect": 0.9226559334871677, "only_mask_connect_sum": 191.0, "only_not_mask_connect_sum": 26.0, "mixed_connect_sum": 509.0, "model_name": "GL_GINConv_3l_512h"}