{"f1_macro": 0.7390631670851069, "f1_weighted": 0.8415303519839762, "precision_macro": 0.8584962988259691, "precision_weighted": 0.9000658241018751, "recall_macro": 0.7299275710723876, "recall_weighted": 0.8315946348733234, "accuracy": 0.8315946348733234, "class_scores": {"English": 0.9209302325581395, "Germans": 0.6416382252559727, "French": 0.5866666666666667, "Belgium": 0.8070175438596491}, "skipped_nodes": 98, "memory_allocated_MB": 51.95703125, "memory_reserved_MB": 124.0, "model_name": "GL_MLP_9l_512h"}