{"f1_macro": 0.9603134114612621, "f1_weighted": 0.9625572677127164, "precision_macro": 0.9525730994152046, "precision_weighted": 0.9634124042500617, "recall_macro": 0.969277238403452, "recall_weighted": 0.9624413145539906, "accuracy": 0.9624413145539906, "class_scores": {"Swedes": 0.9466666666666667, "Norwegians": 0.9753694581280788, "Danes": 0.958904109589041}, "skipped_nodes": 2, "memory_allocated_MB": 17.85302734375, "memory_reserved_MB": 46.0, "model_name": "GL_GINConv_3l_128h"}