{"f1_macro": 0.9308924494556123, "f1_weighted": 0.9574274766919634, "precision_macro": 0.9532146756548441, "precision_weighted": 0.9584488606040544, "recall_macro": 0.9133128521822302, "recall_weighted": 0.9586776859504132, "accuracy": 0.9586776859504132, "class_scores": {"English": 0.9786324786324786, "Germans": 0.9508196721311475, "French": 0.8529411764705882, "Belgium": 0.9411764705882353}, "skipped_nodes": 43, "memory_allocated_MB": 20.36669921875, "memory_reserved_MB": 26.0, "model_name": "GL_GCNConv_3l_512h_w"}