{"f1_macro": 0.11017316017316017, "f1_weighted": 0.2044505202399939, "precision_macro": 0.13365384615384615, "precision_weighted": 0.24156545209176788, "recall_macro": 0.165, "recall_weighted": 0.3157894736842105, "accuracy": 0.3157894736842105, "class_scores": {"Chechens": 0.0, "Kabardians, Circassians, Adyghes": 0.42424242424242425, "Karachays, Balkars": 0.0, "Ingush": 0.0, "Dagestan peoples": 0.45714285714285713, "Ossetians": 0.0, "Kumyks": 0.0, "Nogais": 0.0}, "skipped_nodes": 4, "memory_allocated_MB": 22.6083984375, "memory_reserved_MB": 114.0, "f1_macro_score_only_mask_connect": 0.10909090909090909, "f1_macro_score_only_not_mask_connect": 0.2, "f1_macro_score_mixed_connect": 0.13180272108843538, "only_mask_connect_sum": 25.0, "only_not_mask_connect_sum": 4.0, "mixed_connect_sum": 85.0, "model_name": "GL_GATConv_3l_128h"}