{"f1_macro": 0.9695079659120195, "f1_weighted": 0.9767629145568433, "accuracy": 0.9767441860465116, "class_scores": {"P0": 0.9659863945578231, "P1": 0.9951690821256038, "P2": 0.9473684210526315}, "skipped_nodes": 0, "model_name": "GL_TAGConv_3l_512h_w_k3_gnorm"}