{"f1_macro": 0.4445178743670123, "f1_weighted": 0.5107699378101678, "precision_macro": 0.44519069802664446, "precision_weighted": 0.5097542090671622, "recall_macro": 0.4443333720923738, "recall_weighted": 0.5123456790123457, "accuracy": 0.5123456790123457, "class_scores": {"Ukranians": 0.22413793103448276, "Southern Russians": 0.5664335664335665, "Northen Russians": 0.6458333333333334, "Belarusians": 0.3416666666666667}, "skipped_nodes": 73, "memory_allocated_MB": 37.42822265625, "memory_reserved_MB": 210.0, "model_name": "GL_TAGConv_3l_512h_nw_k3_gnorm_relu"}