{"f1_macro": 0.4552285318038336, "f1_weighted": 0.511400038484772, "precision_macro": 0.5073924593636037, "precision_weighted": 0.5281627679294402, "recall_macro": 0.46453488547556426, "recall_weighted": 0.5418023887079262, "accuracy": 0.5418023887079262, "class_scores": {"Southern Russians": 0.5626911314984709, "Ukranians": 0.20202020202020202, "Northen Russians": 0.6657645466847091, "Belarusians": 0.3904382470119522}, "skipped_nodes": 4, "memory_allocated_MB": 21.3134765625, "memory_reserved_MB": 78.0, "f1_macro_score_only_mask_connect": 0.33333333333333337, "f1_macro_score_only_not_mask_connect": 0.29864780528396084, "f1_macro_score_mixed_connect": 0.46043016801237524, "only_mask_connect_sum": 12.0, "only_not_mask_connect_sum": 37.0, "mixed_connect_sum": 872.0, "model_name": "GL_TAGConv_3l_128h_w_k3"}