{"f1_macro": 0.6333949440606439, "f1_weighted": 0.737104635541016, "precision_macro": 0.6906378526444317, "precision_weighted": 0.8655139378823589, "recall_macro": 0.7095121381886088, "recall_weighted": 0.6846846846846847, "accuracy": 0.6846846846846847, "class_scores": {"Chechens": 0.7741935483870968, "Kabardians, Circassians, Adyghes": 0.7391304347826086, "Karachays, Balkars": 0.8888888888888888, "Ingush": 0.6666666666666666, "Dagestan peoples": 0.7368421052631579, "Ossetians": 0.7058823529411765, "Kumyks": 0.3333333333333333, "Nogais": 0.2222222222222222}, "skipped_nodes": 7, "memory_allocated_MB": 21.9248046875, "memory_reserved_MB": 186.0, "model_name": "GL_MLP_3l_512h"}