{"f1_macro": 0.8489353267640729, "f1_weighted": 0.8983498329195407, "precision_macro": 0.8347059729064039, "precision_weighted": 0.9219009716219891, "recall_macro": 0.8796169853036805, "recall_weighted": 0.8926380368098159, "accuracy": 0.8926380368098159, "class_scores": {"Udmurts,Besermyan": 1.0, "Tatars,Volga-Tatars,Mishar-Tatars,Kryashens": 0.926605504587156, "Chuvash": 0.8024691358024691, "Mari": 0.6666666666666666}, "skipped_nodes": 0, "model_name": "LongestIbd"}