{"f1_macro": 0.2319323729015359, "f1_weighted": 0.05252158999355021, "precision_macro": 0.2252370055573717, "precision_weighted": 0.05066012590826225, "recall_macro": 0.2398989898989899, "recall_weighted": 0.05521472392638037, "accuracy": 0.05521472392638037, "class_scores": {"P0": 0.918918918918919, "P1": 0.0, "P2": 0.00881057268722467, "P3": 0.0}, "skipped_nodes": 0, "model_name": "MaxEdgeCountPerClassSize"}