{"f1_macro": 0.6203321409773023, "f1_weighted": 0.6680575035492905, "precision_macro": 0.6244572829131653, "precision_weighted": 0.8686188585863792, "recall_macro": 0.8565970867473014, "recall_weighted": 0.6288343558282209, "accuracy": 0.6288343558282209, "class_scores": {"Udmurts,Besermyan": 0.9230769230769231, "Tatars,Volga-Tatars,Mishar-Tatars,Kryashens": 0.6685714285714286, "Chuvash": 0.6559139784946236, "Mari": 0.23376623376623376}, "skipped_nodes": 0, "model_name": "MaxEdgeCountPerClassSize"}