{"f1_macro": 0.8939004626526411, "f1_weighted": 0.8988539047788955, "accuracy": 0.8990384615384616, "class_scores": {"Swedes": 0.9006622516556292, "Norwegians": 0.9038461538461539, "Danes": 0.8771929824561403}, "skipped_nodes": 7, "model_name": "GL_GATConv_9l_128h"}