{"f1_macro": 0.8046434068182626, "f1_weighted": 0.8938756225292466, "precision_macro": 0.8390219818455726, "precision_weighted": 0.9037316978877351, "recall_macro": 0.7933909837584671, "recall_weighted": 0.8991097922848664, "accuracy": 0.8991097922848664, "class_scores": {"English": 0.9633620689655172, "Germans": 0.7294117647058823, "French": 0.6140350877192983, "Belgium": 0.9117647058823529}, "skipped_nodes": 95, "memory_allocated_MB": 21.90234375, "memory_reserved_MB": 82.0, "model_name": "GL_GCNConv_3l_512h_w"}