{"f1_macro": 0.876014855557906, "f1_weighted": 0.9019430647505108, "precision_macro": 0.8619702176403207, "precision_weighted": 0.9270760862690532, "recall_macro": 0.9073947630814583, "recall_weighted": 0.8957055214723927, "accuracy": 0.8957055214723927, "class_scores": {"P0": 1.0, "P1": 0.9287356321839081, "P2": 0.7975460122699386, "P3": 0.7777777777777778}, "skipped_nodes": 0, "model_name": "LongestIbd"}