{"f1_macro": 0.05337078651685393, "f1_weighted": 0.152581512373337, "precision_macro": 0.07723577235772358, "precision_weighted": 0.22080901790612997, "recall_macro": 0.0407725321888412, "recall_weighted": 0.1165644171779141, "accuracy": 0.1165644171779141, "class_scores": {"P0": 0.0, "P1": 0.21348314606741572, "P2": 0.0, "P3": 0.0}, "skipped_nodes": 0, "model_name": "MaxSegmentCount"}