{"f1_macro": 0.8734637574669006, "f1_weighted": 0.9657889413945182, "precision_macro": 0.8342084906244198, "precision_weighted": 0.9709419279347072, "recall_macro": 0.9282849958815624, "recall_weighted": 0.9631901840490797, "accuracy": 0.9631901840490797, "class_scores": {"Udmurts,Besermyan": 0.9, "Tatars,Volga-Tatars,Mishar-Tatars,Kryashens": 0.9803921568627451, "Chuvash": 0.9770992366412213, "Mari": 0.6363636363636364}, "skipped_nodes": 0, "memory_allocated_MB": 20.947265625, "memory_reserved_MB": 28.0, "model_name": "GL_MLP_9l_128h"}