{"f1_macro": 0.6128906487968322, "f1_weighted": 0.9228677944944116, "accuracy": 0.9386503067484663, "class_scores": {"Udmurts,Besermyan": 0.56, "Tatars,Volga-Tatars,Mishar-Tatars,Kryashens": 0.9936034115138592, "Chuvash": 0.8979591836734694, "Mari": 0.0}, "skipped_nodes": 0, "model_name": "GL_GINConv_3l_128h"}