{"f1_macro": 0.4906818982881214, "f1_weighted": 0.5713048154438075, "precision_macro": 0.5117013753047037, "precision_weighted": 0.8383970262504461, "recall_macro": 0.7671457059869078, "recall_weighted": 0.5184049079754601, "accuracy": 0.5184049079754601, "class_scores": {"Udmurts,Besermyan": 0.6415094339622641, "Tatars,Volga-Tatars,Mishar-Tatars,Kryashens": 0.5835866261398176, "Chuvash": 0.562874251497006, "Mari": 0.17475728155339806}, "skipped_nodes": 0, "model_name": "MaxEdgeCountPerClassSize"}