{"f1_macro": 0.7297677318602429, "f1_weighted": 0.9286455883508992, "precision_macro": 0.7192582854946985, "precision_weighted": 0.9323855988806704, "recall_macro": 0.7414800175669741, "recall_weighted": 0.9254658385093167, "accuracy": 0.9254658385093167, "class_scores": {"Udmurts,Besermyan": 0.9714285714285714, "Tatars,Volga-Tatars,Mishar-Tatars,Kryashens": 0.973568281938326, "Chuvash": 0.8740740740740741, "Mari": 0.1}, "skipped_nodes": 4, "memory_allocated_MB": 36.677734375, "memory_reserved_MB": 264.0, "model_name": "GL_TAGConv_3l_512h_w_k3_gnorm"}