{"f1_macro": 0.675973004982439, "f1_weighted": 0.740396916430022, "accuracy": 0.6932515337423313, "class_scores": {"P0": 1.0, "P1": 0.7439353099730458, "P2": 0.7261904761904762, "P3": 0.23376623376623376}, "skipped_nodes": 0, "model_name": "MaxEdgeCountPerClassSize"}