{"f1_macro": 0.5462450592885376, "f1_weighted": 0.6331050297196995, "precision_macro": 0.5551828744863639, "precision_weighted": 0.8170144707933057, "recall_macro": 0.7370887184293607, "recall_weighted": 0.5801526717557252, "accuracy": 0.5801526717557252, "class_scores": {"Udmurts,Besermyan": 0.782608695652174, "Tatars,Volga-Tatars,Mishar-Tatars,Kryashens": 0.6811594202898551, "Chuvash": 0.5212121212121212, "Mari": 0.2}, "skipped_nodes": 64, "model_name": "MaxEdgeCountPerClassSize"}