{"f1_macro": 0.8211916738232528, "f1_weighted": 0.8671872915847337, "precision_macro": 0.8293650793650794, "precision_weighted": 0.8991247589378432, "recall_macro": 0.8940993788819876, "recall_weighted": 0.8598130841121495, "accuracy": 0.8598130841121495, "class_scores": {"Chechens": 0.9230769230769231, "Kabardians, Circassians, Adyghes": 0.8727272727272727, "Karachays, Balkars": 0.8888888888888888, "Ingush": 0.8421052631578947, "Dagestan peoples": 0.8205128205128205, "Ossetians": 0.8888888888888888, "Kumyks": 1.0, "Nogais": 0.3333333333333333}, "skipped_nodes": 11, "memory_allocated_MB": 98.81640625, "memory_reserved_MB": 266.0, "model_name": "GL_GATConv_3l_512h"}