{"f1_macro": 0.406892897191603, "f1_weighted": 0.5109343868403303, "precision_macro": 0.4399486945479839, "precision_weighted": 0.5011553654595531, "recall_macro": 0.42707333560514504, "recall_weighted": 0.5583090379008746, "accuracy": 0.5583090379008746, "class_scores": {"Northen Russians": 0.6774193548387096, "Ukranians": 0.019417475728155338, "Belarusians": 0.3356643356643357, "Southern Russians": 0.5950704225352113}, "skipped_nodes": 124, "memory_allocated_MB": 101.5537109375, "memory_reserved_MB": 336.0, "model_name": "GL_GINConv_9l_512h"}