{"f1_macro": 0.4776205396126062, "f1_weighted": 0.6320917945970042, "precision_macro": 0.4859938581155686, "precision_weighted": 0.6261364521106424, "recall_macro": 0.4872234791352439, "recall_weighted": 0.6634615384615384, "accuracy": 0.6634615384615384, "class_scores": {"Chechens": 0.8205128205128205, "Kabardians, Circassians, Adyghes": 0.6875, "Karachays, Balkars": 0.6666666666666666, "Ingush": 0.631578947368421, "Dagestan peoples": 0.7647058823529411, "Ossetians": 0.25, "Kumyks": 0.0, "Nogais": 0.0}, "skipped_nodes": 14, "memory_allocated_MB": 20.9716796875, "memory_reserved_MB": 52.0, "f1_macro_score_only_mask_connect": 0.29981447124304267, "f1_macro_score_only_not_mask_connect": 0.5904761904761904, "f1_macro_score_mixed_connect": 0.6282464846980976, "only_mask_connect_sum": 15.0, "only_not_mask_connect_sum": 22.0, "mixed_connect_sum": 67.0, "model_name": "GL_SAGEConv_9l_128h_de"}