{"f1_macro": 0.7318567317885809, "f1_weighted": 0.9565982742553347, "precision_macro": 0.7171052631578947, "precision_weighted": 0.9457539554407491, "recall_macro": 0.7489270386266095, "recall_weighted": 0.9693251533742331, "accuracy": 0.9693251533742331, "class_scores": {"Udmurts,Besermyan": 1.0, "Tatars,Volga-Tatars,Mishar-Tatars,Kryashens": 0.9978494623655914, "Chuvash": 0.9295774647887324, "Mari": 0.0}, "skipped_nodes": 0, "memory_allocated_MB": 42.16748046875, "memory_reserved_MB": 158.0, "model_name": "GL_GINConv_3l_512h"}