{"f1_macro": 0.4400408728029013, "f1_weighted": 0.49737590543580806, "precision_macro": 0.4783796921501742, "precision_weighted": 0.510492578450056, "recall_macro": 0.4382670016526798, "recall_weighted": 0.5113513513513513, "accuracy": 0.5113513513513513, "class_scores": {"Southern Russians": 0.5150214592274678, "Ukranians": 0.3063063063063063, "Northen Russians": 0.6736842105263158, "Belarusians": 0.26515151515151514}, "skipped_nodes": 0, "memory_allocated_MB": 52.84814453125, "memory_reserved_MB": 386.0, "model_name": "GL_GCNConv_9l_512h_w"}