{"f1_macro": 0.882005821855446, "f1_weighted": 0.9045357308255935, "precision_macro": 0.916089600949414, "precision_weighted": 0.9080158985927596, "recall_macro": 0.8597265390174335, "recall_weighted": 0.9064039408866995, "accuracy": 0.9064039408866995, "class_scores": {"Swedes": 0.8918918918918919, "Norwegians": 0.937799043062201, "Danes": 0.8163265306122449}, "skipped_nodes": 12, "memory_allocated_MB": 26.81689453125, "memory_reserved_MB": 56.0, "f1_macro_score_only_mask_connect": NaN, "f1_macro_score_only_not_mask_connect": 0.882005821855446, "f1_macro_score_mixed_connect": NaN, "only_mask_connect_sum": 0.0, "only_not_mask_connect_sum": 203.0, "mixed_connect_sum": 0.0, "model_name": "GL_SAGEConv_3l_512h_de"}