{"f1_macro": 0.7792489087775403, "f1_weighted": 0.8671469810900229, "accuracy": 0.8781954887218045, "class_scores": {"English": 0.9326424870466321, "Germans": 0.6961325966850829, "French": 0.6285714285714286, "Belgium": 0.8596491228070176}, "skipped_nodes": 104, "model_name": "GL_SAGEConv_3l_128h"}