{"f1_macro": 0.6152281666927631, "f1_weighted": 0.6666933625070853, "precision_macro": 0.6291061676758883, "precision_weighted": 0.664748431387739, "recall_macro": 0.6117527852094398, "recall_weighted": 0.6767567567567567, "accuracy": 0.6767567567567567, "class_scores": {"Southern Russians": 0.7108433734939759, "Ukranians": 0.4318181818181818, "Northen Russians": 0.8048411497730711, "Belarusians": 0.5134099616858238}, "skipped_nodes": 0, "memory_allocated_MB": 39.484375, "memory_reserved_MB": 924.0, "model_name": "GL_TAGConv_3l_512h_w_k3_gnorm"}