{"f1_macro": 0.5070940544671074, "f1_weighted": 0.6202925260475839, "precision_macro": 0.5362795514460771, "precision_weighted": 0.8033718688780535, "recall_macro": 0.5721268478779209, "recall_weighted": 0.5828220858895705, "accuracy": 0.5828220858895705, "class_scores": {"P0": 0.8108108108108109, "P1": 0.6685393258426966, "P2": 0.4721030042918455, "P3": 0.07692307692307693}, "skipped_nodes": 0, "model_name": "LongestIbd"}