{"f1_macro": 0.379742883379247, "f1_weighted": 0.5174628606195812, "precision_macro": 0.42868892114175133, "precision_weighted": 0.6666966440204084, "recall_macro": 0.3927743096198032, "recall_weighted": 0.46932515337423314, "accuracy": 0.46932515337423314, "class_scores": {"P0": 0.6060606060606061, "P1": 0.5840220385674931, "P2": 0.3288888888888889, "P3": 0.0}, "skipped_nodes": 0, "model_name": "LongestIbd"}