{"f1_macro": 0.4856618438435143, "f1_weighted": 0.6662194763773128, "precision_macro": 0.8314947682854554, "precision_weighted": 0.782392963869337, "recall_macro": 0.47967563837129057, "recall_weighted": 0.7361878453038674, "accuracy": 0.7361878453038674, "class_scores": {"P0": 0.8434622467771639, "P1": 0.3246753246753247, "P2": 0.08333333333333333, "P3": 0.6911764705882353}, "skipped_nodes": 38, "model_name": "AgglomerativeClustering"}