{"f1_macro": 0.5604157962894937, "f1_weighted": 0.6631903064506468, "precision_macro": 0.5668939001819436, "precision_weighted": 0.8414592817734802, "recall_macro": 0.7770076930293648, "recall_weighted": 0.603125, "accuracy": 0.603125, "class_scores": {"Udmurts,Besermyan": 0.7692307692307693, "Tatars,Volga-Tatars,Mishar-Tatars,Kryashens": 0.7005649717514124, "Chuvash": 0.569620253164557, "Mari": 0.20224719101123595}, "skipped_nodes": 6, "model_name": "MaxIbdSumPerClassSize"}