{"f1_macro": 0.9298584298584299, "f1_weighted": 0.9433424746508858, "precision_macro": 0.9367470711239303, "precision_weighted": 0.9434619451332676, "recall_macro": 0.9238007910823445, "recall_weighted": 0.9439252336448598, "accuracy": 0.9439252336448598, "class_scores": {"Swedes": 0.9324324324324325, "Norwegians": 0.9714285714285714, "Danes": 0.8857142857142857}, "skipped_nodes": 1, "memory_allocated_MB": 42.37060546875, "memory_reserved_MB": 84.0, "f1_macro_score_only_mask_connect": 0.8692810457516339, "f1_macro_score_only_not_mask_connect": 0.7802197802197802, "f1_macro_score_mixed_connect": 0.9424651751794006, "only_mask_connect_sum": 11.0, "only_not_mask_connect_sum": 11.0, "mixed_connect_sum": 192.0, "model_name": "GL_GINConv_3l_512h"}