{"f1_macro": 0.973346955847229, "f1_weighted": 0.9907092880188428, "precision_macro": 0.9915740974501389, "precision_weighted": 0.9909779862865392, "recall_macro": 0.9572603719599427, "recall_weighted": 0.99079754601227, "accuracy": 0.99079754601227, "class_scores": {"Udmurts,Besermyan": 0.9714285714285714, "Tatars,Volga-Tatars,Mishar-Tatars,Kryashens": 0.9957081545064378, "Chuvash": 0.9850746268656716, "Mari": 0.9411764705882353}, "skipped_nodes": 0, "memory_allocated_MB": 40.0830078125, "memory_reserved_MB": 278.0, "model_name": "GL_TAGConv_3l_512h_w_k3_gnorm"}