{"f1_macro": 0.5013883511502919, "f1_weighted": 0.5624725360095139, "precision_macro": 0.6225004439463449, "precision_weighted": 0.6176658104783509, "recall_macro": 0.50218393419331, "recall_weighted": 0.5920852359208524, "accuracy": 0.5920852359208524, "class_scores": {"Southern Russians": 0.5990566037735849, "Ukranians": 0.3645320197044335, "Northen Russians": 0.7279151943462897, "Belarusians": 0.3140495867768595}, "skipped_nodes": 0, "memory_allocated_MB": 68.40673828125, "memory_reserved_MB": 11538.0, "model_name": "GL_TAGConv_3l_512h_w_k3_gnorm"}