{"f1_macro": 0.34885280942310753, "f1_weighted": 0.6813542103924654, "accuracy": 0.6932515337423313, "class_scores": {"Udmurts,Besermyan": 0.0, "Tatars,Volga-Tatars,Mishar-Tatars,Kryashens": 0.7785888077858881, "Chuvash": 0.616822429906542, "Mari": 0.0}, "skipped_nodes": 0, "model_name": "GL_GINConv_9l_512h"}