{"f1_macro": 0.8394378752323775, "f1_weighted": 0.9017924120677144, "precision_macro": 0.8191219408610714, "precision_weighted": 0.9209859788414069, "recall_macro": 0.8725451944336065, "recall_weighted": 0.8957055214723927, "accuracy": 0.8957055214723927, "class_scores": {"P0": 1.0, "P1": 0.9363636363636364, "P2": 0.7898089171974523, "P3": 0.631578947368421}, "skipped_nodes": 0, "model_name": "LongestIbd"}