{"f1_macro": 0.7334670443922172, "f1_weighted": 0.8091905050633584, "accuracy": 0.7791411042944786, "class_scores": {"P0": 1.0, "P1": 0.817258883248731, "P2": 0.7951807228915663, "P3": 0.32142857142857145}, "skipped_nodes": 0, "model_name": "MaxIbdSumPerClassSize"}