{"f1_macro": 0.22503267973856209, "f1_weighted": 0.052318056056778535, "precision_macro": 0.2375196540880503, "precision_weighted": 0.054310394721611296, "recall_macro": 0.2159090909090909, "recall_weighted": 0.05214723926380368, "accuracy": 0.05214723926380368, "class_scores": {"P0": 0.8823529411764706, "P1": 0.0, "P2": 0.017777777777777778, "P3": 0.0}, "skipped_nodes": 0, "model_name": "MaxIbdSumPerClassSize"}