{"f1_macro": 0.7928423180101032, "f1_weighted": 0.9055393117750583, "precision_macro": 0.8016692496448405, "precision_weighted": 0.9062750296427365, "recall_macro": 0.7867125902449565, "recall_weighted": 0.9061488673139159, "accuracy": 0.9061488673139159, "class_scores": {"English": 0.9682539682539683, "Germans": 0.7516778523489933, "French": 0.5454545454545454, "Belgium": 0.905982905982906}, "skipped_nodes": 151, "memory_allocated_MB": 17.244140625, "memory_reserved_MB": 72.0, "model_name": "GL_SAGEConv_3l_128h"}