{"f1_macro": 0.8586146667525403, "f1_weighted": 0.918570186382165, "precision_macro": 0.8651323349852761, "precision_weighted": 0.9205967881763306, "recall_macro": 0.8571578235144975, "recall_weighted": 0.9196556671449068, "accuracy": 0.9196556671449068, "class_scores": {"English": 0.9686486486486486, "Germans": 0.8217821782178217, "French": 0.7175572519083969, "Belgium": 0.9264705882352942}, "skipped_nodes": 72, "memory_allocated_MB": 18.3271484375, "memory_reserved_MB": 72.0, "model_name": "GL_GINConv_3l_128h"}