{"f1_macro": 0.5341840705923255, "f1_weighted": 0.579179789851138, "precision_macro": 0.5328480622587566, "precision_weighted": 0.5888549049932774, "recall_macro": 0.5420965755642725, "recall_weighted": 0.574235807860262, "accuracy": 0.574235807860262, "class_scores": {"Ukranians": 0.38688524590163936, "Southern Russians": 0.5886287625418061, "Northen Russians": 0.7231270358306189, "Belarusians": 0.4380952380952381}, "skipped_nodes": 7, "memory_allocated_MB": 37.7197265625, "memory_reserved_MB": 240.0, "model_name": "GL_TAGConv_3l_512h_nw_k3_gnorm_relu"}