{"f1_macro": 0.9096609359289234, "f1_weighted": 0.9268811788693837, "precision_macro": 0.9267052526761265, "precision_weighted": 0.9281836584468164, "recall_macro": 0.8976330166684067, "recall_weighted": 0.9282296650717703, "accuracy": 0.9282296650717703, "class_scores": {"Swedes": 0.9548387096774194, "Norwegians": 0.9320388349514563, "Danes": 0.8421052631578947}, "skipped_nodes": 6, "memory_allocated_MB": 18.59912109375, "memory_reserved_MB": 72.0, "model_name": "GL_GCNConv_9l_128h_w"}