{"f1_macro": 0.5505847953216374, "f1_weighted": 0.6485308362931869, "precision_macro": 0.550483840584963, "precision_weighted": 0.8453551528925753, "recall_macro": 0.7404354705856852, "recall_weighted": 0.6012269938650306, "accuracy": 0.6012269938650306, "class_scores": {"P0": 0.7555555555555555, "P1": 0.6666666666666666, "P2": 0.6222222222222222, "P3": 0.15789473684210525}, "skipped_nodes": 0, "model_name": "MaxIbdSumPerClassSize"}