{"f1_macro": 0.550941175522181, "f1_weighted": 0.6491779758325323, "accuracy": 0.6012269938650306, "class_scores": {"P0": 0.7555555555555555, "P1": 0.6666666666666666, "P2": 0.6256983240223464, "P3": 0.15584415584415584}, "skipped_nodes": 0, "model_name": "MaxIbdSumPerClassSize"}