{"f1_macro": 0.70215999857367, "f1_weighted": 0.8161146769362431, "accuracy": 0.8272727272727273, "class_scores": {"Chechens": 0.85, "Kabardians, Circassians, Adyghes": 0.8070175438596491, "Karachays, Balkars": 0.8421052631578947, "Ingush": 0.9, "Dagestan peoples": 0.8292682926829268, "Ossetians": 0.8888888888888888, "Kumyks": 0.0, "Nogais": 0.5}, "skipped_nodes": 8, "model_name": "GL_TAGConv_3l_128h_w_k3"}