{"f1_macro": 0.6748915277908546, "f1_weighted": 0.7985365240578427, "precision_macro": 0.7349363197189285, "precision_weighted": 0.8211871406526373, "recall_macro": 0.6654625068418172, "recall_weighted": 0.7981651376146789, "accuracy": 0.7981651376146789, "class_scores": {"Chechens": 0.8333333333333334, "Kabardians, Circassians, Adyghes": 0.8461538461538461, "Karachays, Balkars": 0.85, "Ingush": 0.7368421052631579, "Dagestan peoples": 0.7906976744186046, "Ossetians": 0.8421052631578947, "Kumyks": 0.0, "Nogais": 0.5}, "skipped_nodes": 9, "memory_allocated_MB": 37.02587890625, "memory_reserved_MB": 130.0, "model_name": "GL_GATConv_9l_128h"}