{"f1_macro": 0.9140726899435918, "f1_weighted": 0.9440196781867461, "precision_macro": 0.9219043593507112, "precision_weighted": 0.9452277332460357, "recall_macro": 0.9113208782982971, "recall_weighted": 0.9449035812672176, "accuracy": 0.9449035812672176, "class_scores": {"English": 0.9697624190064795, "Germans": 0.9218106995884774, "French": 0.8405797101449275, "Belgium": 0.9241379310344827}, "skipped_nodes": 43, "memory_allocated_MB": 37.58984375, "memory_reserved_MB": 218.0, "model_name": "GL_TAGConv_3l_512h_nw_k3_gnorm_gelu"}