{"f1_macro": 0.8888701332415949, "f1_weighted": 0.9472124031545196, "precision_macro": 0.890278233524747, "precision_weighted": 0.9482646947382678, "recall_macro": 0.8900033738191633, "recall_weighted": 0.947069943289225, "accuracy": 0.947069943289225, "class_scores": {"English": 0.9712140175219024, "Germans": 0.8979591836734694, "French": 0.7931034482758621, "Belgium": 0.8932038834951457}, "skipped_nodes": 240, "memory_allocated_MB": 26.08203125, "memory_reserved_MB": 66.0, "model_name": "GL_TAGConv_9l_128h_w_k3"}