{"f1_macro": 0.5252966446861034, "f1_weighted": 0.5806834325908975, "precision_macro": 0.5268415603295197, "precision_weighted": 0.5838427129353975, "recall_macro": 0.528300874734263, "recall_weighted": 0.5816216216216217, "accuracy": 0.5816216216216217, "class_scores": {"Southern Russians": 0.6043405676126878, "Ukranians": 0.3877551020408163, "Northen Russians": 0.7454545454545455, "Belarusians": 0.36363636363636365}, "skipped_nodes": 0, "memory_allocated_MB": 32.99169921875, "memory_reserved_MB": 142.0, "f1_macro_score_only_mask_connect": 0.29642857142857143, "f1_macro_score_only_not_mask_connect": 1.0, "f1_macro_score_mixed_connect": 0.5244768305368038, "only_mask_connect_sum": 16.0, "only_not_mask_connect_sum": 1.0, "mixed_connect_sum": 908.0, "model_name": "GL_GINConv_3l_128h"}