{"f1_macro": 0.5599040099571014, "f1_weighted": 0.6290656298627476, "precision_macro": 0.5621612999913019, "precision_weighted": 0.6268040115585133, "recall_macro": 0.5592571807552041, "recall_weighted": 0.6322033898305085, "accuracy": 0.6322033898305085, "class_scores": {"Northen Russians": 0.7542372881355932, "Ukranians": 0.34328358208955223, "Belarusians": 0.5061728395061729, "Southern Russians": 0.6359223300970874}, "skipped_nodes": 148, "memory_allocated_MB": 21.763671875, "memory_reserved_MB": 60.0, "model_name": "GL_MLP_3l_512h"}