{"f1_macro": 0.5027423767345307, "f1_weighted": 0.7041128243080044, "precision_macro": 0.47647527910685805, "precision_weighted": 0.6745510020109563, "recall_macro": 0.5472806795131846, "recall_weighted": 0.7565217391304347, "accuracy": 0.7565217391304347, "class_scores": {"Chechens": 0.7058823529411765, "Kabardians, Circassians, Adyghes": 0.847457627118644, "Karachays, Balkars": 0.8888888888888888, "Ingush": 0.0, "Dagestan peoples": 0.9130434782608695, "Ossetians": 0.6666666666666666, "Kumyks": 0.0, "Nogais": 0.0}, "skipped_nodes": 3, "memory_allocated_MB": 274.0576171875, "memory_reserved_MB": 298.0, "model_name": "GL_GATConv_9l_512h"}