{"f1_macro": 0.3554237133861352, "f1_weighted": 0.45517545828551403, "precision_macro": 0.4024096217502882, "precision_weighted": 0.4635645677104326, "recall_macro": 0.39539632308619654, "recall_weighted": 0.5222584147665581, "accuracy": 0.5222584147665581, "class_scores": {"Southern Russians": 0.5674740484429066, "Ukranians": 0.18652849740932642, "Northen Russians": 0.6676923076923077, "Belarusians": 0.0}, "skipped_nodes": 4, "memory_allocated_MB": 29.61279296875, "memory_reserved_MB": 108.0, "f1_macro_score_only_mask_connect": 0.23809523809523808, "f1_macro_score_only_not_mask_connect": 0.38611111111111107, "f1_macro_score_mixed_connect": 0.34533156703861995, "only_mask_connect_sum": 12.0, "only_not_mask_connect_sum": 35.0, "mixed_connect_sum": 874.0, "model_name": "GL_TAGConv_9l_128h_w_k3"}