{"f1_macro": 0.5656454385399469, "f1_weighted": 0.6862577115442959, "precision_macro": 0.5425089922382785, "precision_weighted": 0.8170168312923706, "recall_macro": 0.7113552109440267, "recall_weighted": 0.6588235294117647, "accuracy": 0.6588235294117647, "class_scores": {"Udmurts,Besermyan": 0.7222222222222222, "Tatars,Volga-Tatars,Mishar-Tatars,Kryashens": 0.7232472324723247, "Chuvash": 0.6352941176470588, "Mari": 0.18181818181818182}, "skipped_nodes": 71, "model_name": "MaxIbdSumPerClassSize"}