{"f1_macro": 0.9114084978253597, "f1_weighted": 0.9185777942834519, "accuracy": 0.9186602870813397, "class_scores": {"Swedes": 0.9251700680272109, "Norwegians": 0.9238095238095239, "Danes": 0.8852459016393442}, "skipped_nodes": 6, "model_name": "GL_SAGEConv_9l_512h"}