{"f1_macro": 0.8512602922337014, "f1_weighted": 0.9116536458539252, "precision_macro": 0.8440756159450657, "precision_weighted": 0.9162397472361042, "recall_macro": 0.8666486018474684, "recall_weighted": 0.9109195402298851, "accuracy": 0.9109195402298851, "class_scores": {"English": 0.96353591160221, "Germans": 0.8076923076923077, "French": 0.7338129496402878, "Belgium": 0.9}, "skipped_nodes": 73, "memory_allocated_MB": 37.83447265625, "memory_reserved_MB": 200.0, "model_name": "GL_TAGConv_3l_512h_w_k3_gnorm"}