{"f1_macro": 0.631019898107845, "f1_weighted": 0.6846311962262693, "precision_macro": 0.636349104859335, "precision_weighted": 0.8719387915208762, "recall_macro": 0.8554590974118871, "recall_weighted": 0.6411042944785276, "accuracy": 0.6411042944785276, "class_scores": {"Udmurts,Besermyan": 0.9473684210526315, "Tatars,Volga-Tatars,Mishar-Tatars,Kryashens": 0.6910112359550562, "Chuvash": 0.6519337016574586, "Mari": 0.23376623376623376}, "skipped_nodes": 0, "model_name": "MaxEdgeCountPerClassSize"}