{"f1_macro": 0.8706540436439762, "f1_weighted": 0.9327055801045798, "precision_macro": 0.9203384832810197, "precision_weighted": 0.9380539183860619, "recall_macro": 0.8484315913181892, "recall_weighted": 0.9368421052631579, "accuracy": 0.9368421052631579, "class_scores": {"English": 0.9737991266375546, "Germans": 0.8730964467005076, "French": 0.7126436781609196, "Belgium": 0.9230769230769231}, "skipped_nodes": 104, "memory_allocated_MB": 86.51025390625, "memory_reserved_MB": 204.0, "model_name": "GL_SAGEConv_9l_512h"}