{"f1_macro": 0.6592656674962861, "f1_weighted": 0.7250796464846025, "precision_macro": 0.6446717380879725, "precision_weighted": 0.8809989390373026, "recall_macro": 0.8862010664585772, "recall_weighted": 0.6901840490797546, "accuracy": 0.6901840490797546, "class_scores": {"Udmurts,Besermyan": 0.9230769230769231, "Tatars,Volga-Tatars,Mishar-Tatars,Kryashens": 0.7302452316076294, "Chuvash": 0.7150837988826816, "Mari": 0.26865671641791045}, "skipped_nodes": 0, "model_name": "MaxIbdSumPerClassSize"}