{"f1_macro": 0.5130302033055434, "f1_weighted": 0.5476009945882698, "precision_macro": 0.5636879432624115, "precision_weighted": 0.8506265139116204, "recall_macro": 0.7315613026819923, "recall_weighted": 0.48, "accuracy": 0.48, "class_scores": {"Udmurts,Besermyan": 0.8372093023255814, "Tatars,Volga-Tatars,Mishar-Tatars,Kryashens": 0.5408805031446541, "Chuvash": 0.55, "Mari": 0.12403100775193798}, "skipped_nodes": 1, "model_name": "MaxEdgeCountPerClassSize"}