{"f1_macro": 0.952587349745706, "f1_weighted": 0.9709955426767234, "precision_macro": 0.9604521084136015, "precision_weighted": 0.9712622071833394, "recall_macro": 0.9460048263756704, "recall_weighted": 0.9714285714285714, "accuracy": 0.9714285714285714, "class_scores": {"P0": 0.9881593110871906, "P1": 0.952755905511811, "P2": 0.9054054054054054, "P3": 0.9640287769784173}, "skipped_nodes": 27, "memory_allocated_MB": 36.56689453125, "memory_reserved_MB": 746.0, "model_name": "GL_GATConv_9l_128h"}