{"f1_macro": 0.3180257698334241, "f1_weighted": 0.43539792778083697, "precision_macro": 0.27499680552006134, "precision_weighted": 0.37638650120068146, "recall_macro": 0.3868233939211857, "recall_weighted": 0.5297941495124594, "accuracy": 0.5297941495124594, "class_scores": {"Southern Russians": 0.5799086757990868, "Ukranians": 0.0, "Northen Russians": 0.6921944035346097, "Belarusians": 0.0}, "skipped_nodes": 2, "memory_allocated_MB": 24.0478515625, "memory_reserved_MB": 308.0, "model_name": "GL_GATConv_3l_128h"}