{"f1_macro": 0.5341277425570266, "f1_weighted": 0.6215797946392517, "accuracy": 0.5674846625766872, "class_scores": {"P0": 0.8, "P1": 0.6416184971098265, "P2": 0.5698924731182796, "P3": 0.125}, "skipped_nodes": 0, "model_name": "MaxIbdSumPerClassSize"}