{"f1_macro": 0.24245689655172414, "f1_weighted": 0.4401764494865701, "accuracy": 0.42522756827048114, "class_scores": {"P0": 0.6781609195402298, "P1": 0.0, "P2": 0.2916666666666667, "P3": 0.0}, "skipped_nodes": 0, "model_name": "GL_GINConv_3l_512h"}