{"f1_macro": 0.47272485111224233, "f1_weighted": 0.5443342391269569, "accuracy": 0.48466257668711654, "class_scores": {"P0": 0.7083333333333334, "P1": 0.5510835913312694, "P2": 0.5371428571428571, "P3": 0.09433962264150944}, "skipped_nodes": 0, "model_name": "MaxEdgeCountPerClassSize"}