{"f1_macro": 0.808843398390045, "f1_weighted": 0.9596873928842657, "accuracy": 0.9662576687116564, "class_scores": {"P0": 0.9411764705882353, "P1": 0.9893842887473461, "P2": 0.9411764705882353, "P3": 0.36363636363636365}, "skipped_nodes": 0, "model_name": "MaxIbdSum"}