{"f1_macro": 0.8902799651154915, "f1_weighted": 0.946756189311591, "precision_macro": 0.9270833333333333, "precision_weighted": 0.9530701754385965, "recall_macro": 0.8772126436781609, "recall_weighted": 0.9473684210526315, "accuracy": 0.9473684210526315, "class_scores": {"Chechens": 0.9473684210526315, "Kabardians, Circassians, Adyghes": 0.9642857142857143, "Karachays, Balkars": 0.918918918918919, "Ingush": 1.0, "Dagestan peoples": 0.9583333333333334, "Ossetians": 1.0, "Kumyks": 0.6666666666666666, "Nogais": 0.6666666666666666}, "skipped_nodes": 4, "memory_allocated_MB": 86.65576171875, "memory_reserved_MB": 174.0, "model_name": "GL_SAGEConv_9l_512h"}