{"f1_macro": 0.9374704860607117, "f1_weighted": 0.9560580310085651, "accuracy": 0.956140350877193, "class_scores": {"Chechens": 0.918918918918919, "Kabardians, Circassians, Adyghes": 0.9824561403508771, "Karachays, Balkars": 0.9714285714285714, "Ingush": 0.9, "Dagestan peoples": 0.9795918367346939, "Ossetians": 0.9473684210526315, "Kumyks": 0.8, "Nogais": 1.0}, "skipped_nodes": 4, "model_name": "GL_TAGConv_3l_512h_w_k3"}