{"f1_macro": 0.36527662889127854, "f1_weighted": 0.39525251623059443, "precision_macro": 0.44047501155344293, "precision_weighted": 0.6488654539298109, "recall_macro": 0.40452811375558156, "recall_weighted": 0.3619631901840491, "accuracy": 0.3619631901840491, "class_scores": {"P0": 0.7428571428571429, "P1": 0.40764331210191085, "P2": 0.3106060606060606, "P3": 0.0}, "skipped_nodes": 0, "model_name": "LongestIbd"}