{"f1_macro": 0.958767640555393, "f1_weighted": 0.9769708833064847, "precision_macro": 0.9593889040639936, "precision_weighted": 0.9778752202889026, "recall_macro": 0.9604188555894665, "recall_weighted": 0.977027027027027, "accuracy": 0.977027027027027, "class_scores": {"P0": 0.9956427015250545, "P1": 0.9477611940298507, "P2": 0.9333333333333333, "P3": 0.9583333333333334}, "skipped_nodes": 22, "memory_allocated_MB": 22.06201171875, "memory_reserved_MB": 68.0, "model_name": "GL_MLP_3l_512h"}