{"f1_macro": 0.4842852242517794, "f1_weighted": 0.5936133922366148, "accuracy": 0.5276073619631901, "class_scores": {"P0": 0.6956521739130435, "P1": 0.6376811594202898, "P2": 0.47337278106508873, "P3": 0.13043478260869565}, "skipped_nodes": 0, "model_name": "MaxEdgeCountPerClassSize"}