{"f1_macro": 0.6694866365116686, "f1_weighted": 0.8172373240554509, "precision_macro": 0.6712662337662337, "precision_weighted": 0.8280445969125215, "recall_macro": 0.67896294881589, "recall_weighted": 0.8207547169811321, "accuracy": 0.8207547169811321, "class_scores": {"Chechens": 0.7894736842105263, "Kabardians, Circassians, Adyghes": 0.8461538461538461, "Karachays, Balkars": 0.8648648648648649, "Ingush": 0.7619047619047619, "Dagestan peoples": 0.926829268292683, "Ossetians": 0.6666666666666666, "Kumyks": 0.0, "Nogais": 0.5}, "skipped_nodes": 12, "memory_allocated_MB": 36.8447265625, "memory_reserved_MB": 130.0, "model_name": "GL_GATConv_9l_128h"}