{"f1_macro": 0.9479018611285557, "f1_weighted": 0.9675645042604956, "precision_macro": 0.9410305990517955, "precision_weighted": 0.9692800696052329, "recall_macro": 0.9580990519777705, "recall_weighted": 0.9672131147540983, "accuracy": 0.9672131147540983, "class_scores": {"P0": 0.982532751091703, "P1": 0.9615384615384616, "P2": 0.927536231884058, "P3": 0.92}, "skipped_nodes": 30, "model_name": "MaxEdgeCountPerClassSize"}