{"f1_macro": 0.27493701550387595, "f1_weighted": 0.44977390180878557, "precision_macro": 0.23389321468298108, "precision_weighted": 0.3845598423199266, "recall_macro": 0.355, "recall_weighted": 0.5789473684210527, "accuracy": 0.5789473684210527, "class_scores": {"Chechens": 0.7083333333333334, "Kabardians, Circassians, Adyghes": 0.6511627906976745, "Karachays, Balkars": 0.0, "Ingush": 0.0, "Dagestan peoples": 0.84, "Ossetians": 0.0, "Kumyks": 0.0, "Nogais": 0.0}, "skipped_nodes": 4, "memory_allocated_MB": 339.48046875, "memory_reserved_MB": 1364.0, "f1_macro_score_only_mask_connect": 0.5218181818181818, "f1_macro_score_only_not_mask_connect": 0.2, "f1_macro_score_mixed_connect": 0.2581123123590262, "only_mask_connect_sum": 25.0, "only_not_mask_connect_sum": 4.0, "mixed_connect_sum": 85.0, "model_name": "GL_GATConv_9l_512h"}