{"f1_macro": 0.9205676295896328, "f1_weighted": 0.9813122109740424, "precision_macro": 0.890625, "precision_weighted": 0.9879217791411042, "recall_macro": 0.9816296007283132, "recall_weighted": 0.9785276073619632, "accuracy": 0.9785276073619632, "class_scores": {"P0": 1.0, "P1": 0.9935205183585313, "P2": 0.96875, "P3": 0.72}, "skipped_nodes": 0, "memory_allocated_MB": 22.244140625, "memory_reserved_MB": 52.0, "model_name": "GL_MLP_3l_512h"}