{"f1_macro": 0.641652817184732, "f1_weighted": 0.7532292328913105, "accuracy": 0.7549019607843137, "class_scores": {"Chechens": 0.6666666666666666, "Kabardians, Circassians, Adyghes": 0.851063829787234, "Karachays, Balkars": 0.8648648648648649, "Ingush": 0.6666666666666666, "Dagestan peoples": 0.6923076923076923, "Ossetians": 0.75, "Kumyks": 0.0, "Nogais": 0.0}, "skipped_nodes": 16, "model_name": "GL_GINConv_3l_512h"}