{"f1_macro": 0.8261524810252524, "f1_weighted": 0.8955358023129416, "precision_macro": 0.7940172252858864, "precision_weighted": 0.9178935401089463, "recall_macro": 0.8758291065158018, "recall_weighted": 0.8895705521472392, "accuracy": 0.8895705521472392, "class_scores": {"P0": 0.972972972972973, "P1": 0.926605504587156, "P2": 0.8050314465408805, "P3": 0.6}, "skipped_nodes": 0, "model_name": "LongestIbd"}