{"f1_macro": 0.9034157616984152, "f1_weighted": 0.9699901750042672, "precision_macro": 0.8816176470588235, "precision_weighted": 0.9713099963911944, "recall_macro": 0.9277160012138552, "recall_weighted": 0.9693251533742331, "accuracy": 0.9693251533742331, "class_scores": {"Udmurts,Besermyan": 0.9473684210526315, "Tatars,Volga-Tatars,Mishar-Tatars,Kryashens": 0.9891540130151844, "Chuvash": 0.9402985074626866, "Mari": 0.7368421052631579}, "skipped_nodes": 0, "memory_allocated_MB": 21.7587890625, "memory_reserved_MB": 168.0, "model_name": "GL_GATConv_3l_128h"}