{"f1_macro": 0.2874261227836835, "f1_weighted": 0.3936596561100297, "precision_macro": 0.24108833752846698, "precision_weighted": 0.33022003566771635, "recall_macro": 0.3587853891306952, "recall_weighted": 0.49134199134199136, "accuracy": 0.49134199134199136, "class_scores": {"Southern Russians": 0.43490304709141275, "Ukranians": 0.0, "Northen Russians": 0.7148014440433214, "Belarusians": 0.0}, "skipped_nodes": 1, "memory_allocated_MB": 18.2509765625, "memory_reserved_MB": 262.0, "model_name": "GL_GCNConv_3l_128h_w"}