{"f1_macro": 0.759043705549485, "f1_weighted": 0.8392771074584343, "precision_macro": 0.7944444444444445, "precision_weighted": 0.8541062801932368, "recall_macro": 0.7572194050033807, "recall_weighted": 0.8347826086956521, "accuracy": 0.8347826086956521, "class_scores": {"Chechens": 0.7894736842105263, "Kabardians, Circassians, Adyghes": 0.847457627118644, "Karachays, Balkars": 0.8571428571428571, "Ingush": 0.8421052631578947, "Dagestan peoples": 0.9361702127659575, "Ossetians": 0.8, "Kumyks": 0.3333333333333333, "Nogais": 0.6666666666666666}, "skipped_nodes": 3, "memory_allocated_MB": 17.7685546875, "memory_reserved_MB": 24.0, "model_name": "GL_GINConv_3l_128h"}