{"f1_macro": 0.7220187504336363, "f1_weighted": 0.9471933137285251, "precision_macro": 0.7138725045372051, "precision_weighted": 0.9363562753036437, "recall_macro": 0.7328783524904214, "recall_weighted": 0.96, "accuracy": 0.96, "class_scores": {"Udmurts,Besermyan": 0.9714285714285714, "Tatars,Volga-Tatars,Mishar-Tatars,Kryashens": 0.9870689655172413, "Chuvash": 0.9295774647887324, "Mari": 0.0}, "skipped_nodes": 1, "model_name": "MaxIbdSum"}