{"f1_macro": 0.31477272727272726, "f1_weighted": 0.42721491545020956, "accuracy": 0.4864864864864865, "class_scores": {"Chechens": 0.6, "Kabardians, Circassians, Adyghes": 0.3, "Karachays, Balkars": 0.6181818181818182, "Ingush": 0.0, "Dagestan peoples": 0.5294117647058824, "Ossetians": 0.47058823529411764, "Kumyks": 0.0, "Nogais": 0.0}, "skipped_nodes": 7, "model_name": "GL_GINConv_9l_128h"}