{"f1_macro": 0.14957044568277184, "f1_weighted": 0.19674465186715343, "accuracy": 0.30782608695652175, "class_scores": {"krasnodar": 0.1073170731707317, "yaroslavl": 0.15053763440860216, "ryazan": 0.46402349486049926, "kaluga": 0.0, "vologda": 0.025974025974025976}, "skipped_nodes": 1, "model_name": "GL_GCNConv_9l_128h_w"}