{"f1_macro": 0.9055402491001207, "f1_weighted": 0.9452247334205393, "accuracy": 0.9472222222222222, "class_scores": {"English": 0.9837133550488599, "Germans": 0.88, "French": 0.819672131147541, "Belgium": 0.9387755102040817}, "skipped_nodes": 49, "model_name": "GL_TAGConv_3l_512h_nw_k3_gnorm_relu"}