{"f1_macro": 0.8547337178158926, "f1_weighted": 0.9224674680469607, "precision_macro": 0.9170517218186709, "precision_weighted": 0.9305283437902057, "recall_macro": 0.8319870259692353, "recall_weighted": 0.9283667621776505, "accuracy": 0.9283667621776505, "class_scores": {"English": 0.9740820734341252, "Germans": 0.8442622950819673, "French": 0.651685393258427, "Belgium": 0.948905109489051}, "skipped_nodes": 71, "memory_allocated_MB": 19.01904296875, "memory_reserved_MB": 188.0, "f1_macro_score_only_mask_connect": 0.7124094202898551, "f1_macro_score_only_not_mask_connect": 0.9166965566714491, "f1_macro_score_mixed_connect": 0.9461029682707576, "only_mask_connect_sum": 163.0, "only_not_mask_connect_sum": 43.0, "mixed_connect_sum": 492.0, "model_name": "GL_TAGConv_3l_128h_w_k3"}