{"f1_macro": 0.8669535924264435, "f1_weighted": 0.8968046864589405, "accuracy": 0.896551724137931, "class_scores": {"Chechens": 0.8780487804878049, "Kabardians, Circassians, Adyghes": 0.9285714285714286, "Karachays, Balkars": 0.9142857142857143, "Ingush": 0.8181818181818182, "Dagestan peoples": 0.8936170212765957, "Ossetians": 0.9473684210526315, "Kumyks": 0.6666666666666666, "Nogais": 0.8888888888888888}, "skipped_nodes": 2, "model_name": "MaxIbdSum"}