{"f1_macro": 0.3537719285224062, "f1_weighted": 0.41224771845967045, "accuracy": 0.4565972222222222, "class_scores": {"krasnodar": 0.543640897755611, "yaroslavl": 0.32608695652173914, "ryazan": 0.5286343612334802, "kaluga": 0.18867924528301888, "vologda": 0.18181818181818182}, "skipped_nodes": 0, "model_name": "GL_TAGConv_9l_512h_w_k3"}