{"f1_macro": 0.9397528510431736, "f1_weighted": 0.9597404317129331, "precision_macro": 0.9563290960451978, "precision_weighted": 0.9616979562224074, "recall_macro": 0.9287655768166617, "recall_weighted": 0.9603825136612022, "accuracy": 0.9603825136612022, "class_scores": {"English": 0.978494623655914, "Germans": 0.9343629343629344, "French": 0.9090909090909091, "Belgium": 0.9370629370629371}, "skipped_nodes": 37, "memory_allocated_MB": 17.16552734375, "memory_reserved_MB": 22.0, "model_name": "GL_MLP_3l_128h"}