{"f1_macro": 0.6175663977888921, "f1_weighted": 0.6576030335170744, "precision_macro": 0.6283785591493334, "precision_weighted": 0.6557926995611343, "recall_macro": 0.6109816116279998, "recall_weighted": 0.6627027027027027, "accuracy": 0.6627027027027027, "class_scores": {"Southern Russians": 0.6888217522658611, "Ukranians": 0.4726027397260274, "Northen Russians": 0.7685185185185185, "Belarusians": 0.5403225806451613}, "skipped_nodes": 0, "memory_allocated_MB": 40.46435546875, "memory_reserved_MB": 480.0, "model_name": "GL_TAGConv_3l_512h_w_k3_gnorm"}