{"f1_macro": 0.6406266568726654, "f1_weighted": 0.6814368169695076, "precision_macro": 0.6566245239706824, "precision_weighted": 0.6813254486685117, "recall_macro": 0.6317315857090857, "recall_weighted": 0.6872294372294372, "accuracy": 0.6872294372294372, "class_scores": {"Southern Russians": 0.7050147492625368, "Ukranians": 0.5017667844522968, "Northen Russians": 0.8006230529595015, "Belarusians": 0.5551020408163265}, "skipped_nodes": 1, "memory_allocated_MB": 36.6865234375, "memory_reserved_MB": 622.0, "model_name": "GL_TAGConv_3l_512h_w_k3_gnorm"}