{"f1_macro": 0.9125384055126147, "f1_weighted": 0.9812578797572247, "precision_macro": 0.9134725400457666, "precision_weighted": 0.9813897741152027, "recall_macro": 0.913447782546495, "recall_weighted": 0.9815950920245399, "accuracy": 0.9815950920245399, "class_scores": {"Udmurts,Besermyan": 0.972972972972973, "Tatars,Volga-Tatars,Mishar-Tatars,Kryashens": 0.9935205183585313, "Chuvash": 0.9777777777777777, "Mari": 0.7058823529411765}, "skipped_nodes": 0, "memory_allocated_MB": 174.07666015625, "memory_reserved_MB": 522.0, "f1_macro_score_only_mask_connect": NaN, "f1_macro_score_only_not_mask_connect": NaN, "f1_macro_score_mixed_connect": 0.9125384055126147, "only_mask_connect_sum": 0.0, "only_not_mask_connect_sum": 0.0, "mixed_connect_sum": 326.0, "model_name": "GL_TAGConv_9l_512h_w_k3"}