{"f1_macro": 0.9699420783012115, "f1_weighted": 0.9768209854321167, "precision_macro": 0.9689949689949691, "precision_weighted": 0.9771066143159167, "recall_macro": 0.9710650456281525, "recall_weighted": 0.9767441860465116, "accuracy": 0.9767441860465116, "class_scores": {"Swedes": 0.9736842105263158, "Norwegians": 0.9901960784313726, "Danes": 0.9459459459459459}, "skipped_nodes": 0, "memory_allocated_MB": 37.1669921875, "memory_reserved_MB": 152.0, "model_name": "GL_TAGConv_3l_512h_w_k3_gnorm"}