{"f1_macro": 0.5227369288961013, "f1_weighted": 0.5737047357544417, "precision_macro": 0.5591836856725676, "precision_weighted": 0.5779788614809618, "recall_macro": 0.5139596167639973, "recall_weighted": 0.5898876404494382, "accuracy": 0.5898876404494382, "class_scores": {"Ukranians": 0.34210526315789475, "Southern Russians": 0.6228070175438597, "Northen Russians": 0.6920731707317073, "Belarusians": 0.4339622641509434}, "skipped_nodes": 25, "memory_allocated_MB": 36.6865234375, "memory_reserved_MB": 228.0, "model_name": "GL_TAGConv_3l_512h_nw_k3_gnorm_leaky_relu"}