{"f1_macro": 0.7085699797160243, "f1_weighted": 0.9386708396072625, "precision_macro": 0.7056140062469176, "precision_weighted": 0.9297952959520095, "recall_macro": 0.7168574153552694, "recall_weighted": 0.950920245398773, "accuracy": 0.950920245398773, "class_scores": {"Udmurts,Besermyan": 0.9411764705882353, "Tatars,Volga-Tatars,Mishar-Tatars,Kryashens": 0.9827586206896551, "Chuvash": 0.9103448275862069, "Mari": 0.0}, "skipped_nodes": 0, "model_name": "MaxSegmentCount"}