{"f1_macro": 0.5333740132172592, "f1_weighted": 0.6024985957520506, "accuracy": 0.558282208588957, "class_scores": {"P0": 0.7058823529411765, "P1": 0.5921450151057401, "P2": 0.6705202312138728, "P3": 0.16494845360824742}, "skipped_nodes": 0, "model_name": "MaxEdgeCountPerClassSize"}