{"f1_macro": 0.8457958300829145, "f1_weighted": 0.9112422190091356, "precision_macro": 0.9221163217873745, "precision_weighted": 0.9251991252214268, "recall_macro": 0.8294834954317712, "recall_weighted": 0.9152542372881356, "accuracy": 0.9152542372881356, "class_scores": {"Chechens": 0.918918918918919, "Kabardians, Circassians, Adyghes": 0.9285714285714286, "Karachays, Balkars": 0.918918918918919, "Ingush": 0.8695652173913043, "Dagestan peoples": 0.9803921568627451, "Ossetians": 0.9, "Kumyks": 0.5, "Nogais": 0.75}, "skipped_nodes": 0, "memory_allocated_MB": 25.19091796875, "memory_reserved_MB": 92.0, "model_name": "GL_TAGConv_9l_128h_w_k3"}