{"f1_macro": 0.9326749116104782, "f1_weighted": 0.9584291986379951, "precision_macro": 0.937634457633412, "precision_weighted": 0.9586520049297458, "recall_macro": 0.9295335732843057, "recall_weighted": 0.9589603283173734, "accuracy": 0.9589603283173734, "class_scores": {"English": 0.9836779107725789, "Germans": 0.9207547169811321, "French": 0.8759124087591241, "Belgium": 0.950354609929078}, "skipped_nodes": 38, "memory_allocated_MB": 34.10546875, "memory_reserved_MB": 130.0, "f1_macro_score_only_mask_connect": -100.0, "f1_macro_score_only_not_mask_connect": -100.0, "f1_macro_score_mixed_connect": -100.0, "only_mask_connect_sum": -100.0, "only_not_mask_connect_sum": -100.0, "mixed_connect_sum": -100.0, "model_name": "GL_SAGEConv_3l_512h_de"}