{"f1_macro": 0.7092788038698329, "f1_weighted": 0.7518850057464752, "precision_macro": 0.689484126984127, "precision_weighted": 0.879674262342974, "recall_macro": 0.8990766029392638, "recall_weighted": 0.7269938650306749, "accuracy": 0.7269938650306749, "class_scores": {"Udmurts,Besermyan": 1.0, "Tatars,Volga-Tatars,Mishar-Tatars,Kryashens": 0.7704485488126649, "Chuvash": 0.6666666666666666, "Mari": 0.4}, "skipped_nodes": 0, "model_name": "MaxIbdSumPerClassSize"}