{"f1_macro": 0.7350967626810343, "f1_weighted": 0.9414241375467158, "precision_macro": 0.9572649572649573, "precision_weighted": 0.9566357296418646, "recall_macro": 0.7051144492131617, "recall_weighted": 0.950920245398773, "accuracy": 0.950920245398773, "class_scores": {"P0": 0.8387096774193549, "P1": 0.9850107066381156, "P2": 0.9166666666666666, "P3": 0.2}, "skipped_nodes": 0, "model_name": "MaxIbdSum"}