{"f1_macro": 0.9492720759801504, "f1_weighted": 0.952746294033063, "precision_macro": 0.9455128205128206, "precision_weighted": 0.9532081519109821, "recall_macro": 0.9538206739006282, "recall_weighted": 0.9528301886792453, "accuracy": 0.9528301886792453, "class_scores": {"Swedes": 0.9387755102040817, "Norwegians": 0.966183574879227, "Danes": 0.9428571428571428}, "skipped_nodes": 3, "memory_allocated_MB": 41.6748046875, "memory_reserved_MB": 84.0, "model_name": "GL_GINConv_3l_512h"}