{"f1_macro": 0.5886599366366159, "f1_weighted": 0.64402945042702, "precision_macro": 0.5948248890842123, "precision_weighted": 0.6520419783168402, "recall_macro": 0.5964520502347902, "recall_weighted": 0.6464864864864864, "accuracy": 0.6464864864864864, "class_scores": {"Southern Russians": 0.70254110612855, "Ukranians": 0.3582089552238806, "Northen Russians": 0.7859531772575251, "Belarusians": 0.5079365079365079}, "skipped_nodes": 0, "memory_allocated_MB": 28.2431640625, "memory_reserved_MB": 264.0, "model_name": "GL_SAGEConv_3l_512h"}