{"f1_macro": 0.5471771624015731, "f1_weighted": 0.5797365715340957, "accuracy": 0.5368098159509203, "class_scores": {"P0": 0.8571428571428571, "P1": 0.5705521472392638, "P2": 0.5925925925925926, "P3": 0.16842105263157894}, "skipped_nodes": 0, "model_name": "MaxEdgeCountPerClassSize"}