{"f1_macro": 0.8941842698693265, "f1_weighted": 0.9133445664919351, "precision_macro": 0.9192903222508486, "precision_weighted": 0.9211106843829956, "recall_macro": 0.8853322440087146, "recall_weighted": 0.9130434782608695, "accuracy": 0.9130434782608695, "class_scores": {"Chechens": 0.972972972972973, "Kabardians, Circassians, Adyghes": 0.8627450980392157, "Karachays, Balkars": 0.9142857142857143, "Ingush": 0.9523809523809523, "Dagestan peoples": 0.9795918367346939, "Ossetians": 0.782608695652174, "Kumyks": 0.8, "Nogais": 0.8888888888888888}, "skipped_nodes": 3, "memory_allocated_MB": 18.810546875, "memory_reserved_MB": 80.0, "f1_macro_score_only_mask_connect": -100.0, "f1_macro_score_only_not_mask_connect": -100.0, "f1_macro_score_mixed_connect": -100.0, "only_mask_connect_sum": -100.0, "only_not_mask_connect_sum": -100.0, "mixed_connect_sum": -100.0, "model_name": "GL_TAGConv_3l_128h_w_k3"}