{"f1_macro": 0.6722435897435897, "f1_weighted": 0.8370940170940171, "precision_macro": 0.7528570554699161, "precision_weighted": 0.8499385842570162, "recall_macro": 0.7148190976179858, "recall_weighted": 0.8746556473829201, "accuracy": 0.8746556473829201, "class_scores": {"English": 0.9700854700854701, "Germans": 0.7466666666666667, "French": 0.027777777777777776, "Belgium": 0.9444444444444444}, "skipped_nodes": 43, "memory_allocated_MB": 338.0634765625, "memory_reserved_MB": 2822.0, "f1_macro_score_only_mask_connect": 0.6028606880548324, "f1_macro_score_only_not_mask_connect": 0.6857142857142857, "f1_macro_score_mixed_connect": 0.6955875158764301, "only_mask_connect_sum": 191.0, "only_not_mask_connect_sum": 26.0, "mixed_connect_sum": 509.0, "model_name": "GL_GATConv_9l_512h"}