{"f1_macro": 0.7062975958772123, "f1_weighted": 0.8389860080315031, "accuracy": 0.8468468468468469, "class_scores": {"Chechens": 0.8571428571428571, "Kabardians, Circassians, Adyghes": 0.8813559322033898, "Karachays, Balkars": 0.8947368421052632, "Ingush": 0.7368421052631579, "Dagestan peoples": 0.8636363636363636, "Ossetians": 0.75, "Kumyks": 0.0, "Nogais": 0.6666666666666666}, "skipped_nodes": 7, "model_name": "GL_SAGEConv_9l_128h"}