{"f1_macro": 0.7032460309434725, "f1_weighted": 0.9446109483983879, "precision_macro": 0.7077831732867743, "precision_weighted": 0.9359967182868145, "recall_macro": 0.7061874105865522, "recall_weighted": 0.9570552147239264, "accuracy": 0.9570552147239264, "class_scores": {"Udmurts,Besermyan": 0.9090909090909091, "Tatars,Volga-Tatars,Mishar-Tatars,Kryashens": 0.9935483870967742, "Chuvash": 0.9103448275862069, "Mari": 0.0}, "skipped_nodes": 0, "memory_allocated_MB": 19.81982421875, "memory_reserved_MB": 102.0, "model_name": "GL_GINConv_3l_128h"}