{"f1_macro": 0.9711066607482866, "f1_weighted": 0.975227721086921, "precision_macro": 0.9787607744326287, "precision_weighted": 0.9757129722190325, "recall_macro": 0.9643853395322376, "recall_weighted": 0.9755434782608695, "accuracy": 0.9755434782608695, "class_scores": {"P0": 0.9838882921589689, "P1": 0.9416342412451362, "P2": 0.958904109589041, "P3": 1.0}, "skipped_nodes": 26, "memory_allocated_MB": 25.97216796875, "memory_reserved_MB": 112.0, "model_name": "GL_TAGConv_9l_128h_w_k3"}