{"f1_macro": 0.6981996519720305, "f1_weighted": 0.8482717687037096, "precision_macro": 0.7719721250971251, "precision_weighted": 0.86644903450459, "recall_macro": 0.6857107843137256, "recall_weighted": 0.8518518518518519, "accuracy": 0.8518518518518519, "class_scores": {"Chechens": 0.8648648648648649, "Kabardians, Circassians, Adyghes": 0.9019607843137255, "Karachays, Balkars": 0.9142857142857143, "Ingush": 0.8571428571428571, "Dagestan peoples": 0.8695652173913043, "Ossetians": 0.7777777777777778, "Kumyks": 0.0, "Nogais": 0.4}, "skipped_nodes": 10, "memory_allocated_MB": 17.9609375, "memory_reserved_MB": 48.0, "f1_macro_score_only_mask_connect": 0.4126262626262626, "f1_macro_score_only_not_mask_connect": 0.5873015873015873, "f1_macro_score_mixed_connect": 0.6576614452194948, "only_mask_connect_sum": 19.0, "only_not_mask_connect_sum": 8.0, "mixed_connect_sum": 81.0, "model_name": "GL_SAGEConv_3l_128h_de"}