{"f1_macro": 0.720834833213343, "f1_weighted": 0.9388164897728427, "precision_macro": 0.7050724637681159, "precision_weighted": 0.9293278207522007, "recall_macro": 0.7397743529717778, "recall_weighted": 0.950920245398773, "accuracy": 0.950920245398773, "class_scores": {"Udmurts,Besermyan": 1.0, "Tatars,Volga-Tatars,Mishar-Tatars,Kryashens": 0.980561555075594, "Chuvash": 0.9027777777777778, "Mari": 0.0}, "skipped_nodes": 0, "memory_allocated_MB": 27.24560546875, "memory_reserved_MB": 72.0, "model_name": "GL_SAGEConv_3l_512h"}