{"f1_macro": 0.9210252872676051, "f1_weighted": 0.9841937160853226, "precision_macro": 0.9343220338983051, "precision_weighted": 0.984012685868774, "recall_macro": 0.9090909090909091, "recall_weighted": 0.9846625766871165, "accuracy": 0.9846625766871165, "class_scores": {"Udmurts,Besermyan": 1.0, "Tatars,Volga-Tatars,Mishar-Tatars,Kryashens": 0.9936034115138592, "Chuvash": 0.9846153846153847, "Mari": 0.7058823529411765}, "skipped_nodes": 0, "memory_allocated_MB": 25.482421875, "memory_reserved_MB": 78.0, "f1_macro_score_only_mask_connect": NaN, "f1_macro_score_only_not_mask_connect": NaN, "f1_macro_score_mixed_connect": 0.9210252872676051, "only_mask_connect_sum": 0.0, "only_not_mask_connect_sum": 0.0, "mixed_connect_sum": 326.0, "model_name": "GL_SAGEConv_3l_128h"}