{"f1_macro": 0.3009816314746321, "f1_weighted": 0.34298966613932147, "accuracy": 0.3488372093023256, "class_scores": {"P0": 0.3076923076923077, "P1": 0.4339622641509434, "P2": 0.16129032258064516}, "skipped_nodes": 0, "model_name": "GL_SAGEConv_3l_512h"}