{"f1_macro": 0.8496490035961932, "f1_weighted": 0.9228315358071195, "accuracy": 0.9266347687400319, "class_scores": {"English": 0.9671574178935447, "Germans": 0.8421052631578947, "French": 0.6933333333333334, "Belgium": 0.896}, "skipped_nodes": 142, "model_name": "GL_TAGConv_9l_512h_w_k3"}