{"f1_macro": 0.6511426450506548, "f1_weighted": 0.8457568143935345, "accuracy": 0.8805309734513275, "class_scores": {"English": 0.966702470461869, "Germans": 0.7327586206896551, "French": 0.0, "Belgium": 0.9051094890510949}, "skipped_nodes": 91, "model_name": "GL_GINConv_9l_128h"}