{"f1_macro": 0.9619585207820501, "f1_weighted": 0.9674546915312989, "precision_macro": 0.9660788140296851, "precision_weighted": 0.9682614870680053, "recall_macro": 0.9588197906644509, "recall_weighted": 0.9674418604651163, "accuracy": 0.9674418604651163, "class_scores": {"Swedes": 0.961038961038961, "Norwegians": 0.9803921568627451, "Danes": 0.9444444444444444}, "skipped_nodes": 0, "memory_allocated_MB": 17.30810546875, "memory_reserved_MB": 76.0, "model_name": "GL_SAGEConv_3l_128h"}