{"f1_macro": 0.6447181066270163, "f1_weighted": 0.6735899911236762, "precision_macro": 0.6478950057619537, "precision_weighted": 0.696968325226338, "recall_macro": 0.6584590739399342, "recall_weighted": 0.6688311688311688, "accuracy": 0.6688311688311688, "class_scores": {"P0": 0.6989247311827957, "P1": 0.5550239234449761, "P2": 0.8218181818181818, "P3": 0.5031055900621118}, "skipped_nodes": 0, "memory_allocated_MB": 39.0361328125, "memory_reserved_MB": 494.0, "model_name": "GL_TAGConv_3l_512h_w_k3_gnorm"}