{"f1_macro": 0.21154528291930746, "f1_weighted": 0.2565844783668243, "precision_macro": 0.2701831261215073, "precision_weighted": 0.43211814101465246, "recall_macro": 0.2174751809944943, "recall_weighted": 0.21779141104294478, "accuracy": 0.21779141104294478, "class_scores": {"P0": 0.4117647058823529, "P1": 0.2848101265822785, "P2": 0.14960629921259844, "P3": 0.0}, "skipped_nodes": 0, "model_name": "LongestIbd"}