{"f1_macro": 0.6878417283340186, "f1_weighted": 0.8241598739180838, "accuracy": 0.8347826086956521, "class_scores": {"Chechens": 0.7906976744186046, "Kabardians, Circassians, Adyghes": 0.8888888888888888, "Karachays, Balkars": 0.9444444444444444, "Ingush": 0.625, "Dagestan peoples": 0.9130434782608695, "Ossetians": 0.7692307692307693, "Kumyks": 0.0, "Nogais": 0.5714285714285714}, "skipped_nodes": 3, "model_name": "GL_GCNConv_9l_512h_w"}