{"f1_macro": 0.24863584622870355, "f1_weighted": 0.2964101237720245, "accuracy": 0.3402777777777778, "class_scores": {"krasnodar": 0.3287671232876712, "yaroslavl": 0.1875, "ryazan": 0.44646098003629764, "kaluga": 0.18045112781954886, "vologda": 0.1}, "skipped_nodes": 0, "model_name": "GL_GCNConv_3l_512h_w"}