{"f1_macro": 0.599712249350965, "f1_weighted": 0.6422782569219663, "precision_macro": 0.6114320775114794, "precision_weighted": 0.6437778159769728, "recall_macro": 0.5930396893616997, "recall_weighted": 0.6446370530877573, "accuracy": 0.6446370530877573, "class_scores": {"Southern Russians": 0.6686478454680534, "Ukranians": 0.4585987261146497, "Northen Russians": 0.7652733118971061, "Belarusians": 0.5063291139240507}, "skipped_nodes": 2, "memory_allocated_MB": 36.6865234375, "memory_reserved_MB": 302.0, "model_name": "GL_TAGConv_3l_512h_w_k3_gnorm"}