{"f1_macro": 0.213692480359147, "f1_weighted": 0.048193592365371504, "precision_macro": 0.21159069688481452, "precision_weighted": 0.04750734649688096, "recall_macro": 0.2398989898989899, "recall_weighted": 0.05214723926380368, "accuracy": 0.05214723926380368, "class_scores": {"P0": 0.8333333333333334, "P1": 0.0, "P2": 0.00909090909090909, "P3": 0.012345679012345678}, "skipped_nodes": 0, "model_name": "MaxIbdSumPerClassSize"}