{"f1_macro": 0.9259166800559273, "f1_weighted": 0.967171037193258, "precision_macro": 0.9044455544455545, "precision_weighted": 0.9697645912369839, "recall_macro": 0.9618069103047644, "recall_weighted": 0.9662576687116564, "accuracy": 0.9662576687116564, "class_scores": {"Udmurts,Besermyan": 0.9714285714285714, "Tatars,Volga-Tatars,Mishar-Tatars,Kryashens": 0.9827586206896551, "Chuvash": 0.9312977099236641, "Mari": 0.8181818181818182}, "skipped_nodes": 0, "memory_allocated_MB": 341.80029296875, "memory_reserved_MB": 16334.0, "model_name": "GL_GATConv_9l_512h"}