{"f1_macro": 0.9209352050949757, "f1_weighted": 0.93307144207886, "precision_macro": 0.9183613224875361, "precision_weighted": 0.9332244924350187, "recall_macro": 0.9236858405539897, "recall_weighted": 0.9330143540669856, "accuracy": 0.9330143540669856, "class_scores": {"Swedes": 0.912751677852349, "Norwegians": 0.9611650485436893, "Danes": 0.8888888888888888}, "skipped_nodes": 6, "memory_allocated_MB": 51.6015625, "memory_reserved_MB": 114.0, "model_name": "GL_MLP_9l_512h"}