{"f1_macro": 0.839384025355409, "f1_weighted": 0.9100249088744097, "precision_macro": 0.8589644556555903, "precision_weighted": 0.9092791573177355, "recall_macro": 0.8258731784442944, "recall_weighted": 0.9139167862266858, "accuracy": 0.9139167862266858, "class_scores": {"English": 0.9657387580299786, "Germans": 0.8229665071770335, "French": 0.6491228070175439, "Belgium": 0.9197080291970803}, "skipped_nodes": 72, "memory_allocated_MB": 18.31201171875, "memory_reserved_MB": 190.0, "model_name": "GL_TAGConv_3l_128h_w_k3"}