{"f1_macro": 0.5812727435243746, "f1_weighted": 0.6270879956072383, "precision_macro": 0.6014351018225367, "precision_weighted": 0.6269854384565814, "recall_macro": 0.5728776962793118, "recall_weighted": 0.6363636363636364, "accuracy": 0.6363636363636364, "class_scores": {"Southern Russians": 0.6559297218155198, "Ukranians": 0.4444444444444444, "Northen Russians": 0.7560975609756098, "Belarusians": 0.4686192468619247}, "skipped_nodes": 1, "memory_allocated_MB": 36.6865234375, "memory_reserved_MB": 302.0, "model_name": "GL_TAGConv_3l_512h_nw_k3_gnorm_leaky_relu"}