{"f1_macro": 0.9154680259639015, "f1_weighted": 0.9025225125552189, "precision_macro": 0.920138888888889, "precision_weighted": 0.9064933800623053, "recall_macro": 0.9139518158935633, "recall_weighted": 0.9018691588785047, "accuracy": 0.9018691588785047, "class_scores": {"Swedes": 0.8805031446540881, "Norwegians": 0.8944723618090452, "Danes": 0.9714285714285714}, "skipped_nodes": 1, "memory_allocated_MB": 21.7431640625, "memory_reserved_MB": 188.0, "model_name": "GL_GATConv_3l_128h"}