{"f1_macro": 0.8057722598205118, "f1_weighted": 0.8905790029856565, "precision_macro": 0.8726143573100381, "precision_weighted": 0.9017329405912187, "recall_macro": 0.7844373468940209, "recall_weighted": 0.8980716253443526, "accuracy": 0.8980716253443526, "class_scores": {"English": 0.9668449197860962, "Germans": 0.7913669064748201, "French": 0.5825242718446602, "Belgium": 0.8823529411764706}, "skipped_nodes": 43, "memory_allocated_MB": 26.9228515625, "memory_reserved_MB": 110.0, "f1_macro_score_only_mask_connect": 0.6221045451861795, "f1_macro_score_only_not_mask_connect": 1.0, "f1_macro_score_mixed_connect": 0.9304962452035124, "only_mask_connect_sum": 191.0, "only_not_mask_connect_sum": 26.0, "mixed_connect_sum": 509.0, "model_name": "GL_SAGEConv_3l_512h"}