{"f1_macro": 0.5585929113502643, "f1_weighted": 0.7426365538130245, "accuracy": 0.7523809523809524, "class_scores": {"Chechens": 0.7567567567567568, "Kabardians, Circassians, Adyghes": 0.7384615384615385, "Karachays, Balkars": 0.8648648648648649, "Ingush": 0.7058823529411765, "Dagestan peoples": 0.7777777777777778, "Ossetians": 0.625, "Kumyks": 0.0, "Nogais": 0.0}, "skipped_nodes": 13, "model_name": "GL_MLP_3l_128h"}