{"f1_macro": 0.6310918790942467, "f1_weighted": 0.7374926751795426, "precision_macro": 0.6329286357874803, "precision_weighted": 0.7269414242584743, "recall_macro": 0.6344983818770228, "recall_weighted": 0.7523364485981309, "accuracy": 0.7523364485981309, "class_scores": {"Swedes": 0.8648648648648649, "Norwegians": 0.8348623853211009, "Danes": 0.1935483870967742}, "skipped_nodes": 1, "memory_allocated_MB": 22.0390625, "memory_reserved_MB": 64.0, "model_name": "GL_GINConv_9l_128h"}