{"f1_macro": 0.9073690665662312, "f1_weighted": 0.9395547549842493, "accuracy": 0.9421487603305785, "class_scores": {"English": 0.9682203389830508, "Germans": 0.9113924050632911, "French": 0.8062015503875969, "Belgium": 0.9436619718309859}, "skipped_nodes": 43, "model_name": "GL_GCNConv_9l_512h_w"}