{"f1_macro": 0.49587720175955474, "f1_weighted": 0.7160457983987396, "accuracy": 0.7619047619047619, "class_scores": {"Chechens": 0.7058823529411765, "Kabardians, Circassians, Adyghes": 0.9090909090909091, "Karachays, Balkars": 0.8648648648648649, "Ingush": 0.0, "Dagestan peoples": 0.8205128205128205, "Ossetians": 0.6666666666666666, "Kumyks": 0.0, "Nogais": 0.0}, "skipped_nodes": 13, "model_name": "GL_SAGEConv_9l_512h"}