{"f1_macro": 0.8194939236628234, "f1_weighted": 0.8912653109876545, "precision_macro": 0.8872415422177562, "precision_weighted": 0.9030127938732194, "recall_macro": 0.7984475852710036, "recall_weighted": 0.8993006993006993, "accuracy": 0.8993006993006993, "class_scores": {"English": 0.9537815126050421, "Germans": 0.7982456140350878, "French": 0.6534653465346535, "Belgium": 0.87248322147651}, "skipped_nodes": 54, "memory_allocated_MB": 22.4501953125, "memory_reserved_MB": 92.0, "model_name": "GL_GINConv_9l_128h"}