{"f1_macro": 0.3398328862365946, "f1_weighted": 0.4240243294771091, "precision_macro": 0.36725351253036465, "precision_weighted": 0.4280408550462094, "recall_macro": 0.36800234543910326, "recall_weighted": 0.47562296858071507, "accuracy": 0.47562296858071507, "class_scores": {"Southern Russians": 0.5233853006681515, "Ukranians": 0.23963133640552994, "Northen Russians": 0.5963149078726968, "Belarusians": 0.0}, "skipped_nodes": 2, "memory_allocated_MB": 24.30078125, "memory_reserved_MB": 102.0, "model_name": "GL_GINConv_9l_128h"}