{"f1_macro": 0.8194968608369032, "f1_weighted": 0.8749483413908618, "precision_macro": 0.8386904761904762, "precision_weighted": 0.8949896480331263, "recall_macro": 0.8508448839305838, "recall_weighted": 0.8782608695652174, "accuracy": 0.8782608695652174, "class_scores": {"Chechens": 0.8205128205128205, "Kabardians, Circassians, Adyghes": 0.9491525423728814, "Karachays, Balkars": 0.9375, "Ingush": 0.5333333333333333, "Dagestan peoples": 0.9583333333333334, "Ossetians": 0.8333333333333334, "Kumyks": 0.6666666666666666, "Nogais": 0.8571428571428571}, "skipped_nodes": 3, "memory_allocated_MB": 338.62841796875, "memory_reserved_MB": 1356.0, "model_name": "GL_GATConv_9l_512h"}