{"f1_macro": 0.30044797899561393, "f1_weighted": 0.1064371051005728, "precision_macro": 0.5100035536602701, "precision_weighted": 0.7849346606145433, "recall_macro": 0.4815645727662895, "recall_weighted": 0.13496932515337423, "accuracy": 0.13496932515337423, "class_scores": {"P0": 0.9473684210526315, "P1": 0.03375527426160337, "P2": 0.13675213675213677, "P3": 0.08391608391608392}, "skipped_nodes": 0, "model_name": "MaxEdgeCountPerClassSize"}