{"f1_macro": 0.7611723156966776, "f1_weighted": 0.8791811792324227, "precision_macro": 0.7368326118326117, "precision_weighted": 0.9220535769615524, "recall_macro": 0.8717269259114753, "recall_weighted": 0.8558282208588958, "accuracy": 0.8558282208588958, "class_scores": {"Udmurts,Besermyan": 1.0, "Tatars,Volga-Tatars,Mishar-Tatars,Kryashens": 0.91415313225058, "Chuvash": 0.7972027972027972, "Mari": 0.3333333333333333}, "skipped_nodes": 0, "memory_allocated_MB": 38.55712890625, "memory_reserved_MB": 4842.0, "model_name": "GL_GATConv_9l_128h"}