{"f1_macro": 0.8280145680189435, "f1_weighted": 0.959149692333376, "precision_macro": 0.8401761225921673, "precision_weighted": 0.9585055246450195, "recall_macro": 0.8171168259214208, "recall_weighted": 0.96, "accuracy": 0.96, "class_scores": {"P0": 0.9090909090909091, "P1": 0.9850107066381156, "P2": 0.9473684210526315, "P3": 0.47058823529411764}, "skipped_nodes": 1, "memory_allocated_MB": 36.6591796875, "memory_reserved_MB": 192.0, "model_name": "GL_TAGConv_3l_512h_w_k3_gnorm"}