{"f1_macro": 0.39077543585740304, "f1_weighted": 0.6461082136431628, "accuracy": 0.745398773006135, "class_scores": {"Udmurts,Besermyan": 0.7142857142857143, "Tatars,Volga-Tatars,Mishar-Tatars,Kryashens": 0.848816029143898, "Chuvash": 0.0, "Mari": 0.0}, "skipped_nodes": 0, "model_name": "GL_GCNConv_9l_128h_w"}