{"f1_macro": 0.8250786572364658, "f1_weighted": 0.9548784715187661, "precision_macro": 0.8203241153731787, "precision_weighted": 0.9623774784783525, "recall_macro": 0.8461492608488317, "recall_weighted": 0.950920245398773, "accuracy": 0.950920245398773, "class_scores": {"Udmurts,Besermyan": 1.0, "Tatars,Volga-Tatars,Mishar-Tatars,Kryashens": 0.9893390191897654, "Chuvash": 0.8943089430894309, "Mari": 0.4166666666666667}, "skipped_nodes": 0, "memory_allocated_MB": 131.76416015625, "memory_reserved_MB": 138.0, "model_name": "GL_TAGConv_9l_512h_w_k3"}