{"f1_macro": 0.8742613340544834, "f1_weighted": 0.9385118391868051, "precision_macro": 0.9278653470185728, "precision_weighted": 0.9440542246526351, "recall_macro": 0.848451543682222, "recall_weighted": 0.9404186795491143, "accuracy": 0.9404186795491143, "class_scores": {"English": 0.9759450171821306, "Germans": 0.8351648351648352, "French": 0.7419354838709677, "Belgium": 0.944}, "skipped_nodes": 148, "memory_allocated_MB": 157.5185546875, "memory_reserved_MB": 296.0, "f1_macro_score_only_mask_connect": 0.6587009481746323, "f1_macro_score_only_not_mask_connect": 0.9170162510569981, "f1_macro_score_mixed_connect": 0.9380406504065041, "only_mask_connect_sum": 86.0, "only_not_mask_connect_sum": 151.0, "mixed_connect_sum": 384.0, "model_name": "GL_TAGConv_9l_512h_w_k3"}