{"f1_macro": 0.9601058663558664, "f1_weighted": 0.9873597346756856, "precision_macro": 0.9902965828497743, "precision_weighted": 0.9877822738545882, "recall_macro": 0.9368686868686869, "recall_weighted": 0.9877300613496932, "accuracy": 0.9877300613496932, "class_scores": {"Udmurts,Besermyan": 1.0, "Tatars,Volga-Tatars,Mishar-Tatars,Kryashens": 0.9957264957264957, "Chuvash": 0.9696969696969697, "Mari": 0.875}, "skipped_nodes": 0, "memory_allocated_MB": 44.4873046875, "memory_reserved_MB": 312.0, "f1_macro_score_only_mask_connect": NaN, "f1_macro_score_only_not_mask_connect": 0.9601058663558664, "f1_macro_score_mixed_connect": NaN, "only_mask_connect_sum": 0.0, "only_not_mask_connect_sum": 326.0, "mixed_connect_sum": 0.0, "model_name": "GL_TAGConv_3l_512h_w_k3_gnorm"}