{"f1_macro": 0.1428423810327611, "f1_weighted": 0.2032050826107451, "accuracy": 0.3333333333333333, "class_scores": {"krasnodar": 0.15228426395939088, "yaroslavl": 0.07792207792207792, "ryazan": 0.48400556328233657, "kaluga": 0.0, "vologda": 0.0}, "skipped_nodes": 0, "model_name": "GL_GCNConv_3l_512h_w"}