{"f1_macro": 0.6751998437312177, "f1_weighted": 0.9304129544534391, "precision_macro": 0.7082984658298466, "precision_weighted": 0.9214749595708088, "recall_macro": 0.6607328651320068, "recall_weighted": 0.9447852760736196, "accuracy": 0.9447852760736196, "class_scores": {"P0": 0.8, "P1": 0.9788135593220338, "P2": 0.9219858156028369, "P3": 0.0}, "skipped_nodes": 0, "model_name": "MaxIbdSum"}