{"f1_macro": 0.8543089167686108, "f1_weighted": 0.9313144199082337, "precision_macro": 0.8644002854958697, "precision_weighted": 0.9350113109600972, "recall_macro": 0.8534132156409835, "recall_weighted": 0.9317073170731708, "accuracy": 0.9317073170731708, "class_scores": {"English": 0.976054732041049, "Germans": 0.8148148148148148, "French": 0.7083333333333334, "Belgium": 0.9180327868852459}, "skipped_nodes": 154, "memory_allocated_MB": 36.65966796875, "memory_reserved_MB": 98.0, "model_name": "GL_TAGConv_3l_512h_w_k3_gnorm"}