{"f1_macro": 0.7144417899455664, "f1_weighted": 0.865392930461444, "accuracy": 0.8738738738738738, "class_scores": {"Chechens": 0.8780487804878049, "Kabardians, Circassians, Adyghes": 0.9090909090909091, "Karachays, Balkars": 0.8888888888888888, "Ingush": 0.9473684210526315, "Dagestan peoples": 0.9302325581395349, "Ossetians": 0.7619047619047619, "Kumyks": 0.0, "Nogais": 0.4}, "skipped_nodes": 7, "model_name": "GL_SAGEConv_3l_128h"}