{"f1_macro": 0.6585817244469706, "f1_weighted": 0.7870805801227035, "accuracy": 0.7803921568627451, "class_scores": {"Udmurts,Besermyan": 0.7878787878787878, "Tatars,Volga-Tatars,Mishar-Tatars,Kryashens": 0.8278145695364238, "Chuvash": 0.7329192546583851, "Mari": 0.2857142857142857}, "skipped_nodes": 71, "model_name": "MaxIbdSum"}