{"f1_macro": 0.8455472325186618, "f1_weighted": 0.9259127627403478, "precision_macro": 0.88415777751729, "precision_weighted": 0.9273369923392173, "recall_macro": 0.8216915492489514, "recall_weighted": 0.9288025889967637, "accuracy": 0.9288025889967637, "class_scores": {"English": 0.9706546275395034, "Germans": 0.8292682926829268, "French": 0.6857142857142857, "Belgium": 0.896551724137931}, "skipped_nodes": 151, "memory_allocated_MB": 157.138671875, "memory_reserved_MB": 290.0, "model_name": "GL_TAGConv_9l_512h_w_k3"}