{"f1_macro": 0.5653708080991743, "f1_weighted": 0.6700809017599176, "precision_macro": 0.5707889677610175, "precision_weighted": 0.8141380104989449, "recall_macro": 0.6427038626609443, "recall_weighted": 0.6349693251533742, "accuracy": 0.6349693251533742, "class_scores": {"P0": 0.8947368421052632, "P1": 0.7169811320754716, "P2": 0.5164319248826291, "P3": 0.13333333333333333}, "skipped_nodes": 0, "model_name": "LongestIbd"}