{"f1_macro": 0.6441870079605929, "f1_weighted": 0.8367489983422896, "precision_macro": 0.6238441087640777, "precision_weighted": 0.8706425161326263, "recall_macro": 0.6853211373368574, "recall_weighted": 0.8209876543209876, "accuracy": 0.8209876543209876, "class_scores": {"P0": 0.8, "P1": 0.8997668997668997, "P2": 0.7169811320754716, "P3": 0.16}, "skipped_nodes": 1, "model_name": "LongestIbd"}