{"f1_macro": 0.7215913165555924, "f1_weighted": 0.7228761574195035, "precision_macro": 0.7231156047201908, "precision_weighted": 0.7242256639253802, "recall_macro": 0.7204043690178887, "recall_weighted": 0.7218614718614719, "accuracy": 0.7218614718614719, "class_scores": {"P0": 0.6975806451612904, "P1": 0.6173913043478261, "P2": 0.8688172043010752, "P3": 0.702576112412178}, "skipped_nodes": 0, "memory_allocated_MB": 38.03515625, "memory_reserved_MB": 482.0, "model_name": "GL_TAGConv_3l_512h_w_k3_gnorm"}