{"f1_macro": 0.8655240251165548, "f1_weighted": 0.963187621659608, "precision_macro": 0.8643456567736032, "precision_weighted": 0.9633259432281563, "recall_macro": 0.8667306108293233, "recall_weighted": 0.963076923076923, "accuracy": 0.963076923076923, "class_scores": {"P0": 1.0, "P1": 0.989247311827957, "P2": 0.9172932330827067, "P3": 0.5555555555555556}, "skipped_nodes": 0, "memory_allocated_MB": 36.6591796875, "memory_reserved_MB": 190.0, "model_name": "GL_TAGConv_3l_512h_w_k3_gnorm"}