{"f1_macro": 0.5077859875373133, "f1_weighted": 0.5557655833082147, "precision_macro": 0.5082436422284059, "precision_weighted": 0.5676129682611538, "recall_macro": 0.5161921495028551, "recall_weighted": 0.5502702702702703, "accuracy": 0.5502702702702703, "class_scores": {"Southern Russians": 0.5699831365935919, "Ukranians": 0.343042071197411, "Northen Russians": 0.7108239095315024, "Belarusians": 0.4072948328267477}, "skipped_nodes": 0, "memory_allocated_MB": 38.5546875, "memory_reserved_MB": 356.0, "model_name": "GL_TAGConv_3l_512h_w_k3_gnorm"}