{"f1_macro": 0.5752910632987543, "f1_weighted": 0.71159355804504, "precision_macro": 0.6673757002801121, "precision_weighted": 0.848991848991849, "recall_macro": 0.6159055276283427, "recall_weighted": 0.6486486486486487, "accuracy": 0.6486486486486487, "class_scores": {"Chechens": 0.8235294117647058, "Kabardians, Circassians, Adyghes": 0.6382978723404256, "Karachays, Balkars": 0.8235294117647058, "Ingush": 0.7, "Dagestan peoples": 0.7567567567567568, "Ossetians": 0.6666666666666666, "Kumyks": 0.0, "Nogais": 0.1935483870967742}, "skipped_nodes": 7, "memory_allocated_MB": 51.97900390625, "memory_reserved_MB": 224.0, "model_name": "GL_MLP_9l_512h"}