{"f1_macro": 0.7794860879042982, "f1_weighted": 0.8675287339268075, "precision_macro": 0.7551567656765676, "precision_weighted": 0.903715908400656, "recall_macro": 0.8291769627606538, "recall_weighted": 0.8558282208588958, "accuracy": 0.8558282208588958, "class_scores": {"P0": 1.0, "P1": 0.9112149532710281, "P2": 0.7305389221556886, "P3": 0.47619047619047616}, "skipped_nodes": 0, "model_name": "LongestIbd"}