{"f1_macro": 0.5104029545343745, "f1_weighted": 0.5771994597533368, "precision_macro": 0.6538416679402514, "precision_weighted": 0.6374713396321974, "recall_macro": 0.5122649863130937, "recall_weighted": 0.6205405405405405, "accuracy": 0.6205405405405405, "class_scores": {"Southern Russians": 0.6529492455418381, "Ukranians": 0.24742268041237114, "Northen Russians": 0.7412398921832885, "Belarusians": 0.4}, "skipped_nodes": 0, "model_name": "MaxIbdSum"}