{"f1_macro": 0.3969530595632762, "f1_weighted": 0.4677006576392714, "precision_macro": 0.39890867392722906, "precision_weighted": 0.4821720290509176, "recall_macro": 0.4088513580693407, "recall_weighted": 0.46449704142011833, "accuracy": 0.46449704142011833, "class_scores": {"Northen Russians": 0.6171875, "Ukranians": 0.16666666666666666, "Belarusians": 0.33992094861660077, "Southern Russians": 0.46403712296983757}, "skipped_nodes": 134, "memory_allocated_MB": 37.34619140625, "memory_reserved_MB": 178.0, "model_name": "GL_TAGConv_3l_512h_w_k3_gnorm_relu"}