{"f1_macro": 0.7849788596158833, "f1_weighted": 0.9263674264660614, "precision_macro": 0.8902403161067995, "precision_weighted": 0.9293135486367071, "recall_macro": 0.7266937938335318, "recall_weighted": 0.9316770186335404, "accuracy": 0.9316770186335404, "class_scores": {"Udmurts,Besermyan": 0.6896551724137931, "Tatars,Volga-Tatars,Mishar-Tatars,Kryashens": 0.9615384615384616, "Chuvash": 0.9172932330827067, "Mari": 0.5714285714285714}, "skipped_nodes": 4, "memory_allocated_MB": 36.67578125, "memory_reserved_MB": 262.0, "model_name": "GL_TAGConv_3l_512h_w_k3_gnorm"}