{"f1_macro": 0.7987040737040736, "f1_weighted": 0.9332726624652091, "precision_macro": 0.8966289463674402, "precision_weighted": 0.9355401647651965, "recall_macro": 0.7416743857791892, "recall_weighted": 0.937888198757764, "accuracy": 0.937888198757764, "class_scores": {"Udmurts,Besermyan": 0.7333333333333333, "Tatars,Volga-Tatars,Mishar-Tatars,Kryashens": 0.9658119658119658, "Chuvash": 0.9242424242424242, "Mari": 0.5714285714285714}, "skipped_nodes": 4, "memory_allocated_MB": 36.64501953125, "memory_reserved_MB": 182.0, "model_name": "GL_TAGConv_3l_512h_w_k3_gnorm"}