{"f1_macro": 0.6941773504273505, "f1_weighted": 0.9346455351056578, "precision_macro": 0.70790273556231, "precision_weighted": 0.9252223693288829, "recall_macro": 0.6901525989508822, "recall_weighted": 0.9478527607361963, "accuracy": 0.9478527607361963, "class_scores": {"Udmurts,Besermyan": 0.875, "Tatars,Volga-Tatars,Mishar-Tatars,Kryashens": 0.9786324786324786, "Chuvash": 0.9230769230769231, "Mari": 0.0}, "skipped_nodes": 0, "model_name": "MaxEdgeCount"}