{"f1_macro": 0.5860907375162258, "f1_weighted": 0.6430560432237568, "precision_macro": 0.615591727122595, "precision_weighted": 0.6447238776091443, "recall_macro": 0.5781116554153721, "recall_weighted": 0.6562162162162162, "accuracy": 0.6562162162162162, "class_scores": {"Southern Russians": 0.6900584795321637, "Ukranians": 0.4261168384879725, "Northen Russians": 0.7921686746987951, "Belarusians": 0.43601895734597157}, "skipped_nodes": 0, "memory_allocated_MB": 22.2900390625, "memory_reserved_MB": 138.0, "f1_macro_score_only_mask_connect": -100.0, "f1_macro_score_only_not_mask_connect": -100.0, "f1_macro_score_mixed_connect": -100.0, "only_mask_connect_sum": -100.0, "only_not_mask_connect_sum": -100.0, "mixed_connect_sum": -100.0, "model_name": "GL_TAGConv_3l_128h_w_k3"}