{"f1_macro": 0.5152364492912196, "f1_weighted": 0.5734333339126836, "precision_macro": 0.5149185447410529, "precision_weighted": 0.5715751020902509, "recall_macro": 0.523830704177789, "recall_weighted": 0.5804455445544554, "accuracy": 0.5804455445544554, "class_scores": {"Ukranians": 0.26262626262626265, "Southern Russians": 0.5830388692579506, "Northen Russians": 0.722972972972973, "Belarusians": 0.49230769230769234}, "skipped_nodes": 75, "memory_allocated_MB": 51.95654296875, "memory_reserved_MB": 188.0, "model_name": "GL_MLP_9l_512h"}