{"f1_macro": 0.5482699391562023, "f1_weighted": 0.6008395355258009, "precision_macro": 0.6093715353417282, "precision_weighted": 0.6194549362834719, "recall_macro": 0.5399447367522993, "recall_weighted": 0.6222707423580786, "accuracy": 0.6222707423580786, "class_scores": {"Ukranians": 0.35135135135135137, "Southern Russians": 0.6482758620689655, "Northen Russians": 0.7409638554216867, "Belarusians": 0.45248868778280543}, "skipped_nodes": 7, "memory_allocated_MB": 17.62890625, "memory_reserved_MB": 100.0, "model_name": "GL_TAGConv_3l_128h_w_k3"}