{"f1_macro": 0.432543090911735, "f1_weighted": 0.46081556391187395, "accuracy": 0.4791666666666667, "class_scores": {"krasnodar": 0.5, "vologda-yaroslavl": 0.4861111111111111, "ryazan": 0.5278450363196125, "kaluga": 0.21621621621621623}, "skipped_nodes": 0, "model_name": "GL_SAGEConv_9l_128h"}