{"f1_macro": 0.8783647499400924, "f1_weighted": 0.9402543094825087, "precision_macro": 0.8842450363864071, "precision_weighted": 0.9459974118317463, "recall_macro": 0.891188374463655, "recall_weighted": 0.9414634146341463, "accuracy": 0.9414634146341463, "class_scores": {"English": 0.9774774774774775, "Germans": 0.8251748251748252, "French": 0.821917808219178, "Belgium": 0.8888888888888888}, "skipped_nodes": 154, "memory_allocated_MB": 86.6142578125, "memory_reserved_MB": 170.0, "f1_macro_score_only_mask_connect": 0.6604180258547783, "f1_macro_score_only_not_mask_connect": 0.9412949257121037, "f1_macro_score_mixed_connect": 0.9020690765973784, "only_mask_connect_sum": 80.0, "only_not_mask_connect_sum": 154.0, "mixed_connect_sum": 381.0, "model_name": "GL_SAGEConv_9l_512h_de"}