{"f1_macro": 0.6104489164086687, "f1_weighted": 0.8131454396640688, "precision_macro": 0.6167425303454716, "precision_weighted": 0.8189386865857453, "recall_macro": 0.6101190476190477, "recall_weighted": 0.8160919540229885, "accuracy": 0.8160919540229885, "class_scores": {"Chechens": 0.8823529411764706, "Kabardians, Circassians, Adyghes": 0.7894736842105263, "Karachays, Balkars": 0.8823529411764706, "Ingush": 0.8, "Dagestan peoples": 0.8235294117647058, "Ossetians": 0.7058823529411765, "Kumyks": 0.0, "Nogais": 0.0}, "skipped_nodes": 31, "memory_allocated_MB": 87.45947265625, "memory_reserved_MB": 128.0, "model_name": "GL_SAGEConv_9l_512h"}