{"f1_macro": 0.723916869557284, "f1_weighted": 0.7537069192809209, "precision_macro": 0.7228763313108248, "precision_weighted": 0.766017003870761, "recall_macro": 0.7339802881132909, "recall_weighted": 0.7478354978354979, "accuracy": 0.7478354978354979, "class_scores": {"P0": 0.7928802588996764, "P1": 0.6060606060606061, "P2": 0.899803536345776, "P3": 0.5969230769230769}, "skipped_nodes": 0, "memory_allocated_MB": 23.28515625, "memory_reserved_MB": 100.0, "model_name": "GL_MLP_3l_512h"}