{"f1_macro": 0.9330487137383688, "f1_weighted": 0.939526725288891, "precision_macro": 0.9261538461538462, "precision_weighted": 0.9404888569374551, "recall_macro": 0.9410499820208559, "recall_weighted": 0.9392523364485982, "accuracy": 0.9392523364485982, "class_scores": {"Swedes": 0.9466666666666667, "Norwegians": 0.9458128078817734, "Danes": 0.9066666666666666}, "skipped_nodes": 1, "memory_allocated_MB": 41.67236328125, "memory_reserved_MB": 84.0, "model_name": "GL_GINConv_3l_512h"}