{"f1_macro": 0.516349026037656, "f1_weighted": 0.5669215744464647, "precision_macro": 0.5154966703662598, "precision_weighted": 0.5752029767494806, "recall_macro": 0.520449736573634, "recall_weighted": 0.5613333333333334, "accuracy": 0.5613333333333334, "class_scores": {"Northen Russians": 0.6852886405959032, "Ukranians": 0.3424124513618677, "Belarusians": 0.45320197044334976, "Southern Russians": 0.584493041749503}, "skipped_nodes": 107, "memory_allocated_MB": 18.30810546875, "memory_reserved_MB": 56.0, "model_name": "GL_GINConv_3l_128h"}