{"f1_macro": 0.65805502636898, "f1_weighted": 0.8225158236677471, "precision_macro": 0.6354147214441332, "precision_weighted": 0.8002943648902968, "recall_macro": 0.6874766042780749, "recall_weighted": 0.8504672897196262, "accuracy": 0.8504672897196262, "class_scores": {"Chechens": 0.8484848484848485, "Kabardians, Circassians, Adyghes": 0.8846153846153846, "Karachays, Balkars": 0.9142857142857143, "Ingush": 0.8333333333333334, "Dagestan peoples": 0.8837209302325582, "Ossetians": 0.9, "Kumyks": 0.0, "Nogais": 0.0}, "skipped_nodes": 11, "memory_allocated_MB": 88.1328125, "memory_reserved_MB": 132.0, "f1_macro_score_only_mask_connect": 0.24404761904761907, "f1_macro_score_only_not_mask_connect": 0.7999999999999999, "f1_macro_score_mixed_connect": 0.6754325116932876, "only_mask_connect_sum": 18.0, "only_not_mask_connect_sum": 9.0, "mixed_connect_sum": 80.0, "model_name": "GL_SAGEConv_9l_512h"}