{"f1_macro": 0.8628358888297836, "f1_weighted": 0.8820451262767179, "precision_macro": 0.8515169902912622, "precision_weighted": 0.9163358448984454, "recall_macro": 0.8998840334677245, "recall_weighted": 0.8742331288343558, "accuracy": 0.8742331288343558, "class_scores": {"P0": 0.9473684210526315, "P1": 0.9112149532710281, "P2": 0.7692307692307693, "P3": 0.8235294117647058}, "skipped_nodes": 0, "model_name": "LongestIbd"}