{"f1_macro": 0.8898544438018123, "f1_weighted": 0.9728588223744827, "precision_macro": 0.8918384308510638, "precision_weighted": 0.9736281980159248, "recall_macro": 0.8892682186673603, "recall_weighted": 0.9723926380368099, "accuracy": 0.9723926380368099, "class_scores": {"Udmurts,Besermyan": 0.9714285714285714, "Tatars,Volga-Tatars,Mishar-Tatars,Kryashens": 0.9871794871794872, "Chuvash": 0.9692307692307692, "Mari": 0.631578947368421}, "skipped_nodes": 0, "memory_allocated_MB": 44.2421875, "memory_reserved_MB": 264.0, "f1_macro_score_only_mask_connect": NaN, "f1_macro_score_only_not_mask_connect": NaN, "f1_macro_score_mixed_connect": 0.8898544438018123, "only_mask_connect_sum": 0.0, "only_not_mask_connect_sum": 0.0, "mixed_connect_sum": 326.0, "model_name": "GL_SAGEConv_3l_512h_de"}