{"f1_macro": 0.3300941728507436, "f1_weighted": 0.3821477946062556, "accuracy": 0.4396551724137931, "class_scores": {"Chechens": 0.5531914893617021, "Kabardians, Circassians, Adyghes": 0.17647058823529413, "Karachays, Balkars": 0.5666666666666667, "Ingush": 0.2962962962962963, "Dagestan peoples": 0.4117647058823529, "Ossetians": 0.6363636363636364, "Kumyks": 0.0, "Nogais": 0.0}, "skipped_nodes": 2, "model_name": "GL_GINConv_9l_128h"}