{"f1_macro": 0.5041711806673889, "f1_weighted": 0.7432514115899093, "precision_macro": 0.49689263527291694, "precision_weighted": 0.7776839196888907, "recall_macro": 0.5267597968069666, "recall_weighted": 0.7239819004524887, "accuracy": 0.7239819004524887, "class_scores": {"P0": 0.5, "P1": 0.8299319727891157, "P2": 0.5691056910569106, "P3": 0.11764705882352941}, "skipped_nodes": 56, "model_name": "MaxIbdSumPerClassSize"}