{"f1_macro": 0.6231141912062965, "f1_weighted": 0.8158376047849731, "accuracy": 0.8285714285714286, "class_scores": {"Chechens": 0.8648648648648649, "Kabardians, Circassians, Adyghes": 0.8846153846153846, "Karachays, Balkars": 0.85, "Ingush": 0.8181818181818182, "Dagestan peoples": 0.7894736842105263, "Ossetians": 0.7777777777777778, "Kumyks": 0.0, "Nogais": 0.0}, "skipped_nodes": 13, "model_name": "GL_GINConv_3l_512h"}