{"f1_macro": 0.7271566456864256, "f1_weighted": 0.8356328533992581, "precision_macro": 0.7230631010845099, "precision_weighted": 0.876409408543629, "recall_macro": 0.7597725566475566, "recall_weighted": 0.8274760383386581, "accuracy": 0.8274760383386581, "class_scores": {"Udmurts,Besermyan": 0.8125, "Tatars,Volga-Tatars,Mishar-Tatars,Kryashens": 0.8784119106699751, "Chuvash": 0.7471264367816092, "Mari": 0.47058823529411764}, "skipped_nodes": 13, "model_name": "LongestIbd"}