{"f1_macro": 0.7339728712814052, "f1_weighted": 0.9117964342921986, "precision_macro": 0.7428177838164252, "precision_weighted": 0.911597894234701, "recall_macro": 0.7256665514957819, "recall_weighted": 0.9122257053291536, "accuracy": 0.9122257053291536, "class_scores": {"Udmurts,Besermyan": 0.9090909090909091, "Tatars,Volga-Tatars,Mishar-Tatars,Kryashens": 0.9584245076586433, "Chuvash": 0.8461538461538461, "Mari": 0.2222222222222222}, "skipped_nodes": 7, "memory_allocated_MB": 36.64501953125, "memory_reserved_MB": 182.0, "model_name": "GL_TAGConv_3l_512h_w_k3_gnorm"}