{"f1_macro": 0.6566404602945966, "f1_weighted": 0.8349555393696289, "accuracy": 0.8690647482014389, "class_scores": {"English": 0.9555084745762712, "Germans": 0.7346938775510204, "French": 0.03125, "Belgium": 0.9051094890510949}, "skipped_nodes": 74, "model_name": "GL_GINConv_9l_128h"}