{"f1_macro": 0.5424210118239969, "f1_weighted": 0.8072334894136429, "accuracy": 0.8178913738019169, "class_scores": {"P0": 0.6, "P1": 0.8831168831168831, "P2": 0.6865671641791045, "P3": 0.0}, "skipped_nodes": 10, "model_name": "MaxEdgeCount"}