{"f1_macro": 0.5822354911280285, "f1_weighted": 0.7309942380401613, "precision_macro": 0.5987336601307189, "precision_weighted": 0.7258485265451211, "recall_macro": 0.5834138655462184, "recall_weighted": 0.7543859649122807, "accuracy": 0.7543859649122807, "class_scores": {"Chechens": 0.8108108108108109, "Kabardians, Circassians, Adyghes": 0.7931034482758621, "Karachays, Balkars": 0.875, "Ingush": 0.8421052631578947, "Dagestan peoples": 0.711864406779661, "Ossetians": 0.625, "Kumyks": 0.0, "Nogais": 0.0}, "skipped_nodes": 4, "memory_allocated_MB": 19.037109375, "memory_reserved_MB": 50.0, "f1_macro_score_only_mask_connect": 0.34012345679012346, "f1_macro_score_only_not_mask_connect": 0.2, "f1_macro_score_mixed_connect": 0.5920841326189373, "only_mask_connect_sum": 25.0, "only_not_mask_connect_sum": 4.0, "mixed_connect_sum": 85.0, "model_name": "GL_GINConv_3l_128h"}