{"f1_macro": 0.8033604834591677, "f1_weighted": 0.9578019610107116, "precision_macro": 0.7995222699851894, "precision_weighted": 0.9590725210861176, "recall_macro": 0.8084601378592795, "recall_weighted": 0.9570552147239264, "accuracy": 0.9570552147239264, "class_scores": {"Udmurts,Besermyan": 0.972972972972973, "Tatars,Volga-Tatars,Mishar-Tatars,Kryashens": 0.9871794871794872, "Chuvash": 0.9375, "Mari": 0.3157894736842105}, "skipped_nodes": 0, "memory_allocated_MB": 160.17626953125, "memory_reserved_MB": 248.0, "f1_macro_score_only_mask_connect": NaN, "f1_macro_score_only_not_mask_connect": 0.8033604834591677, "f1_macro_score_mixed_connect": NaN, "only_mask_connect_sum": 0.0, "only_not_mask_connect_sum": 326.0, "mixed_connect_sum": 0.0, "model_name": "GL_TAGConv_9l_512h_w_k3"}