{"f1_macro": 0.24500306560392396, "f1_weighted": 0.05537496285541258, "precision_macro": 0.25149700598802394, "precision_weighted": 0.056427023254105285, "recall_macro": 0.2398989898989899, "recall_weighted": 0.05521472392638037, "accuracy": 0.05521472392638037, "class_scores": {"P0": 0.9714285714285714, "P1": 0.0, "P2": 0.008583690987124463, "P3": 0.0}, "skipped_nodes": 0, "model_name": "MaxIbdSumPerClassSize"}