{"f1_macro": 0.4911090865122074, "f1_weighted": 0.5788795634939443, "precision_macro": 0.5271390886889222, "precision_weighted": 0.575313372762234, "recall_macro": 0.4877763132715163, "recall_weighted": 0.6035502958579881, "accuracy": 0.6035502958579881, "class_scores": {"Northen Russians": 0.7163120567375887, "Ukranians": 0.15789473684210525, "Belarusians": 0.4691358024691358, "Southern Russians": 0.62109375}, "skipped_nodes": 134, "memory_allocated_MB": 25.138671875, "memory_reserved_MB": 104.0, "model_name": "GL_TAGConv_9l_128h_w_k3"}