{"f1_macro": 0.4361503967434777, "f1_weighted": 0.5172627359008541, "precision_macro": 0.4043020787453321, "precision_weighted": 0.48422460261670797, "recall_macro": 0.4824254830626645, "recall_weighted": 0.5667074663402693, "accuracy": 0.5667074663402693, "class_scores": {"Ukranians": 0.0, "Southern Russians": 0.5901639344262295, "Northen Russians": 0.6917510853835022, "Belarusians": 0.4626865671641791}, "skipped_nodes": 66, "memory_allocated_MB": 339.84521484375, "memory_reserved_MB": 1768.0, "model_name": "GL_GATConv_9l_512h"}