{"f1_macro": 0.9014555416932537, "f1_weighted": 0.9074529270076703, "precision_macro": 0.91812627832231, "precision_weighted": 0.9169765318075211, "recall_macro": 0.8939251040221915, "recall_weighted": 0.9061032863849765, "accuracy": 0.9061032863849765, "class_scores": {"Swedes": 0.8780487804878049, "Norwegians": 0.934010152284264, "Danes": 0.8923076923076924}, "skipped_nodes": 2, "memory_allocated_MB": 42.3662109375, "memory_reserved_MB": 84.0, "f1_macro_score_only_mask_connect": 0.9076923076923077, "f1_macro_score_only_not_mask_connect": 0.4761904761904761, "f1_macro_score_mixed_connect": 0.9092060047024778, "only_mask_connect_sum": 10.0, "only_not_mask_connect_sum": 11.0, "mixed_connect_sum": 192.0, "model_name": "GL_GINConv_3l_512h"}