{"f1_macro": 0.6531640556240099, "f1_weighted": 0.8629214690921954, "accuracy": 0.8917609046849758, "class_scores": {"English": 0.9654403567447045, "Germans": 0.717391304347826, "French": 0.0, "Belgium": 0.9298245614035088}, "skipped_nodes": 150, "model_name": "GL_GATConv_3l_512h"}