{"f1_macro": 0.7034961462085223, "f1_weighted": 0.7271237501270263, "precision_macro": 0.7001383972127562, "precision_weighted": 0.7342132265336371, "recall_macro": 0.7134191272593233, "recall_weighted": 0.7251082251082251, "accuracy": 0.7251082251082251, "class_scores": {"P0": 0.745928338762215, "P1": 0.6185567010309279, "P2": 0.8571428571428571, "P3": 0.5923566878980892}, "skipped_nodes": 0, "memory_allocated_MB": 23.28173828125, "memory_reserved_MB": 100.0, "model_name": "GL_MLP_3l_512h"}