{"f1_macro": 0.9510570075823522, "f1_weighted": 0.9666444494480291, "accuracy": 0.9669876203576341, "class_scores": {"English": 0.9806451612903225, "Germans": 0.9482071713147411, "French": 0.9264705882352942, "Belgium": 0.948905109489051}, "skipped_nodes": 42, "model_name": "GL_TAGConv_3l_512h_w_k3_gnorm"}