{"f1_macro": 0.5443865345181135, "f1_weighted": 0.5950172283856495, "accuracy": 0.5538461538461539, "class_scores": {"Udmurts,Besermyan": 0.8095238095238095, "Tatars,Volga-Tatars,Mishar-Tatars,Kryashens": 0.5878787878787879, "Chuvash": 0.6210526315789474, "Mari": 0.1590909090909091}, "skipped_nodes": 1, "model_name": "MaxEdgeCountPerClassSize"}