{"f1_macro": 0.5113297471089445, "f1_weighted": 0.5549606457804732, "precision_macro": 0.5086429398148149, "precision_weighted": 0.5616572768538604, "recall_macro": 0.5271294733563437, "recall_weighted": 0.5574837310195228, "accuracy": 0.5574837310195228, "class_scores": {"Southern Russians": 0.5485519591141397, "Ukranians": 0.2887323943661972, "Northen Russians": 0.7230046948356808, "Belarusians": 0.48502994011976047}, "skipped_nodes": 3, "memory_allocated_MB": 22.51904296875, "memory_reserved_MB": 650.0, "model_name": "GL_GATConv_3l_128h"}