{"f1_macro": 0.8115878365120477, "f1_weighted": 0.9582544933678675, "precision_macro": 0.8327833379587871, "precision_weighted": 0.9577438370274698, "recall_macro": 0.79584184434601, "recall_weighted": 0.96, "accuracy": 0.96, "class_scores": {"P0": 0.9375, "P1": 0.9849462365591398, "P2": 0.948905109489051, "P3": 0.375}, "skipped_nodes": 0, "memory_allocated_MB": 42.130859375, "memory_reserved_MB": 196.0, "f1_macro_score_only_mask_connect": -100.0, "f1_macro_score_only_not_mask_connect": -100.0, "f1_macro_score_mixed_connect": -100.0, "only_mask_connect_sum": -100.0, "only_not_mask_connect_sum": -100.0, "mixed_connect_sum": -100.0, "model_name": "GL_TAGConv_3l_512h_w_k3_gnorm"}