{"f1_macro": 0.6617184029389598, "f1_weighted": 0.8975918637997373, "precision_macro": 0.6798063048063048, "precision_weighted": 0.8911336526721142, "recall_macro": 0.6539317053391782, "recall_weighted": 0.9076923076923077, "accuracy": 0.9076923076923077, "class_scores": {"P0": 0.8666666666666667, "P1": 0.9550321199143469, "P2": 0.8251748251748252, "P3": 0.0}, "skipped_nodes": 0, "model_name": "MaxIbdSum"}