{"f1_macro": 0.6254461945533062, "f1_weighted": 0.7958648337359147, "accuracy": 0.7883435582822086, "class_scores": {"Udmurts,Besermyan": 1.0, "Tatars,Volga-Tatars,Mishar-Tatars,Kryashens": 0.8523002421307506, "Chuvash": 0.6494845360824743, "Mari": 0.0}, "skipped_nodes": 0, "model_name": "GL_GATConv_9l_512h"}