{"f1_macro": 0.15022620630791217, "f1_weighted": 0.20534678394299005, "precision_macro": 0.12875828095804315, "precision_weighted": 0.1761008911068364, "recall_macro": 0.25709030467595734, "recall_weighted": 0.35135135135135137, "accuracy": 0.35135135135135137, "class_scores": {"Southern Russians": 0.059850374064837904, "Ukranians": 0.0, "Northen Russians": 0.5410544511668107, "Belarusians": 0.0}, "skipped_nodes": 0, "memory_allocated_MB": 56.0390625, "memory_reserved_MB": 504.0, "f1_macro_score_only_mask_connect": -100.0, "f1_macro_score_only_not_mask_connect": -100.0, "f1_macro_score_mixed_connect": -100.0, "only_mask_connect_sum": -100.0, "only_not_mask_connect_sum": -100.0, "mixed_connect_sum": -100.0, "model_name": "GL_GCNConv_9l_512h_w"}