{"f1_macro": 0.7190479324097817, "f1_weighted": 0.8244300354193738, "accuracy": 0.8172661870503597, "class_scores": {"English": 0.9138920780711826, "Germans": 0.64, "French": 0.5365853658536586, "Belgium": 0.7857142857142857}, "skipped_nodes": 74, "model_name": "GL_MLP_9l_128h"}