{"f1_macro": 0.6297175832429084, "f1_weighted": 0.8409680718104284, "precision_macro": 0.6267596782302666, "precision_weighted": 0.8788841725465292, "recall_macro": 0.681001828631139, "recall_weighted": 0.8142414860681114, "accuracy": 0.8142414860681114, "class_scores": {"P0": 0.7567567567567568, "P1": 0.9107142857142857, "P2": 0.711864406779661, "P3": 0.13953488372093023}, "skipped_nodes": 2, "memory_allocated_MB": 21.826171875, "memory_reserved_MB": 50.0, "model_name": "GL_MLP_3l_512h"}