{"f1_macro": 0.35858838730517645, "f1_weighted": 0.3955224868735327, "accuracy": 0.4954954954954955, "class_scores": {"Chechens": 0.7142857142857143, "Kabardians, Circassians, Adyghes": 0.0, "Karachays, Balkars": 0.5573770491803278, "Ingush": 0.7142857142857143, "Dagestan peoples": 0.4, "Ossetians": 0.4827586206896552, "Kumyks": 0.0, "Nogais": 0.0}, "skipped_nodes": 7, "model_name": "GL_GINConv_9l_128h"}