{"f1_macro": 0.5498664373479029, "f1_weighted": 0.6038347599307559, "precision_macro": 0.5597804296641986, "precision_weighted": 0.6035746006282651, "recall_macro": 0.5466887894450397, "recall_weighted": 0.6106290672451193, "accuracy": 0.6106290672451193, "class_scores": {"Southern Russians": 0.6542324246771879, "Ukranians": 0.35036496350364965, "Northen Russians": 0.7435064935064936, "Belarusians": 0.45136186770428016}, "skipped_nodes": 3, "memory_allocated_MB": 18.01708984375, "memory_reserved_MB": 152.0, "model_name": "GL_SAGEConv_3l_128h"}