{"f1_macro": 0.9200322216626564, "f1_weighted": 0.9141395357662223, "precision_macro": 0.9225216912716913, "precision_weighted": 0.923785713009851, "recall_macro": 0.9281800766283524, "recall_weighted": 0.9137931034482759, "accuracy": 0.9137931034482759, "class_scores": {"Chechens": 0.8888888888888888, "Kabardians, Circassians, Adyghes": 0.9285714285714286, "Karachays, Balkars": 0.918918918918919, "Ingush": 0.8695652173913043, "Dagestan peoples": 0.9130434782608695, "Ossetians": 0.9523809523809523, "Kumyks": 1.0, "Nogais": 0.8888888888888888}, "skipped_nodes": 2, "model_name": "LongestIbd"}