{"f1_macro": 0.8754438178780284, "f1_weighted": 0.9269416418539226, "accuracy": 0.9316239316239316, "class_scores": {"P0": 1.0, "P1": 0.9122807017543859, "P2": 1.0, "P3": 1.0, "P4": 0.8888888888888888, "P5": 0.9523809523809523, "P6": 0.5, "P7": 0.75}, "skipped_nodes": 1, "model_name": "GL_SAGEConv_3l_512h"}