{"f1_macro": 0.9352129990254849, "f1_weighted": 0.9595178539258905, "accuracy": 0.9608391608391609, "class_scores": {"English": 0.9775401069518717, "Germans": 0.95, "French": 0.864406779661017, "Belgium": 0.948905109489051}, "skipped_nodes": 54, "model_name": "GL_SAGEConv_9l_128h"}