{"f1_macro": 0.38589223902432057, "f1_weighted": 0.49594013989611646, "precision_macro": 0.38301139535687995, "precision_weighted": 0.4648384931746952, "recall_macro": 0.4176266732028814, "recall_weighted": 0.5546772068511199, "accuracy": 0.5546772068511199, "class_scores": {"Northen Russians": 0.6793760831889082, "Ukranians": 0.0, "Belarusians": 0.25316455696202533, "Southern Russians": 0.6110283159463488}, "skipped_nodes": 98, "memory_allocated_MB": 36.5712890625, "memory_reserved_MB": 378.0, "model_name": "GL_GATConv_9l_128h"}