{"f1_macro": 0.7953114391329494, "f1_weighted": 0.8737830874553011, "accuracy": 0.8862690707350902, "class_scores": {"English": 0.9311740890688259, "Germans": 0.8434782608695652, "French": 0.8571428571428571, "Belgium": 0.5494505494505495}, "skipped_nodes": 48, "model_name": "GL_MLP_9l_128h"}