{"f1_macro": 0.9503363584033115, "f1_weighted": 0.9697154556521984, "precision_macro": 0.9522929221408822, "precision_weighted": 0.9696968668250592, "recall_macro": 0.948692562633412, "recall_weighted": 0.9698630136986301, "accuracy": 0.9698630136986301, "class_scores": {"English": 0.9869848156182213, "Germans": 0.9494163424124513, "French": 0.9078014184397163, "Belgium": 0.9571428571428572}, "skipped_nodes": 39, "memory_allocated_MB": 36.6796875, "memory_reserved_MB": 212.0, "model_name": "GL_TAGConv_3l_512h_w_k3_gnorm_relu"}