{"f1_macro": 0.965193480158979, "f1_weighted": 0.9737479947016529, "accuracy": 0.9741144414168937, "class_scores": {"P0": 0.9839228295819936, "P1": 0.9516129032258065, "P2": 0.9324324324324325, "P3": 0.9928057553956835}, "skipped_nodes": 28, "model_name": "GL_GINConv_3l_512h"}