{"f1_macro": 0.2377919737919738, "f1_weighted": 0.0599272847861805, "precision_macro": 0.22410222600509758, "precision_weighted": 0.054647563697773405, "recall_macro": 0.3042929292929293, "recall_weighted": 0.07668711656441718, "accuracy": 0.07668711656441718, "class_scores": {"P0": 0.8648648648648649, "P1": 0.0, "P2": 0.056, "P3": 0.030303030303030304}, "skipped_nodes": 0, "model_name": "MaxIbdSumPerClassSize"}