{"f1_macro": 0.23590256923590258, "f1_weighted": 0.05573671831340543, "precision_macro": 0.227921498661909, "precision_weighted": 0.052834071244451976, "recall_macro": 0.24747474747474746, "recall_weighted": 0.06134969325153374, "accuracy": 0.06134969325153374, "class_scores": {"P0": 0.918918918918919, "P1": 0.0, "P2": 0.024691358024691357, "P3": 0.0}, "skipped_nodes": 0, "model_name": "MaxIbdSumPerClassSize"}