{"f1_macro": 0.8904674261461517, "f1_weighted": 0.9752817818490291, "precision_macro": 0.8673076923076923, "precision_weighted": 0.9799669655497876, "recall_macro": 0.9287889625872459, "recall_weighted": 0.9723926380368099, "accuracy": 0.9723926380368099, "class_scores": {"Udmurts,Besermyan": 1.0, "Tatars,Volga-Tatars,Mishar-Tatars,Kryashens": 0.9913419913419913, "Chuvash": 0.9618320610687023, "Mari": 0.6086956521739131}, "skipped_nodes": 0, "memory_allocated_MB": 20.92333984375, "memory_reserved_MB": 218.0, "model_name": "GL_GINConv_3l_128h"}