{"f1_macro": 0.7033834586466166, "f1_weighted": 0.9253678675215647, "precision_macro": 0.6907393888830953, "precision_weighted": 0.9221052752802771, "recall_macro": 0.724308536003815, "recall_weighted": 0.9355828220858896, "accuracy": 0.9355828220858896, "class_scores": {"Udmurts,Besermyan": 0.9714285714285714, "Tatars,Volga-Tatars,Mishar-Tatars,Kryashens": 0.9736842105263158, "Chuvash": 0.868421052631579, "Mari": 0.0}, "skipped_nodes": 0, "memory_allocated_MB": 20.51708984375, "memory_reserved_MB": 28.0, "model_name": "GL_GINConv_3l_128h"}