{"f1_macro": 0.6550298766441037, "f1_weighted": 0.8204647881225147, "precision_macro": 0.6503573020117137, "precision_weighted": 0.8277781087414114, "recall_macro": 0.6628317488611606, "recall_weighted": 0.8165137614678899, "accuracy": 0.8165137614678899, "class_scores": {"Chechens": 0.8823529411764706, "Kabardians, Circassians, Adyghes": 0.9019607843137255, "Karachays, Balkars": 0.9411764705882353, "Ingush": 0.9523809523809523, "Dagestan peoples": 0.7441860465116279, "Ossetians": 0.8181818181818182, "Kumyks": 0.0, "Nogais": 0.0}, "skipped_nodes": 9, "memory_allocated_MB": 28.0126953125, "memory_reserved_MB": 60.0, "f1_macro_score_only_mask_connect": 0.29642857142857143, "f1_macro_score_only_not_mask_connect": 0.4888888888888888, "f1_macro_score_mixed_connect": 0.6829965117767537, "only_mask_connect_sum": 20.0, "only_not_mask_connect_sum": 12.0, "mixed_connect_sum": 77.0, "model_name": "GL_SAGEConv_3l_512h_de"}