{"f1_macro": 0.9100945749652647, "f1_weighted": 0.9787840544266396, "precision_macro": 0.8823529411764706, "precision_weighted": 0.9870083002526163, "recall_macro": 0.9751268045259461, "recall_weighted": 0.9754601226993865, "accuracy": 0.9754601226993865, "class_scores": {"Udmurts,Besermyan": 1.0, "Tatars,Volga-Tatars,Mishar-Tatars,Kryashens": 0.9956896551724138, "Chuvash": 0.9523809523809523, "Mari": 0.6923076923076923}, "skipped_nodes": 0, "memory_allocated_MB": 160.244140625, "memory_reserved_MB": 994.0, "model_name": "GL_TAGConv_9l_512h_w_k3"}