{"f1_macro": 0.3595144441195453, "f1_weighted": 0.14908440848622914, "precision_macro": 0.5627551020408164, "precision_weighted": 0.8118379867284337, "recall_macro": 0.5495567260588721, "recall_weighted": 0.2116564417177914, "accuracy": 0.2116564417177914, "class_scores": {"P0": 1.0, "P1": 0.04201680672268908, "P2": 0.3025830258302583, "P3": 0.09345794392523364}, "skipped_nodes": 0, "model_name": "MaxIbdSumPerClassSize"}