{"f1_macro": 0.5319458212508917, "f1_weighted": 0.6380068337848399, "precision_macro": 0.5628474713055954, "precision_weighted": 0.8102383076902765, "recall_macro": 0.5951684224216414, "recall_weighted": 0.6012269938650306, "accuracy": 0.6012269938650306, "class_scores": {"P0": 0.8, "P1": 0.6869806094182825, "P2": 0.48695652173913045, "P3": 0.15384615384615385}, "skipped_nodes": 0, "model_name": "LongestIbd"}