{"f1_macro": 0.836140724946695, "f1_weighted": 0.9659620390597407, "precision_macro": 0.8810568295114657, "precision_weighted": 0.964934032259051, "recall_macro": 0.8107957254952963, "recall_weighted": 0.9693251533742331, "accuracy": 0.9693251533742331, "class_scores": {"P0": 0.9714285714285714, "P1": 0.9893390191897654, "P2": 0.9552238805970149, "P3": 0.42857142857142855}, "skipped_nodes": 0, "memory_allocated_MB": 39.95849609375, "memory_reserved_MB": 138.0, "model_name": "GL_TAGConv_3l_512h_w_k3_gnorm"}