{"f1_macro": 0.5144317380030593, "f1_weighted": 0.5859381661953227, "precision_macro": 0.5644951860525631, "precision_weighted": 0.5977162323916422, "recall_macro": 0.5286929615389887, "recall_weighted": 0.6237837837837837, "accuracy": 0.6237837837837837, "class_scores": {"Southern Russians": 0.6747311827956989, "Ukranians": 0.16494845360824742, "Northen Russians": 0.7627627627627628, "Belarusians": 0.45528455284552843}, "skipped_nodes": 0, "memory_allocated_MB": 90.27685546875, "memory_reserved_MB": 398.0, "f1_macro_score_only_mask_connect": -100.0, "f1_macro_score_only_not_mask_connect": -100.0, "f1_macro_score_mixed_connect": -100.0, "only_mask_connect_sum": -100.0, "only_not_mask_connect_sum": -100.0, "mixed_connect_sum": -100.0, "model_name": "GL_SAGEConv_9l_512h_de"}