{"f1_macro": 0.41928261033332936, "f1_weighted": 0.4868981248260667, "precision_macro": 0.43488639631866555, "precision_weighted": 0.48049172978767457, "recall_macro": 0.42422905736461647, "recall_weighted": 0.5081081081081081, "accuracy": 0.5081081081081081, "class_scores": {"Southern Russians": 0.5500747384155455, "Ukranians": 0.2827586206896552, "Northen Russians": 0.6494252873563219, "Belarusians": 0.19487179487179487}, "skipped_nodes": 0, "memory_allocated_MB": 37.67578125, "memory_reserved_MB": 134.0, "model_name": "GL_TAGConv_3l_512h_w_k3"}