{"f1_macro": 0.6550380129738683, "f1_weighted": 0.7273459180269198, "precision_macro": 0.6419554899442503, "precision_weighted": 0.839613333580423, "recall_macro": 0.739796028959119, "recall_weighted": 0.7055214723926381, "accuracy": 0.7055214723926381, "class_scores": {"P0": 0.8947368421052632, "P1": 0.765625, "P2": 0.5961538461538461, "P3": 0.36363636363636365}, "skipped_nodes": 0, "model_name": "LongestIbd"}