{"f1_macro": 0.4771220060988246, "f1_weighted": 0.8775698822900326, "precision_macro": 0.4562645514104716, "precision_weighted": 0.8412646028978421, "recall_macro": 0.5, "recall_weighted": 0.9171779141104295, "accuracy": 0.9171779141104295, "class_scores": {"Udmurts,Besermyan": 0.0, "Tatars,Volga-Tatars,Mishar-Tatars,Kryashens": 0.9588477366255144, "Chuvash": 0.9496402877697842, "Mari": 0.0}, "skipped_nodes": 0, "memory_allocated_MB": 84.47119140625, "memory_reserved_MB": 90.0, "model_name": "GL_GINConv_9l_512h"}