{"f1_macro": 0.9227956938495364, "f1_weighted": 0.9271491462311608, "precision_macro": 0.9442023723069474, "precision_weighted": 0.930067464452233, "recall_macro": 0.9077498791057547, "recall_weighted": 0.927536231884058, "accuracy": 0.927536231884058, "class_scores": {"Swedes": 0.9358974358974359, "Norwegians": 0.926829268292683, "Danes": 0.9056603773584906}, "skipped_nodes": 8, "memory_allocated_MB": 97.03564453125, "memory_reserved_MB": 268.0, "model_name": "GL_GATConv_3l_512h"}