{"f1_macro": 0.42639948479664536, "f1_weighted": 0.4836667330112725, "precision_macro": 0.42594853875058264, "precision_weighted": 0.4809729694814001, "recall_macro": 0.42778674509555886, "recall_weighted": 0.48709315375982043, "accuracy": 0.48709315375982043, "class_scores": {"Ukranians": 0.24372759856630824, "Southern Russians": 0.5234248788368336, "Northen Russians": 0.6337579617834395, "Belarusians": 0.3046875}, "skipped_nodes": 24, "memory_allocated_MB": 37.5673828125, "memory_reserved_MB": 224.0, "model_name": "GL_TAGConv_3l_512h_w_k3_gnorm_relu"}