{"f1_macro": 0.9453027164496595, "f1_weighted": 0.9684984527853976, "precision_macro": 0.940038816108685, "precision_weighted": 0.9689075791110845, "recall_macro": 0.9515194921918886, "recall_weighted": 0.9684931506849315, "accuracy": 0.9684931506849315, "class_scores": {"English": 0.9891067538126361, "Germans": 0.9448818897637795, "French": 0.8888888888888888, "Belgium": 0.9583333333333334}, "skipped_nodes": 39, "memory_allocated_MB": 37.57958984375, "memory_reserved_MB": 216.0, "model_name": "GL_TAGConv_3l_512h_w_k3_gnorm_gelu"}