{"f1_macro": 0.6396785232311548, "f1_weighted": 0.8295162833118298, "precision_macro": 0.658442513368984, "precision_weighted": 0.8480697243932537, "recall_macro": 0.6364962651727357, "recall_weighted": 0.8269230769230769, "accuracy": 0.8269230769230769, "class_scores": {"Chechens": 0.8947368421052632, "Kabardians, Circassians, Adyghes": 0.8076923076923077, "Karachays, Balkars": 0.8205128205128205, "Ingush": 0.9523809523809523, "Dagestan peoples": 0.8421052631578947, "Ossetians": 0.8, "Kumyks": 0.0, "Nogais": 0.0}, "skipped_nodes": 14, "memory_allocated_MB": 87.0517578125, "memory_reserved_MB": 132.0, "model_name": "GL_SAGEConv_9l_512h"}