{"f1_macro": 0.10633802816901408, "f1_weighted": 0.17210749157521818, "precision_macro": 0.3319672131147541, "precision_weighted": 0.2895504374937142, "recall_macro": 0.07069623271340009, "recall_weighted": 0.12883435582822086, "accuracy": 0.12883435582822086, "class_scores": {"P0": 0.2, "P1": 0.22535211267605634, "P2": 0.0, "P3": 0.0}, "skipped_nodes": 0, "model_name": "MaxIbdSum"}