{"f1_macro": 0.5601637815146889, "f1_weighted": 0.6033394038080802, "precision_macro": 0.5650533235046856, "precision_weighted": 0.6159981676284714, "recall_macro": 0.5724094921577341, "recall_weighted": 0.6060606060606061, "accuracy": 0.6060606060606061, "class_scores": {"Southern Russians": 0.5882352941176471, "Ukranians": 0.4195804195804196, "Northen Russians": 0.7708333333333334, "Belarusians": 0.46200607902735563}, "skipped_nodes": 1, "model_name": "MaxEdgeCountPerClassSize"}