{"f1_macro": 0.7710000180443531, "f1_weighted": 0.8489767399993322, "precision_macro": 0.7714432601650646, "precision_weighted": 0.8816919620004917, "recall_macro": 0.8537414965986395, "recall_weighted": 0.8390804597701149, "accuracy": 0.8390804597701149, "class_scores": {"Chechens": 0.8275862068965517, "Kabardians, Circassians, Adyghes": 0.8717948717948718, "Karachays, Balkars": 0.9142857142857143, "Ingush": 0.7, "Dagestan peoples": 0.9333333333333333, "Ossetians": 0.75, "Kumyks": 0.4, "Nogais": 0.0}, "skipped_nodes": 31, "memory_allocated_MB": 21.78271484375, "memory_reserved_MB": 44.0, "model_name": "GL_MLP_3l_512h"}