{"f1_macro": 0.7858040762251013, "f1_weighted": 0.9631272116080994, "precision_macro": 0.9738906451235219, "precision_weighted": 0.9744778524087709, "recall_macro": 0.7767048164043873, "recall_weighted": 0.9723926380368099, "accuracy": 0.9723926380368099, "class_scores": {"Udmurts,Besermyan": 1.0, "Tatars,Volga-Tatars,Mishar-Tatars,Kryashens": 0.9935760171306209, "Chuvash": 0.9496402877697842, "Mari": 0.2}, "skipped_nodes": 0, "memory_allocated_MB": 42.1728515625, "memory_reserved_MB": 152.0, "f1_macro_score_only_mask_connect": NaN, "f1_macro_score_only_not_mask_connect": NaN, "f1_macro_score_mixed_connect": 0.7858040762251013, "only_mask_connect_sum": 0.0, "only_not_mask_connect_sum": 0.0, "mixed_connect_sum": 326.0, "model_name": "GL_TAGConv_9l_128h_w_k3"}