{"f1_macro": 0.965148046113377, "f1_weighted": 0.9752546563962183, "accuracy": 0.975609756097561, "class_scores": {"P0": 0.9871244635193133, "P1": 0.9486166007905138, "P2": 0.9530201342281879, "P3": 0.971830985915493}, "skipped_nodes": 24, "model_name": "GL_GINConv_3l_512h"}