{"f1_macro": 0.5646059219768741, "f1_weighted": 0.6555330302938557, "accuracy": 0.6104294478527608, "class_scores": {"P0": 0.8, "P1": 0.6873239436619718, "P2": 0.5652173913043478, "P3": 0.20588235294117646}, "skipped_nodes": 0, "model_name": "MaxIbdSumPerClassSize"}