{"f1_macro": 0.423844888961168, "f1_weighted": 0.5307933785735054, "precision_macro": 0.5344551282051282, "precision_weighted": 0.698951048951049, "recall_macro": 0.43777427637721755, "recall_weighted": 0.5272727272727272, "accuracy": 0.5272727272727272, "class_scores": {"Chechens": 0.7272727272727273, "Kabardians, Circassians, Adyghes": 0.3333333333333333, "Karachays, Balkars": 0.6976744186046512, "Ingush": 0.6153846153846154, "Dagestan peoples": 0.5555555555555556, "Ossetians": 0.46153846153846156, "Kumyks": 0.0, "Nogais": 0.0}, "skipped_nodes": 8, "memory_allocated_MB": 21.91455078125, "memory_reserved_MB": 188.0, "model_name": "GL_GINConv_9l_128h"}