{"f1_macro": 0.8868577691675124, "f1_weighted": 0.9759026930018091, "precision_macro": 0.8873931623931625, "precision_weighted": 0.9765586492580356, "recall_macro": 0.8876262626262627, "recall_weighted": 0.9754601226993865, "accuracy": 0.9754601226993865, "class_scores": {"P0": 0.9714285714285714, "P1": 0.9978586723768736, "P2": 0.9465648854961832, "P3": 0.631578947368421}, "skipped_nodes": 0, "memory_allocated_MB": 36.6591796875, "memory_reserved_MB": 190.0, "model_name": "GL_TAGConv_3l_512h_w_k3_gnorm"}