{"f1_macro": 0.4920524306259421, "f1_weighted": 0.5722643885717151, "precision_macro": 0.5594901215372623, "precision_weighted": 0.5847957929872314, "recall_macro": 0.4904483806010559, "recall_weighted": 0.6023738872403561, "accuracy": 0.6023738872403561, "class_scores": {"Northen Russians": 0.7153024911032029, "Ukranians": 0.21311475409836064, "Belarusians": 0.41333333333333333, "Southern Russians": 0.6264591439688716}, "skipped_nodes": 136, "memory_allocated_MB": 18.517578125, "memory_reserved_MB": 58.0, "model_name": "GL_GCNConv_9l_128h_w"}