{"f1_macro": 0.6163881848285873, "f1_weighted": 0.7748393291736944, "precision_macro": 0.6185406416136638, "precision_weighted": 0.7592322879679202, "recall_macro": 0.6254712513024534, "recall_weighted": 0.8018018018018018, "accuracy": 0.8018018018018018, "class_scores": {"Chechens": 0.8205128205128205, "Kabardians, Circassians, Adyghes": 0.8214285714285714, "Karachays, Balkars": 0.9411764705882353, "Ingush": 0.8421052631578947, "Dagestan peoples": 0.8, "Ossetians": 0.7058823529411765, "Kumyks": 0.0, "Nogais": 0.0}, "skipped_nodes": 7, "memory_allocated_MB": 27.4111328125, "memory_reserved_MB": 116.0, "f1_macro_score_only_mask_connect": 0.40545454545454546, "f1_macro_score_only_not_mask_connect": 0.7142857142857143, "f1_macro_score_mixed_connect": 0.6275357688622007, "only_mask_connect_sum": 22.0, "only_not_mask_connect_sum": 6.0, "mixed_connect_sum": 83.0, "model_name": "GL_SAGEConv_3l_512h_de"}