{"f1_macro": 0.9310757951264814, "f1_weighted": 0.9651549200205185, "accuracy": 0.9661654135338346, "class_scores": {"English": 0.981549815498155, "Germans": 0.8865979381443299, "French": 0.9056603773584906, "Belgium": 0.9504950495049505}, "skipped_nodes": 237, "model_name": "GL_SAGEConv_3l_512h"}