{"f1_macro": 0.6002740133603217, "f1_weighted": 0.7264246163196534, "precision_macro": 0.6031614219114219, "precision_weighted": 0.7413593528978144, "recall_macro": 0.6038900157764255, "recall_weighted": 0.717948717948718, "accuracy": 0.717948717948718, "class_scores": {"Chechens": 0.8421052631578947, "Kabardians, Circassians, Adyghes": 0.6909090909090909, "Karachays, Balkars": 0.6875, "Ingush": 0.8571428571428571, "Dagestan peoples": 0.8936170212765957, "Ossetians": 0.6086956521739131, "Kumyks": 0.0, "Nogais": 0.2222222222222222}, "skipped_nodes": 1, "memory_allocated_MB": 18.10498046875, "memory_reserved_MB": 76.0, "model_name": "GL_GINConv_3l_128h"}