{"f1_macro": 0.5049173968949823, "f1_weighted": 0.5561016155207413, "precision_macro": 0.5058375434573827, "precision_weighted": 0.5592107167289923, "recall_macro": 0.5135708038748356, "recall_weighted": 0.5598404255319149, "accuracy": 0.5598404255319149, "class_scores": {"Northen Russians": 0.6759581881533101, "Ukranians": 0.3157894736842105, "Belarusians": 0.46218487394957986, "Southern Russians": 0.5657370517928287}, "skipped_nodes": 105, "memory_allocated_MB": 338.11767578125, "memory_reserved_MB": 1594.0, "model_name": "GL_GATConv_9l_512h"}