{"f1_macro": 0.5166004043126684, "f1_weighted": 0.7388192091792577, "precision_macro": 0.5002038043478261, "precision_weighted": 0.7292680494615077, "recall_macro": 0.5557210031347962, "recall_weighted": 0.7798165137614679, "accuracy": 0.7798165137614679, "class_scores": {"Chechens": 0.72, "Kabardians, Circassians, Adyghes": 0.9056603773584906, "Karachays, Balkars": 0.85, "Ingush": 0.0, "Dagestan peoples": 0.8571428571428571, "Ossetians": 0.8, "Kumyks": 0.0, "Nogais": 0.0}, "skipped_nodes": 9, "memory_allocated_MB": 25.1865234375, "memory_reserved_MB": 56.0, "model_name": "GL_TAGConv_9l_128h_w_k3"}