{"f1_macro": 0.9446127909299987, "f1_weighted": 0.9489846827636653, "precision_macro": 0.9455808080808081, "precision_weighted": 0.9502378435517971, "recall_macro": 0.9446666083559289, "recall_weighted": 0.9488372093023256, "accuracy": 0.9488372093023256, "class_scores": {"Swedes": 0.9419354838709677, "Norwegians": 0.9603960396039604, "Danes": 0.9315068493150684}, "skipped_nodes": 0, "memory_allocated_MB": 36.52490234375, "memory_reserved_MB": 532.0, "model_name": "GL_GATConv_9l_128h"}