{"f1_macro": 0.41426318606684326, "f1_weighted": 0.48818997216804394, "precision_macro": 0.409999977441891, "precision_weighted": 0.4792533523496202, "recall_macro": 0.4236090789513678, "recall_weighted": 0.5005405405405405, "accuracy": 0.5005405405405405, "class_scores": {"Southern Russians": 0.49297971918876754, "Ukranians": 0.34017595307917886, "Northen Russians": 0.7206106870229008, "Belarusians": 0.10328638497652583}, "skipped_nodes": 0, "memory_allocated_MB": 21.6806640625, "memory_reserved_MB": 260.0, "model_name": "GL_GINConv_9l_128h"}