{"f1_macro": 0.5259249420491005, "f1_weighted": 0.5764612487612858, "precision_macro": 0.5229275790746626, "precision_weighted": 0.5870561474816304, "recall_macro": 0.5360589448739088, "recall_weighted": 0.571921749136939, "accuracy": 0.571921749136939, "class_scores": {"Ukranians": 0.31316725978647686, "Southern Russians": 0.594306049822064, "Northen Russians": 0.7103109656301145, "Belarusians": 0.4859154929577465}, "skipped_nodes": 36, "memory_allocated_MB": 21.9599609375, "memory_reserved_MB": 72.0, "model_name": "GL_MLP_3l_512h"}