{"f1_macro": 0.7340789042818816, "f1_weighted": 0.7783762843052405, "precision_macro": 0.7140436245504119, "precision_weighted": 0.8582159005250918, "recall_macro": 0.8171901417609572, "recall_weighted": 0.7576687116564417, "accuracy": 0.7576687116564417, "class_scores": {"P0": 0.9142857142857143, "P1": 0.8208955223880597, "P2": 0.6178010471204188, "P3": 0.5833333333333334}, "skipped_nodes": 0, "model_name": "LongestIbd"}