{"f1_macro": 0.2101741984347387, "f1_weighted": 0.04894655405541452, "precision_macro": 0.2217440119760479, "precision_weighted": 0.050737482091032654, "recall_macro": 0.20202020202020202, "recall_weighted": 0.049079754601226995, "accuracy": 0.049079754601226995, "class_scores": {"P0": 0.8235294117647058, "P1": 0.0, "P2": 0.017167381974248927, "P3": 0.0}, "skipped_nodes": 0, "model_name": "MaxEdgeCountPerClassSize"}