{"f1_macro": 0.8769190833273754, "f1_weighted": 0.9304389720841554, "precision_macro": 0.8950978230906663, "precision_weighted": 0.932395013997105, "recall_macro": 0.8647005849377558, "recall_weighted": 0.9324712643678161, "accuracy": 0.9324712643678161, "class_scores": {"English": 0.9721627408993576, "Germans": 0.8669950738916257, "French": 0.75, "Belgium": 0.9185185185185185}, "skipped_nodes": 73, "memory_allocated_MB": 37.77978515625, "memory_reserved_MB": 200.0, "model_name": "GL_TAGConv_3l_512h_w_k3"}