{"f1_macro": 0.6671502502147664, "f1_weighted": 0.7173117934744692, "precision_macro": 0.6624373433583959, "precision_weighted": 0.8811320863508465, "recall_macro": 0.8867700611262843, "recall_weighted": 0.6840490797546013, "accuracy": 0.6840490797546013, "class_scores": {"P0": 0.972972972972973, "P1": 0.7197802197802198, "P2": 0.6989247311827957, "P3": 0.27692307692307694}, "skipped_nodes": 0, "model_name": "MaxEdgeCountPerClassSize"}