{"f1_macro": 0.12978049557804158, "f1_weighted": 0.1773499258161835, "precision_macro": 0.11402231926249394, "precision_weighted": 0.15593007855016588, "recall_macro": 0.250788643533123, "recall_weighted": 0.3427027027027027, "accuracy": 0.3427027027027027, "class_scores": {"Southern Russians": 0.006134969325153374, "Ukranians": 0.0, "Northen Russians": 0.512987012987013, "Belarusians": 0.0}, "skipped_nodes": 0, "memory_allocated_MB": 55.283203125, "memory_reserved_MB": 490.0, "model_name": "GL_GCNConv_9l_512h_w"}