{"f1_macro": 0.40575210378681625, "f1_weighted": 0.6378116826503923, "accuracy": 0.7207207207207207, "class_scores": {"Chechens": 0.72, "Kabardians, Circassians, Adyghes": 0.8064516129032258, "Karachays, Balkars": 0.85, "Ingush": 0.0, "Dagestan peoples": 0.8695652173913043, "Ossetians": 0.0, "Kumyks": 0.0, "Nogais": 0.0}, "skipped_nodes": 7, "model_name": "GL_GCNConv_9l_128h_w"}