{"f1_macro": 0.28692970946371643, "f1_weighted": 0.33346178229137485, "accuracy": 0.3663194444444444, "class_scores": {"krasnodar": 0.3851851851851852, "yaroslavl": 0.23076923076923078, "ryazan": 0.5, "kaluga": 0.021505376344086023, "vologda": 0.2971887550200803}, "skipped_nodes": 0, "model_name": "GL_GINConv_3l_512h"}