{"f1_macro": 0.945357963005022, "f1_weighted": 0.947902855262766, "precision_macro": 0.9357981336823057, "precision_weighted": 0.949115817302097, "recall_macro": 0.9571521035598706, "recall_weighted": 0.9478672985781991, "accuracy": 0.9478672985781991, "class_scores": {"Swedes": 0.9324324324324325, "Norwegians": 0.9607843137254902, "Danes": 0.9428571428571428}, "skipped_nodes": 4, "memory_allocated_MB": 37.20263671875, "memory_reserved_MB": 104.0, "model_name": "GL_TAGConv_3l_512h_w_k3_gnorm"}