{"f1_macro": 0.3905686904463648, "f1_weighted": 0.489846857860189, "precision_macro": 0.4892827277691074, "precision_weighted": 0.5215321813152101, "recall_macro": 0.4240359194126401, "recall_weighted": 0.5502702702702703, "accuracy": 0.5502702702702703, "class_scores": {"Southern Russians": 0.5760197775030902, "Ukranians": 0.22727272727272727, "Northen Russians": 0.7302052785923754, "Belarusians": 0.02877697841726619}, "skipped_nodes": 0, "memory_allocated_MB": 99.5498046875, "memory_reserved_MB": 420.0, "f1_macro_score_only_mask_connect": 0.4705128205128205, "f1_macro_score_only_not_mask_connect": 0.0, "f1_macro_score_mixed_connect": 0.38670198504885106, "only_mask_connect_sum": 16.0, "only_not_mask_connect_sum": 1.0, "mixed_connect_sum": 908.0, "model_name": "GL_SAGEConv_9l_512h_de"}