{"f1_macro": 0.1400229697688204, "f1_weighted": 0.30179516948443713, "accuracy": 0.2668711656441718, "class_scores": {"P0": 0.14937759336099585, "P1": 0.4107142857142857, "P2": 0.0, "P3": 0.0}, "skipped_nodes": 0, "model_name": "LongestIbd"}