{"f1_macro": 0.8850765805406194, "f1_weighted": 0.9298406773296144, "precision_macro": 0.8959475257141711, "precision_weighted": 0.9344654959482305, "recall_macro": 0.8837383072679512, "recall_weighted": 0.9310829817158931, "accuracy": 0.9310829817158931, "class_scores": {"English": 0.9730893433799784, "Germans": 0.8370044052863436, "French": 0.8059701492537313, "Belgium": 0.9242424242424242}, "skipped_nodes": 58, "memory_allocated_MB": 28.01220703125, "memory_reserved_MB": 186.0, "f1_macro_score_only_mask_connect": 0.7978821752692269, "f1_macro_score_only_not_mask_connect": 0.9221362229102168, "f1_macro_score_mixed_connect": 0.9388101664417454, "only_mask_connect_sum": 176.0, "only_not_mask_connect_sum": 43.0, "mixed_connect_sum": 492.0, "model_name": "GL_SAGEConv_3l_512h"}