{"f1_macro": 0.9320330038776641, "f1_weighted": 0.9441860465116279, "accuracy": 0.9441860465116279, "class_scores": {"P0": 0.9333333333333333, "P1": 0.970873786407767, "P2": 0.8918918918918919}, "skipped_nodes": 0, "model_name": "GL_MLP_3l_512h"}