{"f1_macro": 0.8718882893074142, "f1_weighted": 0.9293816221090997, "precision_macro": 0.9037016359133316, "precision_weighted": 0.9324401389695491, "recall_macro": 0.8575043839538076, "recall_weighted": 0.9323741007194245, "accuracy": 0.9323741007194245, "class_scores": {"English": 0.970873786407767, "Germans": 0.8733624454148472, "French": 0.7368421052631579, "Belgium": 0.9064748201438849}, "skipped_nodes": 74, "memory_allocated_MB": 21.33447265625, "memory_reserved_MB": 208.0, "model_name": "GL_SAGEConv_9l_128h"}