{"f1_macro": 0.8635584010584011, "f1_weighted": 0.9104981825320808, "precision_macro": 0.9253214499925027, "precision_weighted": 0.9221569696368983, "recall_macro": 0.846150162098438, "recall_weighted": 0.9152542372881356, "accuracy": 0.9152542372881356, "class_scores": {"Chechens": 0.918918918918919, "Kabardians, Circassians, Adyghes": 0.9285714285714286, "Karachays, Balkars": 0.918918918918919, "Ingush": 0.9090909090909091, "Dagestan peoples": 0.9615384615384616, "Ossetians": 0.9, "Kumyks": 0.8, "Nogais": 0.5714285714285714}, "skipped_nodes": 0, "memory_allocated_MB": 156.96826171875, "memory_reserved_MB": 262.0, "model_name": "GL_TAGConv_9l_512h_w_k3"}