{"f1_macro": 0.8645994939741553, "f1_weighted": 0.8852285465082533, "precision_macro": 0.8515976597659766, "precision_weighted": 0.9160890015381906, "recall_macro": 0.8982420774266268, "recall_weighted": 0.8773006134969326, "accuracy": 0.8773006134969326, "class_scores": {"P0": 1.0, "P1": 0.91415313225058, "P2": 0.7664670658682635, "P3": 0.7777777777777778}, "skipped_nodes": 0, "model_name": "LongestIbd"}