{"f1_macro": 0.6841866416896429, "f1_weighted": 0.8078652384030535, "accuracy": 0.81, "class_scores": {"Chechens": 0.8717948717948718, "Kabardians, Circassians, Adyghes": 0.8163265306122449, "Karachays, Balkars": 0.8205128205128205, "Ingush": 0.6, "Dagestan peoples": 0.8571428571428571, "Ossetians": 0.8235294117647058, "Kumyks": 0.0, "Nogais": 0.0}, "skipped_nodes": 18, "model_name": "GL_GCNConv_9l_128h_w"}