{"f1_macro": 0.2838414953795138, "f1_weighted": 0.3329707291554259, "precision_macro": 0.3221582339229398, "precision_weighted": 0.4439025350498851, "recall_macro": 0.389375, "recall_weighted": 0.4158415841584158, "accuracy": 0.4158415841584158, "class_scores": {"Chechens": 0.0, "Kabardians, Circassians, Adyghes": 0.07407407407407407, "Karachays, Balkars": 0.56, "Ingush": 0.40816326530612246, "Dagestan peoples": 0.6451612903225806, "Ossetians": 0.5833333333333334, "Kumyks": 0.0, "Nogais": 0.0}, "skipped_nodes": 17, "memory_allocated_MB": 101.80859375, "memory_reserved_MB": 142.0, "model_name": "GL_GINConv_9l_512h"}