{"f1_macro": 0.5291742417181132, "f1_weighted": 0.5899952561678217, "precision_macro": 0.5273182146582992, "precision_weighted": 0.5966499215712022, "recall_macro": 0.5374468788140949, "recall_weighted": 0.5879059350503919, "accuracy": 0.5879059350503919, "class_scores": {"Ukranians": 0.2952029520295203, "Southern Russians": 0.6430976430976431, "Northen Russians": 0.7287319422150883, "Belarusians": 0.44966442953020136}, "skipped_nodes": 22, "memory_allocated_MB": 22.04150390625, "memory_reserved_MB": 72.0, "model_name": "GL_MLP_3l_512h"}