{"f1_macro": 0.5352901819034823, "f1_weighted": 0.6340431949003378, "precision_macro": 0.5346347356501043, "precision_weighted": 0.8396808744542514, "recall_macro": 0.7918517067223965, "recall_weighted": 0.5815384615384616, "accuracy": 0.5815384615384616, "class_scores": {"Udmurts,Besermyan": 0.6938775510204082, "Tatars,Volga-Tatars,Mishar-Tatars,Kryashens": 0.6609195402298851, "Chuvash": 0.5818181818181818, "Mari": 0.20454545454545456}, "skipped_nodes": 1, "model_name": "MaxIbdSumPerClassSize"}