{"f1_macro": 0.7965634649489468, "f1_weighted": 0.8567321559273156, "precision_macro": 0.7885653066151618, "precision_weighted": 0.8993975747467955, "recall_macro": 0.8341028308839467, "recall_weighted": 0.8466257668711656, "accuracy": 0.8466257668711656, "class_scores": {"P0": 0.972972972972973, "P1": 0.8936170212765957, "P2": 0.7314285714285714, "P3": 0.5882352941176471}, "skipped_nodes": 0, "model_name": "LongestIbd"}