{"f1_macro": 0.9370987903196457, "f1_weighted": 0.9595184257109957, "precision_macro": 0.9632833802647669, "precision_weighted": 0.9612245186376189, "recall_macro": 0.9159563701102331, "recall_weighted": 0.9603825136612022, "accuracy": 0.9603825136612022, "class_scores": {"English": 0.9786324786324786, "Germans": 0.9425287356321839, "French": 0.9007633587786259, "Belgium": 0.9264705882352942}, "skipped_nodes": 37, "memory_allocated_MB": 20.72265625, "memory_reserved_MB": 80.0, "model_name": "GL_SAGEConv_9l_128h"}