{"f1_macro": 0.9552811841254918, "f1_weighted": 0.9874226739539945, "accuracy": 0.9877300613496932, "class_scores": {"Udmurts,Besermyan": 0.972972972972973, "Tatars,Volga-Tatars,Mishar-Tatars,Kryashens": 0.9957081545064378, "Chuvash": 0.9774436090225563, "Mari": 0.875}, "skipped_nodes": 0, "model_name": "GL_TAGConv_3l_512h_w_k3_gnorm"}