{"f1_macro": 0.8435498905173218, "f1_weighted": 0.9238353386876899, "precision_macro": 0.8529104706759661, "precision_weighted": 0.9282196282995396, "recall_macro": 0.8448680189127269, "recall_weighted": 0.9243156199677939, "accuracy": 0.9243156199677939, "class_scores": {"English": 0.9695603156708005, "Germans": 0.8057553956834532, "French": 0.6808510638297872, "Belgium": 0.9180327868852459}, "skipped_nodes": 148, "memory_allocated_MB": 87.046875, "memory_reserved_MB": 190.0, "model_name": "GL_SAGEConv_9l_512h"}