{"f1_macro": 0.855232674461874, "f1_weighted": 0.9060154994587213, "precision_macro": 0.8578893932154803, "precision_weighted": 0.9179210203784873, "recall_macro": 0.8666427203065135, "recall_weighted": 0.9043478260869565, "accuracy": 0.9043478260869565, "class_scores": {"Chechens": 0.9411764705882353, "Kabardians, Circassians, Adyghes": 0.8727272727272727, "Karachays, Balkars": 1.0, "Ingush": 0.8333333333333334, "Dagestan peoples": 0.9361702127659575, "Ossetians": 0.8695652173913043, "Kumyks": 0.5, "Nogais": 0.8888888888888888}, "skipped_nodes": 3, "memory_allocated_MB": 52.0322265625, "memory_reserved_MB": 76.0, "model_name": "GL_MLP_9l_512h"}