{"f1_macro": 0.8454993344855672, "f1_weighted": 0.8979606150199827, "precision_macro": 0.8477398205659075, "precision_weighted": 0.9201878356887809, "recall_macro": 0.8649664750957855, "recall_weighted": 0.8956521739130435, "accuracy": 0.8956521739130435, "class_scores": {"Chechens": 0.9714285714285714, "Kabardians, Circassians, Adyghes": 0.8627450980392157, "Karachays, Balkars": 0.9714285714285714, "Ingush": 0.8, "Dagestan peoples": 0.9361702127659575, "Ossetians": 0.8333333333333334, "Kumyks": 0.5, "Nogais": 0.8888888888888888}, "skipped_nodes": 3, "memory_allocated_MB": 51.830078125, "memory_reserved_MB": 126.0, "model_name": "GL_MLP_9l_512h"}