{"f1_macro": 0.8138550430852841, "f1_weighted": 0.8750571323512887, "precision_macro": 0.8702333285666619, "precision_weighted": 0.8844825304452634, "recall_macro": 0.7802584670231729, "recall_weighted": 0.8726708074534162, "accuracy": 0.8726708074534162, "class_scores": {"P0": 0.8275862068965517, "P1": 0.915929203539823, "P2": 0.7619047619047619, "P3": 0.75}, "skipped_nodes": 3, "model_name": "MaxIbdSum"}