{"f1_macro": 0.9856298683857104, "f1_weighted": 0.9861058536189246, "precision_macro": 0.9871794871794872, "precision_weighted": 0.9865831842576028, "recall_macro": 0.9845184990816058, "recall_weighted": 0.986046511627907, "accuracy": 0.986046511627907, "class_scores": {"Swedes": 0.9803921568627451, "Norwegians": 0.9901960784313726, "Danes": 0.9863013698630136}, "skipped_nodes": 0, "memory_allocated_MB": 39.14404296875, "memory_reserved_MB": 148.0, "f1_macro_score_only_mask_connect": 1.0, "f1_macro_score_only_not_mask_connect": 0.8, "f1_macro_score_mixed_connect": 0.9920700403373671, "only_mask_connect_sum": 12.0, "only_not_mask_connect_sum": 5.0, "mixed_connect_sum": 198.0, "model_name": "GL_TAGConv_3l_512h_w_k3_gnorm"}