{"f1_macro": 0.9535881589849055, "f1_weighted": 0.9675595237030012, "precision_macro": 0.9667903164551372, "precision_weighted": 0.9689348552070791, "recall_macro": 0.9431794737208087, "recall_weighted": 0.9680555555555556, "accuracy": 0.9680555555555556, "class_scores": {"English": 0.9816216216216216, "Germans": 0.940677966101695, "French": 0.9343065693430657, "Belgium": 0.9577464788732394}, "skipped_nodes": 49, "memory_allocated_MB": 96.81640625, "memory_reserved_MB": 1204.0, "model_name": "GL_GATConv_3l_512h"}