{"f1_macro": 0.3833029671132081, "f1_weighted": 0.49235880336743965, "precision_macro": 0.4381256256256256, "precision_weighted": 0.5025999450778212, "recall_macro": 0.4201461769115442, "recall_weighted": 0.584070796460177, "accuracy": 0.584070796460177, "class_scores": {"Chechens": 0.6545454545454545, "Kabardians, Circassians, Adyghes": 0.6746987951807228, "Karachays, Balkars": 0.0, "Ingush": 0.0, "Dagestan peoples": 0.8205128205128205, "Ossetians": 0.16666666666666666, "Kumyks": 0.0, "Nogais": 0.75}, "skipped_nodes": 5, "model_name": "AgglomerativeClustering"}