{"f1_macro": 0.523515238200022, "f1_weighted": 0.579494297295882, "precision_macro": 0.5192857735035649, "precision_weighted": 0.5887366691308878, "recall_macro": 0.5328812579035594, "recall_weighted": 0.574235807860262, "accuracy": 0.574235807860262, "class_scores": {"Southern Russians": 0.6133333333333333, "Ukranians": 0.3442622950819672, "Northen Russians": 0.6666666666666666, "Belarusians": 0.4697986577181208}, "skipped_nodes": 199, "model_name": "MaxIbdSumPerClassSize"}