{"f1_macro": 0.9291712731655367, "f1_weighted": 0.9345208951099238, "precision_macro": 0.9396646341463414, "precision_weighted": 0.9370247321632094, "recall_macro": 0.922161093131967, "recall_weighted": 0.9345794392523364, "accuracy": 0.9345794392523364, "class_scores": {"Swedes": 0.9299363057324841, "Norwegians": 0.9458128078817734, "Danes": 0.9117647058823529}, "skipped_nodes": 1, "memory_allocated_MB": 99.43603515625, "memory_reserved_MB": 676.0, "f1_macro_score_only_mask_connect": 0.8666666666666666, "f1_macro_score_only_not_mask_connect": 0.4682539682539682, "f1_macro_score_mixed_connect": 0.9422695390304905, "only_mask_connect_sum": 11.0, "only_not_mask_connect_sum": 10.0, "mixed_connect_sum": 193.0, "model_name": "GL_GATConv_3l_512h"}