{"f1_macro": 0.6428470072239423, "f1_weighted": 0.8525271935755548, "precision_macro": 0.658077485380117, "precision_weighted": 0.8762519325132756, "recall_macro": 0.6341765873015872, "recall_weighted": 0.8390804597701149, "accuracy": 0.8390804597701149, "class_scores": {"Chechens": 0.8, "Kabardians, Circassians, Adyghes": 0.8947368421052632, "Karachays, Balkars": 0.8235294117647058, "Ingush": 0.75, "Dagestan peoples": 0.9333333333333333, "Ossetians": 0.9411764705882353, "Kumyks": 0.0, "Nogais": 0.0}, "skipped_nodes": 31, "memory_allocated_MB": 98.30615234375, "memory_reserved_MB": 144.0, "model_name": "GL_GATConv_3l_512h"}