{"f1_macro": 0.2106956782880769, "f1_weighted": 0.04876547367598395, "precision_macro": 0.23691846608513278, "precision_weighted": 0.053956783251261776, "recall_macro": 0.21590909090909088, "recall_weighted": 0.049079754601226995, "accuracy": 0.049079754601226995, "class_scores": {"P0": 0.8125, "P1": 0.0, "P2": 0.017543859649122806, "P3": 0.012738853503184714}, "skipped_nodes": 0, "model_name": "MaxIbdSumPerClassSize"}