{"f1_macro": 0.9289438225911322, "f1_weighted": 0.9531562696815082, "accuracy": 0.9541666666666667, "class_scores": {"English": 0.9763440860215054, "Germans": 0.9145299145299145, "French": 0.9007633587786259, "Belgium": 0.9241379310344827}, "skipped_nodes": 49, "model_name": "GL_TAGConv_9l_128h_w_k3"}