{"f1_macro": 0.8207001615274997, "f1_weighted": 0.9531596007855001, "precision_macro": 0.9298681859502836, "precision_weighted": 0.9596890186707434, "recall_macro": 0.796379745733194, "recall_weighted": 0.9569230769230769, "accuracy": 0.9569230769230769, "class_scores": {"Udmurts,Besermyan": 0.8648648648648649, "Tatars,Volga-Tatars,Mishar-Tatars,Kryashens": 0.9826839826839827, "Chuvash": 0.935251798561151, "Mari": 0.5}, "skipped_nodes": 1, "memory_allocated_MB": 36.6748046875, "memory_reserved_MB": 266.0, "model_name": "GL_TAGConv_3l_512h_w_k3_gnorm"}