{"f1_macro": 0.6922137389674294, "f1_weighted": 0.9428327644642335, "precision_macro": 0.7166968223453579, "precision_weighted": 0.9325628603678762, "recall_macro": 0.6805555555555556, "recall_weighted": 0.9570552147239264, "accuracy": 0.9570552147239264, "class_scores": {"Udmurts,Besermyan": 0.8387096774193549, "Tatars,Volga-Tatars,Mishar-Tatars,Kryashens": 0.9872881355932204, "Chuvash": 0.9428571428571428, "Mari": 0.0}, "skipped_nodes": 0, "model_name": "RelationalNeighborClassifier"}