{"f1_macro": 0.7089531039783097, "f1_weighted": 0.7188686808816588, "precision_macro": 0.7131695179014778, "precision_weighted": 0.7187688193522077, "recall_macro": 0.707579881353383, "recall_weighted": 0.7218614718614719, "accuracy": 0.7218614718614719, "class_scores": {"P0": 0.7343485617597293, "P1": 0.6009852216748769, "P2": 0.868, "P3": 0.6324786324786325}, "skipped_nodes": 0, "memory_allocated_MB": 38.03564453125, "memory_reserved_MB": 482.0, "model_name": "GL_TAGConv_3l_512h_w_k3_gnorm"}