{"f1_macro": 0.9113253860210174, "f1_weighted": 0.9186436427902172, "precision_macro": 0.9330258444413695, "precision_weighted": 0.921280295892168, "recall_macro": 0.8946521035598706, "recall_weighted": 0.919047619047619, "accuracy": 0.919047619047619, "class_scores": {"Swedes": 0.9324324324324325, "Norwegians": 0.92018779342723, "Danes": 0.8813559322033898}, "skipped_nodes": 5, "memory_allocated_MB": 98.4091796875, "memory_reserved_MB": 292.0, "model_name": "GL_GATConv_3l_512h"}