{"f1_macro": 0.962865643140489, "f1_weighted": 0.9722519026346105, "precision_macro": 0.978677992936305, "precision_weighted": 0.9731133088231146, "recall_macro": 0.9490769073847409, "recall_weighted": 0.9727520435967303, "accuracy": 0.9727520435967303, "class_scores": {"P0": 0.9829059829059829, "P1": 0.9516129032258065, "P2": 0.9241379310344827, "P3": 0.9928057553956835}, "skipped_nodes": 28, "memory_allocated_MB": 36.56689453125, "memory_reserved_MB": 758.0, "model_name": "GL_GATConv_9l_128h"}