{"f1_macro": 0.4762307368972164, "f1_weighted": 0.5485486462068846, "precision_macro": 0.5001348701853642, "precision_weighted": 0.5681130843065102, "recall_macro": 0.47359934248805974, "recall_weighted": 0.5428994082840237, "accuracy": 0.5428994082840237, "class_scores": {"Northen Russians": 0.6817325800376648, "Ukranians": 0.25116279069767444, "Belarusians": 0.4050632911392405, "Southern Russians": 0.5669642857142857}, "skipped_nodes": 134, "memory_allocated_MB": 101.98388671875, "memory_reserved_MB": 336.0, "model_name": "GL_GINConv_9l_512h"}