{"f1_macro": 0.5767491636882994, "f1_weighted": 0.6339518268058574, "precision_macro": 0.6248359529487192, "precision_weighted": 0.6438143833619039, "recall_macro": 0.5689820225629827, "recall_weighted": 0.6551351351351351, "accuracy": 0.6551351351351351, "class_scores": {"Southern Russians": 0.6886145404663924, "Ukranians": 0.35443037974683544, "Northen Russians": 0.7843137254901961, "Belarusians": 0.4796380090497738}, "skipped_nodes": 0, "memory_allocated_MB": 22.2158203125, "memory_reserved_MB": 140.0, "f1_macro_score_only_mask_connect": -100.0, "f1_macro_score_only_not_mask_connect": -100.0, "f1_macro_score_mixed_connect": -100.0, "only_mask_connect_sum": -100.0, "only_not_mask_connect_sum": -100.0, "mixed_connect_sum": -100.0, "model_name": "GL_TAGConv_3l_128h_w_k3"}