{"f1_macro": 0.7884311740890688, "f1_weighted": 0.8814154163689767, "precision_macro": 0.9135125324114088, "precision_weighted": 0.8966842916942057, "recall_macro": 0.730950822872372, "recall_weighted": 0.8914027149321267, "accuracy": 0.8914027149321267, "class_scores": {"English": 0.9452631578947368, "Germans": 0.75, "French": 0.5866666666666667, "Belgium": 0.8717948717948718}, "skipped_nodes": 106, "memory_allocated_MB": 16.94482421875, "memory_reserved_MB": 48.0, "model_name": "GL_SAGEConv_3l_128h"}