{"f1_macro": 0.30422446382269586, "f1_weighted": 0.1107301307321757, "precision_macro": 0.5280435938330675, "precision_weighted": 0.787350417314899, "recall_macro": 0.41950622100836693, "recall_weighted": 0.12576687116564417, "accuracy": 0.12576687116564417, "class_scores": {"P0": 1.0, "P1": 0.04201680672268908, "P2": 0.11814345991561181, "P3": 0.05673758865248227}, "skipped_nodes": 0, "model_name": "MaxEdgeCountPerClassSize"}