{"f1_macro": 0.9722600730521017, "f1_weighted": 0.9720862233102137, "accuracy": 0.9720930232558139, "class_scores": {"Swedes": 0.9736842105263158, "Norwegians": 0.970873786407767, "Danes": 0.9722222222222222}, "skipped_nodes": 0, "model_name": "GL_TAGConv_3l_512h_w_k3_gnorm"}