{"f1_macro": 0.7075764759975287, "f1_weighted": 0.8658466302847526, "accuracy": 0.8648648648648649, "class_scores": {"Chechens": 0.8947368421052632, "Kabardians, Circassians, Adyghes": 0.8363636363636363, "Karachays, Balkars": 0.8648648648648649, "Ingush": 0.9090909090909091, "Dagestan peoples": 0.9333333333333333, "Ossetians": 0.8888888888888888, "Kumyks": 0.0, "Nogais": 0.3333333333333333}, "skipped_nodes": 7, "model_name": "GL_SAGEConv_9l_512h"}