{"f1_macro": 0.8557543809712853, "f1_weighted": 0.9173672628086181, "accuracy": 0.9245014245014245, "class_scores": {"English": 0.9621052631578947, "Germans": 0.8782608695652174, "French": 0.6595744680851063, "Belgium": 0.9230769230769231}, "skipped_nodes": 67, "model_name": "GL_GCNConv_9l_128h_w"}