{"f1_macro": 0.9749516566974261, "f1_weighted": 0.9765112865012574, "accuracy": 0.9765258215962441, "class_scores": {"Swedes": 0.9736842105263158, "Norwegians": 0.9805825242718447, "Danes": 0.9705882352941176}, "skipped_nodes": 2, "model_name": "GL_SAGEConv_9l_512h"}