{"f1_macro": 0.8588249891432471, "f1_weighted": 0.8785214544291621, "precision_macro": 0.8727011494252874, "precision_weighted": 0.8850911985321894, "recall_macro": 0.8520203421174295, "recall_weighted": 0.8779342723004695, "accuracy": 0.8779342723004695, "class_scores": {"Swedes": 0.8518518518518519, "Norwegians": 0.9246231155778895, "Danes": 0.8}, "skipped_nodes": 2, "memory_allocated_MB": 18.97412109375, "memory_reserved_MB": 74.0, "f1_macro_score_only_mask_connect": 0.2745098039215686, "f1_macro_score_only_not_mask_connect": 0.8080065359477123, "f1_macro_score_mixed_connect": 0.8065476190476191, "only_mask_connect_sum": 10.0, "only_not_mask_connect_sum": 36.0, "mixed_connect_sum": 167.0, "model_name": "GL_MLP_9l_128h"}