{"f1_macro": 0.26418757467144566, "f1_weighted": 0.3154869494469732, "precision_macro": 0.3826171377641966, "precision_weighted": 0.5593833629380363, "recall_macro": 0.2639376598604066, "recall_weighted": 0.27300613496932513, "accuracy": 0.27300613496932513, "class_scores": {"P0": 0.5, "P1": 0.3419354838709677, "P2": 0.21481481481481482, "P3": 0.0}, "skipped_nodes": 0, "model_name": "LongestIbd"}