{"f1_macro": 0.8889909735654417, "f1_weighted": 0.9408666734534595, "precision_macro": 0.875924059139785, "precision_weighted": 0.9485179683078664, "recall_macro": 0.9243171061528059, "recall_weighted": 0.9385964912280702, "accuracy": 0.9385964912280702, "class_scores": {"Chechens": 1.0, "Kabardians, Circassians, Adyghes": 0.9333333333333333, "Karachays, Balkars": 0.9090909090909091, "Ingush": 1.0, "Dagestan peoples": 0.9361702127659575, "Ossetians": 1.0, "Kumyks": 0.6666666666666666, "Nogais": 0.6666666666666666}, "skipped_nodes": 4, "memory_allocated_MB": 38.44580078125, "memory_reserved_MB": 84.0, "model_name": "GL_TAGConv_3l_512h_w_k3_gnorm"}