{"f1_macro": 0.6082545518207283, "f1_weighted": 0.7493109955846745, "precision_macro": 0.6612373737373738, "precision_weighted": 0.763336757404554, "recall_macro": 0.6408819628647215, "recall_weighted": 0.8050847457627118, "accuracy": 0.8050847457627118, "class_scores": {"P0": 0.7058823529411765, "P1": 0.875, "P2": 0.9714285714285714, "P3": 0.0, "P4": 0.9803921568627451, "P5": 0.3333333333333333, "P6": 0.0, "P7": 1.0}, "skipped_nodes": 0, "memory_allocated_MB": 17.45751953125, "memory_reserved_MB": 44.0, "model_name": "GL_GCNConv_3l_128h_w"}