{"f1_macro": 0.9189892823240648, "f1_weighted": 0.9498912627001486, "precision_macro": 0.9296246015857985, "precision_weighted": 0.9527309778836264, "recall_macro": 0.9162846464142391, "recall_weighted": 0.9504132231404959, "accuracy": 0.9504132231404959, "class_scores": {"English": 0.9741379310344828, "Germans": 0.9411764705882353, "French": 0.8613138686131386, "Belgium": 0.8993288590604027}, "skipped_nodes": 43, "model_name": "MaxIbdSumPerClassSize"}