{"f1_macro": 0.5606070553221288, "f1_weighted": 0.7151165153561425, "precision_macro": 0.5925595238095238, "precision_weighted": 0.7187021683673469, "recall_macro": 0.5487702839756592, "recall_weighted": 0.7321428571428571, "accuracy": 0.7321428571428571, "class_scores": {"Chechens": 0.8235294117647058, "Kabardians, Circassians, Adyghes": 0.71875, "Karachays, Balkars": 0.6666666666666666, "Ingush": 0.8235294117647058, "Dagestan peoples": 0.7857142857142857, "Ossetians": 0.6666666666666666, "Kumyks": 0.0, "Nogais": 0.0}, "skipped_nodes": 6, "memory_allocated_MB": 17.8818359375, "memory_reserved_MB": 58.0, "model_name": "GL_GINConv_3l_128h"}