{"f1_macro": 0.5879493706339791, "f1_weighted": 0.626644530651648, "precision_macro": 0.5873941962703022, "precision_weighted": 0.6423887735996925, "recall_macro": 0.6016295255742213, "recall_weighted": 0.6227027027027027, "accuracy": 0.6227027027027027, "class_scores": {"Southern Russians": 0.6263345195729537, "Ukranians": 0.46296296296296297, "Northen Russians": 0.7625, "Belarusians": 0.5}, "skipped_nodes": 0, "memory_allocated_MB": 39.08203125, "memory_reserved_MB": 478.0, "model_name": "GL_TAGConv_3l_512h_nw_k3_gnorm"}