{"f1_macro": 0.4400604436644502, "f1_weighted": 0.5329061680295005, "precision_macro": 0.4122382085506721, "precision_weighted": 0.49846725871311587, "recall_macro": 0.47220384317223213, "recall_weighted": 0.5728813559322034, "accuracy": 0.5728813559322034, "class_scores": {"Northen Russians": 0.6924643584521385, "Ukranians": 0.0, "Belarusians": 0.5028571428571429, "Southern Russians": 0.5649202733485194}, "skipped_nodes": 148, "memory_allocated_MB": 101.55029296875, "memory_reserved_MB": 336.0, "model_name": "GL_GINConv_9l_512h"}