{"f1_macro": 0.9875356125356126, "f1_weighted": 0.9906131981713377, "accuracy": 0.9906976744186047, "class_scores": {"P0": 1.0, "P1": 0.9903846153846154, "P2": 0.9722222222222222}, "skipped_nodes": 0, "model_name": "GL_GCNConv_3l_512h_w"}