{"f1_macro": 0.930246761487324, "f1_weighted": 0.9613292974244753, "precision_macro": 0.916238884988885, "precision_weighted": 0.9671840311742135, "recall_macro": 0.9531881013172973, "recall_weighted": 0.9593267882187938, "accuracy": 0.9593267882187938, "class_scores": {"English": 0.9833518312985572, "Germans": 0.9568965517241379, "French": 0.8387096774193549, "Belgium": 0.9420289855072463}, "skipped_nodes": 56, "memory_allocated_MB": 52.126953125, "memory_reserved_MB": 154.0, "model_name": "GL_MLP_9l_512h"}