{"f1_macro": 0.7213929192724133, "f1_weighted": 0.7246872629634074, "precision_macro": 0.7235049040317173, "precision_weighted": 0.7252150975536928, "recall_macro": 0.7203191737225589, "recall_weighted": 0.7251082251082251, "accuracy": 0.7251082251082251, "class_scores": {"P0": 0.7054409005628518, "P1": 0.6487695749440716, "P2": 0.8577319587628865, "P3": 0.6736292428198434}, "skipped_nodes": 0, "memory_allocated_MB": 38.046875, "memory_reserved_MB": 488.0, "model_name": "GL_TAGConv_3l_512h_w_k3_gnorm"}