{"f1_macro": 0.5586398624802239, "f1_weighted": 0.6505296446127883, "accuracy": 0.5820433436532507, "class_scores": {"Udmurts,Besermyan": 0.875, "Tatars,Volga-Tatars,Mishar-Tatars,Kryashens": 0.6944444444444444, "Chuvash": 0.5060240963855421, "Mari": 0.1590909090909091}, "skipped_nodes": 3, "model_name": "MaxIbdSumPerClassSize"}