{"f1_macro": 0.8527371307898597, "f1_weighted": 0.9156103887978562, "precision_macro": 0.8569227672488542, "precision_weighted": 0.9238384523828759, "recall_macro": 0.8572078544061302, "recall_weighted": 0.9130434782608695, "accuracy": 0.9130434782608695, "class_scores": {"Chechens": 0.9714285714285714, "Kabardians, Circassians, Adyghes": 0.9285714285714286, "Karachays, Balkars": 1.0, "Ingush": 0.8695652173913043, "Dagestan peoples": 0.9361702127659575, "Ossetians": 0.7272727272727273, "Kumyks": 0.5, "Nogais": 0.8888888888888888}, "skipped_nodes": 3, "memory_allocated_MB": 17.349609375, "memory_reserved_MB": 46.0, "model_name": "GL_SAGEConv_3l_128h"}