{"f1_macro": 0.8300737077686144, "f1_weighted": 0.9101671063924789, "accuracy": 0.9103139013452914, "class_scores": {"English": 0.966120218579235, "Germans": 0.7885714285714286, "French": 0.6495726495726496, "Belgium": 0.916030534351145}, "skipped_nodes": 100, "model_name": "GL_GATConv_9l_512h"}