{"f1_macro": 0.5057059218494103, "f1_weighted": 0.5332409643279366, "accuracy": 0.5434027777777778, "class_scores": {"krasnodar": 0.6057441253263708, "yaroslavl": 0.36893203883495146, "ryazan": 0.5837837837837838, "kaluga": 0.430939226519337, "vologda": 0.5391304347826087}, "skipped_nodes": 0, "model_name": "GL_TAGConv_3l_512h_w_k3_gnorm"}