{"f1_macro": 0.8064275255069908, "f1_weighted": 0.9453099935081923, "accuracy": 0.9476923076923077, "class_scores": {"P0": 0.9375, "P1": 0.9764453961456103, "P2": 0.9117647058823529, "P3": 0.4}, "skipped_nodes": 0, "model_name": "GL_TAGConv_3l_512h_w_k3_gnorm"}