{"f1_macro": 0.514091456059333, "f1_weighted": 0.5701727842644677, "precision_macro": 0.5159088366860998, "precision_weighted": 0.576605628533532, "recall_macro": 0.5148656251545849, "recall_weighted": 0.5664864864864865, "accuracy": 0.5664864864864865, "class_scores": {"Southern Russians": 0.6076335877862595, "Ukranians": 0.3225806451612903, "Northen Russians": 0.7303182579564489, "Belarusians": 0.3958333333333333}, "skipped_nodes": 0, "memory_allocated_MB": 43.38134765625, "memory_reserved_MB": 352.0, "model_name": "GL_GINConv_3l_512h"}