{"f1_macro": 0.7390227083199692, "f1_weighted": 0.9527410786353598, "precision_macro": 0.7358657803102248, "precision_weighted": 0.9398654540440499, "recall_macro": 0.7424242424242424, "recall_weighted": 0.9662576687116564, "accuracy": 0.9662576687116564, "class_scores": {"Udmurts,Besermyan": 1.0, "Tatars,Volga-Tatars,Mishar-Tatars,Kryashens": 0.9789915966386554, "Chuvash": 0.9770992366412213, "Mari": 0.0}, "skipped_nodes": 0, "memory_allocated_MB": 44.39306640625, "memory_reserved_MB": 54.0, "model_name": "GL_GCNConv_9l_512h_w"}