{"f1_macro": 0.5325634832156572, "f1_weighted": 0.5730086527999573, "precision_macro": 0.5315897852660177, "precision_weighted": 0.5765436652629761, "recall_macro": 0.5390986086021595, "recall_weighted": 0.5762162162162162, "accuracy": 0.5762162162162162, "class_scores": {"Southern Russians": 0.5565217391304348, "Ukranians": 0.3974358974358974, "Northen Russians": 0.7318518518518519, "Belarusians": 0.4444444444444444}, "skipped_nodes": 0, "memory_allocated_MB": 98.89697265625, "memory_reserved_MB": 3794.0, "model_name": "GL_GATConv_3l_512h"}