{"f1_macro": 0.7267414752378067, "f1_weighted": 0.8155018740962474, "precision_macro": 0.7070802005012531, "precision_weighted": 0.9162438304349831, "recall_macro": 0.9200318637013916, "recall_weighted": 0.7791411042944786, "accuracy": 0.7791411042944786, "class_scores": {"P0": 0.972972972972973, "P1": 0.8202531645569621, "P2": 0.8280254777070064, "P3": 0.2857142857142857}, "skipped_nodes": 0, "model_name": "MaxIbdSumPerClassSize"}