{"f1_macro": 0.519434428790304, "f1_weighted": 0.5790915900783146, "precision_macro": 0.514918495349979, "precision_weighted": 0.5873432330176971, "recall_macro": 0.5279365869328446, "recall_weighted": 0.5736263736263736, "accuracy": 0.5736263736263736, "class_scores": {"Southern Russians": 0.5986842105263158, "Ukranians": 0.3384615384615385, "Northen Russians": 0.686046511627907, "Belarusians": 0.45454545454545453}, "skipped_nodes": 202, "model_name": "MaxIbdSumPerClassSize"}