{"f1_macro": 0.879196129282011, "f1_weighted": 0.92074601441672, "accuracy": 0.9217391304347826, "class_scores": {"Chechens": 0.9473684210526315, "Kabardians, Circassians, Adyghes": 0.9152542372881356, "Karachays, Balkars": 0.9090909090909091, "Ingush": 0.8888888888888888, "Dagestan peoples": 0.9795918367346939, "Ossetians": 0.8695652173913043, "Kumyks": 0.6666666666666666, "Nogais": 0.8571428571428571}, "skipped_nodes": 3, "model_name": "GL_GCNConv_3l_512h_w"}