{"f1_macro": 0.5604717076627189, "f1_weighted": 0.6857989029216712, "precision_macro": 0.5545331351634901, "precision_weighted": 0.6169959246811565, "recall_macro": 0.5822603719599428, "recall_weighted": 0.7760736196319018, "accuracy": 0.7760736196319018, "class_scores": {"Udmurts,Besermyan": 0.972972972972973, "Tatars,Volga-Tatars,Mishar-Tatars,Kryashens": 0.8689138576779026, "Chuvash": 0.0, "Mari": 0.4}, "skipped_nodes": 0, "memory_allocated_MB": 25.36572265625, "memory_reserved_MB": 1926.0, "model_name": "GL_GATConv_3l_128h"}