{"f1_macro": 0.3293108938703444, "f1_weighted": 0.42805368007951816, "precision_macro": 0.37824564527137305, "precision_weighted": 0.4319438943973797, "recall_macro": 0.37684183204887595, "recall_weighted": 0.5027027027027027, "accuracy": 0.5027027027027027, "class_scores": {"Southern Russians": 0.5358490566037736, "Ukranians": 0.13186813186813187, "Northen Russians": 0.6495263870094723, "Belarusians": 0.0}, "skipped_nodes": 0, "memory_allocated_MB": 353.31787109375, "memory_reserved_MB": 8206.0, "f1_macro_score_only_mask_connect": 0.3137254901960784, "f1_macro_score_only_not_mask_connect": 0.0, "f1_macro_score_mixed_connect": 0.32305440280667785, "only_mask_connect_sum": 16.0, "only_not_mask_connect_sum": 1.0, "mixed_connect_sum": 908.0, "model_name": "GL_GATConv_9l_512h"}