{"f1_macro": 0.5279645233037247, "f1_weighted": 0.5888746279341899, "precision_macro": 0.5877206018066141, "precision_weighted": 0.6011903241916923, "recall_macro": 0.5181086579180437, "recall_weighted": 0.6106666666666667, "accuracy": 0.6106666666666667, "class_scores": {"Northen Russians": 0.7203947368421053, "Ukranians": 0.31446540880503143, "Belarusians": 0.4550898203592814, "Southern Russians": 0.6219081272084805}, "skipped_nodes": 107, "memory_allocated_MB": 21.390625, "memory_reserved_MB": 94.0, "model_name": "GL_GCNConv_3l_512h_w"}