{"f1_macro": 0.7118747320298222, "f1_weighted": 0.8305241563132241, "precision_macro": 0.7122418091168091, "precision_weighted": 0.8603677803677804, "recall_macro": 0.74901478707425, "recall_weighted": 0.8181818181818182, "accuracy": 0.8181818181818182, "class_scores": {"Chechens": 0.8484848484848485, "Kabardians, Circassians, Adyghes": 0.9090909090909091, "Karachays, Balkars": 0.8108108108108109, "Ingush": 0.8695652173913043, "Dagestan peoples": 0.8292682926829268, "Ossetians": 0.7777777777777778, "Kumyks": 0.4, "Nogais": 0.25}, "skipped_nodes": 8, "memory_allocated_MB": 18.05126953125, "memory_reserved_MB": 60.0, "model_name": "GL_GINConv_3l_128h"}