{"f1_macro": 0.9563982390088824, "f1_weighted": 0.9676884577262552, "precision_macro": 0.9522984522984523, "precision_weighted": 0.9682073844864543, "recall_macro": 0.9609679582495118, "recall_weighted": 0.9674418604651163, "accuracy": 0.9674418604651163, "class_scores": {"Swedes": 0.9530201342281879, "Norwegians": 0.9951219512195122, "Danes": 0.9210526315789473}, "skipped_nodes": 0, "memory_allocated_MB": 16.896484375, "memory_reserved_MB": 24.0, "model_name": "GL_MLP_3l_128h"}