{"f1_macro": 0.9090717442045699, "f1_weighted": 0.9354457975305029, "precision_macro": 0.907703488372093, "precision_weighted": 0.947112640890284, "recall_macro": 0.920270299562145, "recall_weighted": 0.9325153374233128, "accuracy": 0.9325153374233128, "class_scores": {"P0": 1.0, "P1": 0.9574944071588367, "P2": 0.8552631578947368, "P3": 0.8235294117647058}, "skipped_nodes": 0, "model_name": "LongestIbd"}