{"f1_macro": 0.5223332045892513, "f1_weighted": 0.5943282901853029, "precision_macro": 0.5334872493292386, "precision_weighted": 0.589713447686377, "recall_macro": 0.5164770712025484, "recall_weighted": 0.6025369978858351, "accuracy": 0.6025369978858351, "class_scores": {"Southern Russians": 0.6422018348623854, "Ukranians": 0.3148148148148148, "Northen Russians": 0.7025641025641025, "Belarusians": 0.4297520661157025}, "skipped_nodes": 184, "model_name": "MaxIbdSum"}