{"f1_macro": 0.4925220219971367, "f1_weighted": 0.5578388979547743, "precision_macro": 0.50427654243658, "precision_weighted": 0.5539080344862867, "recall_macro": 0.4872189968675116, "recall_weighted": 0.5660847880299252, "accuracy": 0.5660847880299252, "class_scores": {"Ukranians": 0.30638297872340425, "Southern Russians": 0.597623089983022, "Northen Russians": 0.693200663349917, "Belarusians": 0.3728813559322034}, "skipped_nodes": 81, "model_name": "MaxSegmentCount"}