{"f1_macro": 0.4030654732831885, "f1_weighted": 0.5252568872327076, "precision_macro": 0.4861546499477534, "precision_weighted": 0.7001189171170131, "recall_macro": 0.425477955520874, "recall_weighted": 0.49079754601226994, "accuracy": 0.49079754601226994, "class_scores": {"P0": 0.6206896551724138, "P1": 0.56657223796034, "P2": 0.425, "P3": 0.0}, "skipped_nodes": 0, "model_name": "LongestIbd"}