{"f1_macro": 0.9497680172404774, "f1_weighted": 0.9847395133061682, "accuracy": 0.9846625766871165, "class_scores": {"Udmurts,Besermyan": 1.0, "Tatars,Volga-Tatars,Mishar-Tatars,Kryashens": 0.9957264957264957, "Chuvash": 0.9612403100775194, "Mari": 0.8421052631578947}, "skipped_nodes": 0, "model_name": "GL_MLP_9l_512h"}