{"f1_macro": 0.5300023399408325, "f1_weighted": 0.5967350662930829, "precision_macro": 0.5597565183000459, "precision_weighted": 0.5958680115811704, "recall_macro": 0.5247453643198307, "recall_weighted": 0.6159014557670772, "accuracy": 0.6159014557670772, "class_scores": {"Ukranians": 0.30357142857142855, "Southern Russians": 0.6609442060085837, "Northen Russians": 0.7403993855606759, "Belarusians": 0.41509433962264153}, "skipped_nodes": 22, "memory_allocated_MB": 36.6865234375, "memory_reserved_MB": 222.0, "model_name": "GL_TAGConv_3l_512h_w_k3_gnorm_relu"}