{"f1_macro": 0.7032219897262735, "f1_weighted": 0.9004635121335584, "accuracy": 0.9071207430340558, "class_scores": {"Udmurts,Besermyan": 0.8125, "Tatars,Volga-Tatars,Mishar-Tatars,Kryashens": 0.9487750556792873, "Chuvash": 0.8516129032258064, "Mari": 0.2}, "skipped_nodes": 3, "model_name": "MaxSegmentCount"}