{"f1_macro": 0.8872599678381523, "f1_weighted": 0.9312248210277575, "precision_macro": 0.9000847882923354, "precision_weighted": 0.9338383715742207, "recall_macro": 0.8795543660658174, "recall_weighted": 0.9325068870523416, "accuracy": 0.9325068870523416, "class_scores": {"English": 0.9732620320855615, "Germans": 0.8632478632478633, "French": 0.7916666666666666, "Belgium": 0.920863309352518}, "skipped_nodes": 43, "memory_allocated_MB": 98.1826171875, "memory_reserved_MB": 1318.0, "f1_macro_score_only_mask_connect": 0.798978102189781, "f1_macro_score_only_not_mask_connect": 1.0, "f1_macro_score_mixed_connect": 0.941886702717937, "only_mask_connect_sum": 191.0, "only_not_mask_connect_sum": 26.0, "mixed_connect_sum": 509.0, "model_name": "GL_GATConv_3l_512h"}