{"f1_macro": 0.4567217327641369, "f1_weighted": 0.49506165538271824, "precision_macro": 0.460063355035242, "precision_weighted": 0.5130072572637289, "recall_macro": 0.4644180381262434, "recall_weighted": 0.487012987012987, "accuracy": 0.487012987012987, "class_scores": {"Southern Russians": 0.4658493870402802, "Ukranians": 0.358974358974359, "Northen Russians": 0.6545454545454545, "Belarusians": 0.3475177304964539}, "skipped_nodes": 1, "memory_allocated_MB": 52.3984375, "memory_reserved_MB": 144.0, "model_name": "GL_MLP_9l_512h"}