{"f1_macro": 0.6725015637547311, "f1_weighted": 0.8598729666093896, "accuracy": 0.8558282208588958, "class_scores": {"P0": 0.8823529411764706, "P1": 0.9178082191780822, "P2": 0.7469879518072289, "P3": 0.14285714285714285}, "skipped_nodes": 0, "model_name": "LongestIbd"}