{"f1_macro": 0.9339193746520924, "f1_weighted": 0.9597800726321534, "precision_macro": 0.9592024089781856, "precision_weighted": 0.9609708274875344, "recall_macro": 0.912449027347463, "recall_weighted": 0.9607293127629734, "accuracy": 0.9607293127629734, "class_scores": {"English": 0.9785867237687366, "Germans": 0.9527896995708155, "French": 0.8709677419354839, "Belgium": 0.9333333333333333}, "skipped_nodes": 56, "memory_allocated_MB": 86.5234375, "memory_reserved_MB": 274.0, "model_name": "GL_SAGEConv_9l_512h"}