{"f1_macro": 0.8832674984562856, "f1_weighted": 0.9375259876539789, "precision_macro": 0.9458562271062272, "precision_weighted": 0.9467131267978726, "recall_macro": 0.8691570881226054, "recall_weighted": 0.940677966101695, "accuracy": 0.940677966101695, "class_scores": {"P0": 0.8888888888888888, "P1": 0.9473684210526315, "P2": 0.9714285714285714, "P3": 0.8695652173913043, "P4": 1.0, "P5": 1.0, "P6": 0.5, "P7": 0.8888888888888888}, "skipped_nodes": 0, "memory_allocated_MB": 339.19091796875, "memory_reserved_MB": 988.0, "model_name": "GL_GATConv_9l_512h"}