{"f1_macro": 0.7358081535177974, "f1_weighted": 0.7364924327708143, "precision_macro": 0.7359516509381788, "precision_weighted": 0.7366935251178226, "recall_macro": 0.7364096944922339, "recall_weighted": 0.737012987012987, "accuracy": 0.737012987012987, "class_scores": {"P0": 0.7070707070707071, "P1": 0.6559633027522935, "P2": 0.8492569002123143, "P3": 0.7309417040358744}, "skipped_nodes": 0, "memory_allocated_MB": 23.220703125, "memory_reserved_MB": 100.0, "model_name": "GL_MLP_3l_512h"}