{"f1_macro": 0.22662750856583455, "f1_weighted": 0.05264722575065539, "precision_macro": 0.22532781228433402, "precision_weighted": 0.05159471097054453, "recall_macro": 0.22979797979797978, "recall_weighted": 0.05521472392638037, "accuracy": 0.05521472392638037, "class_scores": {"P0": 0.8888888888888888, "P1": 0.0, "P2": 0.01762114537444934, "P3": 0.0}, "skipped_nodes": 0, "model_name": "MaxIbdSumPerClassSize"}