{"f1_macro": 0.5162236221073868, "f1_weighted": 0.6100990021113043, "precision_macro": 0.5800706033376123, "precision_weighted": 0.7959138269135355, "recall_macro": 0.5550190748688603, "recall_weighted": 0.5705521472392638, "accuracy": 0.5705521472392638, "class_scores": {"P0": 0.875, "P1": 0.651685393258427, "P2": 0.4641350210970464, "P3": 0.07407407407407407}, "skipped_nodes": 0, "model_name": "LongestIbd"}