{"f1_macro": 0.6802457627929326, "f1_weighted": 0.8161002098220331, "precision_macro": 0.6896407085561497, "precision_weighted": 0.8520269982490182, "recall_macro": 0.6817226890756303, "recall_weighted": 0.7964601769911505, "accuracy": 0.7964601769911505, "class_scores": {"Chechens": 0.9090909090909091, "Kabardians, Circassians, Adyghes": 0.8679245283018868, "Karachays, Balkars": 0.918918918918919, "Ingush": 0.9523809523809523, "Dagestan peoples": 0.7142857142857143, "Ossetians": 0.8571428571428571, "Kumyks": 0.0, "Nogais": 0.2222222222222222}, "skipped_nodes": 5, "memory_allocated_MB": 28.40869140625, "memory_reserved_MB": 118.0, "f1_macro_score_only_mask_connect": 0.22108843537414966, "f1_macro_score_only_not_mask_connect": 0.7333333333333333, "f1_macro_score_mixed_connect": 0.6897178492006077, "only_mask_connect_sum": 24.0, "only_not_mask_connect_sum": 6.0, "mixed_connect_sum": 83.0, "model_name": "GL_SAGEConv_3l_512h_de"}