{"f1_macro": 0.5373188815428351, "f1_weighted": 0.6292874753410783, "accuracy": 0.5828220858895705, "class_scores": {"P0": 0.7391304347826086, "P1": 0.6551724137931034, "P2": 0.5683060109289617, "P3": 0.18666666666666668}, "skipped_nodes": 0, "model_name": "MaxIbdSumPerClassSize"}