{"f1_macro": 0.6988990415388878, "f1_weighted": 0.7096530061254525, "accuracy": 0.7203389830508474, "class_scores": {"P0": 0.9, "P1": 0.5853658536585366, "P2": 0.85, "P3": 0.8695652173913043, "P4": 0.5945945945945946, "P5": 0.75, "P6": 0.375, "P7": 0.6666666666666666}, "skipped_nodes": 0, "model_name": "MaxIbdSumPerClassSize"}