{"f1_macro": 0.8907681437636644, "f1_weighted": 0.9146961773472568, "accuracy": 0.9137931034482759, "class_scores": {"Chechens": 0.8947368421052632, "Kabardians, Circassians, Adyghes": 0.9285714285714286, "Karachays, Balkars": 0.9142857142857143, "Ingush": 0.9, "Dagestan peoples": 0.9361702127659575, "Ossetians": 0.9523809523809523, "Kumyks": 0.8, "Nogais": 0.8}, "skipped_nodes": 2, "model_name": "GL_TAGConv_3l_512h_w_k3"}