{"f1_macro": 0.8264134272856413, "f1_weighted": 0.8921326028479007, "precision_macro": 0.8416058382029343, "precision_weighted": 0.9138112840630003, "recall_macro": 0.8691815979265269, "recall_weighted": 0.8869565217391304, "accuracy": 0.8869565217391304, "class_scores": {"Chechens": 0.8648648648648649, "Kabardians, Circassians, Adyghes": 0.9310344827586207, "Karachays, Balkars": 0.9032258064516129, "Ingush": 0.7058823529411765, "Dagestan peoples": 0.9795918367346939, "Ossetians": 0.8695652173913043, "Kumyks": 0.5, "Nogais": 0.8571428571428571}, "skipped_nodes": 3, "memory_allocated_MB": 37.14013671875, "memory_reserved_MB": 254.0, "model_name": "GL_GATConv_9l_128h"}