{"f1_macro": 0.7103315361248798, "f1_weighted": 0.8211305712477163, "precision_macro": 0.702636346300534, "precision_weighted": 0.8614172524927673, "recall_macro": 0.7508200556584452, "recall_weighted": 0.8108108108108109, "accuracy": 0.8108108108108109, "class_scores": {"Chechens": 0.8648648648648649, "Kabardians, Circassians, Adyghes": 0.8627450980392157, "Karachays, Balkars": 0.8, "Ingush": 0.9090909090909091, "Dagestan peoples": 0.8205128205128205, "Ossetians": 0.8421052631578947, "Kumyks": 0.3333333333333333, "Nogais": 0.25}, "skipped_nodes": 7, "memory_allocated_MB": 41.9580078125, "memory_reserved_MB": 214.0, "model_name": "GL_GINConv_3l_512h"}