{"f1_macro": 0.5206428553517246, "f1_weighted": 0.5780190527024521, "precision_macro": 0.5347410876793481, "precision_weighted": 0.5769154721676134, "recall_macro": 0.5164661071041202, "recall_weighted": 0.5876623376623377, "accuracy": 0.5876623376623377, "class_scores": {"Southern Russians": 0.62, "Ukranians": 0.37037037037037035, "Northen Russians": 0.7330173775671406, "Belarusians": 0.35918367346938773}, "skipped_nodes": 1, "memory_allocated_MB": 48.3505859375, "memory_reserved_MB": 358.0, "f1_macro_score_only_mask_connect": 0.42857142857142855, "f1_macro_score_only_not_mask_connect": 1.0, "f1_macro_score_mixed_connect": 0.519372656289492, "only_mask_connect_sum": 15.0, "only_not_mask_connect_sum": 2.0, "mixed_connect_sum": 907.0, "model_name": "GL_TAGConv_3l_512h_w_k3_gnorm"}