{"f1_macro": 0.9296595614636977, "f1_weighted": 0.9559209715255629, "accuracy": 0.956338028169014, "class_scores": {"English": 0.9783080260303688, "Germans": 0.921161825726141, "French": 0.8983050847457628, "Belgium": 0.920863309352518}, "skipped_nodes": 59, "model_name": "GL_TAGConv_3l_512h_w_k3_gnorm_relu"}