{"f1_macro": 0.8580388637827379, "f1_weighted": 0.8826909867972951, "precision_macro": 0.8235673057101628, "precision_weighted": 0.9128169765768362, "recall_macro": 0.918444097628647, "recall_weighted": 0.8742331288343558, "accuracy": 0.8742331288343558, "class_scores": {"P0": 1.0, "P1": 0.91415313225058, "P2": 0.7560975609756098, "P3": 0.7619047619047619}, "skipped_nodes": 0, "model_name": "LongestIbd"}