{"f1_macro": 0.9075272852362636, "f1_weighted": 0.9130583039251771, "accuracy": 0.9134615384615384, "class_scores": {"Swedes": 0.9150326797385621, "Norwegians": 0.9186602870813397, "Danes": 0.8888888888888888}, "skipped_nodes": 7, "model_name": "GL_GCNConv_3l_512h_w"}