{"f1_macro": 0.9443529773957684, "f1_weighted": 0.9656103778584126, "precision_macro": 0.9596708982738393, "precision_weighted": 0.9661406810226197, "recall_macro": 0.9315868738917373, "recall_weighted": 0.9661971830985916, "accuracy": 0.9661971830985916, "class_scores": {"English": 0.985945945945946, "Germans": 0.9224489795918367, "French": 0.9137931034482759, "Belgium": 0.9552238805970149}, "skipped_nodes": 59, "memory_allocated_MB": 32.60107421875, "memory_reserved_MB": 38.0, "model_name": "GL_TAGConv_3l_512h_w_k3_gnorm_gelu"}