{"f1_macro": 0.2884424953799954, "f1_weighted": 0.09190633897228989, "precision_macro": 0.5153130671506352, "precision_weighted": 0.7885815527818913, "recall_macro": 0.3546083149087441, "recall_weighted": 0.12269938650306748, "accuracy": 0.12269938650306748, "class_scores": {"P0": 0.972972972972973, "P1": 0.008547008547008548, "P2": 0.15625, "P3": 0.016}, "skipped_nodes": 0, "model_name": "MaxEdgeCountPerClassSize"}