{"f1_macro": 0.9336869187172802, "f1_weighted": 0.962527146194829, "accuracy": 0.9616438356164384, "class_scores": {"English": 0.9879518072289156, "Germans": 0.9349593495934959, "French": 0.8535031847133758, "Belgium": 0.9583333333333334}, "skipped_nodes": 39, "model_name": "GL_MLP_9l_512h"}