{"f1_macro": 0.5401980294300489, "f1_weighted": 0.49828697829286145, "accuracy": 0.48466257668711654, "class_scores": {"P0": 0.9230769230769231, "P1": 0.4414715719063545, "P2": 0.6280193236714976, "P3": 0.16822429906542055}, "skipped_nodes": 0, "model_name": "MaxIbdSumPerClassSize"}