{"f1_macro": 0.8065524371676236, "f1_weighted": 0.8804922045159771, "precision_macro": 0.8540140947120731, "precision_weighted": 0.9102499994686994, "recall_macro": 0.8041410489686351, "recall_weighted": 0.8722044728434505, "accuracy": 0.8722044728434505, "class_scores": {"English": 0.9328537170263789, "Germans": 0.7024793388429752, "French": 0.7213114754098361, "Belgium": 0.8695652173913043}, "skipped_nodes": 143, "memory_allocated_MB": 18.76611328125, "memory_reserved_MB": 80.0, "f1_macro_score_only_mask_connect": 0.12704918032786885, "f1_macro_score_only_not_mask_connect": 0.9480363386613386, "f1_macro_score_mixed_connect": 0.9051785433130769, "only_mask_connect_sum": 91.0, "only_not_mask_connect_sum": 140.0, "mixed_connect_sum": 395.0, "model_name": "GL_MLP_9l_128h"}