{"f1_macro": 0.9193278736189183, "f1_weighted": 0.9716348811498066, "precision_macro": 0.9426566080977846, "precision_weighted": 0.9717942732648615, "recall_macro": 0.902056277056277, "recall_weighted": 0.9722222222222222, "accuracy": 0.9722222222222222, "class_scores": {"Udmurts,Besermyan": 1.0, "Tatars,Volga-Tatars,Mishar-Tatars,Kryashens": 0.987012987012987, "Chuvash": 0.9402985074626866, "Mari": 0.75}, "skipped_nodes": 2, "memory_allocated_MB": 37.9609375, "memory_reserved_MB": 288.0, "f1_macro_score_only_mask_connect": NaN, "f1_macro_score_only_not_mask_connect": 0.9193278736189183, "f1_macro_score_mixed_connect": NaN, "only_mask_connect_sum": 0.0, "only_not_mask_connect_sum": 324.0, "mixed_connect_sum": 0.0, "model_name": "GL_TAGConv_3l_512h_w_k3_gnorm"}