{"f1_macro": 0.5346690135422529, "f1_weighted": 0.6300727516661155, "precision_macro": 0.5374988705159482, "precision_weighted": 0.8324649471900376, "recall_macro": 0.7175185329691768, "recall_weighted": 0.5766871165644172, "accuracy": 0.5766871165644172, "class_scores": {"P0": 0.8, "P1": 0.6723646723646723, "P2": 0.4972972972972973, "P3": 0.16901408450704225}, "skipped_nodes": 0, "model_name": "MaxIbdSumPerClassSize"}