{"f1_macro": 0.5517314606297656, "f1_weighted": 0.647387178347977, "precision_macro": 0.552489895162309, "precision_weighted": 0.8410981339371437, "recall_macro": 0.7321010534529847, "recall_weighted": 0.5950920245398773, "accuracy": 0.5950920245398773, "class_scores": {"P0": 0.8181818181818182, "P1": 0.6836158192090396, "P2": 0.5384615384615384, "P3": 0.16666666666666666}, "skipped_nodes": 0, "model_name": "MaxIbdSumPerClassSize"}