{"f1_macro": 0.5075153013802888, "f1_weighted": 0.5805387600084979, "precision_macro": 0.6569661390434473, "precision_weighted": 0.6590488202176938, "recall_macro": 0.5256068206567203, "recall_weighted": 0.6255411255411255, "accuracy": 0.6255411255411255, "class_scores": {"Southern Russians": 0.6633165829145728, "Ukranians": 0.1286549707602339, "Northen Russians": 0.7694704049844237, "Belarusians": 0.4686192468619247}, "skipped_nodes": 1, "memory_allocated_MB": 25.318359375, "memory_reserved_MB": 140.0, "f1_macro_score_only_mask_connect": -100.0, "f1_macro_score_only_not_mask_connect": -100.0, "f1_macro_score_mixed_connect": -100.0, "only_mask_connect_sum": -100.0, "only_not_mask_connect_sum": -100.0, "mixed_connect_sum": -100.0, "model_name": "GL_SAGEConv_9l_128h"}