{"f1_macro": 0.4102640228791973, "f1_weighted": 0.4511701001702427, "precision_macro": 0.41713862411067737, "precision_weighted": 0.4639183407118346, "recall_macro": 0.4130486451583596, "recall_weighted": 0.44774477447744776, "accuracy": 0.44774477447744776, "class_scores": {"Southern Russians": 0.48214285714285715, "Ukranians": 0.27636363636363637, "Northen Russians": 0.5557522123893806, "Belarusians": 0.32679738562091504}, "skipped_nodes": 16, "memory_allocated_MB": 101.87890625, "memory_reserved_MB": 180.0, "model_name": "GL_GINConv_9l_512h"}