{"f1_macro": 0.6844599379279257, "f1_weighted": 0.7736914612583287, "precision_macro": 0.6608070500927644, "precision_weighted": 0.8925856790011041, "recall_macro": 0.8941507348159708, "recall_weighted": 0.7361963190184049, "accuracy": 0.7361963190184049, "class_scores": {"P0": 0.9230769230769231, "P1": 0.7896103896103897, "P2": 0.7439024390243902, "P3": 0.28125}, "skipped_nodes": 0, "model_name": "MaxIbdSumPerClassSize"}