{"f1_macro": 0.4217126287134572, "f1_weighted": 0.5451436878216248, "precision_macro": 0.5332157834540603, "precision_weighted": 0.7338533127197115, "recall_macro": 0.4203624225083452, "recall_weighted": 0.4938650306748466, "accuracy": 0.4938650306748466, "class_scores": {"P0": 0.7142857142857143, "P1": 0.6028169014084507, "P2": 0.3697478991596639, "P3": 0.0}, "skipped_nodes": 0, "model_name": "LongestIbd"}