{"f1_macro": 0.4042942920421762, "f1_weighted": 0.4436097693923245, "precision_macro": 0.4069741473199283, "precision_weighted": 0.452706249042055, "recall_macro": 0.4074753967507163, "recall_weighted": 0.44004400440044006, "accuracy": 0.44004400440044006, "class_scores": {"Southern Russians": 0.47022900763358777, "Ukranians": 0.2638888888888889, "Northen Russians": 0.5486111111111112, "Belarusians": 0.33444816053511706}, "skipped_nodes": 16, "memory_allocated_MB": 101.87890625, "memory_reserved_MB": 180.0, "model_name": "GL_GINConv_9l_512h"}