{"f1_macro": 0.21428571428571427, "f1_weighted": 0.047326906222611737, "precision_macro": 0.22058823529411764, "precision_weighted": 0.048718874052688564, "recall_macro": 0.20833333333333334, "recall_weighted": 0.046012269938650305, "accuracy": 0.046012269938650305, "class_scores": {"P0": 0.8571428571428571, "P1": 0.0, "P2": 0.0, "P3": 0.0}, "skipped_nodes": 0, "model_name": "MaxIbdSumPerClassSize"}