{"f1_macro": 0.8589891292466217, "f1_weighted": 0.9283762588196669, "precision_macro": 0.9271988272921109, "precision_weighted": 0.9363211596882843, "recall_macro": 0.8311676653262845, "recall_weighted": 0.9336283185840708, "accuracy": 0.9336283185840708, "class_scores": {"English": 0.9749727965179543, "Germans": 0.8584474885844748, "French": 0.675, "Belgium": 0.927536231884058}, "skipped_nodes": 91, "memory_allocated_MB": 17.0263671875, "memory_reserved_MB": 50.0, "f1_macro_score_only_mask_connect": 0.7253519833733738, "f1_macro_score_only_not_mask_connect": 0.9042419795904755, "f1_macro_score_mixed_connect": 0.9259332268546985, "only_mask_connect_sum": 143.0, "only_not_mask_connect_sum": 71.0, "mixed_connect_sum": 464.0, "model_name": "GL_GCNConv_3l_128h_w"}