{"f1_macro": 0.9128938706339473, "f1_weighted": 0.9521823238873256, "precision_macro": 0.9157389052799804, "precision_weighted": 0.9527160845570031, "recall_macro": 0.9131750308487209, "recall_weighted": 0.9528432732316228, "accuracy": 0.9528432732316228, "class_scores": {"English": 0.985854189336235, "Germans": 0.9076923076923077, "French": 0.816, "Belgium": 0.9420289855072463}, "skipped_nodes": 48, "memory_allocated_MB": 38.02783203125, "memory_reserved_MB": 218.0, "model_name": "GL_TAGConv_3l_512h_w_k3_gnorm_leaky_relu"}