{"f1_macro": 0.44275084725526703, "f1_weighted": 0.5381325483488357, "precision_macro": 0.44827324517631406, "precision_weighted": 0.5085976605347863, "recall_macro": 0.4805004794738125, "recall_weighted": 0.6075675675675676, "accuracy": 0.6075675675675676, "class_scores": {"Southern Russians": 0.6405867970660146, "Ukranians": 0.0, "Northen Russians": 0.7869822485207101, "Belarusians": 0.3434343434343434}, "skipped_nodes": 0, "memory_allocated_MB": 24.51708984375, "memory_reserved_MB": 122.0, "f1_macro_score_only_mask_connect": -100.0, "f1_macro_score_only_not_mask_connect": -100.0, "f1_macro_score_mixed_connect": -100.0, "only_mask_connect_sum": -100.0, "only_not_mask_connect_sum": -100.0, "mixed_connect_sum": -100.0, "model_name": "GL_SAGEConv_9l_128h_de"}