{"f1_macro": 0.26299005651801394, "f1_weighted": 0.3070006273709262, "accuracy": 0.3923611111111111, "class_scores": {"krasnodar": 0.3263598326359833, "yaroslavl": 0.0, "ryazan": 0.5024793388429752, "kaluga": 0.0, "vologda": 0.4861111111111111}, "skipped_nodes": 0, "model_name": "GL_GINConv_3l_512h"}