{"f1_macro": 0.6084348628691983, "f1_weighted": 0.8666904506010668, "precision_macro": 0.6020560814467624, "precision_weighted": 0.8541506871458854, "recall_macro": 0.6160714285714286, "recall_weighted": 0.8805031446540881, "accuracy": 0.8805031446540881, "class_scores": {"Udmurts,Besermyan": 0.72, "Tatars,Volga-Tatars,Mishar-Tatars,Kryashens": 0.9324894514767933, "Chuvash": 0.78125, "Mari": 0.0}, "skipped_nodes": 8, "model_name": "MaxEdgeCount"}