{"f1_macro": 0.8372159982046267, "f1_weighted": 0.9566150359669985, "precision_macro": 0.9057923948984412, "precision_weighted": 0.9585885948109228, "recall_macro": 0.8102917587896129, "recall_weighted": 0.9601226993865031, "accuracy": 0.9601226993865031, "class_scores": {"Udmurts,Besermyan": 0.9714285714285714, "Tatars,Volga-Tatars,Mishar-Tatars,Kryashens": 0.9806451612903225, "Chuvash": 0.935251798561151, "Mari": 0.46153846153846156}, "skipped_nodes": 0, "memory_allocated_MB": 39.55908203125, "memory_reserved_MB": 294.0, "f1_macro_score_only_mask_connect": NaN, "f1_macro_score_only_not_mask_connect": 0.8372159982046267, "f1_macro_score_mixed_connect": NaN, "only_mask_connect_sum": 0.0, "only_not_mask_connect_sum": 326.0, "mixed_connect_sum": 0.0, "model_name": "GL_TAGConv_3l_512h_w_k3_gnorm"}