{"f1_macro": 0.7381611819692315, "f1_weighted": 0.8705816664151205, "precision_macro": 0.806813909774436, "precision_weighted": 0.8859321200196754, "recall_macro": 0.7152661064425769, "recall_weighted": 0.8691588785046729, "accuracy": 0.8691588785046729, "class_scores": {"Chechens": 0.8947368421052632, "Kabardians, Circassians, Adyghes": 0.8571428571428571, "Karachays, Balkars": 0.8648648648648649, "Ingush": 0.9411764705882353, "Dagestan peoples": 0.9, "Ossetians": 0.9473684210526315, "Kumyks": 0.0, "Nogais": 0.5}, "skipped_nodes": 11, "memory_allocated_MB": 36.9638671875, "memory_reserved_MB": 70.0, "model_name": "GL_TAGConv_3l_512h_w_k3_gnorm"}