{"f1_macro": 0.631789499736507, "f1_weighted": 0.822236012104604, "accuracy": 0.8322784810126582, "class_scores": {"P0": 0.8333333333333334, "P1": 0.9006342494714588, "P2": 0.639344262295082, "P3": 0.15384615384615385}, "skipped_nodes": 9, "model_name": "MaxSegmentCount"}