{"f1_macro": 0.05775276125743415, "f1_weighted": 0.022628666254931706, "accuracy": 0.053315994798439535, "class_scores": {"P0": 0.003738317757009346, "P1": 0.0, "P2": 0.0, "P3": 0.22727272727272727}, "skipped_nodes": 0, "model_name": "MaxEdgeCountPerClassSize"}