{"f1_macro": 0.6196336346784436, "f1_weighted": 0.7567065306317937, "accuracy": 0.827906976744186, "class_scores": {"P0": 0.9036144578313253, "P1": 0.9026548672566371, "P2": 0.05263157894736842}, "skipped_nodes": 0, "model_name": "GL_GCNConv_3l_512h_w"}