{"f1_macro": 0.0948069241011984, "f1_weighted": 0.1464898653646989, "accuracy": 0.3090277777777778, "class_scores": {"krasnodar": 0.0, "yaroslavl": 0.0, "ryazan": 0.474034620505992, "kaluga": 0.0, "vologda": 0.0}, "skipped_nodes": 0, "model_name": "GL_GINConv_9l_128h"}