{"f1_macro": 0.2663787768480909, "f1_weighted": 0.3162809869714202, "accuracy": 0.3923611111111111, "class_scores": {"krasnodar": 0.3706293706293706, "yaroslavl": 0.0, "ryazan": 0.5018050541516246, "kaluga": 0.0, "vologda": 0.4594594594594595}, "skipped_nodes": 0, "model_name": "GL_GINConv_3l_512h"}