{"f1_macro": 0.8112685560053982, "f1_weighted": 0.8330148979876747, "precision_macro": 0.8718462823725982, "precision_weighted": 0.8533007395335629, "recall_macro": 0.7798242584705114, "recall_weighted": 0.8374384236453202, "accuracy": 0.8374384236453202, "class_scores": {"Swedes": 0.8153846153846154, "Norwegians": 0.868421052631579, "Danes": 0.75}, "skipped_nodes": 12, "memory_allocated_MB": 339.82861328125, "memory_reserved_MB": 516.0, "f1_macro_score_only_mask_connect": NaN, "f1_macro_score_only_not_mask_connect": 0.8112685560053982, "f1_macro_score_mixed_connect": NaN, "only_mask_connect_sum": 0.0, "only_not_mask_connect_sum": 203.0, "mixed_connect_sum": 0.0, "model_name": "GL_GATConv_9l_512h"}