{"f1_macro": 0.42822332459712253, "f1_weighted": 0.5123473085010771, "precision_macro": 0.5339659342147023, "precision_weighted": 0.5573305526494545, "recall_macro": 0.4426315383285001, "recall_weighted": 0.5497685185185185, "accuracy": 0.5497685185185185, "class_scores": {"Ukranians": 0.14193548387096774, "Southern Russians": 0.5788712011577424, "Northen Russians": 0.6998491704374057, "Belarusians": 0.2922374429223744}, "skipped_nodes": 41, "memory_allocated_MB": 21.68017578125, "memory_reserved_MB": 80.0, "model_name": "GL_GINConv_9l_128h"}