{"f1_macro": 0.9544150834749292, "f1_weighted": 0.966561249540407, "precision_macro": 0.9734418150818462, "precision_weighted": 0.9679002324984516, "recall_macro": 0.9386219910240718, "recall_weighted": 0.9673024523160763, "accuracy": 0.9673024523160763, "class_scores": {"P0": 0.979765708200213, "P1": 0.943089430894309, "P2": 0.9090909090909091, "P3": 0.9857142857142858}, "skipped_nodes": 28, "memory_allocated_MB": 19.14306640625, "memory_reserved_MB": 70.0, "model_name": "GL_GCNConv_9l_128h_w"}