{"f1_macro": 0.2654786346477495, "f1_weighted": 0.3121608444186224, "accuracy": 0.3385416666666667, "class_scores": {"krasnodar": 0.3380281690140845, "yaroslavl": 0.17094017094017094, "ryazan": 0.4720496894409938, "kaluga": 0.16455696202531644, "vologda": 0.18181818181818182}, "skipped_nodes": 0, "model_name": "GL_SAGEConv_3l_512h"}