{"f1_macro": 0.8071263692272092, "f1_weighted": 0.866047173120911, "precision_macro": 0.7611119532702724, "precision_weighted": 0.8919204738047376, "recall_macro": 0.8847325183162092, "recall_weighted": 0.8588957055214724, "accuracy": 0.8588957055214724, "class_scores": {"Udmurts,Besermyan": 0.8648648648648649, "Tatars,Volga-Tatars,Mishar-Tatars,Kryashens": 0.9006928406466512, "Chuvash": 0.7672955974842768, "Mari": 0.6956521739130435}, "skipped_nodes": 0, "model_name": "LongestIbd"}