{"f1_macro": 0.5873558098405659, "f1_weighted": 0.6635900768765874, "accuracy": 0.6104294478527608, "class_scores": {"P0": 0.8780487804878049, "P1": 0.6761363636363636, "P2": 0.6285714285714286, "P3": 0.16666666666666666}, "skipped_nodes": 0, "model_name": "MaxEdgeCountPerClassSize"}