{"f1_macro": 0.8738462364567026, "f1_weighted": 0.9336982753301648, "precision_macro": 0.9213024668988405, "precision_weighted": 0.9367791022749077, "recall_macro": 0.845168790622364, "recall_weighted": 0.937125748502994, "accuracy": 0.937125748502994, "class_scores": {"English": 0.9718614718614719, "Germans": 0.8743718592964824, "French": 0.7126436781609196, "Belgium": 0.9365079365079365}, "skipped_nodes": 101, "memory_allocated_MB": 17.60888671875, "memory_reserved_MB": 52.0, "model_name": "GL_TAGConv_3l_128h_w_k3"}