{"f1_macro": 0.6629721998986028, "f1_weighted": 0.8472105896379777, "precision_macro": 0.6280974708812043, "precision_weighted": 0.8140635942384152, "recall_macro": 0.7043067283241956, "recall_weighted": 0.8850574712643678, "accuracy": 0.8850574712643678, "class_scores": {"English": 0.970276008492569, "Germans": 0.7619047619047619, "French": 0.0, "Belgium": 0.9197080291970803}, "skipped_nodes": 73, "memory_allocated_MB": 36.560546875, "memory_reserved_MB": 494.0, "model_name": "GL_GATConv_9l_128h"}