{"f1_macro": 0.5191792786646707, "f1_weighted": 0.5876370784817495, "precision_macro": 0.5597011699837857, "precision_weighted": 0.5924225858663468, "recall_macro": 0.5164210575604853, "recall_weighted": 0.6091703056768559, "accuracy": 0.6091703056768559, "class_scores": {"Ukranians": 0.37174721189591076, "Southern Russians": 0.6451612903225806, "Northen Russians": 0.7545454545454545, "Belarusians": 0.30526315789473685}, "skipped_nodes": 7, "model_name": "MaxSegmentCount"}