{"f1_macro": 0.12568511974837476, "f1_weighted": 0.10116846115305617, "accuracy": 0.13263979193758127, "class_scores": {"P0": 0.1037567084078712, "P1": 0.013605442176870748, "P2": 0.066006600660066, "P3": 0.3193717277486911}, "skipped_nodes": 0, "model_name": "MaxIbdSumPerClassSize"}