{"f1_macro": 0.5127889575946367, "f1_weighted": 0.57144142642112, "precision_macro": 0.5087842773731996, "precision_weighted": 0.5828542673088862, "recall_macro": 0.5242763349721996, "recall_weighted": 0.566813509544787, "accuracy": 0.566813509544787, "class_scores": {"Northen Russians": 0.7129094412331407, "Ukranians": 0.34146341463414637, "Belarusians": 0.4444444444444444, "Southern Russians": 0.5523385300668151}, "skipped_nodes": 129, "memory_allocated_MB": 101.98046875, "memory_reserved_MB": 336.0, "model_name": "GL_GINConv_9l_512h"}