{"f1_macro": 0.3639756752987814, "f1_weighted": 0.4639458386419438, "precision_macro": 0.3562759462759463, "precision_weighted": 0.48119679354461964, "recall_macro": 0.42211066035609646, "recall_weighted": 0.5217391304347826, "accuracy": 0.5217391304347826, "class_scores": {"Chechens": 0.6511627906976745, "Kabardians, Circassians, Adyghes": 0.21052631578947367, "Karachays, Balkars": 0.6037735849056604, "Ingush": 0.11764705882352941, "Dagestan peoples": 0.72, "Ossetians": 0.6086956521739131, "Kumyks": 0.0, "Nogais": 0.0}, "skipped_nodes": 3, "memory_allocated_MB": 20.5810546875, "memory_reserved_MB": 28.0, "model_name": "GL_GINConv_9l_128h"}