{"f1_macro": 0.3766048085901027, "f1_weighted": 0.5019928551130597, "precision_macro": 0.39633529301048487, "precision_weighted": 0.5298829344420359, "recall_macro": 0.37914525580347086, "recall_weighted": 0.5043478260869565, "accuracy": 0.5043478260869565, "class_scores": {"Chechens": 0.5, "Kabardians, Circassians, Adyghes": 0.5079365079365079, "Karachays, Balkars": 0.6, "Ingush": 0.16666666666666666, "Dagestan peoples": 0.65, "Ossetians": 0.5882352941176471, "Kumyks": 0.0, "Nogais": 0.0}, "skipped_nodes": 3, "memory_allocated_MB": 21.66943359375, "memory_reserved_MB": 90.0, "model_name": "GL_GINConv_9l_128h"}