{"f1_macro": 0.5353868538964128, "f1_weighted": 0.6330626812828082, "accuracy": 0.5828220858895705, "class_scores": {"P0": 0.7142857142857143, "P1": 0.664756446991404, "P2": 0.5573770491803278, "P3": 0.20512820512820512}, "skipped_nodes": 0, "model_name": "MaxIbdSumPerClassSize"}