{"f1_macro": 0.531778887570185, "f1_weighted": 0.6311520885676994, "precision_macro": 0.5374458874458874, "precision_weighted": 0.8379651023822803, "recall_macro": 0.7482008930506784, "recall_weighted": 0.5828220858895705, "accuracy": 0.5828220858895705, "class_scores": {"P0": 0.6976744186046512, "P1": 0.664756446991404, "P2": 0.5513513513513514, "P3": 0.21333333333333335}, "skipped_nodes": 0, "model_name": "MaxIbdSumPerClassSize"}