{"f1_macro": 0.6185796252026607, "f1_weighted": 0.7405026054953042, "precision_macro": 0.8787472891950504, "precision_weighted": 0.8383397534255395, "recall_macro": 0.6500179791441928, "recall_weighted": 0.7990654205607477, "accuracy": 0.7990654205607477, "class_scores": {"Swedes": 0.9150326797385621, "Norwegians": 0.8354430379746836, "Danes": 0.10526315789473684}, "skipped_nodes": 1, "memory_allocated_MB": 23.78466796875, "memory_reserved_MB": 190.0, "f1_macro_score_only_mask_connect": 0.39153439153439146, "f1_macro_score_only_not_mask_connect": 0.31746031746031744, "f1_macro_score_mixed_connect": 0.6268369041687428, "only_mask_connect_sum": 11.0, "only_not_mask_connect_sum": 7.0, "mixed_connect_sum": 196.0, "model_name": "GL_GINConv_9l_128h"}