{"f1_macro": 0.9027639027639028, "f1_weighted": 0.9266036289292102, "precision_macro": 0.8948040060014192, "precision_weighted": 0.9302777690652819, "recall_macro": 0.9135834863990203, "recall_weighted": 0.9255813953488372, "accuracy": 0.9255813953488372, "class_scores": {"P0": 0.974025974025974, "P1": 0.9393939393939394, "P2": 0.7948717948717948}, "skipped_nodes": 0, "memory_allocated_MB": 22.47705078125, "memory_reserved_MB": 62.0, "model_name": "GL_GINConv_9l_128h"}