{"f1_macro": 0.18910821775847242, "f1_weighted": 0.31878778594889756, "precision_macro": 0.228125, "precision_weighted": 0.3945906432748538, "recall_macro": 0.2710714285714286, "recall_weighted": 0.4298245614035088, "accuracy": 0.4298245614035088, "class_scores": {"Chechens": 0.44155844155844154, "Kabardians, Circassians, Adyghes": 0.6842105263157895, "Karachays, Balkars": 0.0, "Ingush": 0.0, "Dagestan peoples": 0.3870967741935484, "Ossetians": 0.0, "Kumyks": 0.0, "Nogais": 0.0}, "skipped_nodes": 4, "memory_allocated_MB": 98.1796875, "memory_reserved_MB": 526.0, "f1_macro_score_only_mask_connect": 0.23034055727554179, "f1_macro_score_only_not_mask_connect": 0.2, "f1_macro_score_mixed_connect": 0.20587568058076225, "only_mask_connect_sum": 25.0, "only_not_mask_connect_sum": 4.0, "mixed_connect_sum": 85.0, "model_name": "GL_GATConv_3l_512h"}