{"f1_macro": 0.930921052631579, "f1_weighted": 0.9792595896520964, "accuracy": 0.9830508474576272, "class_scores": {"P0": 0.9473684210526315, "P1": 1.0, "P2": 1.0, "P3": 1.0, "P4": 1.0, "P5": 1.0, "P6": 0.5, "P7": 1.0}, "skipped_nodes": 0, "model_name": "GL_MLP_3l_512h"}