{"f1_macro": 0.8904176534502726, "f1_weighted": 0.9775004247034679, "precision_macro": 0.903306535862984, "precision_weighted": 0.977193644039291, "recall_macro": 0.8829550873542289, "recall_weighted": 0.9785276073619632, "accuracy": 0.9785276073619632, "class_scores": {"Udmurts,Besermyan": 0.972972972972973, "Tatars,Volga-Tatars,Mishar-Tatars,Kryashens": 0.9935483870967742, "Chuvash": 0.9701492537313433, "Mari": 0.625}, "skipped_nodes": 0, "memory_allocated_MB": 52.33349609375, "memory_reserved_MB": 224.0, "f1_macro_score_only_mask_connect": -100.0, "f1_macro_score_only_not_mask_connect": -100.0, "f1_macro_score_mixed_connect": -100.0, "only_mask_connect_sum": -100.0, "only_not_mask_connect_sum": -100.0, "mixed_connect_sum": -100.0, "model_name": "GL_GINConv_3l_128h"}