{"f1_macro": 0.46631484917270827, "f1_weighted": 0.5055816943781497, "precision_macro": 0.47196061043813237, "precision_weighted": 0.5046536045224693, "recall_macro": 0.4694835532660419, "recall_weighted": 0.5173160173160173, "accuracy": 0.5173160173160173, "class_scores": {"Southern Russians": 0.49056603773584906, "Ukranians": 0.29473684210526313, "Northen Russians": 0.6629680998613038, "Belarusians": 0.416988416988417}, "skipped_nodes": 1, "memory_allocated_MB": 22.3740234375, "memory_reserved_MB": 484.0, "model_name": "GL_GATConv_3l_128h"}