{"f1_macro": 0.6394904821464178, "f1_weighted": 0.7583941838544929, "precision_macro": 0.8985004554691333, "precision_weighted": 0.8560021775258705, "recall_macro": 0.6516339869281046, "recall_weighted": 0.8066037735849056, "accuracy": 0.8066037735849056, "class_scores": {"Swedes": 0.9154929577464789, "Norwegians": 0.8408163265306122, "Danes": 0.16216216216216217}, "skipped_nodes": 3, "memory_allocated_MB": 21.88818359375, "memory_reserved_MB": 72.0, "model_name": "GL_GINConv_9l_128h"}