{"f1_macro": 0.6524505534385774, "f1_weighted": 0.8707096814759455, "accuracy": 0.896421845574388, "class_scores": {"English": 0.9413173652694611, "Germans": 0.8484848484848485, "French": 0.0, "Belgium": 0.82}, "skipped_nodes": 238, "model_name": "GL_GINConv_9l_512h"}