{"f1_macro": 0.8549885129490392, "f1_weighted": 0.896181185722928, "accuracy": 0.896551724137931, "class_scores": {"Chechens": 0.9444444444444444, "Kabardians, Circassians, Adyghes": 0.8571428571428571, "Karachays, Balkars": 0.9142857142857143, "Ingush": 0.9473684210526315, "Dagestan peoples": 0.96, "Ossetians": 0.8, "Kumyks": 0.6666666666666666, "Nogais": 0.75}, "skipped_nodes": 2, "model_name": "GL_GATConv_9l_512h"}