{"f1_macro": 0.6031397305151224, "f1_weighted": 0.6635084987480562, "precision_macro": 0.6075258506949771, "precision_weighted": 0.8688487242798975, "recall_macro": 0.8441604890102744, "recall_weighted": 0.6165644171779141, "accuracy": 0.6165644171779141, "class_scores": {"Udmurts,Besermyan": 0.8780487804878049, "Tatars,Volga-Tatars,Mishar-Tatars,Kryashens": 0.664756446991404, "Chuvash": 0.6628571428571428, "Mari": 0.20689655172413793}, "skipped_nodes": 0, "model_name": "MaxIbdSumPerClassSize"}