{"f1_macro": 0.3933209647495362, "f1_weighted": 0.5229287953425884, "accuracy": 0.5632183908045977, "class_scores": {"Chechens": 0.6818181818181818, "Kabardians, Circassians, Adyghes": 0.42857142857142855, "Karachays, Balkars": 0.8, "Ingush": 0.0, "Dagestan peoples": 0.7428571428571429, "Ossetians": 0.1, "Kumyks": 0.0, "Nogais": 0.0}, "skipped_nodes": 31, "model_name": "GL_GINConv_9l_512h"}