{"f1_macro": 0.2173254968875407, "f1_weighted": 0.3717318789460655, "precision_macro": 0.3939216604244694, "precision_weighted": 0.45955688058638355, "recall_macro": 0.17042745047036892, "recall_weighted": 0.32515337423312884, "accuracy": 0.32515337423312884, "class_scores": {"P0": 0.36363636363636365, "P1": 0.48661800486618007, "P2": 0.01904761904761905, "P3": 0.0}, "skipped_nodes": 0, "model_name": "MaxIbdSum"}