{"f1_macro": 0.8278295790964088, "f1_weighted": 0.9488523730067666, "precision_macro": 0.8135305690072641, "precision_weighted": 0.9703098122372583, "recall_macro": 0.902338839034118, "recall_weighted": 0.9355828220858896, "accuracy": 0.9355828220858896, "class_scores": {"Udmurts,Besermyan": 1.0, "Tatars,Volga-Tatars,Mishar-Tatars,Kryashens": 0.9715536105032823, "Chuvash": 0.928, "Mari": 0.4117647058823529}, "skipped_nodes": 0, "memory_allocated_MB": 131.7275390625, "memory_reserved_MB": 138.0, "model_name": "GL_TAGConv_9l_512h_w_k3"}