{"f1_macro": 0.8319983825425668, "f1_weighted": 0.9136665866376281, "precision_macro": 0.8559686964318141, "precision_weighted": 0.9231966157131581, "recall_macro": 0.8279220034513286, "recall_weighted": 0.9146706586826348, "accuracy": 0.9146706586826348, "class_scores": {"English": 0.9749727965179543, "Germans": 0.7719298245614035, "French": 0.672, "Belgium": 0.9090909090909091}, "skipped_nodes": 101, "memory_allocated_MB": 26.45166015625, "memory_reserved_MB": 66.0, "model_name": "GL_SAGEConv_3l_512h"}