{"f1_macro": 0.9189892868550316, "f1_weighted": 0.9282802994792291, "precision_macro": 0.9380952380952382, "precision_weighted": 0.9300383660573234, "recall_macro": 0.9042267333529469, "recall_weighted": 0.9289099526066351, "accuracy": 0.9289099526066351, "class_scores": {"Swedes": 0.9333333333333333, "Norwegians": 0.9383886255924171, "Danes": 0.8852459016393442}, "skipped_nodes": 4, "memory_allocated_MB": 18.14501953125, "memory_reserved_MB": 70.0, "f1_macro_score_only_mask_connect": 0.6, "f1_macro_score_only_not_mask_connect": 0.6867905056759547, "f1_macro_score_mixed_connect": 0.9556601737337704, "only_mask_connect_sum": 8.0, "only_not_mask_connect_sum": 22.0, "mixed_connect_sum": 181.0, "model_name": "GL_TAGConv_3l_128h_w_k3"}