{"f1_macro": 0.359341252699784, "f1_weighted": 0.724802893817275, "accuracy": 0.7869918699186992, "class_scores": {"English": 0.937365010799136, "Germans": 0.5, "French": 0.0, "Belgium": 0.0}, "skipped_nodes": 154, "model_name": "GL_GATConv_3l_128h"}