{"f1_macro": 0.740710584539569, "f1_weighted": 0.8402690575247597, "accuracy": 0.8323353293413174, "class_scores": {"English": 0.9181084198385236, "Germans": 0.6433566433566433, "French": 0.5789473684210527, "Belgium": 0.822429906542056}, "skipped_nodes": 101, "model_name": "GL_MLP_9l_128h"}