{"f1_macro": 0.8520253354910482, "f1_weighted": 0.9306770990810932, "precision_macro": 0.8562863674682596, "precision_weighted": 0.9357136394781825, "recall_macro": 0.860557943052764, "recall_weighted": 0.9305331179321487, "accuracy": 0.9305331179321487, "class_scores": {"English": 0.9749430523917996, "Germans": 0.8, "French": 0.6976744186046512, "Belgium": 0.9354838709677419}, "skipped_nodes": 150, "memory_allocated_MB": 97.3564453125, "memory_reserved_MB": 338.0, "model_name": "GL_GATConv_3l_512h"}