{"f1_macro": 0.34897544603426955, "f1_weighted": 0.4431168955595675, "precision_macro": 0.383493031358885, "precision_weighted": 0.4585867832043938, "recall_macro": 0.3799145299145299, "recall_weighted": 0.5338983050847458, "accuracy": 0.5338983050847458, "class_scores": {"P0": 0.4, "P1": 0.5225225225225225, "P2": 0.0, "P3": 0.0, "P4": 0.9803921568627451, "P5": 0.0, "P6": 0.0, "P7": 0.8888888888888888}, "skipped_nodes": 0, "model_name": "AgglomerativeClustering"}