{"f1_macro": 0.8787979243038189, "f1_weighted": 0.8900050407893314, "precision_macro": 0.9157398826073525, "precision_weighted": 0.8973894118215481, "recall_macro": 0.8577424732764539, "recall_weighted": 0.8909952606635071, "accuracy": 0.8909952606635071, "class_scores": {"Swedes": 0.8860759493670886, "Norwegians": 0.9082125603864735, "Danes": 0.8421052631578947}, "skipped_nodes": 4, "memory_allocated_MB": 27.08544921875, "memory_reserved_MB": 84.0, "f1_macro_score_only_mask_connect": 0.7388888888888889, "f1_macro_score_only_not_mask_connect": 0.7222222222222222, "f1_macro_score_mixed_connect": 0.8903282698981624, "only_mask_connect_sum": 8.0, "only_not_mask_connect_sum": 22.0, "mixed_connect_sum": 181.0, "model_name": "GL_SAGEConv_3l_512h"}