{"f1_macro": 0.6737593814699793, "f1_weighted": 0.9089052715644806, "precision_macro": 0.7037741935483871, "precision_weighted": 0.8980748070453196, "recall_macro": 0.6517048164043873, "recall_weighted": 0.9233128834355828, "accuracy": 0.9233128834355828, "class_scores": {"P0": 0.875, "P1": 0.9606625258799172, "P2": 0.859375, "P3": 0.0}, "skipped_nodes": 0, "model_name": "MaxEdgeCount"}