{"f1_macro": 0.5957767339198399, "f1_weighted": 0.7513000213460431, "precision_macro": 0.6436784050521784, "precision_weighted": 0.7602234163563335, "recall_macro": 0.6119449550847489, "recall_weighted": 0.7888888888888889, "accuracy": 0.7888888888888889, "class_scores": {"English": 0.9221435793731041, "Germans": 0.32335329341317365, "French": 0.32, "Belgium": 0.8176100628930818}, "skipped_nodes": 49, "memory_allocated_MB": 85.138671875, "memory_reserved_MB": 90.0, "model_name": "GL_GINConv_9l_512h"}