{"f1_macro": 0.9490732536848983, "f1_weighted": 0.967682352226053, "precision_macro": 0.9683965342499947, "precision_weighted": 0.9684989646316967, "recall_macro": 0.9324028600317782, "recall_weighted": 0.9683195592286501, "accuracy": 0.9683195592286501, "class_scores": {"English": 0.9828326180257511, "Germans": 0.9561752988047809, "French": 0.9007633587786259, "Belgium": 0.9565217391304348}, "skipped_nodes": 43, "memory_allocated_MB": 28.48876953125, "memory_reserved_MB": 86.0, "f1_macro_score_only_mask_connect": -100.0, "f1_macro_score_only_not_mask_connect": -100.0, "f1_macro_score_mixed_connect": -100.0, "only_mask_connect_sum": -100.0, "only_not_mask_connect_sum": -100.0, "mixed_connect_sum": -100.0, "model_name": "GL_MLP_3l_512h"}