{"f1_macro": 0.9795797873567195, "f1_weighted": 0.9795797873567195, "precision_macro": 0.9811507936507937, "precision_weighted": 0.9811507936507937, "recall_macro": 0.9796137339055794, "recall_weighted": 0.9796137339055794, "accuracy": 0.9796137339055794, "class_scores": {"P0": 1.0, "P1": 0.9574944071588367, "P2": 0.9608247422680413, "P3": 1.0}, "skipped_nodes": 0, "model_name": "MaxIbdSumPerClassSize"}