{"f1_macro": 0.6215835007605558, "f1_weighted": 0.6943895937743562, "precision_macro": 0.6227645790894879, "precision_weighted": 0.8750372972519924, "recall_macro": 0.8478970741901777, "recall_weighted": 0.6430769230769231, "accuracy": 0.6430769230769231, "class_scores": {"Udmurts,Besermyan": 0.9, "Tatars,Volga-Tatars,Mishar-Tatars,Kryashens": 0.7039106145251397, "Chuvash": 0.6706586826347305, "Mari": 0.21176470588235294}, "skipped_nodes": 1, "model_name": "MaxIbdSumPerClassSize"}