{"f1_macro": 0.3821913687400789, "f1_weighted": 0.4526006814316738, "precision_macro": 0.4980811235285962, "precision_weighted": 0.5157012823210477, "recall_macro": 0.3944937514492617, "recall_weighted": 0.48970747562296857, "accuracy": 0.48970747562296857, "class_scores": {"Southern Russians": 0.537180910099889, "Ukranians": 0.3333333333333333, "Northen Russians": 0.5892857142857143, "Belarusians": 0.06896551724137931}, "skipped_nodes": 2, "memory_allocated_MB": 105.17529296875, "memory_reserved_MB": 236.0, "f1_macro_score_only_mask_connect": 0.21875, "f1_macro_score_only_not_mask_connect": 0.3033730974907446, "f1_macro_score_mixed_connect": 0.3675503394230723, "only_mask_connect_sum": 14.0, "only_not_mask_connect_sum": 39.0, "mixed_connect_sum": 870.0, "model_name": "GL_GINConv_9l_512h"}