{"f1_macro": 0.6836073823005637, "f1_weighted": 0.7883399339063761, "accuracy": 0.7980769230769231, "class_scores": {"Chechens": 0.7692307692307693, "Kabardians, Circassians, Adyghes": 0.8301886792452831, "Karachays, Balkars": 0.8571428571428571, "Ingush": 0.8333333333333334, "Dagestan peoples": 0.7894736842105263, "Ossetians": 0.7058823529411765, "Kumyks": 0.0, "Nogais": 0.0}, "skipped_nodes": 14, "model_name": "GL_GINConv_3l_128h"}