{"f1_macro": 0.6822612378284647, "f1_weighted": 0.8832045743467455, "precision_macro": 0.6772727272727272, "precision_weighted": 0.8975881261595546, "recall_macro": 0.7005360623781677, "recall_weighted": 0.8877551020408163, "accuracy": 0.8877551020408163, "class_scores": {"Chechens": 0.8888888888888888, "Kabardians, Circassians, Adyghes": 0.8979591836734694, "Karachays, Balkars": 0.8888888888888888, "Ingush": 1.0, "Dagestan peoples": 0.8823529411764706, "Ossetians": 0.9, "Kumyks": 0.0, "Nogais": 0.0}, "skipped_nodes": 20, "memory_allocated_MB": 21.64599609375, "memory_reserved_MB": 40.0, "model_name": "GL_GCNConv_3l_512h_w"}