{"f1_macro": 0.6081377556584643, "f1_weighted": 0.6481497480247637, "precision_macro": 0.6062875392593647, "precision_weighted": 0.6629002906090332, "recall_macro": 0.6208753511219947, "recall_weighted": 0.6428571428571429, "accuracy": 0.6428571428571429, "class_scores": {"Southern Russians": 0.6573426573426573, "Ukranians": 0.4817073170731707, "Northen Russians": 0.7777777777777778, "Belarusians": 0.5157232704402516}, "skipped_nodes": 1, "memory_allocated_MB": 39.0947265625, "memory_reserved_MB": 710.0, "model_name": "GL_TAGConv_3l_512h_w_k3_gnorm"}