{"f1_macro": 0.45894334264993814, "f1_weighted": 0.516927652855329, "precision_macro": 0.48949864498644985, "precision_weighted": 0.8178048780487804, "recall_macro": 0.7110218564959945, "recall_weighted": 0.48, "accuracy": 0.48, "class_scores": {"Udmurts,Besermyan": 0.6296296296296297, "Tatars,Volga-Tatars,Mishar-Tatars,Kryashens": 0.5159235668789809, "Chuvash": 0.5396825396825397, "Mari": 0.15053763440860216}, "skipped_nodes": 1, "model_name": "MaxEdgeCountPerClassSize"}