{"f1_macro": 0.729812750616194, "f1_weighted": 0.875679359325309, "accuracy": 0.8742331288343558, "class_scores": {"P0": 0.8823529411764706, "P1": 0.9230769230769231, "P2": 0.7804878048780488, "P3": 0.3333333333333333}, "skipped_nodes": 0, "model_name": "LongestIbd"}