{"f1_macro": 0.5206504789087033, "f1_weighted": 0.6143018126644385, "precision_macro": 0.5203896525811575, "precision_weighted": 0.7933850879610387, "recall_macro": 0.6598824786324786, "recall_weighted": 0.5723905723905723, "accuracy": 0.5723905723905723, "class_scores": {"Udmurts,Besermyan": 0.7222222222222222, "Tatars,Volga-Tatars,Mishar-Tatars,Kryashens": 0.668769716088328, "Chuvash": 0.46938775510204084, "Mari": 0.2222222222222222}, "skipped_nodes": 29, "model_name": "MaxEdgeCountPerClassSize"}