{"f1_macro": 0.4923844286602573, "f1_weighted": 0.5657385585579492, "precision_macro": 0.5090148176508443, "precision_weighted": 0.7885570981197371, "recall_macro": 0.636565170940171, "recall_weighted": 0.5218855218855218, "accuracy": 0.5218855218855218, "class_scores": {"Udmurts,Besermyan": 0.7222222222222222, "Tatars,Volga-Tatars,Mishar-Tatars,Kryashens": 0.6138613861386139, "Chuvash": 0.4251207729468599, "Mari": 0.20833333333333334}, "skipped_nodes": 29, "model_name": "MaxEdgeCountPerClassSize"}