{"f1_macro": 0.9076610857432774, "f1_weighted": 0.9221939273309137, "precision_macro": 0.9383733571537386, "precision_weighted": 0.9268642616420101, "recall_macro": 0.8858468176914779, "recall_weighted": 0.9230769230769231, "accuracy": 0.9230769230769231, "class_scores": {"Swedes": 0.9452054794520548, "Norwegians": 0.9259259259259259, "Danes": 0.8518518518518519}, "skipped_nodes": 7, "memory_allocated_MB": 17.5703125, "memory_reserved_MB": 36.0, "model_name": "GL_TAGConv_3l_128h_w_k3"}