{"f1_macro": 0.6602410370166603, "f1_weighted": 0.7109557410772958, "precision_macro": 0.6821084337349398, "precision_weighted": 0.898453692068889, "recall_macro": 0.8689686565223046, "recall_weighted": 0.656441717791411, "accuracy": 0.656441717791411, "class_scores": {"P0": 1.0, "P1": 0.6983240223463687, "P2": 0.7469879518072289, "P3": 0.1956521739130435}, "skipped_nodes": 0, "model_name": "MaxEdgeCountPerClassSize"}