{"f1_macro": 0.924233137190803, "f1_weighted": 0.9315713669807789, "precision_macro": 0.9097011784511784, "precision_weighted": 0.9370546040111257, "recall_macro": 0.9498549132296596, "recall_weighted": 0.9304347826086956, "accuracy": 0.9304347826086956, "class_scores": {"Chechens": 0.8947368421052632, "Kabardians, Circassians, Adyghes": 0.9285714285714286, "Karachays, Balkars": 0.9142857142857143, "Ingush": 0.9523809523809523, "Dagestan peoples": 0.9565217391304348, "Ossetians": 0.9473684210526315, "Kumyks": 0.8, "Nogais": 1.0}, "skipped_nodes": 3, "memory_allocated_MB": 87.19189453125, "memory_reserved_MB": 142.0, "f1_macro_score_only_mask_connect": -100.0, "f1_macro_score_only_not_mask_connect": -100.0, "f1_macro_score_mixed_connect": -100.0, "only_mask_connect_sum": -100.0, "only_not_mask_connect_sum": -100.0, "mixed_connect_sum": -100.0, "model_name": "GL_SAGEConv_9l_512h_de"}