{"f1_macro": 0.9105556907310648, "f1_weighted": 0.9457464636670418, "precision_macro": 0.9060121210126969, "precision_weighted": 0.9475139461557118, "recall_macro": 0.9177409265884091, "recall_weighted": 0.9453015427769986, "accuracy": 0.9453015427769986, "class_scores": {"English": 0.9715536105032823, "Germans": 0.935064935064935, "French": 0.8467153284671532, "Belgium": 0.8888888888888888}, "skipped_nodes": 56, "memory_allocated_MB": 38.0498046875, "memory_reserved_MB": 224.0, "model_name": "GL_TAGConv_3l_512h_w_k3_gnorm"}