{"f1_macro": 0.9152467736034717, "f1_weighted": 0.9383905730145555, "accuracy": 0.9355828220858896, "class_scores": {"P0": 1.0, "P1": 0.9598214285714286, "P2": 0.8590604026845637, "P3": 0.8421052631578947}, "skipped_nodes": 0, "model_name": "LongestIbd"}