{"f1_macro": 0.6899104041282749, "f1_weighted": 0.9366720104990205, "accuracy": 0.950920245398773, "class_scores": {"Udmurts,Besermyan": 0.8387096774193549, "Tatars,Volga-Tatars,Mishar-Tatars,Kryashens": 0.9789029535864979, "Chuvash": 0.9420289855072463, "Mari": 0.0}, "skipped_nodes": 0, "model_name": "MaxEdgeCount"}