{"f1_macro": 0.49862476563056235, "f1_weighted": 0.5627112875626452, "precision_macro": 0.5351109937337515, "precision_weighted": 0.5690877684720624, "recall_macro": 0.49877415482321963, "recall_weighted": 0.5844594594594594, "accuracy": 0.5844594594594594, "class_scores": {"Ukranians": 0.2621359223300971, "Southern Russians": 0.6244725738396625, "Northen Russians": 0.7131537242472267, "Belarusians": 0.39473684210526316}, "skipped_nodes": 27, "memory_allocated_MB": 41.435546875, "memory_reserved_MB": 148.0, "model_name": "GL_GINConv_3l_512h"}