{"f1_macro": 0.9015692486535954, "f1_weighted": 0.9096956854531965, "accuracy": 0.91, "class_scores": {"Swedes": 0.9115646258503401, "Norwegians": 0.9150943396226415, "Danes": 0.8780487804878049}, "skipped_nodes": 15, "model_name": "GL_SAGEConv_9l_128h"}