{"f1_macro": 0.849804370462035, "f1_weighted": 0.9238066570811815, "accuracy": 0.9258064516129032, "class_scores": {"English": 0.9655963302752294, "Germans": 0.8202247191011236, "French": 0.6865671641791045, "Belgium": 0.926829268292683}, "skipped_nodes": 149, "model_name": "GL_SAGEConv_9l_512h"}