{"f1_macro": 0.5217289376941366, "f1_weighted": 0.5798192986142784, "precision_macro": 0.533916263900541, "precision_weighted": 0.575059521599682, "recall_macro": 0.5193820538968276, "recall_weighted": 0.5923423423423423, "accuracy": 0.5923423423423423, "class_scores": {"Ukranians": 0.30327868852459017, "Southern Russians": 0.6304675716440422, "Northen Russians": 0.7221350078492935, "Belarusians": 0.43103448275862066}, "skipped_nodes": 27, "memory_allocated_MB": 36.6865234375, "memory_reserved_MB": 228.0, "model_name": "GL_TAGConv_3l_512h_w_k3_gnorm"}