{"f1_macro": 0.5348431609243545, "f1_weighted": 0.5863553060438542, "precision_macro": 0.5628978948148908, "precision_weighted": 0.5869323286459072, "recall_macro": 0.5265990533717044, "recall_weighted": 0.6004489337822672, "accuracy": 0.6004489337822672, "class_scores": {"Ukranians": 0.3534136546184739, "Southern Russians": 0.6279761904761905, "Northen Russians": 0.7177914110429447, "Belarusians": 0.44019138755980863}, "skipped_nodes": 24, "memory_allocated_MB": 36.6865234375, "memory_reserved_MB": 228.0, "model_name": "GL_TAGConv_3l_512h_w_k3_gnorm_gelu"}