{"f1_macro": 0.04411764705882353, "f1_weighted": 0.07563025210084033, "accuracy": 0.21428571428571427, "class_scores": {"Chechens": 0.0, "Kabardians, Circassians, Adyghes": 0.0, "Karachays, Balkars": 0.0, "Ingush": 0.0, "Dagestan peoples": 0.35294117647058826, "Ossetians": 0.0, "Kumyks": 0.0, "Nogais": 0.0}, "skipped_nodes": 6, "model_name": "GL_GATConv_9l_128h"}