{"f1_macro": 0.6476550795547211, "f1_weighted": 0.8837468629121553, "accuracy": 0.8987730061349694, "class_scores": {"P0": 0.8387096774193549, "P1": 0.9423868312757202, "P2": 0.8095238095238095, "P3": 0.0}, "skipped_nodes": 0, "model_name": "MaxEdgeCount"}