{"f1_macro": 0.4483888691953208, "f1_weighted": 0.5992788422669577, "precision_macro": 0.4998663101604278, "precision_weighted": 0.6047080714263376, "recall_macro": 0.4699894957983194, "recall_weighted": 0.6491228070175439, "accuracy": 0.6491228070175439, "class_scores": {"Chechens": 0.64, "Kabardians, Circassians, Adyghes": 0.8064516129032258, "Karachays, Balkars": 0.6153846153846154, "Ingush": 0.0, "Dagestan peoples": 0.8, "Ossetians": 0.15384615384615385, "Kumyks": 0.0, "Nogais": 0.5714285714285714}, "skipped_nodes": 4, "memory_allocated_MB": 38.61376953125, "memory_reserved_MB": 256.0, "f1_macro_score_only_mask_connect": 0.3845704948646125, "f1_macro_score_only_not_mask_connect": 1.0, "f1_macro_score_mixed_connect": 0.3886573085804263, "only_mask_connect_sum": 25.0, "only_not_mask_connect_sum": 4.0, "mixed_connect_sum": 85.0, "model_name": "GL_GATConv_9l_128h"}