{"f1_macro": 0.5514792786696647, "f1_weighted": 0.6102611623282372, "precision_macro": 0.5689259783854121, "precision_weighted": 0.6085025715390626, "recall_macro": 0.5419115541668733, "recall_weighted": 0.6173541963015647, "accuracy": 0.6173541963015647, "class_scores": {"Northen Russians": 0.7225325884543762, "Ukranians": 0.35294117647058826, "Belarusians": 0.4942528735632184, "Southern Russians": 0.6361904761904762}, "skipped_nodes": 107, "memory_allocated_MB": 36.681640625, "memory_reserved_MB": 178.0, "model_name": "GL_TAGConv_3l_512h_nw_k3_gnorm"}