{"f1_macro": 0.7619718061689533, "f1_weighted": 0.8504069630777086, "accuracy": 0.8416149068322981, "class_scores": {"Udmurts,Besermyan": 0.9714285714285714, "Tatars,Volga-Tatars,Mishar-Tatars,Kryashens": 0.8878281622911695, "Chuvash": 0.7441860465116279, "Mari": 0.4444444444444444}, "skipped_nodes": 4, "model_name": "LongestIbd"}