{"f1_macro": 0.1328347731770919, "f1_weighted": 0.18224770003646493, "precision_macro": 0.2736413043478261, "precision_weighted": 0.37389304536043666, "recall_macro": 0.2523809523809524, "recall_weighted": 0.3463203463203463, "accuracy": 0.3463203463203463, "class_scores": {"Southern Russians": 0.5125303152789006, "Ukranians": 0.0, "Northen Russians": 0.018808777429467086, "Belarusians": 0.0}, "skipped_nodes": 1, "memory_allocated_MB": 343.51025390625, "memory_reserved_MB": 1918.0, "model_name": "GL_GATConv_9l_512h"}