{"f1_macro": 0.7019455770437703, "f1_weighted": 0.7672450694031521, "precision_macro": 0.695935960591133, "precision_weighted": 0.9014793435885036, "recall_macro": 0.9055793991416309, "recall_weighted": 0.7300613496932515, "accuracy": 0.7300613496932515, "class_scores": {"P0": 1.0, "P1": 0.7671957671957672, "P2": 0.7719298245614035, "P3": 0.26865671641791045}, "skipped_nodes": 0, "model_name": "MaxEdgeCountPerClassSize"}