{"f1_macro": 0.7339080992552764, "f1_weighted": 0.9560843801417408, "precision_macro": 0.7225164783427496, "precision_weighted": 0.9436241378115143, "recall_macro": 0.7462121212121212, "recall_weighted": 0.9693251533742331, "accuracy": 0.9693251533742331, "class_scores": {"Udmurts,Besermyan": 1.0, "Tatars,Volga-Tatars,Mishar-Tatars,Kryashens": 0.9936034115138592, "Chuvash": 0.9420289855072463, "Mari": 0.0}, "skipped_nodes": 0, "memory_allocated_MB": 52.22607421875, "memory_reserved_MB": 120.0, "model_name": "GL_GCNConv_9l_512h_w"}