{"f1_macro": 0.6858417137346742, "f1_weighted": 0.7395710680505199, "precision_macro": 0.6929597701149425, "precision_weighted": 0.7549400831499146, "recall_macro": 0.6913690476190476, "recall_weighted": 0.7319148936170212, "accuracy": 0.7319148936170212, "class_scores": {"P0": 0.8, "P1": 0.8131147540983606, "P2": 0.5588235294117647, "P3": 0.5714285714285714}, "skipped_nodes": 42, "model_name": "LongestIbd"}