{"f1_macro": 0.547571986681817, "f1_weighted": 0.6017023667155639, "precision_macro": 0.5469928712170323, "precision_weighted": 0.6008271795157359, "recall_macro": 0.5509932190558174, "recall_weighted": 0.6052249637155298, "accuracy": 0.6052249637155298, "class_scores": {"Northen Russians": 0.7137546468401487, "Ukranians": 0.32941176470588235, "Belarusians": 0.5373134328358209, "Southern Russians": 0.6098081023454158}, "skipped_nodes": 121, "memory_allocated_MB": 51.8759765625, "memory_reserved_MB": 156.0, "model_name": "GL_MLP_9l_512h"}