{"f1_macro": 0.8731409850954442, "f1_weighted": 0.8951343688252057, "precision_macro": 0.8908734950150067, "precision_weighted": 0.8986918796904709, "recall_macro": 0.862083957172478, "recall_weighted": 0.8957345971563981, "accuracy": 0.8957345971563981, "class_scores": {"Swedes": 0.8717948717948718, "Norwegians": 0.9411764705882353, "Danes": 0.8064516129032258}, "skipped_nodes": 4, "memory_allocated_MB": 21.9453125, "memory_reserved_MB": 78.0, "f1_macro_score_only_mask_connect": 0.2857142857142857, "f1_macro_score_only_not_mask_connect": 0.883838383838384, "f1_macro_score_mixed_connect": 0.8608305589845259, "only_mask_connect_sum": 8.0, "only_not_mask_connect_sum": 24.0, "mixed_connect_sum": 179.0, "model_name": "GL_MLP_3l_512h"}