{"f1_macro": 0.9218905966424682, "f1_weighted": 0.9727965587044535, "accuracy": 0.9723076923076923, "class_scores": {"Udmurts,Besermyan": 0.9473684210526315, "Tatars,Volga-Tatars,Mishar-Tatars,Kryashens": 0.9870689655172413, "Chuvash": 0.953125, "Mari": 0.8}, "skipped_nodes": 1, "model_name": "GL_TAGConv_3l_512h_w_k3_gnorm"}