{"f1_macro": 0.621136403599928, "f1_weighted": 0.6204486214219436, "precision_macro": 0.6310159245966235, "precision_weighted": 0.6333956466452528, "recall_macro": 0.6329703425131574, "recall_weighted": 0.6298701298701299, "accuracy": 0.6298701298701299, "class_scores": {"P0": 0.5088161209068011, "P1": 0.5637583892617449, "P2": 0.7803921568627451, "P3": 0.631578947368421}, "skipped_nodes": 0, "memory_allocated_MB": 38.994140625, "memory_reserved_MB": 482.0, "model_name": "GL_TAGConv_3l_512h_w_k3_gnorm"}