{"f1_macro": 0.9283674145817576, "f1_weighted": 0.9553082744098622, "accuracy": 0.9562841530054644, "class_scores": {"English": 0.9786324786324786, "Germans": 0.9318181818181818, "French": 0.9007633587786259, "Belgium": 0.9022556390977443}, "skipped_nodes": 37, "model_name": "GL_TAGConv_3l_512h_w_k3"}