{"f1_macro": 0.6984586577852832, "f1_weighted": 0.8269327625283304, "precision_macro": 0.7142752242597443, "precision_weighted": 0.8632241873239103, "recall_macro": 0.707436974789916, "recall_weighted": 0.8070175438596491, "accuracy": 0.8070175438596491, "class_scores": {"Chechens": 0.9444444444444444, "Kabardians, Circassians, Adyghes": 0.8888888888888888, "Karachays, Balkars": 0.8823529411764706, "Ingush": 0.8888888888888888, "Dagestan peoples": 0.8181818181818182, "Ossetians": 0.631578947368421, "Kumyks": 0.0, "Nogais": 0.5333333333333333}, "skipped_nodes": 4, "memory_allocated_MB": 18.18701171875, "memory_reserved_MB": 48.0, "f1_macro_score_only_mask_connect": 0.3899159663865546, "f1_macro_score_only_not_mask_connect": 0.5, "f1_macro_score_mixed_connect": 0.7267528548937106, "only_mask_connect_sum": 25.0, "only_not_mask_connect_sum": 4.0, "mixed_connect_sum": 85.0, "model_name": "GL_GINConv_3l_128h"}