{"f1_macro": 0.7246303697107153, "f1_weighted": 0.80590096618507, "precision_macro": 0.7142048670062253, "precision_weighted": 0.9157978064099493, "recall_macro": 0.9157400182078294, "recall_weighted": 0.7668711656441718, "accuracy": 0.7668711656441718, "class_scores": {"P0": 1.0, "P1": 0.8081841432225064, "P2": 0.8176100628930818, "P3": 0.2727272727272727}, "skipped_nodes": 0, "model_name": "MaxIbdSumPerClassSize"}