{"f1_macro": 0.5725130833051935, "f1_weighted": 0.6206778929734539, "precision_macro": 0.5862544859484609, "precision_weighted": 0.618102752684152, "recall_macro": 0.5663133579870673, "recall_weighted": 0.6287878787878788, "accuracy": 0.6287878787878788, "class_scores": {"Southern Russians": 0.6534954407294833, "Ukranians": 0.40816326530612246, "Northen Russians": 0.7583081570996979, "Belarusians": 0.4700854700854701}, "skipped_nodes": 1, "memory_allocated_MB": 36.6865234375, "memory_reserved_MB": 304.0, "model_name": "GL_TAGConv_3l_512h_w_k3_gnorm_leaky_relu"}