{"f1_macro": 0.9176883693690416, "f1_weighted": 0.9611004548098029, "accuracy": 0.9623352165725048, "class_scores": {"English": 0.9803439803439803, "Germans": 0.8888888888888888, "French": 0.8627450980392157, "Belgium": 0.9387755102040817}, "skipped_nodes": 238, "model_name": "GL_GATConv_3l_128h"}