{"f1_macro": 0.374295571161603, "f1_weighted": 0.48327222275677345, "precision_macro": 0.6490318355499578, "precision_weighted": 0.6305220161009375, "recall_macro": 0.4246218146578929, "recall_weighted": 0.5654054054054054, "accuracy": 0.5654054054054054, "class_scores": {"Southern Russians": 0.5971223021582733, "Ukranians": 0.06134969325153374, "Northen Russians": 0.7453769559032717, "Belarusians": 0.09333333333333334}, "skipped_nodes": 0, "memory_allocated_MB": 21.3935546875, "memory_reserved_MB": 298.0, "model_name": "GL_GCNConv_3l_512h_w"}