{"f1_macro": 0.7913887038887039, "f1_weighted": 0.899657490008367, "accuracy": 0.9122807017543859, "class_scores": {"Chechens": 0.9444444444444444, "Kabardians, Circassians, Adyghes": 0.9259259259259259, "Karachays, Balkars": 0.9714285714285714, "Ingush": 0.9090909090909091, "Dagestan peoples": 0.9230769230769231, "Ossetians": 0.8571428571428571, "Kumyks": 0.0, "Nogais": 0.8}, "skipped_nodes": 4, "model_name": "GL_SAGEConv_9l_128h"}