{"f1_macro": 0.460158825856872, "f1_weighted": 0.5458238567377314, "precision_macro": 0.5530999093499094, "precision_weighted": 0.5713945304195635, "recall_macro": 0.46351409201083926, "recall_weighted": 0.5836627140974967, "accuracy": 0.5836627140974967, "class_scores": {"Northen Russians": 0.6998341625207297, "Ukranians": 0.19117647058823528, "Belarusians": 0.3270440251572327, "Southern Russians": 0.6225806451612903}, "skipped_nodes": 98, "memory_allocated_MB": 18.51953125, "memory_reserved_MB": 58.0, "model_name": "GL_GCNConv_9l_128h_w"}