{"f1_macro": 0.5414349877764512, "f1_weighted": 0.6888612462203716, "precision_macro": 0.5871494404213298, "precision_weighted": 0.6991408443243816, "recall_macro": 0.5578231292517006, "recall_weighted": 0.735632183908046, "accuracy": 0.735632183908046, "class_scores": {"Chechens": 0.7804878048780488, "Kabardians, Circassians, Adyghes": 0.7307692307692307, "Karachays, Balkars": 0.8, "Ingush": 0.5454545454545454, "Dagestan peoples": 0.9333333333333333, "Ossetians": 0.0, "Kumyks": 0.0, "Nogais": 0.0}, "skipped_nodes": 31, "memory_allocated_MB": 22.25927734375, "memory_reserved_MB": 54.0, "model_name": "GL_GATConv_3l_128h"}