{"f1_macro": 0.702218045112782, "f1_weighted": 0.8203694819871766, "precision_macro": 0.6799735073345434, "precision_weighted": 0.8669963601930997, "recall_macro": 0.753170113148654, "recall_weighted": 0.8067484662576687, "accuracy": 0.8067484662576687, "class_scores": {"P0": 0.9473684210526315, "P1": 0.8714285714285714, "P2": 0.6742857142857143, "P3": 0.3157894736842105}, "skipped_nodes": 0, "model_name": "LongestIbd"}