{"f1_macro": 0.8409023463839806, "f1_weighted": 0.9626636247740955, "precision_macro": 0.8978720475431001, "precision_weighted": 0.9643210088802597, "recall_macro": 0.8252536090518924, "recall_weighted": 0.9662576687116564, "accuracy": 0.9662576687116564, "class_scores": {"Udmurts,Besermyan": 0.972972972972973, "Tatars,Volga-Tatars,Mishar-Tatars,Kryashens": 0.9870689655172413, "Chuvash": 0.9420289855072463, "Mari": 0.46153846153846156}, "skipped_nodes": 0, "memory_allocated_MB": 348.40087890625, "memory_reserved_MB": 3678.0, "f1_macro_score_only_mask_connect": NaN, "f1_macro_score_only_not_mask_connect": NaN, "f1_macro_score_mixed_connect": 0.8409023463839806, "only_mask_connect_sum": 0.0, "only_not_mask_connect_sum": 0.0, "mixed_connect_sum": 326.0, "model_name": "GL_GATConv_9l_512h"}