{"f1_macro": 0.3694524558358455, "f1_weighted": 0.4548500597269308, "precision_macro": 0.34794399916521895, "precision_weighted": 0.41935640019063125, "recall_macro": 0.4036796709659386, "recall_weighted": 0.5064935064935064, "accuracy": 0.5064935064935064, "class_scores": {"Southern Russians": 0.5225225225225225, "Ukranians": 0.29473684210526313, "Northen Russians": 0.6605504587155964, "Belarusians": 0.0}, "skipped_nodes": 1, "memory_allocated_MB": 25.12744140625, "memory_reserved_MB": 70.0, "f1_macro_score_only_mask_connect": 0.43956043956043955, "f1_macro_score_only_not_mask_connect": 0.2116729732828804, "f1_macro_score_mixed_connect": 0.3645487127530308, "only_mask_connect_sum": 15.0, "only_not_mask_connect_sum": 35.0, "mixed_connect_sum": 874.0, "model_name": "GL_SAGEConv_9l_128h_de"}