{"f1_macro": 0.9621572682339923, "f1_weighted": 0.9752021168400238, "accuracy": 0.9754768392370572, "class_scores": {"P0": 0.9871244635193133, "P1": 0.963265306122449, "P2": 0.9342105263157895, "P3": 0.9640287769784173}, "skipped_nodes": 28, "model_name": "GL_GINConv_3l_512h"}