{"f1_macro": 0.81045054200542, "f1_weighted": 0.8394484592994078, "accuracy": 0.8425925925925926, "class_scores": {"Chechens": 0.8780487804878049, "Kabardians, Circassians, Adyghes": 0.8666666666666667, "Karachays, Balkars": 0.8, "Ingush": 0.8, "Dagestan peoples": 0.85, "Ossetians": 0.8888888888888888, "Kumyks": 1.0, "Nogais": 0.4}, "skipped_nodes": 10, "model_name": "GL_TAGConv_9l_128h_w_k3"}