{"f1_macro": 0.6303329751859164, "f1_weighted": 0.8129385277435509, "precision_macro": 0.6260281385281385, "precision_weighted": 0.8120263631499587, "recall_macro": 0.6468984962406015, "recall_weighted": 0.8314606741573034, "accuracy": 0.8314606741573034, "class_scores": {"Chechens": 0.8333333333333334, "Kabardians, Circassians, Adyghes": 0.8823529411764706, "Karachays, Balkars": 0.918918918918919, "Ingush": 0.8, "Dagestan peoples": 0.8461538461538461, "Ossetians": 0.7619047619047619, "Kumyks": 0.0, "Nogais": 0.0}, "skipped_nodes": 29, "memory_allocated_MB": 38.39794921875, "memory_reserved_MB": 66.0, "f1_macro_score_only_mask_connect": NaN, "f1_macro_score_only_not_mask_connect": 0.6303329751859164, "f1_macro_score_mixed_connect": NaN, "only_mask_connect_sum": 0.0, "only_not_mask_connect_sum": 89.0, "mixed_connect_sum": 0.0, "model_name": "GL_TAGConv_3l_512h_w_k3"}