{"f1_macro": 0.5029311984500783, "f1_weighted": 0.5187232658012522, "precision_macro": 0.5388566243194192, "precision_weighted": 0.8406903232271498, "recall_macro": 0.7909513590844063, "recall_weighted": 0.48773006134969327, "accuracy": 0.48773006134969327, "class_scores": {"Udmurts,Besermyan": 0.7659574468085106, "Tatars,Volga-Tatars,Mishar-Tatars,Kryashens": 0.4967741935483871, "Chuvash": 0.5759162303664922, "Mari": 0.17307692307692307}, "skipped_nodes": 0, "model_name": "MaxEdgeCountPerClassSize"}