{"f1_macro": 0.97915333065709, "f1_weighted": 0.9812659759606566, "precision_macro": 0.9813067784765899, "precision_weighted": 0.9817051666372774, "recall_macro": 0.9774074074074074, "recall_weighted": 0.9813084112149533, "accuracy": 0.9813084112149533, "class_scores": {"Swedes": 0.9795918367346939, "Norwegians": 0.9856459330143541, "Danes": 0.9722222222222222}, "skipped_nodes": 1, "memory_allocated_MB": 21.12353515625, "memory_reserved_MB": 60.0, "model_name": "GL_SAGEConv_9l_128h"}