{"f1_macro": 0.55601758707676, "f1_weighted": 0.6257990306432344, "precision_macro": 0.5815412981346215, "precision_weighted": 0.6242588374615051, "recall_macro": 0.5436376000276337, "recall_weighted": 0.635593220338983, "accuracy": 0.635593220338983, "class_scores": {"Northen Russians": 0.743801652892562, "Ukranians": 0.3548387096774194, "Belarusians": 0.48175182481751827, "Southern Russians": 0.6436781609195402}, "skipped_nodes": 148, "memory_allocated_MB": 36.67822265625, "memory_reserved_MB": 158.0, "model_name": "GL_TAGConv_3l_512h_nw_k3_gnorm_gelu"}