{"f1_macro": 0.8901069231245268, "f1_weighted": 0.9218164224937624, "accuracy": 0.9224137931034483, "class_scores": {"Chechens": 0.9444444444444444, "Kabardians, Circassians, Adyghes": 0.896551724137931, "Karachays, Balkars": 0.9411764705882353, "Ingush": 0.9, "Dagestan peoples": 0.9795918367346939, "Ossetians": 0.9090909090909091, "Kumyks": 0.8, "Nogais": 0.75}, "skipped_nodes": 2, "model_name": "GL_TAGConv_9l_512h_w_k3"}