{"f1_macro": 0.40607732303848765, "f1_weighted": 0.4482405496769746, "precision_macro": 0.4054809874320358, "precision_weighted": 0.4524492993240292, "recall_macro": 0.408189807619301, "recall_weighted": 0.44554455445544555, "accuracy": 0.44554455445544555, "class_scores": {"Southern Russians": 0.4638655462184874, "Ukranians": 0.2839506172839506, "Northen Russians": 0.5705229793977813, "Belarusians": 0.30597014925373134}, "skipped_nodes": 16, "memory_allocated_MB": 338.7607421875, "memory_reserved_MB": 956.0, "model_name": "GL_GATConv_9l_512h"}