{"f1_macro": 0.588174706174297, "f1_weighted": 0.6304063697032155, "precision_macro": 0.6989315361207515, "precision_weighted": 0.689603954816624, "recall_macro": 0.5899310362563274, "recall_weighted": 0.6688311688311688, "accuracy": 0.6688311688311688, "class_scores": {"P0": 0.7174447174447175, "P1": 0.3622641509433962, "P2": 0.8197879858657244, "P3": 0.45320197044334976}, "skipped_nodes": 0, "model_name": "MaxIbdSum"}