{"f1_macro": 0.3195546899164862, "f1_weighted": 0.4879679411610222, "precision_macro": 0.3474644702842377, "precision_weighted": 0.5637462824825703, "recall_macro": 0.3772805174701459, "recall_weighted": 0.5471698113207547, "accuracy": 0.5471698113207547, "class_scores": {"Chechens": 0.5901639344262295, "Kabardians, Circassians, Adyghes": 0.55, "Karachays, Balkars": 0.6037735849056604, "Ingush": 0.0, "Dagestan peoples": 0.8125, "Ossetians": 0.0, "Kumyks": 0.0, "Nogais": 0.0}, "skipped_nodes": 12, "model_name": "AgglomerativeClustering"}