{"f1_macro": 0.7204138859294484, "f1_weighted": 0.8532263344529815, "precision_macro": 0.7757120330649743, "precision_weighted": 0.8651055816831218, "recall_macro": 0.7294178921568628, "recall_weighted": 0.8686868686868687, "accuracy": 0.8686868686868687, "class_scores": {"Chechens": 0.9090909090909091, "Kabardians, Circassians, Adyghes": 0.8936170212765957, "Karachays, Balkars": 0.8421052631578947, "Ingush": 0.9523809523809523, "Dagestan peoples": 0.896551724137931, "Ossetians": 0.8695652173913043, "Kumyks": 0.0, "Nogais": 0.4}, "skipped_nodes": 19, "memory_allocated_MB": 17.17041015625, "memory_reserved_MB": 68.0, "f1_macro_score_only_mask_connect": 0.18333333333333335, "f1_macro_score_only_not_mask_connect": 0.7251082251082251, "f1_macro_score_mixed_connect": 0.8044312009829252, "only_mask_connect_sum": 10.0, "only_not_mask_connect_sum": 20.0, "mixed_connect_sum": 69.0, "model_name": "GL_GCNConv_3l_128h_w"}