{"f1_macro": 0.8500233933467691, "f1_weighted": 0.9174140651338145, "precision_macro": 0.8969809524195168, "precision_weighted": 0.9213317293543744, "recall_macro": 0.8252749901978446, "recall_weighted": 0.9217638691322901, "accuracy": 0.9217638691322901, "class_scores": {"English": 0.9719827586206896, "Germans": 0.8292682926829268, "French": 0.673469387755102, "Belgium": 0.9253731343283582}, "skipped_nodes": 66, "memory_allocated_MB": 28.00927734375, "memory_reserved_MB": 186.0, "f1_macro_score_only_mask_connect": 0.7135082301054219, "f1_macro_score_only_not_mask_connect": 0.8185714285714285, "f1_macro_score_mixed_connect": 0.9745824611896041, "only_mask_connect_sum": 168.0, "only_not_mask_connect_sum": 45.0, "mixed_connect_sum": 490.0, "model_name": "GL_SAGEConv_3l_512h"}