{"f1_macro": 0.6936348979433062, "f1_weighted": 0.8461407752398532, "precision_macro": 0.6852913533834587, "precision_weighted": 0.8620095693779903, "recall_macro": 0.7215540382819794, "recall_weighted": 0.8454545454545455, "accuracy": 0.8454545454545455, "class_scores": {"Chechens": 0.8421052631578947, "Kabardians, Circassians, Adyghes": 0.8928571428571429, "Karachays, Balkars": 0.8333333333333334, "Ingush": 0.8181818181818182, "Dagestan peoples": 0.8292682926829268, "Ossetians": 1.0, "Kumyks": 0.0, "Nogais": 0.3333333333333333}, "skipped_nodes": 8, "memory_allocated_MB": 27.38916015625, "memory_reserved_MB": 192.0, "model_name": "GL_SAGEConv_3l_512h"}