{"f1_macro": 0.522859766657023, "f1_weighted": 0.5657450351157042, "precision_macro": 0.5273322880443783, "precision_weighted": 0.5758643083112609, "recall_macro": 0.5351311220776632, "recall_weighted": 0.565668202764977, "accuracy": 0.565668202764977, "class_scores": {"Ukranians": 0.35684647302904565, "Southern Russians": 0.5618729096989966, "Northen Russians": 0.7025210084033613, "Belarusians": 0.47019867549668876}, "skipped_nodes": 37, "memory_allocated_MB": 19.02392578125, "memory_reserved_MB": 58.0, "model_name": "GL_MLP_9l_128h"}