{"f1_macro": 0.12960706767876506, "f1_weighted": 0.22667163923860162, "precision_macro": 0.35543046096917685, "precision_weighted": 0.3485832913314668, "recall_macro": 0.09708132830450426, "recall_weighted": 0.18098159509202455, "accuracy": 0.18098159509202455, "class_scores": {"P0": 0.2, "P1": 0.29508196721311475, "P2": 0.023346303501945526, "P3": 0.0}, "skipped_nodes": 0, "model_name": "MaxIbdSum"}