{"f1_macro": 0.519429068763088, "f1_weighted": 0.582382578335843, "precision_macro": 0.5839833165192305, "precision_weighted": 0.5944468487582882, "recall_macro": 0.5102726970558324, "recall_weighted": 0.6050847457627119, "accuracy": 0.6050847457627119, "class_scores": {"Northen Russians": 0.7093023255813954, "Ukranians": 0.24242424242424243, "Belarusians": 0.5416666666666666, "Southern Russians": 0.5843230403800475}, "skipped_nodes": 148, "memory_allocated_MB": 18.51416015625, "memory_reserved_MB": 56.0, "model_name": "GL_GCNConv_9l_128h_w"}