{"f1_macro": 0.8903839584337585, "f1_weighted": 0.900189565303748, "precision_macro": 0.925974025974026, "precision_weighted": 0.9062679104932627, "recall_macro": 0.8682015718908923, "recall_weighted": 0.9014084507042254, "accuracy": 0.9014084507042254, "class_scores": {"Swedes": 0.9078947368421053, "Norwegians": 0.9107981220657277, "Danes": 0.8524590163934426}, "skipped_nodes": 2, "memory_allocated_MB": 21.91845703125, "memory_reserved_MB": 76.0, "f1_macro_score_only_mask_connect": 0.6757575757575758, "f1_macro_score_only_not_mask_connect": 0.6666666666666666, "f1_macro_score_mixed_connect": 0.9591305479630353, "only_mask_connect_sum": 10.0, "only_not_mask_connect_sum": 36.0, "mixed_connect_sum": 167.0, "model_name": "GL_GCNConv_3l_512h_w"}