{"f1_macro": 0.7037164962696877, "f1_weighted": 0.9439371619113168, "precision_macro": 0.7119968069335159, "precision_weighted": 0.9329711399681114, "recall_macro": 0.7007575757575758, "recall_weighted": 0.9570552147239264, "accuracy": 0.9570552147239264, "class_scores": {"Udmurts,Besermyan": 0.9090909090909091, "Tatars,Volga-Tatars,Mishar-Tatars,Kryashens": 0.9914893617021276, "Chuvash": 0.9142857142857143, "Mari": 0.0}, "skipped_nodes": 0, "memory_allocated_MB": 337.37353515625, "memory_reserved_MB": 3482.0, "model_name": "GL_GATConv_9l_512h"}