{"f1_macro": 0.5590871624808831, "f1_weighted": 0.5992615661183694, "precision_macro": 0.5588989348842041, "precision_weighted": 0.6124802466869858, "recall_macro": 0.5670208466364177, "recall_weighted": 0.5930735930735931, "accuracy": 0.5930735930735931, "class_scores": {"Southern Russians": 0.6151202749140894, "Ukranians": 0.45901639344262296, "Northen Russians": 0.7193548387096774, "Belarusians": 0.44285714285714284}, "skipped_nodes": 1, "memory_allocated_MB": 42.5263671875, "memory_reserved_MB": 178.0, "model_name": "GL_GINConv_3l_512h"}