{"f1_macro": 0.5048565564869912, "f1_weighted": 0.6856713290698133, "precision_macro": 0.47369954606796705, "precision_weighted": 0.6423813591848357, "recall_macro": 0.5454198851257674, "recall_weighted": 0.7431192660550459, "accuracy": 0.7431192660550459, "class_scores": {"Chechens": 0.8, "Kabardians, Circassians, Adyghes": 0.7692307692307693, "Karachays, Balkars": 0.9142857142857143, "Ingush": 0.782608695652174, "Dagestan peoples": 0.7727272727272727, "Ossetians": 0.0, "Kumyks": 0.0, "Nogais": 0.0}, "skipped_nodes": 9, "memory_allocated_MB": 21.18701171875, "memory_reserved_MB": 52.0, "f1_macro_score_only_mask_connect": 0.3398692810457517, "f1_macro_score_only_not_mask_connect": 0.7222222222222222, "f1_macro_score_mixed_connect": 0.5019815086347345, "only_mask_connect_sum": 20.0, "only_not_mask_connect_sum": 12.0, "mixed_connect_sum": 77.0, "model_name": "GL_SAGEConv_9l_128h_de"}