{"f1_macro": 0.9589598484671328, "f1_weighted": 0.9574589477148955, "precision_macro": 0.953659541894836, "precision_weighted": 0.9576775721337321, "recall_macro": 0.9648327939590077, "recall_weighted": 0.9575471698113207, "accuracy": 0.9575471698113207, "class_scores": {"Swedes": 0.9395973154362416, "Norwegians": 0.9658536585365853, "Danes": 0.9714285714285714}, "skipped_nodes": 3, "memory_allocated_MB": 17.8544921875, "memory_reserved_MB": 60.0, "model_name": "GL_GINConv_3l_128h"}