{"f1_macro": 0.5583752290519207, "f1_weighted": 0.6850870931296715, "accuracy": 0.7078651685393258, "class_scores": {"Chechens": 0.7619047619047619, "Kabardians, Circassians, Adyghes": 0.7027027027027027, "Karachays, Balkars": 0.7894736842105263, "Ingush": 0.3333333333333333, "Dagestan peoples": 0.7878787878787878, "Ossetians": 0.5333333333333333, "Kumyks": 0.0, "Nogais": 0.0}, "skipped_nodes": 29, "model_name": "GL_GINConv_9l_128h"}