{"f1_macro": 0.5046566406522229, "f1_weighted": 0.5787330616908674, "precision_macro": 0.5299533465726689, "precision_weighted": 0.5752273357808987, "recall_macro": 0.500794012801447, "recall_weighted": 0.5977722772277227, "accuracy": 0.5977722772277227, "class_scores": {"Ukranians": 0.23333333333333334, "Southern Russians": 0.6386292834890965, "Northen Russians": 0.7202680067001676, "Belarusians": 0.4263959390862944}, "skipped_nodes": 75, "memory_allocated_MB": 36.68505859375, "memory_reserved_MB": 208.0, "model_name": "GL_TAGConv_3l_512h_nw_k3_gnorm_relu"}