{"f1_macro": 0.5080146887849039, "f1_weighted": 0.5802708265608478, "precision_macro": 0.528185261707989, "precision_weighted": 0.8434537088678192, "recall_macro": 0.7206181991589716, "recall_weighted": 0.5368098159509203, "accuracy": 0.5368098159509203, "class_scores": {"P0": 0.7083333333333334, "P1": 0.5792682926829268, "P2": 0.6096256684491979, "P3": 0.1348314606741573}, "skipped_nodes": 0, "model_name": "MaxIbdSumPerClassSize"}