{"f1_macro": 0.6840692686265326, "f1_weighted": 0.8293518408103832, "accuracy": 0.8378378378378378, "class_scores": {"Chechens": 0.8292682926829268, "Kabardians, Circassians, Adyghes": 0.8846153846153846, "Karachays, Balkars": 0.918918918918919, "Ingush": 0.8, "Dagestan peoples": 0.8571428571428571, "Ossetians": 0.782608695652174, "Kumyks": 0.0, "Nogais": 0.4}, "skipped_nodes": 7, "model_name": "GL_TAGConv_9l_512h_w_k3"}