{"f1_macro": 0.5910963894157172, "f1_weighted": 0.7371869960105253, "accuracy": 0.7777777777777778, "class_scores": {"Chechens": 0.7272727272727273, "Kabardians, Circassians, Adyghes": 0.8648648648648649, "Karachays, Balkars": 0.8648648648648649, "Ingush": 0.0, "Dagestan peoples": 0.8571428571428571, "Ossetians": 0.8235294117647058, "Kumyks": 0.0, "Nogais": 0.0}, "skipped_nodes": 28, "model_name": "GL_GCNConv_9l_512h_w"}