{"f1_macro": 0.9305594883567091, "f1_weighted": 0.9552396714376526, "accuracy": 0.9562841530054644, "class_scores": {"English": 0.976545842217484, "Germans": 0.9348659003831418, "French": 0.8923076923076924, "Belgium": 0.9185185185185185}, "skipped_nodes": 37, "model_name": "GL_SAGEConv_3l_128h"}