{"f1_macro": 0.4864162643296799, "f1_weighted": 0.3713641817347969, "precision_macro": 0.6066145771203626, "precision_weighted": 0.8406964430643671, "recall_macro": 0.756112628430225, "recall_weighted": 0.3803680981595092, "accuracy": 0.3803680981595092, "class_scores": {"P0": 1.0, "P1": 0.29927007299270075, "P2": 0.4827586206896552, "P3": 0.16363636363636364}, "skipped_nodes": 0, "model_name": "MaxIbdSumPerClassSize"}