{"f1_macro": 0.5914940134817642, "f1_weighted": 0.6291377636046603, "precision_macro": 0.5910980531252846, "precision_weighted": 0.6485707179583496, "recall_macro": 0.6037010611640554, "recall_weighted": 0.6201298701298701, "accuracy": 0.6201298701298701, "class_scores": {"Southern Russians": 0.643598615916955, "Ukranians": 0.4644808743169399, "Northen Russians": 0.746268656716418, "Belarusians": 0.5116279069767442}, "skipped_nodes": 1, "memory_allocated_MB": 17.6650390625, "memory_reserved_MB": 152.0, "model_name": "GL_MLP_3l_128h"}