{"f1_macro": 0.125, "f1_weighted": 0.027607361963190184, "precision_macro": 0.25, "precision_weighted": 0.05521472392638037, "recall_macro": 0.08333333333333333, "recall_weighted": 0.018404907975460124, "accuracy": 0.018404907975460124, "class_scores": {"P0": 0.5, "P1": 0.0, "P2": 0.0, "P3": 0.0}, "skipped_nodes": 0, "model_name": "MaxEdgeCountPerClassSize"}