{"f1_macro": 0.12108389241090663, "f1_weighted": 0.15002055420407323, "accuracy": 0.2617801047120419, "class_scores": {"krasnodar": 0.4253246753246753, "yaroslavl": 0.0, "ryazan": 0.0, "kaluga": 0.18009478672985782, "vologda": 0.0}, "skipped_nodes": 3, "model_name": "GL_GINConv_9l_512h"}