{"f1_macro": 0.45437071152988495, "f1_weighted": 0.6433984579807738, "accuracy": 0.6931079323797139, "class_scores": {"P0": 0.7968901846452867, "P1": 0.6708860759493671, "P2": 0.18691588785046728, "P3": 0.16279069767441862}, "skipped_nodes": 0, "model_name": "GL_SAGEConv_3l_512h"}