{"f1_macro": 0.8865223067024418, "f1_weighted": 0.8889485427745997, "accuracy": 0.8894472361809045, "class_scores": {"Swedes": 0.8776978417266187, "Norwegians": 0.8981481481481481, "Danes": 0.8837209302325582}, "skipped_nodes": 16, "model_name": "GL_GINConv_9l_512h"}