{"f1_macro": 0.8866317909421357, "f1_weighted": 0.9043679567895475, "precision_macro": 0.8837683103451628, "precision_weighted": 0.9046759766229743, "recall_macro": 0.8900829337722542, "recall_weighted": 0.9045226130653267, "accuracy": 0.9045226130653267, "class_scores": {"Swedes": 0.8827586206896552, "Norwegians": 0.9326923076923077, "Danes": 0.8444444444444444}, "skipped_nodes": 16, "memory_allocated_MB": 102.31103515625, "memory_reserved_MB": 148.0, "model_name": "GL_GINConv_9l_512h"}