{"f1_macro": 0.9549208198017133, "f1_weighted": 0.9579540950208366, "precision_macro": 0.9448667456186253, "precision_weighted": 0.959680129488453, "recall_macro": 0.9672491909385114, "recall_weighted": 0.9577464788732394, "accuracy": 0.9577464788732394, "class_scores": {"Swedes": 0.9536423841059603, "Norwegians": 0.9651741293532339, "Danes": 0.9459459459459459}, "skipped_nodes": 2, "memory_allocated_MB": 18.134765625, "memory_reserved_MB": 182.0, "model_name": "GL_GINConv_3l_128h"}