{"f1_macro": 0.8686357014584594, "f1_weighted": 0.9381147250848608, "precision_macro": 0.9040431320506898, "precision_weighted": 0.9384455184087727, "recall_macro": 0.8418342410277895, "recall_weighted": 0.9403225806451613, "accuracy": 0.9403225806451613, "class_scores": {"English": 0.9784824462061155, "Germans": 0.8470588235294118, "French": 0.7619047619047619, "Belgium": 0.8870967741935484}, "skipped_nodes": 149, "memory_allocated_MB": 25.50390625, "memory_reserved_MB": 98.0, "f1_macro_score_only_mask_connect": 0.6414866742452949, "f1_macro_score_only_not_mask_connect": 0.9274824499824499, "f1_macro_score_mixed_connect": 0.9278036896680965, "only_mask_connect_sum": 85.0, "only_not_mask_connect_sum": 152.0, "mixed_connect_sum": 383.0, "model_name": "GL_TAGConv_9l_128h_w_k3"}