{"f1_macro": 0.44042268109232385, "f1_weighted": 0.5167131262053631, "precision_macro": 0.4427019033655987, "precision_weighted": 0.5122115345959293, "recall_macro": 0.44210928915878067, "recall_weighted": 0.526241134751773, "accuracy": 0.526241134751773, "class_scores": {"Northen Russians": 0.6841186736474695, "Ukranians": 0.1925133689839572, "Belarusians": 0.34972677595628415, "Southern Russians": 0.5353319057815846}, "skipped_nodes": 105, "memory_allocated_MB": 26.97607421875, "memory_reserved_MB": 86.0, "model_name": "GL_SAGEConv_3l_512h"}