{"f1_macro": 0.8714350016057901, "f1_weighted": 0.9310937564912591, "precision_macro": 0.9151685663222661, "precision_weighted": 0.9337445952305509, "recall_macro": 0.8441792561994909, "recall_weighted": 0.9341317365269461, "accuracy": 0.9341317365269461, "class_scores": {"English": 0.9707475622968581, "Germans": 0.8585858585858586, "French": 0.7272727272727273, "Belgium": 0.9291338582677166}, "skipped_nodes": 101, "memory_allocated_MB": 20.70947265625, "memory_reserved_MB": 72.0, "model_name": "GL_SAGEConv_9l_128h"}