{"f1_macro": 0.4077215579687926, "f1_weighted": 0.45725238532223106, "accuracy": 0.5017361111111112, "class_scores": {"krasnodar": 0.5531914893617021, "yaroslavl": 0.29213483146067415, "ryazan": 0.5905172413793104, "kaluga": 0.18, "vologda": 0.42276422764227645}, "skipped_nodes": 0, "model_name": "GL_MLP_9l_128h"}