{"f1_macro": 0.45287002798229375, "f1_weighted": 0.5373067416627323, "precision_macro": 0.5312377408265503, "precision_weighted": 0.5543275128545299, "recall_macro": 0.4519887032523231, "recall_weighted": 0.5708154506437768, "accuracy": 0.5708154506437768, "class_scores": {"Northen Russians": 0.688135593220339, "Ukranians": 0.2153846153846154, "Belarusians": 0.3120567375886525, "Southern Russians": 0.595903165735568}, "skipped_nodes": 111, "memory_allocated_MB": 18.517578125, "memory_reserved_MB": 58.0, "model_name": "GL_GCNConv_9l_128h_w"}