{"f1_macro": 0.6473808113939322, "f1_weighted": 0.8902749380860095, "accuracy": 0.9133709981167608, "class_scores": {"English": 0.9742962056303549, "Germans": 0.7241379310344828, "French": 0.0, "Belgium": 0.8910891089108911}, "skipped_nodes": 238, "model_name": "GL_GATConv_9l_128h"}