{"f1_macro": 0.8409764897264898, "f1_weighted": 0.8927231350308273, "accuracy": 0.8974358974358975, "class_scores": {"Chechens": 0.9230769230769231, "Kabardians, Circassians, Adyghes": 0.8727272727272727, "Karachays, Balkars": 0.8648648648648649, "Ingush": 1.0, "Dagestan peoples": 0.96, "Ossetians": 0.8571428571428571, "Kumyks": 0.5, "Nogais": 0.75}, "skipped_nodes": 1, "model_name": "GL_TAGConv_3l_128h_w_k3"}