{"f1_macro": 0.5587337873862375, "f1_weighted": 0.5956872879740394, "precision_macro": 0.5702676241435403, "precision_weighted": 0.599443504183889, "recall_macro": 0.5529284406939466, "recall_weighted": 0.5978378378378378, "accuracy": 0.5978378378378378, "class_scores": {"Southern Russians": 0.6063218390804598, "Ukranians": 0.4280701754385965, "Northen Russians": 0.715927750410509, "Belarusians": 0.4846153846153846}, "skipped_nodes": 0, "memory_allocated_MB": 159.10107421875, "memory_reserved_MB": 716.0, "model_name": "GL_TAGConv_9l_512h_w_k3"}