{"f1_macro": 0.8570687760931663, "f1_weighted": 0.9171216510669662, "precision_macro": 0.8707525125159334, "precision_weighted": 0.9173623228083081, "recall_macro": 0.8468581001620649, "recall_weighted": 0.9193083573487032, "accuracy": 0.9193083573487032, "class_scores": {"English": 0.9664864864864865, "Germans": 0.8292682926829268, "French": 0.6991869918699187, "Belgium": 0.9333333333333333}, "skipped_nodes": 75, "memory_allocated_MB": 339.47412109375, "memory_reserved_MB": 2090.0, "model_name": "GL_GATConv_9l_512h"}