{"f1_macro": 0.8736157011301264, "f1_weighted": 0.9658991165379675, "precision_macro": 0.8640609390609391, "precision_weighted": 0.970684836635757, "recall_macro": 0.8999382234360775, "recall_weighted": 0.9631901840490797, "accuracy": 0.9631901840490797, "class_scores": {"P0": 0.9411764705882353, "P1": 0.9827586206896551, "P2": 0.9618320610687023, "P3": 0.6086956521739131}, "skipped_nodes": 0, "memory_allocated_MB": 22.09912109375, "memory_reserved_MB": 52.0, "model_name": "GL_MLP_3l_512h"}