{"f1_macro": 0.830658396509903, "f1_weighted": 0.9054048055686369, "accuracy": 0.9124629080118695, "class_scores": {"English": 0.9592274678111588, "Germans": 0.8020304568527918, "French": 0.6428571428571429, "Belgium": 0.9185185185185185}, "skipped_nodes": 95, "model_name": "GL_SAGEConv_3l_128h"}