{"f1_macro": 0.9613605254952596, "f1_weighted": 0.9733260250435206, "accuracy": 0.9736111111111111, "class_scores": {"English": 0.9848156182212582, "Germans": 0.9539748953974896, "French": 0.948905109489051, "Belgium": 0.9577464788732394}, "skipped_nodes": 49, "model_name": "GL_SAGEConv_3l_512h"}