{"f1_macro": 0.4026963396153801, "f1_weighted": 0.47700727748964494, "precision_macro": 0.4927801724137931, "precision_weighted": 0.6132008995502249, "recall_macro": 0.43844226579520695, "recall_weighted": 0.5043478260869565, "accuracy": 0.5043478260869565, "class_scores": {"Chechens": 0.6206896551724138, "Kabardians, Circassians, Adyghes": 0.2857142857142857, "Karachays, Balkars": 0.6521739130434783, "Ingush": 0.36363636363636365, "Dagestan peoples": 0.5945945945945946, "Ossetians": 0.5714285714285714, "Kumyks": 0.0, "Nogais": 0.13333333333333333}, "skipped_nodes": 3, "memory_allocated_MB": 102.740234375, "memory_reserved_MB": 200.0, "f1_macro_score_only_mask_connect": -100.0, "f1_macro_score_only_not_mask_connect": -100.0, "f1_macro_score_mixed_connect": -100.0, "only_mask_connect_sum": -100.0, "only_not_mask_connect_sum": -100.0, "mixed_connect_sum": -100.0, "model_name": "GL_GINConv_9l_512h"}