{"f1_macro": 0.8790377895498033, "f1_weighted": 0.8996144296707578, "precision_macro": 0.8598129940235203, "precision_weighted": 0.9187805147319317, "recall_macro": 0.9217849898580122, "recall_weighted": 0.8974358974358975, "accuracy": 0.8974358974358975, "class_scores": {"Chechens": 0.972972972972973, "Kabardians, Circassians, Adyghes": 0.8846153846153846, "Karachays, Balkars": 0.8421052631578947, "Ingush": 1.0, "Dagestan peoples": 0.9130434782608695, "Ossetians": 0.8695652173913043, "Kumyks": 0.75, "Nogais": 0.8}, "skipped_nodes": 1, "memory_allocated_MB": 38.44580078125, "memory_reserved_MB": 84.0, "model_name": "GL_TAGConv_3l_512h_w_k3_gnorm_gelu"}