{"f1_macro": 0.8544990973825525, "f1_weighted": 0.9154699367077682, "precision_macro": 0.8584281688674756, "precision_weighted": 0.9180775899244793, "recall_macro": 0.8572371905287648, "recall_weighted": 0.9166666666666666, "accuracy": 0.9166666666666666, "class_scores": {"English": 0.9643243243243244, "Germans": 0.8258706467661692, "French": 0.72, "Belgium": 0.9078014184397163}, "skipped_nodes": 73, "memory_allocated_MB": 97.6845703125, "memory_reserved_MB": 922.0, "model_name": "GL_GATConv_3l_512h"}