{"f1_macro": 0.8747627328960096, "f1_weighted": 0.8968519208784972, "accuracy": 0.9, "class_scores": {"Swedes": 0.9178082191780822, "Norwegians": 0.9140271493212669, "Danes": 0.7924528301886793}, "skipped_nodes": 5, "model_name": "GL_GCNConv_3l_128h_w"}