{"f1_macro": 0.2236251972053189, "f1_weighted": 0.2453597813146837, "precision_macro": 0.2950674788851408, "precision_weighted": 0.435988171849756, "recall_macro": 0.27290609962283785, "recall_weighted": 0.22699386503067484, "accuracy": 0.22699386503067484, "class_scores": {"P0": 0.3448275862068966, "P1": 0.2549019607843137, "P2": 0.20588235294117646, "P3": 0.08888888888888889}, "skipped_nodes": 0, "model_name": "LongestIbd"}