{"f1_macro": 0.9080002924361995, "f1_weighted": 0.9807101358139105, "precision_macro": 0.8889508928571428, "precision_weighted": 0.9850049298860649, "recall_macro": 0.9448237742229159, "recall_weighted": 0.9785276073619632, "accuracy": 0.9785276073619632, "class_scores": {"Udmurts,Besermyan": 0.9714285714285714, "Tatars,Volga-Tatars,Mishar-Tatars,Kryashens": 0.9956896551724138, "Chuvash": 0.9692307692307692, "Mari": 0.6956521739130435}, "skipped_nodes": 0, "memory_allocated_MB": 20.8642578125, "memory_reserved_MB": 212.0, "model_name": "GL_GINConv_3l_128h"}