{"f1_macro": 0.6675330623211668, "f1_weighted": 0.7292249415253377, "accuracy": 0.6871165644171779, "class_scores": {"P0": 1.0, "P1": 0.7336956521739131, "P2": 0.7078651685393258, "P3": 0.22857142857142856}, "skipped_nodes": 0, "model_name": "MaxEdgeCountPerClassSize"}