{"f1_macro": 0.795243441873362, "f1_weighted": 0.8766784347262925, "precision_macro": 0.752386632990846, "precision_weighted": 0.9006586576471295, "recall_macro": 0.8686326787185156, "recall_weighted": 0.8680981595092024, "accuracy": 0.8680981595092024, "class_scores": {"P0": 0.918918918918919, "P1": 0.9174311926605505, "P2": 0.7612903225806451, "P3": 0.5833333333333334}, "skipped_nodes": 0, "model_name": "LongestIbd"}