{"f1_macro": 0.7145488594593877, "f1_weighted": 0.8452163883519679, "precision_macro": 0.7130214917825537, "precision_weighted": 0.8924906734505517, "recall_macro": 0.7496965361772229, "recall_weighted": 0.8343558282208589, "accuracy": 0.8343558282208589, "class_scores": {"P0": 1.0, "P1": 0.8931116389548693, "P2": 0.7150837988826816, "P3": 0.25}, "skipped_nodes": 0, "model_name": "LongestIbd"}