{"f1_macro": 0.22371911931317098, "f1_weighted": 0.25365075810517557, "accuracy": 0.2864583333333333, "class_scores": {"krasnodar": 0.18340611353711792, "yaroslavl": 0.17699115044247787, "ryazan": 0.441351888667992, "kaluga": 0.11049723756906077, "vologda": 0.20634920634920634}, "skipped_nodes": 0, "model_name": "GL_TAGConv_3l_512h_w_k3"}