{"f1_macro": 0.9303606301600955, "f1_weighted": 0.9577314282474896, "accuracy": 0.9594405594405594, "class_scores": {"English": 0.9775401069518717, "Germans": 0.9504132231404959, "French": 0.8376068376068376, "Belgium": 0.9558823529411765}, "skipped_nodes": 54, "model_name": "GL_GATConv_3l_512h"}