{"f1_macro": 0.628238117521683, "f1_weighted": 0.7902076832196357, "precision_macro": 0.6293571624453977, "precision_weighted": 0.817539577343499, "recall_macro": 0.6509681372549019, "recall_weighted": 0.7870370370370371, "accuracy": 0.7870370370370371, "class_scores": {"Chechens": 0.7096774193548387, "Kabardians, Circassians, Adyghes": 0.9019607843137255, "Karachays, Balkars": 0.8823529411764706, "Ingush": 0.7407407407407407, "Dagestan peoples": 0.8292682926829268, "Ossetians": 0.7619047619047619, "Kumyks": 0.0, "Nogais": 0.2}, "skipped_nodes": 10, "memory_allocated_MB": 26.3349609375, "memory_reserved_MB": 60.0, "f1_macro_score_only_mask_connect": 0.440952380952381, "f1_macro_score_only_not_mask_connect": 0.5873015873015873, "f1_macro_score_mixed_connect": 0.6390349975644093, "only_mask_connect_sum": 19.0, "only_not_mask_connect_sum": 8.0, "mixed_connect_sum": 81.0, "model_name": "GL_TAGConv_9l_128h_w_k3"}