{"f1_macro": 0.44141909450201444, "f1_weighted": 0.5131150290002952, "precision_macro": 0.5120560109289617, "precision_weighted": 0.74687971437192, "recall_macro": 0.48040490744353403, "recall_weighted": 0.4723926380368098, "accuracy": 0.4723926380368098, "class_scores": {"P0": 0.8235294117647058, "P1": 0.5405405405405406, "P2": 0.40160642570281124, "P3": 0.0}, "skipped_nodes": 0, "model_name": "LongestIbd"}