{"f1_macro": 0.8447456311993715, "f1_weighted": 0.9184778923517687, "precision_macro": 0.8542686688085095, "precision_weighted": 0.9225828289081883, "recall_macro": 0.8485624597455022, "recall_weighted": 0.9208400646203554, "accuracy": 0.9208400646203554, "class_scores": {"English": 0.9648924122310306, "Germans": 0.7586206896551724, "French": 0.7407407407407407, "Belgium": 0.9147286821705426}, "skipped_nodes": 150, "memory_allocated_MB": 25.50390625, "memory_reserved_MB": 98.0, "model_name": "GL_TAGConv_9l_128h_w_k3"}