{"f1_macro": 0.830716627249474, "f1_weighted": 0.9719884713279545, "accuracy": 0.9785276073619632, "class_scores": {"Udmurts,Besermyan": 1.0, "Tatars,Volga-Tatars,Mishar-Tatars,Kryashens": 0.9957264957264957, "Chuvash": 0.9635036496350365, "Mari": 0.36363636363636365}, "skipped_nodes": 0, "model_name": "GL_TAGConv_3l_128h_w_k3"}