{"f1_macro": 0.24986974379510435, "f1_weighted": 0.30804853011860617, "accuracy": 0.3641207815275311, "class_scores": {"krasnodar": 0.4221105527638191, "yaroslavl": 0.023255813953488372, "ryazan": 0.4689655172413793, "kaluga": 0.020202020202020204, "vologda": 0.3148148148148148}, "skipped_nodes": 13, "model_name": "GL_MLP_3l_512h"}