{"f1_macro": 0.8366019737284992, "f1_weighted": 0.9071137360250984, "precision_macro": 0.8324359882459055, "precision_weighted": 0.908617559025778, "recall_macro": 0.8424432785666266, "recall_weighted": 0.9063400576368876, "accuracy": 0.9063400576368876, "class_scores": {"English": 0.9668874172185431, "Germans": 0.7906976744186046, "French": 0.6865671641791045, "Belgium": 0.9022556390977443}, "skipped_nodes": 75, "memory_allocated_MB": 22.24951171875, "memory_reserved_MB": 222.0, "model_name": "GL_GINConv_9l_128h"}