{"f1_macro": 0.8509047125055696, "f1_weighted": 0.9285393327078627, "precision_macro": 0.9092932044755541, "precision_weighted": 0.9328293036323522, "recall_macro": 0.8195674402797445, "recall_weighted": 0.9320695102685624, "accuracy": 0.9320695102685624, "class_scores": {"English": 0.9773242630385488, "Germans": 0.8297872340425532, "French": 0.7058823529411765, "Belgium": 0.890625}, "skipped_nodes": 136, "memory_allocated_MB": 26.55419921875, "memory_reserved_MB": 56.0, "f1_macro_score_only_mask_connect": 0.5768270944741533, "f1_macro_score_only_not_mask_connect": 0.9467291967291968, "f1_macro_score_mixed_connect": 0.9364333665022642, "only_mask_connect_sum": 98.0, "only_not_mask_connect_sum": 148.0, "mixed_connect_sum": 387.0, "model_name": "GL_SAGEConv_3l_512h_de"}