{"f1_macro": 0.5277408978017333, "f1_weighted": 0.575267874390133, "precision_macro": 0.5392948067181804, "precision_weighted": 0.5761883051557812, "recall_macro": 0.5238048001424466, "recall_weighted": 0.5834542815674891, "accuracy": 0.5834542815674891, "class_scores": {"Northen Russians": 0.6840277777777778, "Ukranians": 0.30120481927710846, "Belarusians": 0.5555555555555556, "Southern Russians": 0.5701754385964912}, "skipped_nodes": 121, "model_name": "MaxSegmentCount"}