{"f1_macro": 0.6068123754159653, "f1_weighted": 0.6572750612195832, "precision_macro": 0.6011476426799007, "precision_weighted": 0.8644499078993438, "recall_macro": 0.8636688776173755, "recall_weighted": 0.6257668711656442, "accuracy": 0.6257668711656442, "class_scores": {"Udmurts,Besermyan": 0.8571428571428571, "Tatars,Volga-Tatars,Mishar-Tatars,Kryashens": 0.653179190751445, "Chuvash": 0.6736842105263158, "Mari": 0.24324324324324326}, "skipped_nodes": 0, "model_name": "MaxIbdSumPerClassSize"}