{"f1_macro": 0.961367520666309, "f1_weighted": 0.9764983792958674, "accuracy": 0.9768392370572208, "class_scores": {"P0": 0.9903121636167922, "P1": 0.9641434262948207, "P2": 0.92, "P3": 0.9710144927536232}, "skipped_nodes": 28, "model_name": "GL_TAGConv_3l_512h_w_k3"}