{"f1_macro": 0.22946570972886762, "f1_weighted": 0.05197111574250741, "precision_macro": 0.2515432098765432, "precision_weighted": 0.05646443990002273, "recall_macro": 0.21212121212121213, "recall_weighted": 0.049079754601226995, "accuracy": 0.049079754601226995, "class_scores": {"P0": 0.9090909090909091, "P1": 0.0, "P2": 0.008771929824561403, "P3": 0.0}, "skipped_nodes": 0, "model_name": "MaxEdgeCountPerClassSize"}