{"f1_macro": 0.6253753334778174, "f1_weighted": 0.7028520723917416, "precision_macro": 0.6140709527148868, "precision_weighted": 0.8717628080237679, "recall_macro": 0.8416948454502102, "recall_weighted": 0.6625766871165644, "accuracy": 0.6625766871165644, "class_scores": {"P0": 0.8780487804878049, "P1": 0.712707182320442, "P2": 0.6853932584269663, "P3": 0.22535211267605634}, "skipped_nodes": 0, "model_name": "MaxIbdSumPerClassSize"}