{"f1_macro": 0.37339251405892826, "f1_weighted": 0.42345374618298026, "accuracy": 0.4372093023255814, "class_scores": {"P0": 0.34532374100719426, "P1": 0.5526315789473685, "P2": 0.2222222222222222}, "skipped_nodes": 0, "model_name": "GL_TAGConv_3l_512h_w_k3_gnorm"}