{"f1_macro": 0.9017816795777321, "f1_weighted": 0.9065571692764675, "precision_macro": 0.8994854925775979, "precision_weighted": 0.9143044165311373, "recall_macro": 0.9162423935091277, "recall_weighted": 0.905982905982906, "accuracy": 0.905982905982906, "class_scores": {"Chechens": 0.9473684210526315, "Kabardians, Circassians, Adyghes": 0.8727272727272727, "Karachays, Balkars": 0.8333333333333334, "Ingush": 0.9473684210526315, "Dagestan peoples": 0.9583333333333334, "Ossetians": 0.9090909090909091, "Kumyks": 0.8571428571428571, "Nogais": 0.8888888888888888}, "skipped_nodes": 1, "memory_allocated_MB": 97.83349609375, "memory_reserved_MB": 460.0, "model_name": "GL_GATConv_3l_512h"}