{"f1_macro": 0.4576262380913826, "f1_weighted": 0.6048129035526791, "precision_macro": 0.49629945799458, "precision_weighted": 0.7832527308095167, "recall_macro": 0.5014197771708502, "recall_weighted": 0.5613496932515337, "accuracy": 0.5613496932515337, "class_scores": {"P0": 0.7222222222222222, "P1": 0.664804469273743, "P2": 0.4434782608695652, "P3": 0.0}, "skipped_nodes": 0, "model_name": "LongestIbd"}