{"f1_macro": 0.7129784688995215, "f1_weighted": 0.8344224796440863, "precision_macro": 0.7763070263070263, "precision_weighted": 0.8791427870375239, "recall_macro": 0.7174808429118774, "recall_weighted": 0.8333333333333334, "accuracy": 0.8333333333333334, "class_scores": {"Chechens": 0.85, "Kabardians, Circassians, Adyghes": 0.9090909090909091, "Karachays, Balkars": 0.8947368421052632, "Ingush": 0.8, "Dagestan peoples": 0.75, "Ossetians": 1.0, "Kumyks": 0.0, "Nogais": 0.5}, "skipped_nodes": 4, "memory_allocated_MB": 17.23291015625, "memory_reserved_MB": 74.0, "model_name": "GL_SAGEConv_3l_128h"}