{"f1_macro": 0.4029200467353172, "f1_weighted": 0.48619636582057385, "precision_macro": 0.4078854597759608, "precision_weighted": 0.5053877325220097, "recall_macro": 0.4079742609262018, "recall_weighted": 0.4746008708272859, "accuracy": 0.4746008708272859, "class_scores": {"Northen Russians": 0.6242774566473989, "Ukranians": 0.19318181818181818, "Belarusians": 0.27385892116182575, "Southern Russians": 0.5203619909502263}, "skipped_nodes": 121, "memory_allocated_MB": 37.34716796875, "memory_reserved_MB": 180.0, "model_name": "GL_TAGConv_3l_512h_w_k3_gnorm_leaky_relu"}