{"f1_macro": 0.9226770877842663, "f1_weighted": 0.9213208407902587, "accuracy": 0.9217391304347826, "class_scores": {"Chechens": 0.9142857142857143, "Kabardians, Circassians, Adyghes": 0.9152542372881356, "Karachays, Balkars": 0.8823529411764706, "Ingush": 0.9, "Dagestan peoples": 0.96, "Ossetians": 0.9523809523809523, "Kumyks": 1.0, "Nogais": 0.8571428571428571}, "skipped_nodes": 3, "model_name": "GL_SAGEConv_9l_512h"}