{"f1_macro": 0.41115027829313544, "f1_weighted": 0.5340380171207239, "accuracy": 0.6228070175438597, "class_scores": {"Chechens": 0.6938775510204082, "Kabardians, Circassians, Adyghes": 0.6753246753246753, "Karachays, Balkars": 0.0, "Ingush": 0.0, "Dagestan peoples": 0.92, "Ossetians": 0.5, "Kumyks": 0.0, "Nogais": 0.5}, "skipped_nodes": 4, "model_name": "GL_GATConv_9l_128h"}