{"f1_macro": 0.4989845851522594, "f1_weighted": 0.5505361103091903, "precision_macro": 0.5139442897567781, "precision_weighted": 0.5500038863194623, "recall_macro": 0.4940837128337128, "recall_weighted": 0.5608465608465608, "accuracy": 0.5608465608465608, "class_scores": {"Northen Russians": 0.6753670473083198, "Ukranians": 0.3448275862068966, "Belarusians": 0.4105263157894737, "Southern Russians": 0.5652173913043478}, "skipped_nodes": 101, "model_name": "MaxSegmentCount"}