{"f1_macro": 0.4806012396345022, "f1_weighted": 0.5270947385002422, "precision_macro": 0.4817561048795017, "precision_weighted": 0.5264216930885363, "recall_macro": 0.4799382935970087, "recall_weighted": 0.5281531531531531, "accuracy": 0.5281531531531531, "class_scores": {"Ukranians": 0.35587188612099646, "Southern Russians": 0.5515055467511886, "Northen Russians": 0.6513911620294599, "Belarusians": 0.36363636363636365}, "skipped_nodes": 27, "memory_allocated_MB": 18.2744140625, "memory_reserved_MB": 58.0, "model_name": "GL_TAGConv_3l_128h_w_k3"}