{"f1_macro": 0.5067194517230976, "f1_weighted": 0.5592160327980723, "precision_macro": 0.5052940267536012, "precision_weighted": 0.5656665168491745, "recall_macro": 0.5182351067778078, "recall_weighted": 0.5626666666666666, "accuracy": 0.5626666666666666, "class_scores": {"Northen Russians": 0.7046632124352331, "Ukranians": 0.3055555555555556, "Belarusians": 0.4608695652173913, "Southern Russians": 0.5557894736842105}, "skipped_nodes": 107, "memory_allocated_MB": 21.16162109375, "memory_reserved_MB": 80.0, "model_name": "GL_SAGEConv_9l_128h"}