{"f1_macro": 0.8760554166767089, "f1_weighted": 0.9379509928260843, "precision_macro": 0.9268457876324995, "precision_weighted": 0.9395291156213603, "recall_macro": 0.8384245861256789, "recall_weighted": 0.9410801963993454, "accuracy": 0.9410801963993454, "class_scores": {"English": 0.9718785151856018, "Germans": 0.8493150684931506, "French": 0.7428571428571429, "Belgium": 0.9401709401709402}, "skipped_nodes": 158, "memory_allocated_MB": 16.79052734375, "memory_reserved_MB": 38.0, "model_name": "GL_GCNConv_3l_128h_w"}