{"f1_macro": 0.7320138555386391, "f1_weighted": 0.9041190808535008, "precision_macro": 0.8001881249355737, "precision_weighted": 0.9162130208573779, "recall_macro": 0.7359268652187108, "recall_weighted": 0.9079754601226994, "accuracy": 0.9079754601226994, "class_scores": {"Udmurts,Besermyan": 0.9714285714285714, "Tatars,Volga-Tatars,Mishar-Tatars,Kryashens": 0.9490022172949002, "Chuvash": 0.8258064516129032, "Mari": 0.18181818181818182}, "skipped_nodes": 0, "model_name": "MaxSegmentCount"}