{"f1_macro": 0.9723842607764741, "f1_weighted": 0.9765760959118504, "accuracy": 0.9766355140186916, "class_scores": {"Swedes": 0.9726027397260274, "Norwegians": 0.9856459330143541, "Danes": 0.958904109589041}, "skipped_nodes": 1, "model_name": "GL_SAGEConv_3l_512h"}