{"f1_macro": 0.5510488407053636, "f1_weighted": 0.6106867602854039, "precision_macro": 0.5515315532660072, "precision_weighted": 0.6078154621914464, "recall_macro": 0.5524975918647158, "recall_weighted": 0.6148148148148148, "accuracy": 0.6148148148148148, "class_scores": {"Ukranians": 0.319634703196347, "Southern Russians": 0.6342342342342342, "Northen Russians": 0.7563025210084033, "Belarusians": 0.4940239043824701}, "skipped_nodes": 73, "memory_allocated_MB": 21.90087890625, "memory_reserved_MB": 72.0, "model_name": "GL_MLP_3l_512h"}