{"f1_macro": 0.8278751637091087, "f1_weighted": 0.8933631556962028, "precision_macro": 0.802909550917141, "precision_weighted": 0.9132277272674358, "recall_macro": 0.8684430138292799, "recall_weighted": 0.8895705521472392, "accuracy": 0.8895705521472392, "class_scores": {"Udmurts,Besermyan": 0.8947368421052632, "Tatars,Volga-Tatars,Mishar-Tatars,Kryashens": 0.919908466819222, "Chuvash": 0.8301886792452831, "Mari": 0.6666666666666666}, "skipped_nodes": 0, "model_name": "LongestIbd"}