{"f1_macro": 0.6880677084862807, "f1_weighted": 0.911837428085295, "accuracy": 0.9260450160771704, "class_scores": {"Udmurts,Besermyan": 0.9090909090909091, "Tatars,Volga-Tatars,Mishar-Tatars,Kryashens": 0.9576837416481069, "Chuvash": 0.8854961832061069, "Mari": 0.0}, "skipped_nodes": 15, "model_name": "GL_TAGConv_3l_512h_w_k3_gnorm"}