{"f1_macro": 0.2423897199036183, "f1_weighted": 0.2792419136057192, "accuracy": 0.2951388888888889, "class_scores": {"krasnodar": 0.31683168316831684, "yaroslavl": 0.11764705882352941, "ryazan": 0.4114583333333333, "kaluga": 0.06504065040650407, "vologda": 0.30097087378640774}, "skipped_nodes": 0, "model_name": "GL_TAGConv_3l_512h_w_k3"}