{"f1_macro": 0.927818212532258, "f1_weighted": 0.9553482846222393, "accuracy": 0.9565217391304348, "class_scores": {"English": 0.9764957264957265, "Germans": 0.9396551724137931, "French": 0.8617886178861789, "Belgium": 0.9333333333333333}, "skipped_nodes": 56, "model_name": "GL_TAGConv_3l_128h_w_k3"}