{"f1_macro": 0.6279179244472085, "f1_weighted": 0.8486354162471506, "precision_macro": 0.7198039060019054, "precision_weighted": 0.8489024356837254, "recall_macro": 0.5842617805007185, "recall_weighted": 0.8562300319488818, "accuracy": 0.8562300319488818, "class_scores": {"P0": 0.7, "P1": 0.9154013015184381, "P2": 0.7424242424242424, "P3": 0.15384615384615385}, "skipped_nodes": 10, "memory_allocated_MB": 40.8955078125, "memory_reserved_MB": 194.0, "f1_macro_score_only_mask_connect": -100.0, "f1_macro_score_only_not_mask_connect": -100.0, "f1_macro_score_mixed_connect": -100.0, "only_mask_connect_sum": -100.0, "only_not_mask_connect_sum": -100.0, "mixed_connect_sum": -100.0, "model_name": "GL_TAGConv_3l_512h_w_k3_gnorm"}