{"f1_macro": 0.11133603238866396, "f1_weighted": 0.12757253711201078, "accuracy": 0.2864583333333333, "class_scores": {"krasnodar": 0.44534412955465585, "vologda-yaroslavl": 0.0, "ryazan": 0.0, "kaluga": 0.0}, "skipped_nodes": 0, "model_name": "GL_GATConv_9l_512h"}