{"f1_macro": 0.9111009361009361, "f1_weighted": 0.9799819471598614, "precision_macro": 0.9833795868023435, "precision_weighted": 0.9821807801229264, "recall_macro": 0.8712121212121211, "recall_weighted": 0.9815950920245399, "accuracy": 0.9815950920245399, "class_scores": {"P0": 0.9714285714285714, "P1": 0.9957264957264957, "P2": 0.9629629629629629, "P3": 0.7142857142857143}, "skipped_nodes": 0, "memory_allocated_MB": 36.6591796875, "memory_reserved_MB": 190.0, "model_name": "GL_TAGConv_3l_512h_w_k3_gnorm"}