{"f1_macro": 0.8997292183587686, "f1_weighted": 0.9801912285431945, "precision_macro": 0.9427722036417688, "precision_weighted": 0.9806079341955575, "recall_macro": 0.8712121212121211, "recall_weighted": 0.9815950920245399, "accuracy": 0.9815950920245399, "class_scores": {"P0": 0.9714285714285714, "P1": 0.9978586723768736, "P2": 0.9629629629629629, "P3": 0.6666666666666666}, "skipped_nodes": 0, "memory_allocated_MB": 41.89990234375, "memory_reserved_MB": 190.0, "model_name": "GL_TAGConv_3l_512h_w_k3_gnorm"}