{"f1_macro": 0.7519906531516438, "f1_weighted": 0.849330974198188, "accuracy": 0.8256880733944955, "class_scores": {"Chechens": 0.8648648648648649, "Kabardians, Circassians, Adyghes": 0.8727272727272727, "Karachays, Balkars": 0.8235294117647058, "Ingush": 0.8421052631578947, "Dagestan peoples": 0.8571428571428571, "Ossetians": 0.8888888888888888, "Kumyks": 0.6666666666666666, "Nogais": 0.2}, "skipped_nodes": 9, "model_name": "GL_TAGConv_3l_512h_w_k3_gnorm"}