{"f1_macro": 0.6596129293974107, "f1_weighted": 0.7116328136021385, "precision_macro": 0.6757840466299585, "precision_weighted": 0.7103610789957606, "recall_macro": 0.6521572447628884, "recall_weighted": 0.7189189189189189, "accuracy": 0.7189189189189189, "class_scores": {"Southern Russians": 0.7687687687687688, "Ukranians": 0.5245901639344263, "Northen Russians": 0.8320493066255779, "Belarusians": 0.5130434782608696}, "skipped_nodes": 0, "memory_allocated_MB": 79.03125, "memory_reserved_MB": 16950.0, "model_name": "GL_TAGConv_3l_512h_w_k3_gnorm"}