{"f1_macro": 0.6028478365381909, "f1_weighted": 0.6595632049629634, "precision_macro": 0.6054435442307295, "precision_weighted": 0.8660719197950177, "recall_macro": 0.8468754064247627, "recall_weighted": 0.6165644171779141, "accuracy": 0.6165644171779141, "class_scores": {"P0": 0.8780487804878049, "P1": 0.6609195402298851, "P2": 0.6555555555555556, "P3": 0.21686746987951808}, "skipped_nodes": 0, "model_name": "MaxEdgeCountPerClassSize"}