{"f1_macro": 0.36555409738306616, "f1_weighted": 0.46555476378649524, "precision_macro": 0.4061284092475832, "precision_weighted": 0.4658904199688271, "recall_macro": 0.4058406524904149, "recall_weighted": 0.5341278439869989, "accuracy": 0.5341278439869989, "class_scores": {"Southern Russians": 0.5748502994011976, "Ukranians": 0.20408163265306123, "Northen Russians": 0.6832844574780058, "Belarusians": 0.0}, "skipped_nodes": 2, "memory_allocated_MB": 28.76025390625, "memory_reserved_MB": 108.0, "f1_macro_score_only_mask_connect": 0.42841880341880345, "f1_macro_score_only_not_mask_connect": 0.4024019458802067, "f1_macro_score_mixed_connect": 0.3420525558962033, "only_mask_connect_sum": 14.0, "only_not_mask_connect_sum": 39.0, "mixed_connect_sum": 870.0, "model_name": "GL_TAGConv_9l_128h_w_k3"}