{"f1_macro": 0.9134957725811992, "f1_weighted": 0.9594950867201618, "accuracy": 0.9603024574669187, "class_scores": {"English": 0.9801488833746899, "Germans": 0.8910891089108911, "French": 0.8627450980392157, "Belgium": 0.92}, "skipped_nodes": 240, "model_name": "GL_TAGConv_3l_512h_w_k3"}