{"f1_macro": 0.7324450011598205, "f1_weighted": 0.8289711672977268, "accuracy": 0.8460431654676259, "class_scores": {"English": 0.909452736318408, "Germans": 0.6597938144329897, "French": 0.5569620253164557, "Belgium": 0.8035714285714286}, "skipped_nodes": 74, "model_name": "GL_SAGEConv_3l_128h"}