{"f1_macro": 0.9807962595414801, "f1_weighted": 0.9861431183537551, "precision_macro": 0.9736842105263158, "precision_weighted": 0.9870274277242401, "recall_macro": 0.9890830636461705, "recall_weighted": 0.9859154929577465, "accuracy": 0.9859154929577465, "class_scores": {"Swedes": 0.9932885906040269, "Norwegians": 0.9901960784313726, "Danes": 0.958904109589041}, "skipped_nodes": 2, "memory_allocated_MB": 18.88623046875, "memory_reserved_MB": 34.0, "model_name": "GL_MLP_9l_128h"}