{"f1_macro": 0.4019618006376479, "f1_weighted": 0.5187758847637759, "precision_macro": 0.40041347799070304, "precision_weighted": 0.48969863041747147, "recall_macro": 0.42396848756830174, "recall_weighted": 0.5665680473372781, "accuracy": 0.5665680473372781, "class_scores": {"Northen Russians": 0.6998223801065719, "Ukranians": 0.0, "Belarusians": 0.32679738562091504, "Southern Russians": 0.5812274368231047}, "skipped_nodes": 134, "memory_allocated_MB": 21.67578125, "memory_reserved_MB": 80.0, "model_name": "GL_GINConv_9l_128h"}