{"f1_macro": 0.7696085858585859, "f1_weighted": 0.8678748266983561, "accuracy": 0.8725490196078431, "class_scores": {"Chechens": 0.85, "Kabardians, Circassians, Adyghes": 0.92, "Karachays, Balkars": 0.9090909090909091, "Ingush": 0.8, "Dagestan peoples": 0.9, "Ossetians": 0.7777777777777778, "Kumyks": 0.0, "Nogais": 1.0}, "skipped_nodes": 16, "model_name": "GL_SAGEConv_9l_512h"}