{"f1_macro": 0.9769209035622808, "f1_weighted": 0.9811659913181913, "precision_macro": 0.9875389408099688, "precision_weighted": 0.9820071621975718, "recall_macro": 0.9677777777777777, "recall_weighted": 0.9813084112149533, "accuracy": 0.9813084112149533, "class_scores": {"Swedes": 0.9932885906040269, "Norwegians": 0.9809523809523809, "Danes": 0.9565217391304348}, "skipped_nodes": 1, "memory_allocated_MB": 88.294921875, "memory_reserved_MB": 176.0, "f1_macro_score_only_mask_connect": -100.0, "f1_macro_score_only_not_mask_connect": -100.0, "f1_macro_score_mixed_connect": -100.0, "only_mask_connect_sum": -100.0, "only_not_mask_connect_sum": -100.0, "mixed_connect_sum": -100.0, "model_name": "GL_SAGEConv_9l_512h_de"}