{"f1_macro": 0.9324961008094522, "f1_weighted": 0.9557530318389599, "accuracy": 0.9569444444444445, "class_scores": {"English": 0.9764453961456103, "Germans": 0.925, "French": 0.864, "Belgium": 0.9645390070921985}, "skipped_nodes": 49, "model_name": "GL_SAGEConv_3l_512h"}