{"f1_macro": 0.733145694175106, "f1_weighted": 0.8277083243553832, "precision_macro": 0.7854259227614491, "precision_weighted": 0.8751620528594212, "recall_macro": 0.8011757601591362, "recall_weighted": 0.81, "accuracy": 0.81, "class_scores": {"Chechens": 0.8717948717948718, "Kabardians, Circassians, Adyghes": 0.8571428571428571, "Karachays, Balkars": 0.8571428571428571, "Ingush": 0.6666666666666666, "Dagestan peoples": 0.8235294117647058, "Ossetians": 0.9, "Kumyks": 0.6666666666666666, "Nogais": 0.2222222222222222}, "skipped_nodes": 18, "memory_allocated_MB": 98.6171875, "memory_reserved_MB": 190.0, "model_name": "GL_GATConv_3l_512h"}