{"f1_macro": 0.9549491522645885, "f1_weighted": 0.9620317865410938, "precision_macro": 0.9660512185384058, "precision_weighted": 0.9628019403696164, "recall_macro": 0.9454229329272161, "recall_weighted": 0.9622641509433962, "accuracy": 0.9622641509433962, "class_scores": {"Swedes": 0.9798657718120806, "Norwegians": 0.9619047619047619, "Danes": 0.9230769230769231}, "skipped_nodes": 3, "memory_allocated_MB": 17.8525390625, "memory_reserved_MB": 48.0, "model_name": "GL_TAGConv_3l_128h_w_k3"}