{"f1_macro": 0.8497162378490222, "f1_weighted": 0.918124230902608, "precision_macro": 0.9009599771603947, "precision_weighted": 0.9225829387871903, "recall_macro": 0.8250416434223874, "recall_weighted": 0.9239598278335724, "accuracy": 0.9239598278335724, "class_scores": {"English": 0.967948717948718, "Germans": 0.868421052631579, "French": 0.6464646464646465, "Belgium": 0.916030534351145}, "skipped_nodes": 72, "memory_allocated_MB": 17.8818359375, "memory_reserved_MB": 72.0, "model_name": "GL_GINConv_3l_128h"}