{"f1_macro": 0.974954807238109, "f1_weighted": 0.9794390064583093, "accuracy": 0.9796195652173914, "class_scores": {"P0": 0.9870689655172413, "P1": 0.9538461538461539, "P2": 0.958904109589041, "P3": 1.0}, "skipped_nodes": 26, "model_name": "GL_SAGEConv_3l_512h"}