{"f1_macro": 0.9177640727709374, "f1_weighted": 0.9232305386003193, "precision_macro": 0.9375337779093647, "precision_weighted": 0.9260655628335391, "recall_macro": 0.9021804642099037, "recall_weighted": 0.9234449760765551, "accuracy": 0.9234449760765551, "class_scores": {"Swedes": 0.9315068493150684, "Norwegians": 0.9252336448598131, "Danes": 0.896551724137931}, "skipped_nodes": 6, "memory_allocated_MB": 18.478515625, "memory_reserved_MB": 38.0, "model_name": "GL_GCNConv_9l_128h_w"}