{"f1_macro": 0.2366326530612245, "f1_weighted": 0.32475452653946607, "precision_macro": 0.20473463621929577, "precision_weighted": 0.2810641749766558, "recall_macro": 0.31543495188276166, "recall_weighted": 0.43275488069414314, "accuracy": 0.43275488069414314, "class_scores": {"Southern Russians": 0.32, "Ukranians": 0.0, "Northen Russians": 0.6265306122448979, "Belarusians": 0.0}, "skipped_nodes": 3, "memory_allocated_MB": 51.4521484375, "memory_reserved_MB": 336.0, "model_name": "GL_GCNConv_9l_512h_w"}