{"f1_macro": 0.8858448903225022, "f1_weighted": 0.9757341296394496, "precision_macro": 0.9823292802751167, "precision_weighted": 0.9791780633027565, "recall_macro": 0.8434343434343434, "recall_weighted": 0.9785276073619632, "accuracy": 0.9785276073619632, "class_scores": {"P0": 0.9714285714285714, "P1": 0.9936034115138592, "P2": 0.9629629629629629, "P3": 0.6153846153846154}, "skipped_nodes": 0, "memory_allocated_MB": 42.11669921875, "memory_reserved_MB": 216.0, "model_name": "GL_TAGConv_3l_512h_w_k3_gnorm"}