{"f1_macro": 0.8442303448187372, "f1_weighted": 0.9214279460895408, "precision_macro": 0.9122297168808796, "precision_weighted": 0.929300180490331, "recall_macro": 0.8186988419293354, "recall_weighted": 0.9279411764705883, "accuracy": 0.9279411764705883, "class_scores": {"English": 0.9751351351351352, "Germans": 0.8333333333333334, "French": 0.6341463414634146, "Belgium": 0.9343065693430657}, "skipped_nodes": 89, "memory_allocated_MB": 18.91943359375, "memory_reserved_MB": 64.0, "f1_macro_score_only_mask_connect": 0.6848955178679588, "f1_macro_score_only_not_mask_connect": 0.8771810086465259, "f1_macro_score_mixed_connect": 0.9403711077227694, "only_mask_connect_sum": 145.0, "only_not_mask_connect_sum": 74.0, "mixed_connect_sum": 461.0, "model_name": "GL_GCNConv_9l_128h_w"}