{"f1_macro": 0.40292324975500154, "f1_weighted": 0.7084780827022079, "precision_macro": 0.6139334262809342, "precision_weighted": 0.7451619490769748, "recall_macro": 0.3686868686868687, "recall_weighted": 0.7699386503067485, "accuracy": 0.7699386503067485, "class_scores": {"P0": 0.43478260869565216, "P1": 0.8710280373831776, "P2": 0.3058823529411765, "P3": 0.0}, "skipped_nodes": 0, "model_name": "MaxSegmentCount"}