{"f1_macro": 0.8529766161327231, "f1_weighted": 0.9203786383886624, "precision_macro": 0.8557499012685252, "precision_weighted": 0.9211397263834464, "recall_macro": 0.8533423424764045, "recall_weighted": 0.9210950080515298, "accuracy": 0.9210950080515298, "class_scores": {"English": 0.9633867276887872, "Germans": 0.8, "French": 0.7578947368421053, "Belgium": 0.890625}, "skipped_nodes": 148, "memory_allocated_MB": 17.24951171875, "memory_reserved_MB": 72.0, "model_name": "GL_SAGEConv_3l_128h"}