{"f1_macro": 0.5970679947047638, "f1_weighted": 0.6834987092102913, "accuracy": 0.6411042944785276, "class_scores": {"P0": 0.8372093023255814, "P1": 0.6983240223463687, "P2": 0.6555555555555556, "P3": 0.19718309859154928}, "skipped_nodes": 0, "model_name": "MaxIbdSumPerClassSize"}