{"f1_macro": 0.945066153612488, "f1_weighted": 0.9650485643233115, "precision_macro": 0.9611421268107476, "precision_weighted": 0.9663267998411494, "recall_macro": 0.9333916083916084, "recall_weighted": 0.9659863945578231, "accuracy": 0.9659863945578231, "class_scores": {"P0": 0.983957219251337, "P1": 0.9444444444444444, "P2": 0.8873239436619719, "P3": 0.9645390070921985}, "skipped_nodes": 27, "memory_allocated_MB": 19.13525390625, "memory_reserved_MB": 70.0, "model_name": "GL_GCNConv_9l_128h_w"}