{"f1_macro": 0.9227429222674769, "f1_weighted": 0.9840254263526532, "precision_macro": 0.9400984077841663, "precision_weighted": 0.9842182594704011, "recall_macro": 0.9118058265053973, "recall_weighted": 0.9846625766871165, "accuracy": 0.9846625766871165, "class_scores": {"Udmurts,Besermyan": 0.972972972972973, "Tatars,Volga-Tatars,Mishar-Tatars,Kryashens": 0.9978494623655914, "Chuvash": 0.9701492537313433, "Mari": 0.75}, "skipped_nodes": 0, "memory_allocated_MB": 22.232421875, "memory_reserved_MB": 286.0, "model_name": "GL_GCNConv_9l_128h_w"}