{"f1_macro": 0.5142868109503415, "f1_weighted": 0.7471082875981199, "precision_macro": 0.600505296868538, "precision_weighted": 0.7430387683913386, "recall_macro": 0.5192769613176844, "recall_weighted": 0.7933884297520661, "accuracy": 0.7933884297520661, "class_scores": {"English": 0.933605720122574, "Germans": 0.6129032258064516, "French": 0.5106382978723404, "Belgium": 0.0}, "skipped_nodes": 43, "memory_allocated_MB": 98.1640625, "memory_reserved_MB": 1210.0, "f1_macro_score_only_mask_connect": 0.4072886989553656, "f1_macro_score_only_not_mask_connect": 0.6722222222222223, "f1_macro_score_mixed_connect": 0.5766525557868079, "only_mask_connect_sum": 191.0, "only_not_mask_connect_sum": 26.0, "mixed_connect_sum": 509.0, "model_name": "GL_GATConv_3l_512h"}