{"f1_macro": 0.7344898479004438, "f1_weighted": 0.8361557760842763, "precision_macro": 0.8567346407948812, "precision_weighted": 0.8983995849367393, "recall_macro": 0.7280138978668391, "recall_weighted": 0.8259587020648967, "accuracy": 0.8259587020648967, "class_scores": {"English": 0.9166666666666666, "Germans": 0.6357615894039735, "French": 0.5641025641025641, "Belgium": 0.8214285714285714}, "skipped_nodes": 91, "memory_allocated_MB": 51.96142578125, "memory_reserved_MB": 124.0, "model_name": "GL_MLP_9l_512h"}