{"f1_macro": 0.3228036151869089, "f1_weighted": 0.3333737974209222, "accuracy": 0.3333333333333333, "class_scores": {"krasnodar": 0.29936305732484075, "vologda-yaroslavl": 0.4014336917562724, "ryazan": 0.3646112600536193, "kaluga": 0.22580645161290322}, "skipped_nodes": 0, "model_name": "GL_GINConv_3l_128h"}