{"f1_macro": 0.5167093154097258, "f1_weighted": 0.6960584632728379, "precision_macro": 0.5580357142857143, "precision_weighted": 0.7249557558546323, "recall_macro": 0.5326441102756893, "recall_weighted": 0.7303370786516854, "accuracy": 0.7303370786516854, "class_scores": {"Chechens": 0.717948717948718, "Kabardians, Circassians, Adyghes": 0.9142857142857143, "Karachays, Balkars": 0.7906976744186046, "Ingush": 0.5882352941176471, "Dagestan peoples": 0.8148148148148148, "Ossetians": 0.3076923076923077, "Kumyks": 0.0, "Nogais": 0.0}, "skipped_nodes": 29, "memory_allocated_MB": 37.15283203125, "memory_reserved_MB": 76.0, "f1_macro_score_only_mask_connect": NaN, "f1_macro_score_only_not_mask_connect": 0.5167093154097258, "f1_macro_score_mixed_connect": NaN, "only_mask_connect_sum": 0.0, "only_not_mask_connect_sum": 89.0, "mixed_connect_sum": 0.0, "model_name": "GL_GATConv_9l_128h"}