{"f1_macro": 0.7176333589205637, "f1_weighted": 0.7954175407175725, "precision_macro": 0.6952084418968213, "precision_weighted": 0.9042986026080814, "recall_macro": 0.9173819742489271, "recall_weighted": 0.7638036809815951, "accuracy": 0.7638036809815951, "class_scores": {"P0": 0.972972972972973, "P1": 0.8020565552699229, "P2": 0.7904191616766467, "P3": 0.3050847457627119}, "skipped_nodes": 0, "model_name": "MaxIbdSumPerClassSize"}