{"f1_macro": 0.8610256733581481, "f1_weighted": 0.918033958273811, "precision_macro": 0.8803299571586178, "precision_weighted": 0.9206670093079391, "recall_macro": 0.8496584979507951, "recall_weighted": 0.9209770114942529, "accuracy": 0.9209770114942529, "class_scores": {"English": 0.966702470461869, "Germans": 0.8217821782178217, "French": 0.7213114754098361, "Belgium": 0.9343065693430657}, "skipped_nodes": 73, "memory_allocated_MB": 52.1337890625, "memory_reserved_MB": 218.0, "model_name": "GL_GCNConv_9l_512h_w"}