{"f1_macro": 0.47809734765710765, "f1_weighted": 0.5165989322247456, "accuracy": 0.5434027777777778, "class_scores": {"krasnodar": 0.5911602209944752, "vologda-yaroslavl": 0.5735294117647058, "ryazan": 0.576271186440678, "kaluga": 0.17142857142857143}, "skipped_nodes": 0, "model_name": "GL_TAGConv_3l_512h_w_k3_gnorm"}