{"f1_macro": 0.9690476190476189, "f1_weighted": 0.965819209039548, "precision_macro": 0.9645622895622895, "precision_weighted": 0.9667151743422929, "recall_macro": 0.9745689655172414, "recall_weighted": 0.9661016949152542, "accuracy": 0.9661016949152542, "class_scores": {"P0": 1.0, "P1": 0.9285714285714286, "P2": 0.9714285714285714, "P3": 0.9523809523809523, "P4": 1.0, "P5": 0.9, "P6": 1.0, "P7": 1.0}, "skipped_nodes": 0, "memory_allocated_MB": 26.59716796875, "memory_reserved_MB": 58.0, "model_name": "GL_SAGEConv_3l_512h"}