{"f1_macro": 0.7532984655049234, "f1_weighted": 0.7446353804344292, "accuracy": 0.7441860465116279, "class_scores": {"Swedes": 0.6802721088435374, "Norwegians": 0.7671232876712328, "Danes": 0.8125}, "skipped_nodes": 0, "model_name": "LongestIbd"}