{"f1_macro": 0.9554430833728018, "f1_weighted": 0.9652226431647076, "precision_macro": 0.9780258313365672, "precision_weighted": 0.9674808037342966, "recall_macro": 0.9375579359357297, "recall_weighted": 0.9659400544959128, "accuracy": 0.9659400544959128, "class_scores": {"P0": 0.9766454352441614, "P1": 0.9402390438247012, "P2": 0.9264705882352942, "P3": 0.9784172661870504}, "skipped_nodes": 28, "model_name": "RelationalNeighborClassifier"}