{"f1_macro": 0.0046875, "f1_weighted": 0.0134010736196319, "precision_macro": 0.008620689655172414, "precision_weighted": 0.0246456526338058, "recall_macro": 0.003218884120171674, "recall_weighted": 0.009202453987730062, "accuracy": 0.009202453987730062, "class_scores": {"P0": 0.0, "P1": 0.01875, "P2": 0.0, "P3": 0.0}, "skipped_nodes": 0, "model_name": "MaxIbdSum"}