{"f1_macro": 0.9257364781661458, "f1_weighted": 0.9248506097683, "precision_macro": 0.9273753167171921, "precision_weighted": 0.9252196872226894, "recall_macro": 0.9245245800585606, "recall_weighted": 0.9248826291079812, "accuracy": 0.9248826291079812, "class_scores": {"Swedes": 0.9281045751633987, "Norwegians": 0.9215686274509803, "Danes": 0.927536231884058}, "skipped_nodes": 2, "memory_allocated_MB": 21.58056640625, "memory_reserved_MB": 124.0, "model_name": "GL_GATConv_3l_128h"}