{"f1_macro": 0.9518922672784562, "f1_weighted": 0.9817026975704499, "accuracy": 0.9815950920245399, "class_scores": {"Udmurts,Besermyan": 0.9411764705882353, "Tatars,Volga-Tatars,Mishar-Tatars,Kryashens": 0.9892933618843683, "Chuvash": 0.9770992366412213, "Mari": 0.9}, "skipped_nodes": 0, "model_name": "GL_TAGConv_3l_512h_w_k3_gnorm"}