{"f1_macro": 0.8603807471264368, "f1_weighted": 0.961221440660038, "precision_macro": 0.8431964573268921, "precision_weighted": 0.9794463708840877, "recall_macro": 0.9486116530107946, "recall_weighted": 0.9539877300613497, "accuracy": 0.9539877300613497, "class_scores": {"Udmurts,Besermyan": 1.0, "Tatars,Volga-Tatars,Mishar-Tatars,Kryashens": 0.9956896551724138, "Chuvash": 0.8833333333333333, "Mari": 0.5625}, "skipped_nodes": 0, "memory_allocated_MB": 21.904296875, "memory_reserved_MB": 82.0, "model_name": "GL_SAGEConv_9l_128h"}