{"f1_macro": 0.31976577358112845, "f1_weighted": 0.43804261868724176, "precision_macro": 0.2750685169878627, "precision_weighted": 0.3767705204604322, "recall_macro": 0.3886315537275885, "recall_weighted": 0.5324675324675324, "accuracy": 0.5324675324675324, "class_scores": {"Southern Russians": 0.5674418604651162, "Ukranians": 0.0, "Northen Russians": 0.7116212338593975, "Belarusians": 0.0}, "skipped_nodes": 1, "memory_allocated_MB": 21.427734375, "memory_reserved_MB": 1148.0, "model_name": "GL_GATConv_3l_128h"}