{"f1_macro": 0.6669276111528621, "f1_weighted": 0.8165736546477073, "precision_macro": 0.6918894830659537, "precision_weighted": 0.8611097483196782, "recall_macro": 0.6535714285714286, "recall_weighted": 0.7889908256880734, "accuracy": 0.7889908256880734, "class_scores": {"Chechens": 0.6666666666666666, "Kabardians, Circassians, Adyghes": 0.9629629629629629, "Karachays, Balkars": 0.8888888888888888, "Ingush": 0.7619047619047619, "Dagestan peoples": 0.7804878048780488, "Ossetians": 0.9411764705882353, "Kumyks": 0.0, "Nogais": 0.3333333333333333}, "skipped_nodes": 9, "memory_allocated_MB": 338.96533203125, "memory_reserved_MB": 804.0, "model_name": "GL_GATConv_9l_512h"}