{"f1_macro": 0.8840669724466097, "f1_weighted": 0.9430312152008655, "precision_macro": 0.9403923781543716, "precision_weighted": 0.9461246089613462, "recall_macro": 0.8479834241782926, "recall_weighted": 0.9459901800327333, "accuracy": 0.9459901800327333, "class_scores": {"English": 0.9740112994350283, "Germans": 0.8758169934640523, "French": 0.746268656716418, "Belgium": 0.9401709401709402}, "skipped_nodes": 158, "memory_allocated_MB": 17.60205078125, "memory_reserved_MB": 40.0, "model_name": "GL_TAGConv_3l_128h_w_k3"}