{"f1_macro": 0.9673601147776184, "f1_weighted": 0.967575137447681, "precision_macro": 0.9720965309200603, "precision_weighted": 0.9682451155775369, "recall_macro": 0.9633843552290154, "recall_weighted": 0.9674418604651163, "accuracy": 0.9674418604651163, "class_scores": {"Swedes": 0.954248366013072, "Norwegians": 0.975609756097561, "Danes": 0.9722222222222222}, "skipped_nodes": 0, "memory_allocated_MB": 19.98681640625, "memory_reserved_MB": 86.0, "f1_macro_score_only_mask_connect": -100.0, "f1_macro_score_only_not_mask_connect": -100.0, "f1_macro_score_mixed_connect": -100.0, "only_mask_connect_sum": -100.0, "only_not_mask_connect_sum": -100.0, "mixed_connect_sum": -100.0, "model_name": "GL_GINConv_3l_128h"}