{"f1_macro": 0.9029620678200683, "f1_weighted": 0.9265376838847386, "precision_macro": 0.9450326045262755, "precision_weighted": 0.9338809244700644, "recall_macro": 0.8803703703703704, "recall_weighted": 0.9299065420560748, "accuracy": 0.9299065420560748, "class_scores": {"Swedes": 0.922077922077922, "Norwegians": 0.9671361502347418, "Danes": 0.819672131147541}, "skipped_nodes": 1, "memory_allocated_MB": 339.47607421875, "memory_reserved_MB": 1058.0, "f1_macro_score_only_mask_connect": 0.7746031746031746, "f1_macro_score_only_not_mask_connect": 0.6626984126984127, "f1_macro_score_mixed_connect": 0.9133400676572752, "only_mask_connect_sum": 11.0, "only_not_mask_connect_sum": 9.0, "mixed_connect_sum": 194.0, "model_name": "GL_GATConv_9l_512h"}