{"f1_macro": 0.8171901083665789, "f1_weighted": 0.8991923322696581, "precision_macro": 0.847836061726222, "precision_weighted": 0.9101566207729759, "recall_macro": 0.8113527094039343, "recall_weighted": 0.9035608308605341, "accuracy": 0.9035608308605341, "class_scores": {"English": 0.9653679653679653, "Germans": 0.7294117647058823, "French": 0.6554621848739496, "Belgium": 0.9185185185185185}, "skipped_nodes": 95, "memory_allocated_MB": 27.13671875, "memory_reserved_MB": 78.0, "model_name": "GL_SAGEConv_3l_512h"}