{"f1_macro": 0.7836234136234136, "f1_weighted": 0.8715132447647784, "precision_macro": 0.75, "precision_weighted": 0.9068251533742331, "recall_macro": 0.8542398231239433, "recall_weighted": 0.8588957055214724, "accuracy": 0.8588957055214724, "class_scores": {"P0": 1.0, "P1": 0.9137529137529138, "P2": 0.7407407407407407, "P3": 0.48}, "skipped_nodes": 0, "model_name": "LongestIbd"}