{"f1_macro": 0.5741651843046787, "f1_weighted": 0.6218584032404892, "precision_macro": 0.5829899486059944, "precision_weighted": 0.6189731389093752, "recall_macro": 0.5698217553694028, "recall_weighted": 0.628385698808234, "accuracy": 0.628385698808234, "class_scores": {"Southern Russians": 0.6606606606606606, "Ukranians": 0.4154929577464789, "Northen Russians": 0.7503875968992249, "Belarusians": 0.4701195219123506}, "skipped_nodes": 2, "memory_allocated_MB": 36.6865234375, "memory_reserved_MB": 302.0, "model_name": "GL_TAGConv_3l_512h_nw_k3_gnorm"}