{"f1_macro": 0.9172527005393465, "f1_weighted": 0.9613892976344026, "accuracy": 0.9624060150375939, "class_scores": {"English": 0.9815043156596794, "Germans": 0.8888888888888888, "French": 0.8679245283018868, "Belgium": 0.9306930693069307}, "skipped_nodes": 237, "model_name": "GL_GATConv_3l_128h"}