{"f1_macro": 0.40329464637818124, "f1_weighted": 0.43014950863089885, "accuracy": 0.4479166666666667, "class_scores": {"krasnodar": 0.4140625, "vologda-yaroslavl": 0.4871060171919771, "ryazan": 0.5194174757281553, "kaluga": 0.1925925925925926}, "skipped_nodes": 0, "model_name": "GL_SAGEConv_9l_512h"}