{"f1_macro": 0.3201002540843192, "f1_weighted": 0.6123894293209932, "accuracy": 0.7060518731988472, "class_scores": {"English": 0.8247048138056312, "Germans": 0.45569620253164556, "French": 0.0, "Belgium": 0.0}, "skipped_nodes": 75, "model_name": "GL_GATConv_3l_128h"}