{"f1_macro": 0.9634756571052074, "f1_weighted": 0.991016565442151, "precision_macro": 0.9534770784770785, "precision_weighted": 0.9919261038892941, "recall_macro": 0.9785353535353536, "recall_weighted": 0.99079754601227, "accuracy": 0.99079754601227, "class_scores": {"P0": 0.9714285714285714, "P1": 0.9978586723768736, "P2": 0.9846153846153847, "P3": 0.9}, "skipped_nodes": 0, "memory_allocated_MB": 36.6591796875, "memory_reserved_MB": 192.0, "model_name": "GL_TAGConv_3l_512h_w_k3_gnorm"}