{"f1_macro": 0.6672368375647606, "f1_weighted": 0.6838947784996668, "precision_macro": 0.6713194183776285, "precision_weighted": 0.6832547248370204, "recall_macro": 0.666103154919384, "recall_weighted": 0.686858316221766, "accuracy": 0.686858316221766, "class_scores": {"P0": 0.7066246056782335, "P1": 0.5945945945945946, "P2": 0.8100358422939068, "P3": 0.5576923076923077}, "skipped_nodes": 0, "memory_allocated_MB": 40.67138671875, "memory_reserved_MB": 680.0, "model_name": "GL_TAGConv_3l_512h_w_k3_gnorm"}