{"f1_macro": 0.6180090377458798, "f1_weighted": 0.7748053013980991, "precision_macro": 0.6424656026218527, "precision_weighted": 0.7802152734718524, "recall_macro": 0.6082161370295245, "recall_weighted": 0.7894736842105263, "accuracy": 0.7894736842105263, "class_scores": {"Chechens": 0.8484848484848485, "Kabardians, Circassians, Adyghes": 0.7575757575757576, "Karachays, Balkars": 0.8, "Ingush": 0.8888888888888888, "Dagestan peoples": 0.8070175438596491, "Ossetians": 0.8421052631578947, "Kumyks": 0.0, "Nogais": 0.0}, "skipped_nodes": 4, "memory_allocated_MB": 17.88427734375, "memory_reserved_MB": 76.0, "model_name": "GL_GINConv_3l_128h"}