{"f1_macro": 0.23799765807962525, "f1_weighted": 0.3189325773450018, "precision_macro": 0.28239954725523486, "precision_weighted": 0.314320038920164, "recall_macro": 0.2728260869565218, "recall_weighted": 0.4298245614035088, "accuracy": 0.4298245614035088, "class_scores": {"Chechens": 0.0, "Kabardians, Circassians, Adyghes": 0.47540983606557374, "Karachays, Balkars": 0.0, "Ingush": 0.0, "Dagestan peoples": 0.8571428571428571, "Ossetians": 0.0, "Kumyks": 0.0, "Nogais": 0.5714285714285714}, "skipped_nodes": 4, "model_name": "SpectralClustering"}