{"f1_macro": 0.2710162308568195, "f1_weighted": 0.07642350314804641, "precision_macro": 0.24067858072674525, "precision_weighted": 0.06489925685343864, "recall_macro": 0.38636363636363635, "recall_weighted": 0.10736196319018405, "accuracy": 0.10736196319018405, "class_scores": {"P0": 0.9230769230769231, "P1": 0.0, "P2": 0.12017167381974249, "P3": 0.04081632653061224}, "skipped_nodes": 0, "model_name": "MaxIbdSumPerClassSize"}