{"f1_macro": 0.7838182412553122, "f1_weighted": 0.8816911577423153, "precision_macro": 0.7710010319917441, "precision_weighted": 0.9056151747105041, "recall_macro": 0.8126977933844886, "recall_weighted": 0.8742331288343558, "accuracy": 0.8742331288343558, "class_scores": {"P0": 0.9142857142857143, "P1": 0.9244851258581236, "P2": 0.7701863354037267, "P3": 0.5263157894736842}, "skipped_nodes": 0, "model_name": "LongestIbd"}