{"f1_macro": 0.885793658396398, "f1_weighted": 0.906575131625928, "accuracy": 0.9090909090909091, "class_scores": {"Swedes": 0.9315068493150684, "Norwegians": 0.9181818181818182, "Danes": 0.8076923076923077}, "skipped_nodes": 6, "model_name": "GL_SAGEConv_3l_128h"}