{"f1_macro": 0.5333173046026619, "f1_weighted": 0.6023316554818609, "precision_macro": 0.572610612949398, "precision_weighted": 0.6083443265584672, "recall_macro": 0.5328500534471724, "recall_weighted": 0.621870882740448, "accuracy": 0.621870882740448, "class_scores": {"Northen Russians": 0.7346221441124781, "Ukranians": 0.2727272727272727, "Belarusians": 0.4682926829268293, "Southern Russians": 0.6576271186440678}, "skipped_nodes": 98, "memory_allocated_MB": 156.68359375, "memory_reserved_MB": 474.0, "model_name": "GL_TAGConv_9l_512h_w_k3"}