{"f1_macro": 0.9157507265095253, "f1_weighted": 0.9571583943073333, "accuracy": 0.9584905660377359, "class_scores": {"English": 0.9766871165644172, "Germans": 0.88, "French": 0.88, "Belgium": 0.9263157894736842}, "skipped_nodes": 239, "model_name": "GL_MLP_9l_128h"}