{"f1_macro": 0.8129338738099564, "f1_weighted": 0.9341892318956689, "precision_macro": 0.9550071220660185, "precision_weighted": 0.9401824343141862, "recall_macro": 0.7581447522434648, "recall_weighted": 0.9386503067484663, "accuracy": 0.9386503067484663, "class_scores": {"P0": 0.9090909090909091, "P1": 0.9704641350210971, "P2": 0.8721804511278195, "P3": 0.5}, "skipped_nodes": 0, "model_name": "MaxIbdSum"}