{"f1_macro": 0.8994003542467609, "f1_weighted": 0.9133498269904194, "accuracy": 0.9146919431279621, "class_scores": {"Swedes": 0.9241379310344827, "Norwegians": 0.926605504587156, "Danes": 0.847457627118644}, "skipped_nodes": 4, "model_name": "GL_GATConv_9l_128h"}