{"f1_macro": 0.9221367328715464, "f1_weighted": 0.9818604164571354, "accuracy": 0.9815950920245399, "class_scores": {"Udmurts,Besermyan": 1.0, "Tatars,Volga-Tatars,Mishar-Tatars,Kryashens": 0.9978586723768736, "Chuvash": 0.9538461538461539, "Mari": 0.7368421052631579}, "skipped_nodes": 0, "model_name": "GL_TAGConv_9l_512h_w_k3"}