{"f1_macro": 0.2680722891566265, "f1_weighted": 0.0698499519550595, "precision_macro": 0.26229508196721313, "precision_weighted": 0.06517147742130142, "recall_macro": 0.28409090909090906, "recall_weighted": 0.08282208588957055, "accuracy": 0.08282208588957055, "class_scores": {"P0": 1.0, "P1": 0.0, "P2": 0.07228915662650602, "P3": 0.0}, "skipped_nodes": 0, "model_name": "MaxEdgeCountPerClassSize"}