{"f1_macro": 0.5111990996635747, "f1_weighted": 0.5595825504162629, "precision_macro": 0.5134148686840502, "precision_weighted": 0.5577280877870432, "recall_macro": 0.5097103372172089, "recall_weighted": 0.5620111731843576, "accuracy": 0.5620111731843576, "class_scores": {"Ukranians": 0.3663003663003663, "Southern Russians": 0.5858267716535434, "Northen Russians": 0.688, "Belarusians": 0.4046692607003891}, "skipped_nodes": 20, "memory_allocated_MB": 18.27978515625, "memory_reserved_MB": 58.0, "model_name": "GL_TAGConv_3l_128h_w_k3"}