{"f1_macro": 0.7566568823909446, "f1_weighted": 0.796318821097588, "precision_macro": 0.7536696983651853, "precision_weighted": 0.8138706710843268, "recall_macro": 0.7764832793959008, "recall_weighted": 0.7884615384615384, "accuracy": 0.7884615384615384, "class_scores": {"Swedes": 0.8633093525179856, "Norwegians": 0.803921568627451, "Danes": 0.6027397260273972}, "skipped_nodes": 7, "memory_allocated_MB": 21.75439453125, "memory_reserved_MB": 78.0, "model_name": "GL_GINConv_9l_128h"}