{"f1_macro": 0.9639044230673597, "f1_weighted": 0.9738289895616223, "precision_macro": 0.9766147364169202, "precision_weighted": 0.9746438643871305, "recall_macro": 0.9533666079467606, "recall_weighted": 0.9742547425474255, "accuracy": 0.9742547425474255, "class_scores": {"P0": 0.9860664523043944, "P1": 0.9448818897637795, "P2": 0.9459459459459459, "P3": 0.9787234042553191}, "skipped_nodes": 24, "memory_allocated_MB": 16.95751953125, "memory_reserved_MB": 44.0, "model_name": "GL_SAGEConv_3l_128h"}