{"f1_macro": 0.6589117205893522, "f1_weighted": 0.8274735359321825, "precision_macro": 0.6429453698475438, "precision_weighted": 0.8202979215401575, "recall_macro": 0.6851470588235294, "recall_weighted": 0.8476190476190476, "accuracy": 0.8476190476190476, "class_scores": {"Chechens": 0.8947368421052632, "Kabardians, Circassians, Adyghes": 0.875, "Karachays, Balkars": 0.8421052631578947, "Ingush": 0.9523809523809523, "Dagestan peoples": 0.8888888888888888, "Ossetians": 0.8181818181818182, "Kumyks": 0.0, "Nogais": 0.0}, "skipped_nodes": 13, "memory_allocated_MB": 88.0830078125, "memory_reserved_MB": 132.0, "f1_macro_score_only_mask_connect": 0.4055555555555556, "f1_macro_score_only_not_mask_connect": 0.54, "f1_macro_score_mixed_connect": 0.6929217673139637, "only_mask_connect_sum": 16.0, "only_not_mask_connect_sum": 11.0, "mixed_connect_sum": 78.0, "model_name": "GL_SAGEConv_9l_512h"}