{"f1_macro": 0.5063112151174978, "f1_weighted": 0.5614539591052919, "precision_macro": 0.5118058993347532, "precision_weighted": 0.5575552706796735, "recall_macro": 0.5036534701857283, "recall_weighted": 0.5675381263616558, "accuracy": 0.5675381263616558, "class_scores": {"Ukranians": 0.3356164383561644, "Southern Russians": 0.5779816513761468, "Northen Russians": 0.7314814814814815, "Belarusians": 0.38016528925619836}, "skipped_nodes": 5, "memory_allocated_MB": 17.73046875, "memory_reserved_MB": 100.0, "model_name": "GL_SAGEConv_3l_128h"}