{"f1_macro": 0.7142635093106791, "f1_weighted": 0.8217538616707736, "precision_macro": 0.7403318903318903, "precision_weighted": 0.8714295643194726, "recall_macro": 0.7209516565246787, "recall_weighted": 0.7981651376146789, "accuracy": 0.7981651376146789, "class_scores": {"Chechens": 0.8717948717948718, "Kabardians, Circassians, Adyghes": 0.8679245283018868, "Karachays, Balkars": 0.8648648648648649, "Ingush": 0.7777777777777778, "Dagestan peoples": 0.8, "Ossetians": 0.8888888888888888, "Kumyks": 0.5, "Nogais": 0.14285714285714285}, "skipped_nodes": 9, "memory_allocated_MB": 157.67626953125, "memory_reserved_MB": 218.0, "model_name": "GL_TAGConv_9l_512h_w_k3"}