{"f1_macro": 0.5718661964989994, "f1_weighted": 0.7424124563047452, "precision_macro": 0.5809757605095134, "precision_weighted": 0.743165246564736, "recall_macro": 0.590422322775264, "recall_weighted": 0.7692307692307693, "accuracy": 0.7692307692307693, "class_scores": {"Chechens": 0.7441860465116279, "Kabardians, Circassians, Adyghes": 0.8571428571428571, "Karachays, Balkars": 0.8888888888888888, "Ingush": 0.5333333333333333, "Dagestan peoples": 0.7894736842105263, "Ossetians": 0.7619047619047619, "Kumyks": 0.0, "Nogais": 0.0}, "skipped_nodes": 14, "memory_allocated_MB": 52.28466796875, "memory_reserved_MB": 112.0, "f1_macro_score_only_mask_connect": 0.33232323232323235, "f1_macro_score_only_not_mask_connect": 0.3652014652014652, "f1_macro_score_mixed_connect": 0.8352350427350427, "only_mask_connect_sum": 15.0, "only_not_mask_connect_sum": 22.0, "mixed_connect_sum": 67.0, "model_name": "GL_GCNConv_9l_512h_w"}