{"f1_macro": 0.6042094095163149, "f1_weighted": 0.7945302535730012, "accuracy": 0.8095238095238095, "class_scores": {"Chechens": 0.782608695652174, "Kabardians, Circassians, Adyghes": 0.8888888888888888, "Karachays, Balkars": 0.8717948717948718, "Ingush": 0.5714285714285714, "Dagestan peoples": 0.7777777777777778, "Ossetians": 0.9411764705882353, "Kumyks": 0.0, "Nogais": 0.0}, "skipped_nodes": 13, "model_name": "GL_GCNConv_9l_128h_w"}