{"f1_macro": 0.6054892172628901, "f1_weighted": 0.7702826812898014, "precision_macro": 0.6462538819875776, "precision_weighted": 0.8211600975213328, "recall_macro": 0.6715482660455487, "recall_weighted": 0.7570093457943925, "accuracy": 0.7570093457943925, "class_scores": {"Chechens": 0.7317073170731707, "Kabardians, Circassians, Adyghes": 0.8928571428571429, "Karachays, Balkars": 0.8823529411764706, "Ingush": 0.6666666666666666, "Dagestan peoples": 0.717948717948718, "Ossetians": 0.6666666666666666, "Kumyks": 0.0, "Nogais": 0.2857142857142857}, "skipped_nodes": 11, "memory_allocated_MB": 37.0244140625, "memory_reserved_MB": 130.0, "model_name": "GL_GATConv_9l_128h"}