{"f1_macro": 0.8786143718173511, "f1_weighted": 0.9277058844020956, "precision_macro": 0.8921679006892297, "precision_weighted": 0.9308313741834682, "recall_macro": 0.871805681784497, "recall_weighted": 0.929676511954993, "accuracy": 0.929676511954993, "class_scores": {"English": 0.9732047159699893, "Germans": 0.8370044052863436, "French": 0.7777777777777778, "Belgium": 0.9264705882352942}, "skipped_nodes": 58, "memory_allocated_MB": 21.33642578125, "memory_reserved_MB": 134.0, "f1_macro_score_only_mask_connect": 0.7606381244293726, "f1_macro_score_only_not_mask_connect": 0.8995192307692308, "f1_macro_score_mixed_connect": 0.9501516465778674, "only_mask_connect_sum": 176.0, "only_not_mask_connect_sum": 43.0, "mixed_connect_sum": 492.0, "model_name": "GL_SAGEConv_9l_128h_de"}