{"f1_macro": 0.49702605431359825, "f1_weighted": 0.5731823343189703, "precision_macro": 0.5223917350298566, "precision_weighted": 0.5782053065432925, "recall_macro": 0.48957712453217833, "recall_weighted": 0.5813953488372093, "accuracy": 0.5813953488372093, "class_scores": {"Southern Russians": 0.6292134831460674, "Ukranians": 0.2608695652173913, "Northen Russians": 0.6829268292682927, "Belarusians": 0.41509433962264153}, "skipped_nodes": 184, "model_name": "MaxEdgeCount"}