{"f1_macro": 0.8732980014275518, "f1_weighted": 0.9691505235086244, "precision_macro": 0.8571237143271042, "precision_weighted": 0.9753588508241725, "recall_macro": 0.9103535353535354, "recall_weighted": 0.9662576687116564, "accuracy": 0.9662576687116564, "class_scores": {"Udmurts,Besermyan": 1.0, "Tatars,Volga-Tatars,Mishar-Tatars,Kryashens": 0.9978586723768736, "Chuvash": 0.912, "Mari": 0.5833333333333334}, "skipped_nodes": 0, "memory_allocated_MB": 25.763671875, "memory_reserved_MB": 66.0, "model_name": "GL_TAGConv_9l_128h_w_k3"}