{"f1_macro": 0.6818507039010735, "f1_weighted": 0.9311639218135173, "precision_macro": 0.7059803921568628, "precision_weighted": 0.9216780945507038, "recall_macro": 0.6708338752330169, "recall_weighted": 0.9447852760736196, "accuracy": 0.9447852760736196, "class_scores": {"P0": 0.8387096774193549, "P1": 0.9808917197452229, "P2": 0.9078014184397163, "P3": 0.0}, "skipped_nodes": 0, "model_name": "MaxIbdSum"}