{"f1_macro": 0.5534493378788016, "f1_weighted": 0.6004775150161046, "precision_macro": 0.6121672007321783, "precision_weighted": 0.6161309078806321, "recall_macro": 0.5386059819450999, "recall_weighted": 0.6143790849673203, "accuracy": 0.6143790849673203, "class_scores": {"Ukranians": 0.3458646616541353, "Southern Russians": 0.6373937677053825, "Northen Russians": 0.7305389221556886, "Belarusians": 0.5}, "skipped_nodes": 5, "model_name": "MaxSegmentCount"}