{"f1_macro": 0.517366102588178, "f1_weighted": 0.5683689869091979, "precision_macro": 0.5302200491579447, "precision_weighted": 0.5649739255119002, "recall_macro": 0.5145413321922114, "recall_weighted": 0.5805405405405405, "accuracy": 0.5805405405405405, "class_scores": {"Southern Russians": 0.5908372827804107, "Ukranians": 0.4295774647887324, "Northen Russians": 0.7142857142857143, "Belarusians": 0.33476394849785407}, "skipped_nodes": 0, "memory_allocated_MB": 48.18798828125, "memory_reserved_MB": 354.0, "f1_macro_score_only_mask_connect": 0.3861111111111111, "f1_macro_score_only_not_mask_connect": 0.3333333333333333, "f1_macro_score_mixed_connect": 0.5160907600521738, "only_mask_connect_sum": 16.0, "only_not_mask_connect_sum": 2.0, "mixed_connect_sum": 907.0, "model_name": "GL_TAGConv_3l_512h_w_k3"}