{"f1_macro": 0.8567763121483257, "f1_weighted": 0.9344736470465049, "precision_macro": 0.9074601503777224, "precision_weighted": 0.9380099613316104, "recall_macro": 0.8294975698746712, "recall_weighted": 0.9379968203497615, "accuracy": 0.9379968203497615, "class_scores": {"English": 0.9783845278725825, "Germans": 0.8540540540540541, "French": 0.6666666666666666, "Belgium": 0.928}, "skipped_nodes": 140, "memory_allocated_MB": 17.2490234375, "memory_reserved_MB": 50.0, "f1_macro_score_only_mask_connect": 0.6814195298372514, "f1_macro_score_only_not_mask_connect": 0.9322802197802198, "f1_macro_score_mixed_connect": 0.880810188261351, "only_mask_connect_sum": 94.0, "only_not_mask_connect_sum": 159.0, "mixed_connect_sum": 376.0, "model_name": "GL_SAGEConv_3l_128h_de"}