{"f1_macro": 0.960757344201053, "f1_weighted": 0.9621971087765164, "precision_macro": 0.970969089390142, "precision_weighted": 0.9628995838653236, "recall_macro": 0.9519906085411511, "recall_weighted": 0.9622641509433962, "accuracy": 0.9622641509433962, "class_scores": {"Swedes": 0.9668874172185431, "Norwegians": 0.9615384615384616, "Danes": 0.9538461538461539}, "skipped_nodes": 3, "memory_allocated_MB": 21.6328125, "memory_reserved_MB": 80.0, "model_name": "GL_GCNConv_3l_512h_w"}