{"f1_macro": 0.810866869118566, "f1_weighted": 0.9071235211934168, "precision_macro": 0.8363496243671403, "precision_weighted": 0.9046797421366701, "recall_macro": 0.7913361839923923, "recall_weighted": 0.9120715350223547, "accuracy": 0.9120715350223547, "class_scores": {"English": 0.9718004338394793, "Germans": 0.7794871794871795, "French": 0.5376344086021505, "Belgium": 0.9545454545454546}, "skipped_nodes": 98, "memory_allocated_MB": 17.96728515625, "memory_reserved_MB": 54.0, "model_name": "GL_TAGConv_3l_128h_w_k3"}