{"f1_macro": 0.2689569678837197, "f1_weighted": 0.32950210597989144, "accuracy": 0.3940972222222222, "class_scores": {"krasnodar": 0.4583333333333333, "yaroslavl": 0.10256410256410256, "ryazan": 0.48156182212581344, "kaluga": 0.0, "vologda": 0.3023255813953488}, "skipped_nodes": 0, "model_name": "GL_TAGConv_3l_512h_w_k3"}