{"f1_macro": 0.9824292858444883, "f1_weighted": 0.9904805537563028, "precision_macro": 0.9851634778991213, "precision_weighted": 0.9905800788730972, "recall_macro": 0.9800897631779985, "recall_weighted": 0.99055330634278, "accuracy": 0.99055330634278, "class_scores": {"P0": 0.998914223669924, "P1": 0.9781021897810219, "P2": 0.96, "P3": 0.9927007299270073}, "skipped_nodes": 21, "memory_allocated_MB": 41.42822265625, "memory_reserved_MB": 156.0, "model_name": "GL_GINConv_3l_512h"}