{"f1_macro": 0.8744621004174529, "f1_weighted": 0.9694228376838044, "precision_macro": 0.8720185043714455, "precision_weighted": 0.9696329173052377, "recall_macro": 0.8770212858195692, "recall_weighted": 0.9693251533742331, "accuracy": 0.9693251533742331, "class_scores": {"P0": 1.0, "P1": 0.9870689655172413, "P2": 0.9552238805970149, "P3": 0.5555555555555556}, "skipped_nodes": 0, "memory_allocated_MB": 22.068359375, "memory_reserved_MB": 52.0, "model_name": "GL_MLP_3l_512h"}