{"f1_macro": 0.8554557672797334, "f1_weighted": 0.9178107424704228, "precision_macro": 0.8607635625322966, "precision_weighted": 0.9203696942072818, "recall_macro": 0.8561385796613354, "recall_weighted": 0.918429003021148, "accuracy": 0.918429003021148, "class_scores": {"English": 0.9626373626373627, "Germans": 0.8181818181818182, "French": 0.7304347826086957, "Belgium": 0.9105691056910569}, "skipped_nodes": 107, "memory_allocated_MB": 98.48681640625, "memory_reserved_MB": 598.0, "model_name": "GL_GATConv_3l_512h"}