{"f1_macro": 0.5779559260009584, "f1_weighted": 0.5534307658244941, "precision_macro": 0.631578947368421, "precision_weighted": 0.8546375524701324, "recall_macro": 0.8211893614254129, "recall_weighted": 0.5276073619631901, "accuracy": 0.5276073619631901, "class_scores": {"P0": 1.0, "P1": 0.5299684542586751, "P2": 0.5596330275229358, "P3": 0.2222222222222222}, "skipped_nodes": 0, "model_name": "MaxIbdSumPerClassSize"}