{"f1_macro": 0.671228305834063, "f1_weighted": 0.8180803904758848, "precision_macro": 0.684873188405797, "precision_weighted": 0.8698876811594204, "recall_macro": 0.7336226851851851, "recall_weighted": 0.8, "accuracy": 0.8, "class_scores": {"Chechens": 0.8823529411764706, "Kabardians, Circassians, Adyghes": 0.8085106382978723, "Karachays, Balkars": 0.8205128205128205, "Ingush": 0.7777777777777778, "Dagestan peoples": 0.8571428571428571, "Ossetians": 0.8235294117647058, "Kumyks": 0.0, "Nogais": 0.4}, "skipped_nodes": 18, "memory_allocated_MB": 25.57080078125, "memory_reserved_MB": 80.0, "model_name": "GL_TAGConv_9l_128h_w_k3"}