{"f1_macro": 0.8882146103283624, "f1_weighted": 0.9183191529570546, "precision_macro": 0.8717776846809104, "precision_weighted": 0.9382486071585071, "recall_macro": 0.9416863871985576, "recall_weighted": 0.9137931034482759, "accuracy": 0.9137931034482759, "class_scores": {"Chechens": 0.9714285714285714, "Kabardians, Circassians, Adyghes": 0.9333333333333333, "Karachays, Balkars": 0.9032258064516129, "Ingush": 0.9523809523809523, "Dagestan peoples": 0.8888888888888888, "Ossetians": 0.9473684210526315, "Kumyks": 0.6, "Nogais": 0.9090909090909091}, "skipped_nodes": 2, "memory_allocated_MB": 28.052734375, "memory_reserved_MB": 96.0, "f1_macro_score_only_mask_connect": -100.0, "f1_macro_score_only_not_mask_connect": -100.0, "f1_macro_score_mixed_connect": -100.0, "only_mask_connect_sum": -100.0, "only_not_mask_connect_sum": -100.0, "mixed_connect_sum": -100.0, "model_name": "GL_SAGEConv_3l_512h"}