{"f1_macro": 0.5432794543037551, "f1_weighted": 0.6081437962895148, "precision_macro": 0.5801669947727042, "precision_weighted": 0.608669048948555, "recall_macro": 0.5323764485125466, "recall_weighted": 0.6241610738255033, "accuracy": 0.6241610738255033, "class_scores": {"Northen Russians": 0.7254098360655737, "Ukranians": 0.2905982905982906, "Belarusians": 0.524822695035461, "Southern Russians": 0.6322869955156951}, "skipped_nodes": 142, "memory_allocated_MB": 17.62060546875, "memory_reserved_MB": 34.0, "model_name": "GL_TAGConv_3l_128h_w_k3"}