{"f1_macro": 0.24322491850852196, "f1_weighted": 0.2910304258842667, "accuracy": 0.3426086956521739, "class_scores": {"krasnodar": 0.3544973544973545, "yaroslavl": 0.0, "ryazan": 0.44924406047516197, "kaluga": 0.037383177570093455, "vologda": 0.375}, "skipped_nodes": 1, "model_name": "GL_SAGEConv_9l_512h"}