{"f1_macro": 0.41159357999827445, "f1_weighted": 0.44864617582335353, "accuracy": 0.4513888888888889, "class_scores": {"krasnodar": 0.5394736842105263, "yaroslavl": 0.24, "ryazan": 0.5064599483204134, "kaluga": 0.3917525773195876, "vologda": 0.38028169014084506}, "skipped_nodes": 0, "model_name": "LongestIbd"}