{"f1_macro": 0.8571150937979288, "f1_weighted": 0.9305911219402186, "precision_macro": 0.8923809715582097, "precision_weighted": 0.9314155696217001, "recall_macro": 0.8347710526601095, "recall_weighted": 0.9334415584415584, "accuracy": 0.9334415584415584, "class_scores": {"English": 0.9703872437357631, "Germans": 0.8518518518518519, "French": 0.6956521739130435, "Belgium": 0.9105691056910569}, "skipped_nodes": 153, "memory_allocated_MB": 25.3623046875, "memory_reserved_MB": 72.0, "model_name": "GL_TAGConv_9l_128h_w_k3"}