{"f1_macro": 0.3950386723018131, "f1_weighted": 0.491199703072513, "precision_macro": 0.5388100213384635, "precision_weighted": 0.5504080986356352, "recall_macro": 0.4243583871561809, "recall_weighted": 0.5502702702702703, "accuracy": 0.5502702702702703, "class_scores": {"Southern Russians": 0.5821256038647343, "Ukranians": 0.19230769230769232, "Northen Russians": 0.7223880597014926, "Belarusians": 0.08333333333333333}, "skipped_nodes": 0, "memory_allocated_MB": 31.79150390625, "memory_reserved_MB": 190.0, "f1_macro_score_only_mask_connect": 0.5286713286713287, "f1_macro_score_only_not_mask_connect": 0.0, "f1_macro_score_mixed_connect": 0.3904589185684874, "only_mask_connect_sum": 16.0, "only_not_mask_connect_sum": 2.0, "mixed_connect_sum": 907.0, "model_name": "GL_SAGEConv_9l_128h"}