{"f1_macro": 0.7109484729635068, "f1_weighted": 0.9428334714167357, "precision_macro": 0.7105969053535125, "precision_weighted": 0.9338876331934128, "recall_macro": 0.7152154593141717, "recall_weighted": 0.9539877300613497, "accuracy": 0.9539877300613497, "class_scores": {"P0": 0.9411764705882353, "P1": 0.9871244635193133, "P2": 0.9154929577464789, "P3": 0.0}, "skipped_nodes": 0, "model_name": "MaxIbdSum"}