{"f1_macro": 0.1966765873015873, "f1_weighted": 0.044752410166520595, "precision_macro": 0.19602672292545711, "precision_weighted": 0.04422613962879553, "recall_macro": 0.19823232323232323, "recall_weighted": 0.046012269938650305, "accuracy": 0.046012269938650305, "class_scores": {"P0": 0.7777777777777778, "P1": 0.0, "P2": 0.008928571428571428, "P3": 0.0}, "skipped_nodes": 0, "model_name": "MaxIbdSumPerClassSize"}