{"f1_macro": 0.17626922456569796, "f1_weighted": 0.26301158441836364, "accuracy": 0.3506944444444444, "class_scores": {"krasnodar": 0.41422594142259417, "yaroslavl": 0.0, "ryazan": 0.4671201814058957, "kaluga": 0.0, "vologda": 0.0}, "skipped_nodes": 0, "model_name": "GL_SAGEConv_3l_128h"}