{"f1_macro": 0.8819836906116737, "f1_weighted": 0.9412497835841962, "precision_macro": 0.9349531142615279, "precision_weighted": 0.944170919806005, "recall_macro": 0.8492458838125767, "recall_weighted": 0.9443535188216039, "accuracy": 0.9443535188216039, "class_scores": {"English": 0.9728506787330317, "Germans": 0.8666666666666667, "French": 0.746268656716418, "Belgium": 0.9421487603305785}, "skipped_nodes": 158, "memory_allocated_MB": 21.78369140625, "memory_reserved_MB": 102.0, "model_name": "GL_GATConv_3l_128h"}