{"f1_macro": 0.8428549670090832, "f1_weighted": 0.92826185905168, "accuracy": 0.9317073170731708, "class_scores": {"English": 0.9773755656108597, "Germans": 0.8165680473372781, "French": 0.6865671641791045, "Belgium": 0.8909090909090909}, "skipped_nodes": 154, "model_name": "GL_GCNConv_3l_512h_w"}