{"f1_macro": 0.9413048376503527, "f1_weighted": 0.9481611442862101, "precision_macro": 0.9656084656084656, "precision_weighted": 0.9521584334668447, "recall_macro": 0.9234304207119742, "recall_weighted": 0.9485981308411215, "accuracy": 0.9485981308411215, "class_scores": {"Swedes": 0.9659863945578231, "Norwegians": 0.9488372093023256, "Danes": 0.9090909090909091}, "skipped_nodes": 1, "memory_allocated_MB": 26.74755859375, "memory_reserved_MB": 66.0, "model_name": "GL_SAGEConv_3l_512h"}