{"f1_macro": 0.9362405838003545, "f1_weighted": 0.9565822506738549, "accuracy": 0.9575342465753425, "class_scores": {"English": 0.9765957446808511, "Germans": 0.9224489795918367, "French": 0.9022556390977443, "Belgium": 0.9436619718309859}, "skipped_nodes": 39, "model_name": "GL_TAGConv_9l_512h_w_k3"}