{"f1_macro": 0.47054234687301294, "f1_weighted": 0.5397133832972589, "precision_macro": 0.5784107063323238, "precision_weighted": 0.581866678489452, "recall_macro": 0.480424441105577, "recall_weighted": 0.5839653304442037, "accuracy": 0.5839653304442037, "class_scores": {"Southern Russians": 0.622107969151671, "Ukranians": 0.143646408839779, "Northen Russians": 0.7084548104956269, "Belarusians": 0.4079601990049751}, "skipped_nodes": 2, "memory_allocated_MB": 96.9287109375, "memory_reserved_MB": 2530.0, "model_name": "GL_GATConv_3l_512h"}