{"f1_macro": 0.7769654328540838, "f1_weighted": 0.9601763733304307, "precision_macro": 0.9708362208362209, "precision_weighted": 0.9720043309000365, "recall_macro": 0.7628159275154983, "recall_weighted": 0.9693251533742331, "accuracy": 0.9693251533742331, "class_scores": {"Udmurts,Besermyan": 0.9714285714285714, "Tatars,Volga-Tatars,Mishar-Tatars,Kryashens": 0.9935760171306209, "Chuvash": 0.9428571428571428, "Mari": 0.2}, "skipped_nodes": 0, "model_name": "MaxSegmentCount"}