{"f1_macro": 0.9522882288228822, "f1_weighted": 0.9628635033314651, "precision_macro": 0.9428070175438595, "precision_weighted": 0.964746772591857, "recall_macro": 0.963917761279269, "recall_weighted": 0.9622641509433962, "accuracy": 0.9622641509433962, "class_scores": {"Swedes": 0.96, "Norwegians": 0.9801980198019802, "Danes": 0.9166666666666666}, "skipped_nodes": 3, "memory_allocated_MB": 41.6591796875, "memory_reserved_MB": 84.0, "model_name": "GL_GINConv_3l_512h"}