{"f1_macro": 0.7354489482149056, "f1_weighted": 0.8000967018664374, "precision_macro": 0.89400871459695, "precision_weighted": 0.8565771791582676, "recall_macro": 0.7119489392304926, "recall_weighted": 0.822429906542056, "accuracy": 0.822429906542056, "class_scores": {"Swedes": 0.8811188811188811, "Norwegians": 0.8571428571428571, "Danes": 0.46808510638297873}, "skipped_nodes": 1, "memory_allocated_MB": 102.49365234375, "memory_reserved_MB": 172.0, "f1_macro_score_only_mask_connect": 0.7857142857142857, "f1_macro_score_only_not_mask_connect": 0.6833333333333332, "f1_macro_score_mixed_connect": 0.6140059741121805, "only_mask_connect_sum": 11.0, "only_not_mask_connect_sum": 11.0, "mixed_connect_sum": 192.0, "model_name": "GL_GINConv_9l_512h"}