{"f1_macro": 0.5134975634796691, "f1_weighted": 0.4334026240841813, "precision_macro": 0.6116935483870968, "precision_weighted": 0.8434692262022562, "recall_macro": 0.7711340876576929, "recall_weighted": 0.4233128834355828, "accuracy": 0.4233128834355828, "class_scores": {"P0": 1.0, "P1": 0.3819444444444444, "P2": 0.49557522123893805, "P3": 0.17647058823529413}, "skipped_nodes": 0, "model_name": "MaxIbdSumPerClassSize"}