{"f1_macro": 0.45577612633633247, "f1_weighted": 0.514212177846334, "precision_macro": 0.5102928274166082, "precision_weighted": 0.52761867213608, "recall_macro": 0.4542489106606809, "recall_weighted": 0.5406283856988082, "accuracy": 0.5406283856988082, "class_scores": {"Southern Russians": 0.5795918367346938, "Ukranians": 0.2767857142857143, "Northen Russians": 0.6530014641288433, "Belarusians": 0.3137254901960784}, "skipped_nodes": 2, "memory_allocated_MB": 21.33203125, "memory_reserved_MB": 80.0, "f1_macro_score_only_mask_connect": 0.42051282051282046, "f1_macro_score_only_not_mask_connect": 0.3196422428620571, "f1_macro_score_mixed_connect": 0.4529726419840719, "only_mask_connect_sum": 14.0, "only_not_mask_connect_sum": 37.0, "mixed_connect_sum": 872.0, "model_name": "GL_SAGEConv_3l_128h"}