{"f1_macro": 0.5371987300945232, "f1_weighted": 0.5880682300837956, "precision_macro": 0.5384798243621773, "precision_weighted": 0.5984356609974946, "recall_macro": 0.5495158634364867, "recall_weighted": 0.5869297163995068, "accuracy": 0.5869297163995068, "class_scores": {"Ukranians": 0.35398230088495575, "Southern Russians": 0.6019417475728155, "Northen Russians": 0.7186440677966102, "Belarusians": 0.4742268041237113}, "skipped_nodes": 72, "memory_allocated_MB": 18.9697265625, "memory_reserved_MB": 58.0, "model_name": "GL_MLP_9l_128h"}