{"f1_macro": 0.784632966453657, "f1_weighted": 0.9279437315215554, "accuracy": 0.9320987654320988, "class_scores": {"Udmurts,Besermyan": 0.9375, "Tatars,Volga-Tatars,Mishar-Tatars,Kryashens": 0.9649122807017544, "Chuvash": 0.87248322147651, "Mari": 0.36363636363636365}, "skipped_nodes": 2, "model_name": "MaxIbdSum"}