{"f1_macro": 0.9863044708545557, "f1_weighted": 0.9970099402474125, "accuracy": 0.9969325153374233, "class_scores": {"Udmurts,Besermyan": 1.0, "Tatars,Volga-Tatars,Mishar-Tatars,Kryashens": 0.9978494623655914, "Chuvash": 1.0, "Mari": 0.9473684210526315}, "skipped_nodes": 0, "model_name": "GL_SAGEConv_3l_512h"}