{"f1_macro": 0.7397242456452983, "f1_weighted": 0.853993090835196, "precision_macro": 0.7352272727272728, "precision_weighted": 0.8947933884297522, "recall_macro": 0.7887853692201519, "recall_weighted": 0.8454545454545455, "accuracy": 0.8454545454545455, "class_scores": {"Chechens": 0.8947368421052632, "Kabardians, Circassians, Adyghes": 0.9230769230769231, "Karachays, Balkars": 0.8717948717948718, "Ingush": 0.9, "Dagestan peoples": 0.7567567567567568, "Ossetians": 0.9523809523809523, "Kumyks": 0.3333333333333333, "Nogais": 0.2857142857142857}, "skipped_nodes": 8, "memory_allocated_MB": 37.72119140625, "memory_reserved_MB": 92.0, "model_name": "GL_TAGConv_3l_512h_w_k3_gnorm"}