{"f1_macro": 0.7222204848592195, "f1_weighted": 0.8626343329703233, "precision_macro": 0.7529613095238095, "precision_weighted": 0.9388170995670995, "recall_macro": 0.7671350424227662, "recall_weighted": 0.8181818181818182, "accuracy": 0.8181818181818182, "class_scores": {"Chechens": 0.9411764705882353, "Kabardians, Circassians, Adyghes": 0.9056603773584906, "Karachays, Balkars": 0.9090909090909091, "Ingush": 0.9, "Dagestan peoples": 0.7567567567567568, "Ossetians": 1.0, "Kumyks": 0.14285714285714285, "Nogais": 0.2222222222222222}, "skipped_nodes": 8, "memory_allocated_MB": 38.3828125, "memory_reserved_MB": 210.0, "model_name": "GL_TAGConv_3l_512h_w_k3_gnorm"}