{"f1_macro": 0.8764110297979846, "f1_weighted": 0.8963364614016315, "precision_macro": 0.9287439613526569, "precision_weighted": 0.9057622630992197, "recall_macro": 0.8467283443794562, "recall_weighted": 0.8990384615384616, "accuracy": 0.8990384615384616, "class_scores": {"Swedes": 0.9041095890410958, "Norwegians": 0.9174311926605505, "Danes": 0.8076923076923077}, "skipped_nodes": 7, "memory_allocated_MB": 27.0986328125, "memory_reserved_MB": 62.0, "f1_macro_score_only_mask_connect": 1.0, "f1_macro_score_only_not_mask_connect": 0.6380286380286381, "f1_macro_score_mixed_connect": 0.9021240469911653, "only_mask_connect_sum": 5.0, "only_not_mask_connect_sum": 19.0, "mixed_connect_sum": 184.0, "model_name": "GL_SAGEConv_3l_512h_de"}