{"f1_macro": 0.7068187451777677, "f1_weighted": 0.8671707077958132, "precision_macro": 0.7056482670089859, "precision_weighted": 0.8915110610583019, "recall_macro": 0.724503619889886, "recall_weighted": 0.8588957055214724, "accuracy": 0.8588957055214724, "class_scores": {"P0": 0.9411764705882353, "P1": 0.9178082191780822, "P2": 0.7577639751552795, "P3": 0.21052631578947367}, "skipped_nodes": 0, "model_name": "LongestIbd"}