{"f1_macro": 0.42830743175931457, "f1_weighted": 0.47534127982378616, "precision_macro": 0.49877020649440534, "precision_weighted": 0.6908569649556728, "recall_macro": 0.48621407205098194, "recall_weighted": 0.4263803680981595, "accuracy": 0.4263803680981595, "class_scores": {"P0": 0.75, "P1": 0.5119047619047619, "P2": 0.3179916317991632, "P3": 0.13333333333333333}, "skipped_nodes": 0, "model_name": "LongestIbd"}