{"f1_macro": 0.25640113798008535, "f1_weighted": 0.06437790712895654, "precision_macro": 0.24610136452241715, "precision_weighted": 0.05980698166684604, "recall_macro": 0.2727272727272727, "recall_weighted": 0.0736196319018405, "accuracy": 0.0736196319018405, "class_scores": {"P0": 0.972972972972973, "P1": 0.0, "P2": 0.05263157894736842, "P3": 0.0}, "skipped_nodes": 0, "model_name": "MaxIbdSumPerClassSize"}