{"f1_macro": 0.9443964670998516, "f1_weighted": 0.9483815115373331, "precision_macro": 0.9635948526359486, "precision_weighted": 0.9510183773466323, "recall_macro": 0.9294534340165409, "recall_weighted": 0.9485981308411215, "accuracy": 0.9485981308411215, "class_scores": {"Swedes": 0.9594594594594594, "Norwegians": 0.9483568075117371, "Danes": 0.9253731343283582}, "skipped_nodes": 1, "memory_allocated_MB": 26.8564453125, "memory_reserved_MB": 84.0, "model_name": "GL_SAGEConv_3l_512h"}