{"f1_macro": 0.6392653079587889, "f1_weighted": 0.8548865630253132, "accuracy": 0.8714733542319749, "class_scores": {"Udmurts,Besermyan": 0.9032258064516129, "Tatars,Volga-Tatars,Mishar-Tatars,Kryashens": 0.9205020920502092, "Chuvash": 0.7333333333333333, "Mari": 0.0}, "skipped_nodes": 7, "model_name": "MaxEdgeCount"}