{"f1_macro": 0.952487632150912, "f1_weighted": 0.9614621717076322, "precision_macro": 0.975975975975976, "precision_weighted": 0.9646503646503646, "recall_macro": 0.9345833333333333, "recall_weighted": 0.9619047619047619, "accuracy": 0.9619047619047619, "class_scores": {"Swedes": 0.9795918367346939, "Norwegians": 0.9626168224299065, "Danes": 0.9152542372881356}, "skipped_nodes": 5, "memory_allocated_MB": 51.67724609375, "memory_reserved_MB": 110.0, "model_name": "GL_GCNConv_9l_512h_w"}