{"f1_macro": 0.8827008068032814, "f1_weighted": 0.8982211475349329, "precision_macro": 0.8974868230081735, "precision_weighted": 0.8988318824441924, "recall_macro": 0.870873786407767, "recall_weighted": 0.8990384615384616, "accuracy": 0.8990384615384616, "class_scores": {"Swedes": 0.9271523178807947, "Norwegians": 0.8995215311004785, "Danes": 0.8214285714285714}, "skipped_nodes": 7, "memory_allocated_MB": 339.12255859375, "memory_reserved_MB": 742.0, "model_name": "GL_GATConv_9l_512h"}