{"f1_macro": 0.5443157637451115, "f1_weighted": 0.681100382524007, "precision_macro": 0.599431270483902, "precision_weighted": 0.704939680719839, "recall_macro": 0.5506197478991597, "recall_weighted": 0.7079646017699115, "accuracy": 0.7079646017699115, "class_scores": {"Chechens": 0.6071428571428571, "Kabardians, Circassians, Adyghes": 0.8518518518518519, "Karachays, Balkars": 0.7777777777777778, "Ingush": 0.0, "Dagestan peoples": 0.8260869565217391, "Ossetians": 0.625, "Kumyks": 0.0, "Nogais": 0.6666666666666666}, "skipped_nodes": 5, "memory_allocated_MB": 38.80029296875, "memory_reserved_MB": 206.0, "f1_macro_score_only_mask_connect": 0.49074074074074076, "f1_macro_score_only_not_mask_connect": 1.0, "f1_macro_score_mixed_connect": 0.4703019203019203, "only_mask_connect_sum": 24.0, "only_not_mask_connect_sum": 6.0, "mixed_connect_sum": 83.0, "model_name": "GL_GATConv_9l_128h"}