{"f1_macro": 0.8671718395032021, "f1_weighted": 0.9364259086772669, "precision_macro": 0.9088357486071551, "precision_weighted": 0.9381704902854441, "recall_macro": 0.8409977407641084, "recall_weighted": 0.9388083735909822, "accuracy": 0.9388083735909822, "class_scores": {"English": 0.9772209567198178, "Germans": 0.8323699421965318, "French": 0.7384615384615385, "Belgium": 0.9206349206349206}, "skipped_nodes": 148, "memory_allocated_MB": 20.81298828125, "memory_reserved_MB": 64.0, "f1_macro_score_only_mask_connect": 0.6695887445887446, "f1_macro_score_only_not_mask_connect": 0.9211935820945832, "f1_macro_score_mixed_connect": 0.8952848321269374, "only_mask_connect_sum": 86.0, "only_not_mask_connect_sum": 151.0, "mixed_connect_sum": 384.0, "model_name": "GL_SAGEConv_9l_128h_de"}