{"f1_macro": 0.6858543385429853, "f1_weighted": 0.7400966016590391, "precision_macro": 0.6822134387351778, "precision_weighted": 0.8888867334319455, "recall_macro": 0.8942807907400182, "recall_weighted": 0.7055214723926381, "accuracy": 0.7055214723926381, "class_scores": {"P0": 1.0, "P1": 0.7439353099730458, "P2": 0.7182320441988951, "P3": 0.28125}, "skipped_nodes": 0, "model_name": "MaxIbdSumPerClassSize"}