{"f1_macro": 0.4341578850197736, "f1_weighted": 0.5028396209070232, "precision_macro": 0.4409232947562291, "precision_weighted": 0.5010811213926957, "recall_macro": 0.4320478334072576, "recall_weighted": 0.50875, "accuracy": 0.50875, "class_scores": {"Ukranians": 0.28703703703703703, "Southern Russians": 0.5493421052631579, "Northen Russians": 0.6431095406360424, "Belarusians": 0.2571428571428571}, "skipped_nodes": 83, "memory_allocated_MB": 37.37109375, "memory_reserved_MB": 152.0, "model_name": "GL_TAGConv_3l_512h_w_k3"}