{"f1_macro": 0.6736045875179797, "f1_weighted": 0.8258054369799193, "accuracy": 0.8317757009345794, "class_scores": {"Chechens": 0.7906976744186046, "Kabardians, Circassians, Adyghes": 0.896551724137931, "Karachays, Balkars": 0.8571428571428571, "Ingush": 0.6666666666666666, "Dagestan peoples": 0.9, "Ossetians": 0.7777777777777778, "Kumyks": 0.0, "Nogais": 0.5}, "skipped_nodes": 11, "model_name": "GL_TAGConv_9l_128h_w_k3"}