{"f1_macro": 0.6161380982114678, "f1_weighted": 0.7098544540401566, "accuracy": 0.7230169050715215, "class_scores": {"P0": 0.8172484599589322, "P1": 0.6066666666666667, "P2": 0.352112676056338, "P3": 0.6885245901639344}, "skipped_nodes": 0, "model_name": "GL_SAGEConv_3l_512h"}