{"f1_macro": 0.8456913294490116, "f1_weighted": 0.912269103403447, "accuracy": 0.9164265129682997, "class_scores": {"English": 0.9668449197860962, "Germans": 0.8159203980099502, "French": 0.6666666666666666, "Belgium": 0.9333333333333333}, "skipped_nodes": 75, "model_name": "GL_GCNConv_3l_512h_w"}