{"f1_macro": 0.8512786082844916, "f1_weighted": 0.914830660944496, "precision_macro": 0.8683993364837133, "precision_weighted": 0.91524580631379, "recall_macro": 0.8394866632752095, "recall_weighted": 0.9178674351585014, "accuracy": 0.9178674351585014, "class_scores": {"English": 0.9676724137931034, "Germans": 0.8177339901477833, "French": 0.7, "Belgium": 0.9197080291970803}, "skipped_nodes": 75, "memory_allocated_MB": 22.07958984375, "memory_reserved_MB": 184.0, "model_name": "GL_GCNConv_3l_512h_w"}