{"f1_macro": 0.42870073249629614, "f1_weighted": 0.5071051948465725, "precision_macro": 0.433402628719467, "precision_weighted": 0.5006836656825673, "recall_macro": 0.42733648225176357, "recall_weighted": 0.5160349854227405, "accuracy": 0.5160349854227405, "class_scores": {"Northen Russians": 0.6556169429097606, "Ukranians": 0.2057142857142857, "Belarusians": 0.31137724550898205, "Southern Russians": 0.5420944558521561}, "skipped_nodes": 124, "memory_allocated_MB": 26.9736328125, "memory_reserved_MB": 86.0, "model_name": "GL_SAGEConv_3l_512h"}