{"f1_macro": 0.8582898069988696, "f1_weighted": 0.8805936013297686, "precision_macro": 0.8786840554081934, "precision_weighted": 0.8885439273370309, "recall_macro": 0.8481287719758593, "recall_weighted": 0.8803827751196173, "accuracy": 0.8803827751196173, "class_scores": {"Swedes": 0.8571428571428571, "Norwegians": 0.9246231155778895, "Danes": 0.7931034482758621}, "skipped_nodes": 6, "memory_allocated_MB": 18.9990234375, "memory_reserved_MB": 72.0, "f1_macro_score_only_mask_connect": 0.26666666666666666, "f1_macro_score_only_not_mask_connect": 0.8589065255731922, "f1_macro_score_mixed_connect": 0.8560580107342698, "only_mask_connect_sum": 6.0, "only_not_mask_connect_sum": 25.0, "mixed_connect_sum": 178.0, "model_name": "GL_MLP_9l_128h"}