{"f1_macro": 0.9007782081466292, "f1_weighted": 0.9227871344309359, "precision_macro": 0.9159475624650435, "precision_weighted": 0.9233970638282472, "recall_macro": 0.8893373670643802, "recall_weighted": 0.9241706161137441, "accuracy": 0.9241706161137441, "class_scores": {"Swedes": 0.92, "Norwegians": 0.9569377990430622, "Danes": 0.8253968253968254}, "skipped_nodes": 4, "memory_allocated_MB": 27.12109375, "memory_reserved_MB": 62.0, "f1_macro_score_only_mask_connect": 0.4646464646464647, "f1_macro_score_only_not_mask_connect": 0.7822222222222223, "f1_macro_score_mixed_connect": 0.9100949799575706, "only_mask_connect_sum": 8.0, "only_not_mask_connect_sum": 24.0, "mixed_connect_sum": 179.0, "model_name": "GL_SAGEConv_3l_512h_de"}