{"f1_macro": 0.5486516439540958, "f1_weighted": 0.5999302419195409, "precision_macro": 0.5748504652712179, "precision_weighted": 0.6026390750657483, "recall_macro": 0.545001825146682, "recall_weighted": 0.6146288209606987, "accuracy": 0.6146288209606987, "class_scores": {"Ukranians": 0.3598326359832636, "Southern Russians": 0.6441176470588236, "Northen Russians": 0.7382753403933434, "Belarusians": 0.4523809523809524}, "skipped_nodes": 7, "memory_allocated_MB": 36.6279296875, "memory_reserved_MB": 240.0, "model_name": "GL_TAGConv_3l_512h_w_k3"}