{"f1_macro": 0.6442586415053375, "f1_weighted": 0.8740392098072929, "accuracy": 0.8870967741935484, "class_scores": {"Udmurts,Besermyan": 0.47619047619047616, "Tatars,Volga-Tatars,Mishar-Tatars,Kryashens": 0.9295154185022027, "Chuvash": 0.8636363636363636, "Mari": 0.3076923076923077}, "skipped_nodes": 16, "model_name": "GL_TAGConv_3l_512h_w_k3_gnorm"}