{"f1_macro": 0.45460162014933164, "f1_weighted": 0.5036749148323507, "precision_macro": 0.4581608992055729, "precision_weighted": 0.5002280122758707, "recall_macro": 0.4558406267898225, "recall_weighted": 0.5124593716143012, "accuracy": 0.5124593716143012, "class_scores": {"Southern Russians": 0.521311475409836, "Ukranians": 0.3076923076923077, "Northen Russians": 0.6560693641618497, "Belarusians": 0.3333333333333333}, "skipped_nodes": 2, "memory_allocated_MB": 18.20947265625, "memory_reserved_MB": 78.0, "model_name": "GL_TAGConv_3l_128h_w_k3"}