{"f1_macro": 0.4047141980897859, "f1_weighted": 0.7307316970269331, "accuracy": 0.7972222222222223, "class_scores": {"English": 0.9722814498933902, "Germans": 0.6465753424657534, "French": 0.0, "Belgium": 0.0}, "skipped_nodes": 49, "model_name": "GL_GATConv_9l_128h"}