{"f1_macro": 0.8711295526861758, "f1_weighted": 0.8921694145325448, "precision_macro": 0.8835770280411204, "precision_weighted": 0.894630611027602, "recall_macro": 0.8629018338727077, "recall_weighted": 0.8925233644859814, "accuracy": 0.8925233644859814, "class_scores": {"Swedes": 0.8662420382165605, "Norwegians": 0.9411764705882353, "Danes": 0.8059701492537313}, "skipped_nodes": 1, "memory_allocated_MB": 23.58837890625, "memory_reserved_MB": 180.0, "f1_macro_score_only_mask_connect": 0.2807017543859649, "f1_macro_score_only_not_mask_connect": 0.8, "f1_macro_score_mixed_connect": 0.8721701607667928, "only_mask_connect_sum": 11.0, "only_not_mask_connect_sum": 5.0, "mixed_connect_sum": 198.0, "model_name": "GL_MLP_3l_512h"}