{"f1_macro": 0.8698376011935334, "f1_weighted": 0.8973559295593194, "accuracy": 0.9009009009009009, "class_scores": {"Chechens": 0.9444444444444444, "Kabardians, Circassians, Adyghes": 0.8813559322033898, "Karachays, Balkars": 0.9142857142857143, "Ingush": 0.9523809523809523, "Dagestan peoples": 0.9090909090909091, "Ossetians": 0.8571428571428571, "Kumyks": 1.0, "Nogais": 0.5}, "skipped_nodes": 7, "model_name": "GL_TAGConv_3l_512h_w_k3"}