{"f1_macro": 0.792372051051186, "f1_weighted": 0.8744873993401688, "accuracy": 0.8860569715142429, "class_scores": {"English": 0.9355509355509356, "Germans": 0.735632183908046, "French": 0.6, "Belgium": 0.8983050847457628}, "skipped_nodes": 102, "model_name": "GL_SAGEConv_3l_128h"}