{"f1_macro": 0.4748581762034677, "f1_weighted": 0.5478191423026957, "precision_macro": 0.5570271551889199, "precision_weighted": 0.5787490995887316, "recall_macro": 0.487241103652765, "recall_weighted": 0.5854748603351956, "accuracy": 0.5854748603351956, "class_scores": {"Ukranians": 0.17142857142857143, "Southern Russians": 0.6265734265734266, "Northen Russians": 0.7204783258594918, "Belarusians": 0.38095238095238093}, "skipped_nodes": 20, "memory_allocated_MB": 25.1435546875, "memory_reserved_MB": 104.0, "model_name": "GL_TAGConv_9l_128h_w_k3"}