{"f1_macro": 0.8158685524265006, "f1_weighted": 0.822041200373662, "accuracy": 0.8305084745762712, "class_scores": {"P0": 0.9142857142857143, "P1": 0.6511627906976745, "P2": 0.8292682926829268, "P3": 0.8, "P4": 0.9803921568627451, "P5": 0.782608695652174, "P6": 0.8, "P7": 0.7692307692307693}, "skipped_nodes": 0, "model_name": "MaxEdgeCountPerClassSize"}