{"f1_macro": 0.15123809523809523, "f1_weighted": 0.27711946532999165, "precision_macro": 0.15372953305033354, "precision_weighted": 0.2772972455395614, "recall_macro": 0.20500000000000002, "recall_weighted": 0.38596491228070173, "accuracy": 0.38596491228070173, "class_scores": {"Chechens": 0.0, "Kabardians, Circassians, Adyghes": 0.448, "Karachays, Balkars": 0.0, "Ingush": 0.0, "Dagestan peoples": 0.7619047619047619, "Ossetians": 0.0, "Kumyks": 0.0, "Nogais": 0.0}, "skipped_nodes": 4, "memory_allocated_MB": 37.7548828125, "memory_reserved_MB": 256.0, "f1_macro_score_only_mask_connect": 0.22666666666666666, "f1_macro_score_only_not_mask_connect": 0.25, "f1_macro_score_mixed_connect": 0.15977092099111734, "only_mask_connect_sum": 25.0, "only_not_mask_connect_sum": 4.0, "mixed_connect_sum": 85.0, "model_name": "GL_GATConv_9l_128h"}