{"f1_macro": 0.1752456763800047, "f1_weighted": 0.26163563794782696, "accuracy": 0.3489583333333333, "class_scores": {"krasnodar": 0.4051172707889126, "yaroslavl": 0.0, "ryazan": 0.4711111111111111, "kaluga": 0.0, "vologda": 0.0}, "skipped_nodes": 0, "model_name": "GL_SAGEConv_3l_128h"}