{"f1_macro": 0.7048664248607507, "f1_weighted": 0.7067731387653138, "precision_macro": 0.7055945558831027, "precision_weighted": 0.7072499411406066, "recall_macro": 0.7045396713870693, "recall_weighted": 0.7067099567099567, "accuracy": 0.7067099567099567, "class_scores": {"P0": 0.68389662027833, "P1": 0.582392776523702, "P2": 0.8865096359743041, "P3": 0.6666666666666666}, "skipped_nodes": 0, "memory_allocated_MB": 0.00048828125, "memory_reserved_MB": 52.0, "f1_macro_score_only_mask_connect": -100.0, "f1_macro_score_only_not_mask_connect": -100.0, "f1_macro_score_mixed_connect": -100.0, "only_mask_connect_sum": -100.0, "only_not_mask_connect_sum": -100.0, "mixed_connect_sum": -100.0, "model_name": "GL_LR"}