{"f1_macro": 0.5515539560756743, "f1_weighted": 0.5996532805193655, "precision_macro": 0.5678522355783688, "precision_weighted": 0.5978912939491537, "recall_macro": 0.5452043727731546, "recall_weighted": 0.6089385474860335, "accuracy": 0.6089385474860335, "class_scores": {"Ukranians": 0.3868312757201646, "Southern Russians": 0.6282245827010622, "Northen Russians": 0.7264296754250387, "Belarusians": 0.46473029045643155}, "skipped_nodes": 20, "memory_allocated_MB": 36.6865234375, "memory_reserved_MB": 228.0, "model_name": "GL_TAGConv_3l_512h_nw_k3_gnorm_gelu"}