{"f1_macro": 0.40731043688074337, "f1_weighted": 0.8070604271959388, "precision_macro": 0.3812821612349914, "precision_weighted": 0.8000818171295078, "recall_macro": 0.453667577058135, "recall_weighted": 0.8312883435582822, "accuracy": 0.8312883435582822, "class_scores": {"Udmurts,Besermyan": 0.0, "Tatars,Volga-Tatars,Mishar-Tatars,Kryashens": 0.9315673289183223, "Chuvash": 0.6976744186046512, "Mari": 0.0}, "skipped_nodes": 0, "memory_allocated_MB": 96.7958984375, "memory_reserved_MB": 7326.0, "model_name": "GL_GATConv_3l_512h"}