{"f1_macro": 0.29500674763832657, "f1_weighted": 0.3828603709631861, "accuracy": 0.4418604651162791, "class_scores": {"P0": 0.3157894736842105, "P1": 0.5692307692307692, "P2": 0.0}, "skipped_nodes": 0, "model_name": "GL_TAGConv_3l_512h_w_k3"}