{"f1_macro": 0.5839266727424622, "f1_weighted": 0.6594286538991092, "precision_macro": 0.586779035257098, "precision_weighted": 0.8588979760261036, "recall_macro": 0.8237688039190185, "recall_weighted": 0.6104294478527608, "accuracy": 0.6104294478527608, "class_scores": {"P0": 0.8095238095238095, "P1": 0.6666666666666666, "P2": 0.6549707602339181, "P3": 0.20454545454545456}, "skipped_nodes": 0, "model_name": "MaxIbdSumPerClassSize"}