{"f1_macro": 0.8301985454152129, "f1_weighted": 0.953127276881248, "precision_macro": 0.8062082289055973, "precision_weighted": 0.9611019496594246, "recall_macro": 0.8752546928512593, "recall_weighted": 0.9478527607361963, "accuracy": 0.9478527607361963, "class_scores": {"P0": 0.918918918918919, "P1": 0.9761388286334056, "P2": 0.9457364341085271, "P3": 0.48}, "skipped_nodes": 0, "memory_allocated_MB": 21.958984375, "memory_reserved_MB": 52.0, "model_name": "GL_MLP_3l_512h"}