{"f1_macro": 0.5887469720325919, "f1_weighted": 0.7330203787505183, "accuracy": 0.8028169014084507, "class_scores": {"Swedes": 0.9210526315789473, "Norwegians": 0.8451882845188284, "Danes": 0.0}, "skipped_nodes": 2, "model_name": "GL_GINConv_9l_128h"}