{"f1_macro": 0.8783324879023428, "f1_weighted": 0.9328191738525099, "precision_macro": 0.9249859178747487, "precision_weighted": 0.9367135600983059, "recall_macro": 0.8520118870506215, "recall_weighted": 0.9367816091954023, "accuracy": 0.9367816091954023, "class_scores": {"English": 0.9743589743589743, "Germans": 0.875, "French": 0.7326732673267327, "Belgium": 0.9312977099236641}, "skipped_nodes": 73, "memory_allocated_MB": 86.5166015625, "memory_reserved_MB": 244.0, "model_name": "GL_SAGEConv_9l_512h"}