{"f1_macro": 0.5912915199390882, "f1_weighted": 0.6049087053270359, "precision_macro": 0.6918604651162791, "precision_weighted": 0.9253103153088886, "recall_macro": 0.5751669051025274, "recall_weighted": 0.50920245398773, "accuracy": 0.50920245398773, "class_scores": {"Udmurts,Besermyan": 0.9714285714285714, "Tatars,Volga-Tatars,Mishar-Tatars,Kryashens": 0.5253164556962026, "Chuvash": 0.868421052631579, "Mari": 0.0}, "skipped_nodes": 0, "memory_allocated_MB": 19.818359375, "memory_reserved_MB": 104.0, "model_name": "GL_GINConv_3l_128h"}