{"f1_macro": 0.8628244522246489, "f1_weighted": 0.9180522674162751, "precision_macro": 0.8757309941520467, "precision_weighted": 0.9181122970596653, "recall_macro": 0.8535691178784955, "recall_weighted": 0.9202797202797203, "accuracy": 0.9202797202797203, "class_scores": {"English": 0.9646302250803859, "Germans": 0.8571428571428571, "French": 0.7086614173228346, "Belgium": 0.920863309352518}, "skipped_nodes": 54, "memory_allocated_MB": 339.0810546875, "memory_reserved_MB": 2762.0, "model_name": "GL_GATConv_9l_512h"}