{"f1_macro": 0.321802407418466, "f1_weighted": 0.4403640985830184, "precision_macro": 0.28648080325273906, "precision_weighted": 0.39194846418472234, "recall_macro": 0.3885741524577726, "recall_weighted": 0.5318918918918919, "accuracy": 0.5318918918918919, "class_scores": {"Southern Russians": 0.5785482123510293, "Ukranians": 0.0, "Northen Russians": 0.7086614173228346, "Belarusians": 0.0}, "skipped_nodes": 0, "memory_allocated_MB": 30.95068359375, "memory_reserved_MB": 168.0, "model_name": "GL_TAGConv_9l_128h_w_k3"}