{"f1_macro": 0.6782243599194063, "f1_weighted": 0.799234947115711, "precision_macro": 0.6655344913084851, "precision_weighted": 0.8041491500271193, "recall_macro": 0.7002310924369748, "recall_weighted": 0.8053097345132744, "accuracy": 0.8053097345132744, "class_scores": {"Chechens": 0.7894736842105263, "Kabardians, Circassians, Adyghes": 0.8571428571428571, "Karachays, Balkars": 0.8823529411764706, "Ingush": 0.9523809523809523, "Dagestan peoples": 0.7727272727272727, "Ossetians": 0.7272727272727273, "Kumyks": 0.0, "Nogais": 0.4444444444444444}, "skipped_nodes": 5, "memory_allocated_MB": 19.84814453125, "memory_reserved_MB": 180.0, "f1_macro_score_only_mask_connect": 0.3142857142857142, "f1_macro_score_only_not_mask_connect": 0.76, "f1_macro_score_mixed_connect": 0.6589752475865772, "only_mask_connect_sum": 24.0, "only_not_mask_connect_sum": 6.0, "mixed_connect_sum": 83.0, "model_name": "GL_GINConv_3l_128h"}