{"f1_macro": 0.9312637301239379, "f1_weighted": 0.953629282407427, "accuracy": 0.9547945205479452, "class_scores": {"English": 0.9766454352441614, "Germans": 0.9090909090909091, "French": 0.9022556390977443, "Belgium": 0.9370629370629371}, "skipped_nodes": 39, "model_name": "GL_GCNConv_9l_512h_w"}