{"f1_macro": 0.6696719976520096, "f1_weighted": 0.8056059038852676, "precision_macro": 0.6639971139971139, "precision_weighted": 0.835925672767778, "recall_macro": 0.7065038314176245, "recall_weighted": 0.7982456140350878, "accuracy": 0.7982456140350878, "class_scores": {"Chechens": 0.7368421052631579, "Kabardians, Circassians, Adyghes": 0.9056603773584906, "Karachays, Balkars": 0.8717948717948718, "Ingush": 0.7, "Dagestan peoples": 0.7906976744186046, "Ossetians": 0.9523809523809523, "Kumyks": 0.0, "Nogais": 0.4}, "skipped_nodes": 4, "memory_allocated_MB": 338.41943359375, "memory_reserved_MB": 1030.0, "model_name": "GL_GATConv_9l_512h"}