{"f1_macro": 0.6970041141134742, "f1_weighted": 0.8359452726746228, "precision_macro": 0.6971508563899869, "precision_weighted": 0.8643933179207994, "recall_macro": 0.7182239057239057, "recall_weighted": 0.839622641509434, "accuracy": 0.839622641509434, "class_scores": {"Chechens": 0.8292682926829268, "Kabardians, Circassians, Adyghes": 0.851063829787234, "Karachays, Balkars": 0.8205128205128205, "Ingush": 0.9523809523809523, "Dagestan peoples": 0.8421052631578947, "Ossetians": 0.9473684210526315, "Kumyks": 0.0, "Nogais": 0.3333333333333333}, "skipped_nodes": 12, "memory_allocated_MB": 16.7451171875, "memory_reserved_MB": 42.0, "model_name": "GL_GCNConv_3l_128h_w"}