{"f1_macro": 0.6242015853510323, "f1_weighted": 0.8381364819834651, "precision_macro": 0.6170201166657581, "precision_weighted": 0.8387397489742183, "recall_macro": 0.6368501529051989, "recall_weighted": 0.842443729903537, "accuracy": 0.842443729903537, "class_scores": {"Udmurts,Besermyan": 0.8571428571428571, "Tatars,Volga-Tatars,Mishar-Tatars,Kryashens": 0.9014084507042254, "Chuvash": 0.738255033557047, "Mari": 0.0}, "skipped_nodes": 15, "model_name": "MaxEdgeCount"}