{"f1_macro": 0.8964065124286194, "f1_weighted": 0.9629362522932223, "precision_macro": 0.8515921302149179, "precision_weighted": 0.9704966935719148, "recall_macro": 0.9751502089864159, "recall_weighted": 0.96, "accuracy": 0.96, "class_scores": {"Udmurts,Besermyan": 0.9230769230769231, "Tatars,Volga-Tatars,Mishar-Tatars,Kryashens": 0.9737991266375546, "Chuvash": 0.96875, "Mari": 0.72}, "skipped_nodes": 1, "memory_allocated_MB": 22.26220703125, "memory_reserved_MB": 52.0, "model_name": "GL_MLP_3l_512h"}