{"f1_macro": 0.5737031183513496, "f1_weighted": 0.6236356368688608, "precision_macro": 0.6090554548981219, "precision_weighted": 0.6308247806871993, "recall_macro": 0.5625622809364907, "recall_weighted": 0.6356756756756756, "accuracy": 0.6356756756756756, "class_scores": {"Southern Russians": 0.6611570247933884, "Ukranians": 0.4528301886792453, "Northen Russians": 0.7554858934169278, "Belarusians": 0.4253393665158371}, "skipped_nodes": 0, "memory_allocated_MB": 46.11328125, "memory_reserved_MB": 364.0, "model_name": "GL_TAGConv_3l_512h_w_k3_gnorm"}