{"f1_macro": 0.8716039715768055, "f1_weighted": 0.9765210024024986, "precision_macro": 0.9008924082453494, "precision_weighted": 0.9758341121567393, "recall_macro": 0.8535353535353536, "recall_weighted": 0.9785276073619632, "accuracy": 0.9785276073619632, "class_scores": {"P0": 1.0, "P1": 0.9978586723768736, "P2": 0.9552238805970149, "P3": 0.5333333333333333}, "skipped_nodes": 0, "memory_allocated_MB": 0.00048828125, "memory_reserved_MB": 26.0, "f1_macro_score_only_mask_connect": -100.0, "f1_macro_score_only_not_mask_connect": -100.0, "f1_macro_score_mixed_connect": -100.0, "only_mask_connect_sum": -100.0, "only_not_mask_connect_sum": -100.0, "mixed_connect_sum": -100.0, "model_name": "GL_LR"}