{"f1_macro": 0.8919747895517083, "f1_weighted": 0.9758397016214383, "precision_macro": 0.887212873931624, "precision_weighted": 0.976412648786115, "recall_macro": 0.8977272727272727, "recall_weighted": 0.9754601226993865, "accuracy": 0.9754601226993865, "class_scores": {"P0": 1.0, "P1": 0.9978586723768736, "P2": 0.9384615384615385, "P3": 0.631578947368421}, "skipped_nodes": 0, "memory_allocated_MB": 43.7548828125, "memory_reserved_MB": 204.0, "model_name": "GL_TAGConv_3l_512h_w_k3_gnorm"}