{"f1_macro": 0.5125548321880865, "f1_weighted": 0.6015554174644324, "accuracy": 0.5432098765432098, "class_scores": {"Udmurts,Besermyan": 0.7142857142857143, "Tatars,Volga-Tatars,Mishar-Tatars,Kryashens": 0.6355685131195336, "Chuvash": 0.5088757396449705, "Mari": 0.19148936170212766}, "skipped_nodes": 2, "model_name": "MaxEdgeCountPerClassSize"}