{"f1_macro": 0.9185902128072233, "f1_weighted": 0.9494045216232258, "precision_macro": 0.9144973777080248, "precision_weighted": 0.9508116369515177, "recall_macro": 0.9256016264857939, "recall_weighted": 0.9492957746478873, "accuracy": 0.9492957746478873, "class_scores": {"English": 0.973741794310722, "Germans": 0.921161825726141, "French": 0.8780487804878049, "Belgium": 0.9014084507042254}, "skipped_nodes": 59, "memory_allocated_MB": 37.5849609375, "memory_reserved_MB": 214.0, "model_name": "GL_TAGConv_3l_512h_nw_k3_gnorm_leaky_relu"}