{"f1_macro": 0.708921299754541, "f1_weighted": 0.7089212997545409, "precision_macro": 0.7108615732831245, "precision_weighted": 0.7108615732831244, "recall_macro": 0.7077922077922078, "recall_weighted": 0.7077922077922078, "accuracy": 0.7077922077922078, "class_scores": {"P0": 0.6540880503144654, "P1": 0.6124197002141327, "P2": 0.8577680525164114, "P3": 0.7114093959731543}, "skipped_nodes": 0, "memory_allocated_MB": 57.34521484375, "memory_reserved_MB": 424.0, "model_name": "GL_TAGConv_3l_512h_w_k3_gnorm"}