{"f1_macro": 0.9643223443223444, "f1_weighted": 0.9626630378966827, "precision_macro": 0.9707936507936509, "precision_weighted": 0.9630618602581218, "recall_macro": 0.9584394102840704, "recall_weighted": 0.9626168224299065, "accuracy": 0.9626168224299065, "class_scores": {"Swedes": 0.96, "Norwegians": 0.9615384615384616, "Danes": 0.9714285714285714}, "skipped_nodes": 1, "memory_allocated_MB": 20.9375, "memory_reserved_MB": 68.0, "model_name": "GL_SAGEConv_9l_128h"}