{"f1_macro": 0.7542970652491547, "f1_weighted": 0.9477489162447735, "precision_macro": 0.9639038205884053, "precision_weighted": 0.9599613554732642, "recall_macro": 0.7274623921619631, "recall_weighted": 0.9570552147239264, "accuracy": 0.9570552147239264, "class_scores": {"P0": 0.9090909090909091, "P1": 0.9872340425531915, "P2": 0.920863309352518, "P3": 0.2}, "skipped_nodes": 0, "model_name": "MaxIbdSum"}