{"f1_macro": 0.8888565267042634, "f1_weighted": 0.9066286288083252, "precision_macro": 0.9346451714872767, "precision_weighted": 0.9135379053142211, "recall_macro": 0.861596548004315, "recall_weighted": 0.9086538461538461, "accuracy": 0.9086538461538461, "class_scores": {"Swedes": 0.9271523178807947, "Norwegians": 0.9158878504672897, "Danes": 0.8235294117647058}, "skipped_nodes": 7, "memory_allocated_MB": 26.587890625, "memory_reserved_MB": 58.0, "model_name": "GL_SAGEConv_3l_512h"}