{"f1_macro": 0.9306846896951964, "f1_weighted": 0.9380135496672168, "precision_macro": 0.9221152155652361, "precision_weighted": 0.9397244712292897, "recall_macro": 0.9419549709433831, "recall_weighted": 0.937799043062201, "accuracy": 0.937799043062201, "class_scores": {"Swedes": 0.9315068493150684, "Norwegians": 0.9514563106796117, "Danes": 0.9090909090909091}, "skipped_nodes": 6, "memory_allocated_MB": 21.4716796875, "memory_reserved_MB": 44.0, "model_name": "GL_MLP_3l_512h"}