{"f1_macro": 0.4717552414252836, "f1_weighted": 0.5507873315939142, "precision_macro": 0.5443935594925642, "precision_weighted": 0.5662807384073965, "recall_macro": 0.47338347835559724, "recall_weighted": 0.5849802371541502, "accuracy": 0.5849802371541502, "class_scores": {"Northen Russians": 0.6879194630872483, "Ukranians": 0.17266187050359713, "Belarusians": 0.39759036144578314, "Southern Russians": 0.6288492706645057}, "skipped_nodes": 98, "memory_allocated_MB": 51.44921875, "memory_reserved_MB": 206.0, "model_name": "GL_GCNConv_9l_512h_w"}