{"f1_macro": 0.6812180505664548, "f1_weighted": 0.8144618001939654, "precision_macro": 0.6881628787878789, "precision_weighted": 0.8195187165775402, "recall_macro": 0.6813357843137255, "recall_weighted": 0.8137254901960784, "accuracy": 0.8137254901960784, "class_scores": {"Chechens": 0.875, "Kabardians, Circassians, Adyghes": 0.8085106382978723, "Karachays, Balkars": 0.8571428571428571, "Ingush": 0.9090909090909091, "Dagestan peoples": 0.8, "Ossetians": 0.8, "Kumyks": 0.0, "Nogais": 0.4}, "skipped_nodes": 16, "memory_allocated_MB": 42.29541015625, "memory_reserved_MB": 98.0, "f1_macro_score_only_mask_connect": 0.2722222222222222, "f1_macro_score_only_not_mask_connect": 0.5928833071690214, "f1_macro_score_mixed_connect": 0.8790574383594406, "only_mask_connect_sum": 13.0, "only_not_mask_connect_sum": 21.0, "mixed_connect_sum": 68.0, "model_name": "GL_GINConv_3l_512h"}