{"f1_macro": 0.9416554458903872, "f1_weighted": 0.964673763362648, "accuracy": 0.9653259361997226, "class_scores": {"English": 0.9849785407725322, "Germans": 0.9349593495934959, "French": 0.8837209302325582, "Belgium": 0.9629629629629629}, "skipped_nodes": 48, "model_name": "GL_TAGConv_9l_512h_w_k3"}