{"f1_macro": 0.9085304384460293, "f1_weighted": 0.9239302795174407, "accuracy": 0.923728813559322, "class_scores": {"P0": 1.0, "P1": 0.8771929824561403, "P2": 1.0, "P3": 1.0, "P4": 0.8679245283018868, "P5": 0.9473684210526315, "P6": 0.6666666666666666, "P7": 0.9090909090909091}, "skipped_nodes": 0, "model_name": "GL_TAGConv_3l_512h_w_k3_gnorm"}