{"f1_macro": 0.7344080894336565, "f1_weighted": 0.84130063952298, "precision_macro": 0.8338096526235912, "precision_weighted": 0.8933451830988268, "recall_macro": 0.7329641712454212, "recall_weighted": 0.8328313253012049, "accuracy": 0.8328313253012049, "class_scores": {"English": 0.9228971962616822, "Germans": 0.6402877697841727, "French": 0.5641025641025641, "Belgium": 0.8103448275862069}, "skipped_nodes": 105, "memory_allocated_MB": 18.8095703125, "memory_reserved_MB": 60.0, "model_name": "GL_MLP_9l_128h"}