{"f1_macro": 0.5349648721010023, "f1_weighted": 0.6031237358220136, "precision_macro": 0.584803596336846, "precision_weighted": 0.6084747499451144, "recall_macro": 0.5220029674816908, "recall_weighted": 0.6216216216216216, "accuracy": 0.6216216216216216, "class_scores": {"Northen Russians": 0.7224199288256228, "Ukranians": 0.2978723404255319, "Belarusians": 0.475, "Southern Russians": 0.6445672191528545}, "skipped_nodes": 107, "memory_allocated_MB": 86.525390625, "memory_reserved_MB": 278.0, "model_name": "GL_SAGEConv_9l_512h"}