{"f1_macro": 0.9249847496845512, "f1_weighted": 0.954973901095398, "accuracy": 0.9555555555555556, "class_scores": {"English": 0.9795037756202805, "Germans": 0.9361702127659575, "French": 0.8857142857142857, "Belgium": 0.8985507246376812}, "skipped_nodes": 49, "model_name": "GL_GATConv_9l_512h"}