{"f1_macro": 0.6647543876251425, "f1_weighted": 0.9009466217325374, "accuracy": 0.9229323308270677, "class_scores": {"English": 0.9827160493827161, "Germans": 0.7258064516129032, "French": 0.0, "Belgium": 0.9504950495049505}, "skipped_nodes": 237, "model_name": "GL_GATConv_9l_512h"}