{"f1_macro": 0.9320163267311722, "f1_weighted": 0.9566604801807902, "accuracy": 0.9576502732240437, "class_scores": {"English": 0.9775880469583778, "Germans": 0.9384615384615385, "French": 0.8923076923076924, "Belgium": 0.9197080291970803}, "skipped_nodes": 37, "model_name": "GL_SAGEConv_3l_128h"}