{"f1_macro": 0.5322987465380509, "f1_weighted": 0.7403100334701279, "precision_macro": 0.6370598212703475, "precision_weighted": 0.8014000600892358, "recall_macro": 0.5388798701298702, "recall_weighted": 0.7735849056603774, "accuracy": 0.7735849056603774, "class_scores": {"Chechens": 0.7727272727272727, "Kabardians, Circassians, Adyghes": 0.819672131147541, "Karachays, Balkars": 0.8648648648648649, "Ingush": 0.46153846153846156, "Dagestan peoples": 0.8780487804878049, "Ossetians": 0.46153846153846156, "Kumyks": 0.0, "Nogais": 0.0}, "skipped_nodes": 12, "memory_allocated_MB": 17.671875, "memory_reserved_MB": 46.0, "model_name": "GL_TAGConv_3l_128h_w_k3"}