{"f1_macro": 0.9582704969340511, "f1_weighted": 0.9627376156362795, "accuracy": 0.9627906976744186, "class_scores": {"P0": 0.9530201342281879, "P1": 0.9758454106280193, "P2": 0.9459459459459459}, "skipped_nodes": 0, "model_name": "GL_TAGConv_3l_512h_w_k3_gnorm"}