{"f1_macro": 0.3412458509662065, "f1_weighted": 0.46694214527097355, "precision_macro": 0.2937818542676288, "precision_weighted": 0.4019515766959237, "recall_macro": 0.4139280437647247, "recall_weighted": 0.5664864864864865, "accuracy": 0.5664864864864865, "class_scores": {"Southern Russians": 0.5867287543655413, "Ukranians": 0.0, "Northen Russians": 0.7782546494992847, "Belarusians": 0.0}, "skipped_nodes": 0, "memory_allocated_MB": 25.1435546875, "memory_reserved_MB": 264.0, "model_name": "GL_TAGConv_9l_128h_w_k3"}