{"f1_macro": 0.8589651674630316, "f1_weighted": 0.9226006668098571, "precision_macro": 0.8748142743465633, "precision_weighted": 0.9261218245427781, "recall_macro": 0.8511422627897204, "recall_weighted": 0.9239940387481371, "accuracy": 0.9239940387481371, "class_scores": {"English": 0.9673202614379085, "Germans": 0.8361581920903954, "French": 0.7272727272727273, "Belgium": 0.9051094890510949}, "skipped_nodes": 98, "memory_allocated_MB": 37.0791015625, "memory_reserved_MB": 368.0, "model_name": "GL_GATConv_9l_128h"}