{"f1_macro": 0.6958175387531308, "f1_weighted": 0.9400164133512238, "accuracy": 0.9539877300613497, "class_scores": {"Udmurts,Besermyan": 0.8484848484848485, "Tatars,Volga-Tatars,Mishar-Tatars,Kryashens": 0.9789029535864979, "Chuvash": 0.9558823529411765, "Mari": 0.0}, "skipped_nodes": 0, "model_name": "MaxEdgeCount"}