{"f1_macro": 0.7901855743333235, "f1_weighted": 0.9448023613572548, "precision_macro": 0.8337579834216605, "precision_weighted": 0.9494086965798126, "recall_macro": 0.794096241116534, "recall_weighted": 0.9470404984423676, "accuracy": 0.9470404984423676, "class_scores": {"Udmurts,Besermyan": 0.7692307692307693, "Tatars,Volga-Tatars,Mishar-Tatars,Kryashens": 0.9734513274336283, "Chuvash": 0.9565217391304348, "Mari": 0.46153846153846156}, "skipped_nodes": 5, "memory_allocated_MB": 37.904296875, "memory_reserved_MB": 288.0, "f1_macro_score_only_mask_connect": NaN, "f1_macro_score_only_not_mask_connect": 0.7901855743333235, "f1_macro_score_mixed_connect": NaN, "only_mask_connect_sum": 0.0, "only_not_mask_connect_sum": 321.0, "mixed_connect_sum": 0.0, "model_name": "GL_TAGConv_3l_512h_w_k3_gnorm"}