{"f1_macro": 0.6108725535254994, "f1_weighted": 0.6122618199217699, "precision_macro": 0.6234957261917733, "precision_weighted": 0.6230578322990465, "recall_macro": 0.6203412516997586, "recall_weighted": 0.6233766233766234, "accuracy": 0.6233766233766234, "class_scores": {"P0": 0.6007604562737643, "P1": 0.4722222222222222, "P2": 0.7590132827324478, "P3": 0.6114942528735632}, "skipped_nodes": 0, "model_name": "MaxIbdSum"}