{"f1_macro": 0.6081956464966003, "f1_weighted": 0.612272663171196, "precision_macro": 0.6115234346166849, "precision_weighted": 0.6182094103433668, "recall_macro": 0.6213373134328027, "recall_weighted": 0.6222943722943723, "accuracy": 0.6222943722943723, "class_scores": {"P0": 0.5868725868725869, "P1": 0.47282608695652173, "P2": 0.7667269439421338, "P3": 0.6063569682151589}, "skipped_nodes": 0, "model_name": "MaxIbdSumPerClassSize"}