{"f1_macro": 0.8140221301715184, "f1_weighted": 0.9113658846312097, "precision_macro": 0.8720883450477563, "precision_weighted": 0.9153475454599564, "recall_macro": 0.7870893403827689, "recall_weighted": 0.9177215189873418, "accuracy": 0.9177215189873418, "class_scores": {"English": 0.9730941704035875, "Germans": 0.7796610169491526, "French": 0.5866666666666667, "Belgium": 0.9166666666666666}, "skipped_nodes": 137, "memory_allocated_MB": 16.88232421875, "memory_reserved_MB": 70.0, "f1_macro_score_only_mask_connect": 0.6303313544692855, "f1_macro_score_only_not_mask_connect": 0.8497186632386939, "f1_macro_score_mixed_connect": 0.9507986391419675, "only_mask_connect_sum": 97.0, "only_not_mask_connect_sum": 140.0, "mixed_connect_sum": 395.0, "model_name": "GL_GCNConv_3l_128h_w"}