{"f1_macro": 0.6709700329912024, "f1_weighted": 0.9088561812964395, "accuracy": 0.9233128834355828, "class_scores": {"P0": 0.8387096774193549, "P1": 0.9545454545454546, "P2": 0.890625, "P3": 0.0}, "skipped_nodes": 0, "model_name": "MaxSegmentCount"}