{"f1_macro": 0.9350133011423334, "f1_weighted": 0.9852198436010033, "accuracy": 0.9846625766871165, "class_scores": {"Udmurts,Besermyan": 0.972972972972973, "Tatars,Volga-Tatars,Mishar-Tatars,Kryashens": 0.9978494623655914, "Chuvash": 0.9692307692307692, "Mari": 0.8}, "skipped_nodes": 0, "model_name": "GL_SAGEConv_9l_512h"}