{"f1_macro": 0.9475067337844201, "f1_weighted": 0.9879752614461287, "precision_macro": 0.9329959514170041, "precision_weighted": 0.9884578127716649, "recall_macro": 0.9635735032730741, "recall_weighted": 0.9877300613496932, "accuracy": 0.9877300613496932, "class_scores": {"Udmurts,Besermyan": 0.972972972972973, "Tatars,Volga-Tatars,Mishar-Tatars,Kryashens": 0.9978494623655914, "Chuvash": 0.9770992366412213, "Mari": 0.8421052631578947}, "skipped_nodes": 0, "memory_allocated_MB": 89.548828125, "memory_reserved_MB": 398.0, "model_name": "GL_SAGEConv_9l_512h"}