{"f1_macro": 0.6289377053404626, "f1_weighted": 0.7079144186995036, "precision_macro": 0.6121669952126162, "precision_weighted": 0.8785134058841111, "recall_macro": 0.8759754194303551, "recall_weighted": 0.6687116564417178, "accuracy": 0.6687116564417178, "class_scores": {"Udmurts,Besermyan": 0.8372093023255814, "Tatars,Volga-Tatars,Mishar-Tatars,Kryashens": 0.7091412742382271, "Chuvash": 0.7325581395348837, "Mari": 0.23684210526315788}, "skipped_nodes": 0, "model_name": "MaxEdgeCountPerClassSize"}