{"f1_macro": 0.5010601640942272, "f1_weighted": 0.61511437337628, "precision_macro": 0.5562602681452796, "precision_weighted": 0.7633638425937426, "recall_macro": 0.5343726969263449, "recall_weighted": 0.5705521472392638, "accuracy": 0.5705521472392638, "class_scores": {"P0": 0.7741935483870968, "P1": 0.6738544474393531, "P2": 0.43119266055045874, "P3": 0.125}, "skipped_nodes": 0, "model_name": "LongestIbd"}