{"f1_macro": 0.6648917094808648, "f1_weighted": 0.7119421448952987, "precision_macro": 0.6737458193979933, "precision_weighted": 0.8864312534624619, "recall_macro": 0.8797632982182338, "recall_weighted": 0.6717791411042945, "accuracy": 0.6717791411042945, "class_scores": {"P0": 1.0, "P1": 0.7091412742382271, "P2": 0.7071823204419889, "P3": 0.24324324324324326}, "skipped_nodes": 0, "model_name": "MaxEdgeCountPerClassSize"}