{"f1_macro": 0.8630759792050114, "f1_weighted": 0.9735896197008409, "precision_macro": 0.885392829900839, "precision_weighted": 0.9732209290898626, "recall_macro": 0.852462392161963, "recall_weighted": 0.9754601226993865, "accuracy": 0.9754601226993865, "class_scores": {"Udmurts,Besermyan": 0.972972972972973, "Tatars,Volga-Tatars,Mishar-Tatars,Kryashens": 0.9978494623655914, "Chuvash": 0.9481481481481482, "Mari": 0.5333333333333333}, "skipped_nodes": 0, "memory_allocated_MB": 21.71630859375, "memory_reserved_MB": 212.0, "model_name": "GL_GINConv_3l_128h"}