{"f1_macro": 0.9455018835345167, "f1_weighted": 0.9630735363884223, "accuracy": 0.9638888888888889, "class_scores": {"English": 0.978494623655914, "Germans": 0.9456066945606695, "French": 0.9007633587786259, "Belgium": 0.9571428571428572}, "skipped_nodes": 49, "model_name": "GL_GATConv_3l_128h"}