{"f1_macro": 0.9763424634457633, "f1_weighted": 0.9794308616475069, "precision_macro": 0.9832237621416726, "precision_weighted": 0.9796960944501096, "recall_macro": 0.9699823544576107, "recall_weighted": 0.9796195652173914, "accuracy": 0.9796195652173914, "class_scores": {"P0": 0.9860064585575888, "P1": 0.9538461538461539, "P2": 0.9655172413793104, "P3": 1.0}, "skipped_nodes": 26, "memory_allocated_MB": 97.65185546875, "memory_reserved_MB": 1224.0, "model_name": "GL_GATConv_3l_512h"}