{"f1_macro": 0.4519295342348416, "f1_weighted": 0.5410574279672475, "precision_macro": 0.5769980351727186, "precision_weighted": 0.5810538841702865, "recall_macro": 0.4566428457423113, "recall_weighted": 0.5853333333333334, "accuracy": 0.5853333333333334, "class_scores": {"Northen Russians": 0.7081339712918661, "Ukranians": 0.1897810218978102, "Belarusians": 0.29850746268656714, "Southern Russians": 0.6112956810631229}, "skipped_nodes": 107, "memory_allocated_MB": 16.6298828125, "memory_reserved_MB": 34.0, "model_name": "GL_GCNConv_3l_128h_w"}