{"f1_macro": 0.9736793794883949, "f1_weighted": 0.9780395410470409, "precision_macro": 0.9798624879516312, "precision_weighted": 0.9783520209511449, "recall_macro": 0.9681166828158196, "recall_weighted": 0.9782608695652174, "accuracy": 0.9782608695652174, "class_scores": {"P0": 0.9860064585575888, "P1": 0.9498069498069498, "P2": 0.958904109589041, "P3": 1.0}, "skipped_nodes": 26, "memory_allocated_MB": 17.62158203125, "memory_reserved_MB": 64.0, "model_name": "GL_TAGConv_3l_128h_w_k3"}