{"f1_macro": 0.5940380639082358, "f1_weighted": 0.6442514301860349, "precision_macro": 0.6140234208232408, "precision_weighted": 0.6436495380855886, "recall_macro": 0.5858801965097644, "recall_weighted": 0.654054054054054, "accuracy": 0.654054054054054, "class_scores": {"Southern Russians": 0.6676470588235294, "Ukranians": 0.48905109489051096, "Northen Russians": 0.7890743550834598, "Belarusians": 0.43037974683544306}, "skipped_nodes": 0, "memory_allocated_MB": 40.40771484375, "memory_reserved_MB": 440.0, "model_name": "GL_TAGConv_3l_512h_w_k3"}