{"f1_macro": 0.5048762962110764, "f1_weighted": 0.5640567941338369, "precision_macro": 0.580096352408562, "precision_weighted": 0.5883806991350874, "recall_macro": 0.49879499879499883, "recall_weighted": 0.5846560846560847, "accuracy": 0.5846560846560847, "class_scores": {"Northen Russians": 0.6795096322241682, "Ukranians": 0.27972027972027974, "Belarusians": 0.4489795918367347, "Southern Russians": 0.6112956810631229}, "skipped_nodes": 101, "memory_allocated_MB": 17.892578125, "memory_reserved_MB": 56.0, "model_name": "GL_GINConv_3l_128h"}