{"f1_macro": 0.9850381497377205, "f1_weighted": 0.9938650306748467, "precision_macro": 0.9850381497377205, "precision_weighted": 0.9938650306748467, "recall_macro": 0.9850381497377205, "recall_weighted": 0.9938650306748467, "accuracy": 0.9938650306748467, "class_scores": {"P0": 0.9444444444444444, "P1": 0.9957081545064378, "P2": 1.0, "P3": 1.0}, "skipped_nodes": 0, "memory_allocated_MB": 22.66064453125, "memory_reserved_MB": 56.0, "model_name": "GL_MLP_3l_512h"}