{"f1_macro": 0.5081223603111036, "f1_weighted": 0.5647623827854772, "precision_macro": 0.5047063191435681, "precision_weighted": 0.5788179108889439, "recall_macro": 0.5206433897072195, "recall_weighted": 0.5576102418207681, "accuracy": 0.5576102418207681, "class_scores": {"Northen Russians": 0.6932270916334662, "Ukranians": 0.3054187192118227, "Belarusians": 0.4661016949152542, "Southern Russians": 0.567741935483871}, "skipped_nodes": 107, "memory_allocated_MB": 41.8603515625, "memory_reserved_MB": 144.0, "model_name": "GL_GINConv_3l_512h"}