{"f1_macro": 0.5943023005266507, "f1_weighted": 0.6774972486662498, "precision_macro": 0.5848518258791752, "precision_weighted": 0.8588322859811601, "recall_macro": 0.8377823297351195, "recall_weighted": 0.6349693251533742, "accuracy": 0.6349693251533742, "class_scores": {"Udmurts,Besermyan": 0.7906976744186046, "Tatars,Volga-Tatars,Mishar-Tatars,Kryashens": 0.6890756302521008, "Chuvash": 0.6666666666666666, "Mari": 0.23076923076923078}, "skipped_nodes": 0, "model_name": "MaxIbdSumPerClassSize"}