{"f1_macro": 0.5795373899706346, "f1_weighted": 0.6545401216385425, "accuracy": 0.6104294478527608, "class_scores": {"Udmurts,Besermyan": 0.7906976744186046, "Tatars,Volga-Tatars,Mishar-Tatars,Kryashens": 0.6628571428571428, "Chuvash": 0.6477272727272727, "Mari": 0.21686746987951808}, "skipped_nodes": 0, "model_name": "MaxIbdSumPerClassSize"}