{"f1_macro": 0.10919462785788078, "f1_weighted": 0.1672245492022139, "accuracy": 0.3177083333333333, "class_scores": {"krasnodar": 0.06629834254143646, "yaroslavl": 0.0, "ryazan": 0.4796747967479675, "kaluga": 0.0, "vologda": 0.0}, "skipped_nodes": 0, "model_name": "GL_GINConv_9l_128h"}