{"f1_macro": 0.9709412860568708, "f1_weighted": 0.9766901313669425, "accuracy": 0.9769021739130435, "class_scores": {"P0": 0.9860064585575888, "P1": 0.9461538461538461, "P2": 0.958904109589041, "P3": 0.9927007299270073}, "skipped_nodes": 26, "model_name": "GL_TAGConv_3l_512h_w_k3"}