{"f1_macro": 0.8104851590185936, "f1_weighted": 0.9108411669455843, "precision_macro": 0.821239953296405, "precision_weighted": 0.9171034858076648, "recall_macro": 0.8141440398721473, "recall_weighted": 0.9107142857142857, "accuracy": 0.9107142857142857, "class_scores": {"English": 0.9690721649484536, "Germans": 0.75177304964539, "French": 0.6105263157894737, "Belgium": 0.9105691056910569}, "skipped_nodes": 153, "memory_allocated_MB": 339.0029296875, "memory_reserved_MB": 922.0, "model_name": "GL_GATConv_9l_512h"}