{"f1_macro": 0.9285055148144045, "f1_weighted": 0.9295582292898941, "precision_macro": 0.9370150817359555, "precision_weighted": 0.9304013181654027, "recall_macro": 0.9214732624441363, "recall_weighted": 0.9295774647887324, "accuracy": 0.9295774647887324, "class_scores": {"Swedes": 0.9281045751633987, "Norwegians": 0.9320388349514563, "Danes": 0.9253731343283582}, "skipped_nodes": 2, "memory_allocated_MB": 26.79443359375, "memory_reserved_MB": 62.0, "model_name": "GL_SAGEConv_3l_512h"}