{"f1_macro": 0.4879896328702835, "f1_weighted": 0.5385192213241646, "precision_macro": 0.48742461893240197, "precision_weighted": 0.550394579153963, "recall_macro": 0.49841505515569046, "recall_weighted": 0.533498759305211, "accuracy": 0.533498759305211, "class_scores": {"Ukranians": 0.3333333333333333, "Southern Russians": 0.5464684014869888, "Northen Russians": 0.6750448833034112, "Belarusians": 0.3971119133574007}, "skipped_nodes": 77, "memory_allocated_MB": 22.12646484375, "memory_reserved_MB": 80.0, "model_name": "GL_GINConv_9l_128h"}