{"f1_macro": 0.4114767391199109, "f1_weighted": 0.5538096534961484, "precision_macro": 0.5070634393817268, "precision_weighted": 0.7160839691747679, "recall_macro": 0.4118383404864091, "recall_weighted": 0.5061349693251533, "accuracy": 0.5061349693251533, "class_scores": {"P0": 0.6428571428571429, "P1": 0.6153846153846154, "P2": 0.3876651982378855, "P3": 0.0}, "skipped_nodes": 0, "model_name": "LongestIbd"}