{"f1_macro": 0.9792873063100532, "f1_weighted": 0.9813460575528755, "precision_macro": 0.9848178137651823, "precision_weighted": 0.9816071932962998, "recall_macro": 0.9743012915828451, "recall_weighted": 0.9813953488372092, "accuracy": 0.9813953488372092, "class_scores": {"Swedes": 0.9801324503311258, "Norwegians": 0.9855072463768116, "Danes": 0.9722222222222222}, "skipped_nodes": 0, "memory_allocated_MB": 19.79345703125, "memory_reserved_MB": 52.0, "f1_macro_score_only_mask_connect": 1.0, "f1_macro_score_only_not_mask_connect": 0.43333333333333335, "f1_macro_score_mixed_connect": 0.987598302724353, "only_mask_connect_sum": 12.0, "only_not_mask_connect_sum": 5.0, "mixed_connect_sum": 198.0, "model_name": "GL_TAGConv_3l_128h_w_k3"}