{"f1_macro": 0.7148427960927961, "f1_weighted": 0.8277001263843369, "precision_macro": 0.7475996376811594, "precision_weighted": 0.883466819221968, "recall_macro": 0.7505268199233717, "recall_weighted": 0.8157894736842105, "accuracy": 0.8157894736842105, "class_scores": {"Chechens": 0.8095238095238095, "Kabardians, Circassians, Adyghes": 0.8846153846153846, "Karachays, Balkars": 0.85, "Ingush": 0.6666666666666666, "Dagestan peoples": 0.8888888888888888, "Ossetians": 0.8888888888888888, "Kumyks": 0.2857142857142857, "Nogais": 0.4444444444444444}, "skipped_nodes": 4, "memory_allocated_MB": 339.46142578125, "memory_reserved_MB": 1040.0, "model_name": "GL_GATConv_9l_512h"}