{"f1_macro": 0.34145220913837937, "f1_weighted": 0.4257483590544147, "accuracy": 0.42735042735042733, "class_scores": {"Chechens": 0.3404255319148936, "Kabardians, Circassians, Adyghes": 0.5357142857142857, "Karachays, Balkars": 0.46153846153846156, "Ingush": 0.30303030303030304, "Dagestan peoples": 0.42424242424242425, "Ossetians": 0.6666666666666666, "Kumyks": 0.0, "Nogais": 0.0}, "skipped_nodes": 1, "model_name": "GL_GINConv_9l_512h"}