{"f1_macro": 0.9284628052839974, "f1_weighted": 0.9380173903040329, "precision_macro": 0.9460397690972516, "precision_weighted": 0.9395249207849279, "recall_macro": 0.9148981534361317, "recall_weighted": 0.9386792452830188, "accuracy": 0.9386792452830188, "class_scores": {"Swedes": 0.9536423841059603, "Norwegians": 0.9428571428571428, "Danes": 0.8888888888888888}, "skipped_nodes": 3, "memory_allocated_MB": 18.10302734375, "memory_reserved_MB": 60.0, "model_name": "GL_GINConv_3l_128h"}