{"f1_macro": 0.9343671278058384, "f1_weighted": 0.9846073211483003, "accuracy": 0.9846625766871165, "class_scores": {"P0": 1.0, "P1": 0.9978586723768736, "P2": 0.9618320610687023, "P3": 0.7777777777777778}, "skipped_nodes": 0, "model_name": "GL_TAGConv_3l_512h_w_k3_gnorm"}