{"f1_macro": 0.9277874902874903, "f1_weighted": 0.9808544386765246, "precision_macro": 0.9535184673482546, "precision_weighted": 0.9807969865925745, "recall_macro": 0.9080179477175185, "recall_weighted": 0.9815950920245399, "accuracy": 0.9815950920245399, "class_scores": {"P0": 1.0, "P1": 0.9914529914529915, "P2": 0.9696969696969697, "P3": 0.75}, "skipped_nodes": 0, "memory_allocated_MB": 41.529296875, "memory_reserved_MB": 184.0, "model_name": "GL_TAGConv_3l_512h_w_k3_gnorm"}