{"f1_macro": 0.8515640662739744, "f1_weighted": 0.9252747644470367, "accuracy": 0.9233128834355828, "class_scores": {"P0": 0.972972972972973, "P1": 0.9530201342281879, "P2": 0.8552631578947368, "P3": 0.625}, "skipped_nodes": 0, "model_name": "LongestIbd"}