{"f1_macro": 0.6958262553781422, "f1_weighted": 0.7850109385974708, "accuracy": 0.7931034482758621, "class_scores": {"Chechens": 0.8571428571428571, "Kabardians, Circassians, Adyghes": 0.7547169811320755, "Karachays, Balkars": 0.8108108108108109, "Ingush": 0.9090909090909091, "Dagestan peoples": 0.8181818181818182, "Ossetians": 0.6666666666666666, "Kumyks": 0.0, "Nogais": 0.75}, "skipped_nodes": 2, "model_name": "GL_GINConv_3l_128h"}