{"f1_macro": 0.6466743437186787, "f1_weighted": 0.7781111608697815, "accuracy": 0.7941176470588235, "class_scores": {"Chechens": 0.8181818181818182, "Kabardians, Circassians, Adyghes": 0.8275862068965517, "Karachays, Balkars": 0.9142857142857143, "Ingush": 0.5, "Dagestan peoples": 0.8, "Ossetians": 0.6666666666666666, "Kumyks": 0.0, "Nogais": 0.0}, "skipped_nodes": 16, "model_name": "GL_TAGConv_3l_128h_w_k3"}