{"f1_macro": 0.923720295661785, "f1_weighted": 0.9223925925036008, "precision_macro": 0.927293771043771, "precision_weighted": 0.9265554091641048, "recall_macro": 0.9257529017354068, "recall_weighted": 0.9217391304347826, "accuracy": 0.9217391304347826, "class_scores": {"Chechens": 0.9444444444444444, "Kabardians, Circassians, Adyghes": 0.8928571428571429, "Karachays, Balkars": 0.9142857142857143, "Ingush": 0.9523809523809523, "Dagestan peoples": 0.9787234042553191, "Ossetians": 0.8181818181818182, "Kumyks": 1.0, "Nogais": 0.8888888888888888}, "skipped_nodes": 3, "memory_allocated_MB": 18.796875, "memory_reserved_MB": 80.0, "f1_macro_score_only_mask_connect": -100.0, "f1_macro_score_only_not_mask_connect": -100.0, "f1_macro_score_mixed_connect": -100.0, "only_mask_connect_sum": -100.0, "only_not_mask_connect_sum": -100.0, "mixed_connect_sum": -100.0, "model_name": "GL_TAGConv_3l_128h_w_k3"}