{"f1_macro": 0.9228632184698626, "f1_weighted": 0.9519399833423559, "precision_macro": 0.9407133669912249, "precision_weighted": 0.9535621341434541, "recall_macro": 0.9116369845923524, "recall_weighted": 0.953168044077135, "accuracy": 0.953168044077135, "class_scores": {"English": 0.978494623655914, "Germans": 0.9193548387096774, "French": 0.8507462686567164, "Belgium": 0.9428571428571428}, "skipped_nodes": 43, "memory_allocated_MB": 27.21875, "memory_reserved_MB": 106.0, "model_name": "GL_SAGEConv_3l_512h"}