{"f1_macro": 0.5407091456988838, "f1_weighted": 0.615645284791598, "precision_macro": 0.5598721219639695, "precision_weighted": 0.8580765464615904, "recall_macro": 0.7706788919235271, "recall_weighted": 0.558282208588957, "accuracy": 0.558282208588957, "class_scores": {"Udmurts,Besermyan": 0.7555555555555555, "Tatars,Volga-Tatars,Mishar-Tatars,Kryashens": 0.6172106824925816, "Chuvash": 0.6347305389221557, "Mari": 0.1553398058252427}, "skipped_nodes": 0, "model_name": "MaxIbdSumPerClassSize"}