{"f1_macro": 0.5785086359824344, "f1_weighted": 0.7476151806710605, "precision_macro": 0.6248889759665621, "precision_weighted": 0.7667672535864608, "recall_macro": 0.5607571248196248, "recall_weighted": 0.7570093457943925, "accuracy": 0.7570093457943925, "class_scores": {"Chechens": 0.7368421052631579, "Kabardians, Circassians, Adyghes": 0.7868852459016393, "Karachays, Balkars": 0.7857142857142857, "Ingush": 0.75, "Dagestan peoples": 0.7450980392156863, "Ossetians": 0.8235294117647058, "Kumyks": 0.0, "Nogais": 0.0}, "skipped_nodes": 11, "memory_allocated_MB": 17.8798828125, "memory_reserved_MB": 44.0, "model_name": "GL_GINConv_3l_128h"}