{"f1_macro": 0.5960849288168877, "f1_weighted": 0.8659616538482517, "precision_macro": 0.6403656126482213, "precision_weighted": 0.8557104865075879, "recall_macro": 0.5690692421169095, "recall_weighted": 0.8827160493827161, "accuracy": 0.8827160493827161, "class_scores": {"Udmurts,Besermyan": 0.6428571428571429, "Tatars,Volga-Tatars,Mishar-Tatars,Kryashens": 0.931958762886598, "Chuvash": 0.8095238095238095, "Mari": 0.0}, "skipped_nodes": 2, "model_name": "MaxEdgeCount"}