{"f1_macro": 0.6949142854909108, "f1_weighted": 0.8229930203614414, "precision_macro": 0.6852206581362127, "precision_weighted": 0.8249784137261452, "recall_macro": 0.718681917211329, "recall_weighted": 0.8288288288288288, "accuracy": 0.8288288288288288, "class_scores": {"Chechens": 0.8888888888888888, "Kabardians, Circassians, Adyghes": 0.8928571428571429, "Karachays, Balkars": 0.8823529411764706, "Ingush": 0.9, "Dagestan peoples": 0.8181818181818182, "Ossetians": 0.631578947368421, "Kumyks": 0.0, "Nogais": 0.5454545454545454}, "skipped_nodes": 7, "memory_allocated_MB": 19.90478515625, "memory_reserved_MB": 178.0, "f1_macro_score_only_mask_connect": 0.37703081232493, "f1_macro_score_only_not_mask_connect": 0.4666666666666666, "f1_macro_score_mixed_connect": 0.7410543500617031, "only_mask_connect_sum": 22.0, "only_not_mask_connect_sum": 6.0, "mixed_connect_sum": 83.0, "model_name": "GL_TAGConv_3l_128h_w_k3"}