{"f1_macro": 0.8724260513386899, "f1_weighted": 0.9285256686442976, "precision_macro": 0.9219238749318512, "precision_weighted": 0.9352973911214002, "recall_macro": 0.8518697418819622, "recall_weighted": 0.9324712643678161, "accuracy": 0.9324712643678161, "class_scores": {"English": 0.9709989258861439, "Germans": 0.8722466960352423, "French": 0.7346938775510204, "Belgium": 0.9117647058823529}, "skipped_nodes": 73, "memory_allocated_MB": 21.91796875, "memory_reserved_MB": 220.0, "model_name": "GL_GATConv_3l_128h"}