{"f1_macro": 0.4001105450318246, "f1_weighted": 0.4766258796933167, "precision_macro": 0.3977942997384277, "precision_weighted": 0.4782343271575693, "recall_macro": 0.4077616827005459, "recall_weighted": 0.4787234042553192, "accuracy": 0.4787234042553192, "class_scores": {"Northen Russians": 0.624113475177305, "Ukranians": 0.13471502590673576, "Belarusians": 0.3179916317991632, "Southern Russians": 0.5236220472440944}, "skipped_nodes": 105, "memory_allocated_MB": 37.39501953125, "memory_reserved_MB": 200.0, "model_name": "GL_TAGConv_3l_512h_w_k3_gnorm_gelu"}