{"f1_macro": 0.5812003772426196, "f1_weighted": 0.7358153850652864, "precision_macro": 0.5851958150138414, "precision_weighted": 0.7552475166910927, "recall_macro": 0.6, "recall_weighted": 0.7333333333333333, "accuracy": 0.7333333333333333, "class_scores": {"Udmurts,Besermyan": 0.7058823529411765, "Tatars,Volga-Tatars,Mishar-Tatars,Kryashens": 0.7986577181208053, "Chuvash": 0.6535947712418301, "Mari": 0.16666666666666666}, "skipped_nodes": 86, "model_name": "MaxEdgeCount"}