{"f1_macro": 0.7685897435897436, "f1_weighted": 0.953979864716061, "precision_macro": 0.7865055504162812, "precision_weighted": 0.9495242703018677, "recall_macro": 0.7642682186673603, "recall_weighted": 0.9601226993865031, "accuracy": 0.9601226993865031, "class_scores": {"Udmurts,Besermyan": 1.0, "Tatars,Volga-Tatars,Mishar-Tatars,Kryashens": 0.9871794871794872, "Chuvash": 0.9333333333333333, "Mari": 0.15384615384615385}, "skipped_nodes": 0, "memory_allocated_MB": 158.87451171875, "memory_reserved_MB": 1006.0, "model_name": "GL_TAGConv_9l_512h_w_k3"}