{"f1_macro": 0.854167513886614, "f1_weighted": 0.918802076974479, "precision_macro": 0.9136262536790706, "precision_weighted": 0.9248305462554788, "recall_macro": 0.8272679978319872, "recall_weighted": 0.924822695035461, "accuracy": 0.924822695035461, "class_scores": {"English": 0.9690501600853789, "Germans": 0.8451882845188284, "French": 0.6595744680851063, "Belgium": 0.9428571428571428}, "skipped_nodes": 64, "memory_allocated_MB": 17.90478515625, "memory_reserved_MB": 182.0, "f1_macro_score_only_mask_connect": 0.7139863730102907, "f1_macro_score_only_not_mask_connect": 1.0, "f1_macro_score_mixed_connect": 0.9310382152726221, "only_mask_connect_sum": 170.0, "only_not_mask_connect_sum": 35.0, "mixed_connect_sum": 500.0, "model_name": "GL_GCNConv_3l_128h_w"}