{"f1_macro": 0.6229408266428783, "f1_weighted": 0.7249595654747514, "precision_macro": 0.8553201184780131, "precision_weighted": 0.8114838923987964, "recall_macro": 0.6366055375764114, "recall_weighted": 0.7710280373831776, "accuracy": 0.7710280373831776, "class_scores": {"Swedes": 0.8552631578947368, "Norwegians": 0.8135593220338984, "Danes": 0.2}, "skipped_nodes": 1, "memory_allocated_MB": 102.50048828125, "memory_reserved_MB": 168.0, "f1_macro_score_only_mask_connect": 0.29074074074074074, "f1_macro_score_only_not_mask_connect": 0.48412698412698413, "f1_macro_score_mixed_connect": 0.5809216879889753, "only_mask_connect_sum": 11.0, "only_not_mask_connect_sum": 12.0, "mixed_connect_sum": 191.0, "model_name": "GL_GINConv_9l_512h"}