{"f1_macro": 0.8526108927568782, "f1_weighted": 0.9747901330678634, "precision_macro": 0.9163732394366197, "precision_weighted": 0.9759893718137043, "recall_macro": 0.8295454545454546, "recall_weighted": 0.9785276073619632, "accuracy": 0.9785276073619632, "class_scores": {"P0": 1.0, "P1": 1.0, "P2": 0.948905109489051, "P3": 0.46153846153846156}, "skipped_nodes": 0, "memory_allocated_MB": 55.91455078125, "memory_reserved_MB": 782.0, "model_name": "GL_TAGConv_3l_512h_w_k3_gnorm"}