{"f1_macro": 0.508031270327598, "f1_weighted": 0.5607183286325507, "precision_macro": 0.5140268008742485, "precision_weighted": 0.5670366342474223, "recall_macro": 0.5090272260183273, "recall_weighted": 0.5589225589225589, "accuracy": 0.5589225589225589, "class_scores": {"Ukranians": 0.4, "Southern Russians": 0.6012861736334405, "Northen Russians": 0.6810631229235881, "Belarusians": 0.34977578475336324}, "skipped_nodes": 24, "memory_allocated_MB": 157.5751953125, "memory_reserved_MB": 518.0, "model_name": "GL_TAGConv_9l_512h_w_k3"}