{"f1_macro": 0.40213498334657244, "f1_weighted": 0.7334854711599286, "accuracy": 0.7959770114942529, "class_scores": {"English": 0.9680170575692963, "Germans": 0.6111111111111112, "French": 0.0, "Belgium": 0.029411764705882353}, "skipped_nodes": 73, "model_name": "GL_GATConv_3l_512h"}