{"f1_macro": 0.5558700597895513, "f1_weighted": 0.6923112855389302, "precision_macro": 0.6147970771205689, "precision_weighted": 0.7264380301209126, "recall_macro": 0.5608045977011494, "recall_weighted": 0.7155172413793104, "accuracy": 0.7155172413793104, "class_scores": {"Chechens": 0.6101694915254238, "Kabardians, Circassians, Adyghes": 0.8363636363636363, "Karachays, Balkars": 0.9444444444444444, "Ingush": 0.0, "Dagestan peoples": 0.8444444444444444, "Ossetians": 0.46153846153846156, "Kumyks": 0.0, "Nogais": 0.75}, "skipped_nodes": 2, "memory_allocated_MB": 37.7451171875, "memory_reserved_MB": 268.0, "f1_macro_score_only_mask_connect": -100.0, "f1_macro_score_only_not_mask_connect": -100.0, "f1_macro_score_mixed_connect": -100.0, "only_mask_connect_sum": -100.0, "only_not_mask_connect_sum": -100.0, "mixed_connect_sum": -100.0, "model_name": "GL_GATConv_9l_128h"}