{"f1_macro": 0.8924389542201604, "f1_weighted": 0.9790423958658069, "precision_macro": 0.9791666666666666, "precision_weighted": 0.9831288343558282, "recall_macro": 0.8600381497377205, "recall_weighted": 0.9815950920245399, "accuracy": 0.9815950920245399, "class_scores": {"Udmurts,Besermyan": 1.0, "Tatars,Volga-Tatars,Mishar-Tatars,Kryashens": 0.9978494623655914, "Chuvash": 0.9565217391304348, "Mari": 0.6153846153846154}, "skipped_nodes": 0, "memory_allocated_MB": 24.40869140625, "memory_reserved_MB": 30.0, "model_name": "GL_SAGEConv_3l_512h"}