{"f1_macro": 0.37054455286780746, "f1_weighted": 0.39806801939467706, "accuracy": 0.4114583333333333, "class_scores": {"krasnodar": 0.43373493975903615, "vologda-yaroslavl": 0.37545126353790614, "ryazan": 0.4938875305623472, "kaluga": 0.1791044776119403}, "skipped_nodes": 0, "model_name": "GL_SAGEConv_3l_128h"}