{"f1_macro": 0.473241453321644, "f1_weighted": 0.5215773709183681, "precision_macro": 0.47862165961446984, "precision_weighted": 0.517851744680392, "recall_macro": 0.4708144027199242, "recall_weighted": 0.5276872964169381, "accuracy": 0.5276872964169381, "class_scores": {"Southern Russians": 0.5377643504531722, "Ukranians": 0.2968197879858657, "Northen Russians": 0.6728395061728395, "Belarusians": 0.3855421686746988}, "skipped_nodes": 4, "memory_allocated_MB": 21.22607421875, "memory_reserved_MB": 92.0, "model_name": "GL_SAGEConv_9l_128h"}