{"f1_macro": 0.8115248155283995, "f1_weighted": 0.9603625402266139, "precision_macro": 0.8114035087719298, "precision_weighted": 0.9615891723172962, "recall_macro": 0.8130066762041012, "recall_weighted": 0.9601226993865031, "accuracy": 0.9601226993865031, "class_scores": {"Udmurts,Besermyan": 0.9714285714285714, "Tatars,Volga-Tatars,Mishar-Tatars,Kryashens": 0.9848156182212582, "Chuvash": 0.9565217391304348, "Mari": 0.3333333333333333}, "skipped_nodes": 0, "memory_allocated_MB": 71.322265625, "memory_reserved_MB": 360.0, "f1_macro_score_only_mask_connect": NaN, "f1_macro_score_only_not_mask_connect": NaN, "f1_macro_score_mixed_connect": 0.8115248155283995, "only_mask_connect_sum": 0.0, "only_not_mask_connect_sum": 0.0, "mixed_connect_sum": 326.0, "model_name": "GL_GINConv_3l_512h"}