{"f1_macro": 0.5106601927095957, "f1_weighted": 0.5707909235977978, "precision_macro": 0.5337757966975226, "precision_weighted": 0.5723552211933766, "recall_macro": 0.5176075880828258, "recall_weighted": 0.5881081081081081, "accuracy": 0.5881081081081081, "class_scores": {"Southern Russians": 0.6130030959752322, "Ukranians": 0.4764705882352941, "Northen Russians": 0.7178729689807977, "Belarusians": 0.23529411764705882}, "skipped_nodes": 0, "memory_allocated_MB": 28.96337890625, "memory_reserved_MB": 186.0, "f1_macro_score_only_mask_connect": 0.20300751879699247, "f1_macro_score_only_not_mask_connect": 1.0, "f1_macro_score_mixed_connect": 0.5117516347956917, "only_mask_connect_sum": 16.0, "only_not_mask_connect_sum": 1.0, "mixed_connect_sum": 908.0, "model_name": "GL_GINConv_3l_128h"}