{"f1_macro": 0.863953894504657, "f1_weighted": 0.934403548678517, "precision_macro": 0.9079393867825247, "precision_weighted": 0.9373498831646426, "recall_macro": 0.8387033007167883, "recall_weighted": 0.9368932038834952, "accuracy": 0.9368932038834952, "class_scores": {"English": 0.9740112994350283, "Germans": 0.8433734939759037, "French": 0.7246376811594203, "Belgium": 0.9137931034482759}, "skipped_nodes": 151, "memory_allocated_MB": 51.669921875, "memory_reserved_MB": 116.0, "model_name": "GL_GCNConv_9l_512h_w"}