{"f1_macro": 0.8581365976877491, "f1_weighted": 0.8783033129311183, "accuracy": 0.88, "class_scores": {"Swedes": 0.8794326241134752, "Norwegians": 0.8949771689497716, "Danes": 0.8}, "skipped_nodes": 15, "model_name": "GL_SAGEConv_3l_512h"}