{"f1_macro": 0.6636412864011104, "f1_weighted": 0.9005392716577557, "accuracy": 0.9229323308270677, "class_scores": {"English": 0.9827586206896551, "Germans": 0.7213114754098361, "French": 0.0, "Belgium": 0.9504950495049505}, "skipped_nodes": 237, "model_name": "GL_GATConv_9l_512h"}