{"f1_macro": 0.9347605899060061, "f1_weighted": 0.9595919127335067, "accuracy": 0.9605633802816902, "class_scores": {"English": 0.9827956989247312, "Germans": 0.9121338912133892, "French": 0.8888888888888888, "Belgium": 0.9552238805970149}, "skipped_nodes": 59, "model_name": "GL_TAGConv_9l_128h_w_k3"}