{"f1_macro": 0.20303813787899672, "f1_weighted": 0.2703379910204856, "accuracy": 0.3507853403141361, "class_scores": {"krasnodar": 0.35260115606936415, "yaroslavl": 0.07692307692307693, "ryazan": 0.47755834829443444, "kaluga": 0.0, "vologda": 0.10810810810810811}, "skipped_nodes": 3, "model_name": "GL_TAGConv_3l_128h_w_k3"}