{"f1_macro": 0.48680977756261756, "f1_weighted": 0.5380106760073128, "precision_macro": 0.48471124311860664, "precision_weighted": 0.5432836264326173, "recall_macro": 0.49238719068557824, "recall_weighted": 0.5357142857142857, "accuracy": 0.5357142857142857, "class_scores": {"Ukranians": 0.2972972972972973, "Southern Russians": 0.5532646048109966, "Northen Russians": 0.6910828025477707, "Belarusians": 0.40559440559440557}, "skipped_nodes": 19, "memory_allocated_MB": 37.56640625, "memory_reserved_MB": 224.0, "model_name": "GL_TAGConv_3l_512h_w_k3_gnorm_relu"}