{"f1_macro": 0.6039405104190095, "f1_weighted": 0.6435892070027976, "precision_macro": 0.6001043395646813, "precision_weighted": 0.6489944725005151, "recall_macro": 0.6115785326849759, "recall_weighted": 0.6410810810810811, "accuracy": 0.6410810810810811, "class_scores": {"Southern Russians": 0.6533996683250415, "Ukranians": 0.45141065830721006, "Northen Russians": 0.7758346581875993, "Belarusians": 0.5351170568561873}, "skipped_nodes": 0, "memory_allocated_MB": 39.0859375, "memory_reserved_MB": 478.0, "model_name": "GL_TAGConv_3l_512h_w_k3_gnorm_leaky_relu"}