{"f1_macro": 0.7363166604221306, "f1_weighted": 0.9558735416326666, "precision_macro": 0.7268907563025211, "precision_weighted": 0.9429164303758314, "recall_macro": 0.7462121212121212, "recall_weighted": 0.9693251533742331, "accuracy": 0.9693251533742331, "class_scores": {"Udmurts,Besermyan": 1.0, "Tatars,Volga-Tatars,Mishar-Tatars,Kryashens": 0.9893842887473461, "Chuvash": 0.9558823529411765, "Mari": 0.0}, "skipped_nodes": 0, "memory_allocated_MB": 51.41650390625, "memory_reserved_MB": 194.0, "model_name": "GL_GCNConv_9l_512h_w"}