{"f1_macro": 0.8135972134625521, "f1_weighted": 0.8997364996751415, "precision_macro": 0.8155071923160393, "precision_weighted": 0.9110365057172672, "recall_macro": 0.8323462259907145, "recall_weighted": 0.8974358974358975, "accuracy": 0.8974358974358975, "class_scores": {"English": 0.9598214285714286, "Germans": 0.7757575757575758, "French": 0.6511627906976745, "Belgium": 0.8676470588235294}, "skipped_nodes": 106, "memory_allocated_MB": 37.6630859375, "memory_reserved_MB": 142.0, "model_name": "GL_TAGConv_3l_512h_w_k3_gnorm"}