{"f1_macro": 0.5270585460395458, "f1_weighted": 0.5801037944410271, "precision_macro": 0.5270280169177228, "precision_weighted": 0.5921304836261204, "recall_macro": 0.5362069273975621, "recall_weighted": 0.5747252747252747, "accuracy": 0.5747252747252747, "class_scores": {"Ukranians": 0.3424657534246575, "Southern Russians": 0.6098807495741057, "Northen Russians": 0.7246376811594203, "Belarusians": 0.43125}, "skipped_nodes": 13, "model_name": "MaxIbdSumPerClassSize"}