{"f1_macro": 0.5366792623424376, "f1_weighted": 0.5946271216650146, "precision_macro": 0.5562027848852231, "precision_weighted": 0.5954328184755827, "recall_macro": 0.5295330869166598, "recall_weighted": 0.6027088036117382, "accuracy": 0.6027088036117382, "class_scores": {"Ukranians": 0.3418181818181818, "Southern Russians": 0.6567164179104478, "Northen Russians": 0.7196110210696921, "Belarusians": 0.42857142857142855}, "skipped_nodes": 29, "model_name": "MaxSegmentCount"}