{"f1_macro": 0.9617063492063491, "f1_weighted": 0.9655501748722088, "precision_macro": 0.9656986531986531, "precision_weighted": 0.9674855903669463, "recall_macro": 0.9620689655172414, "recall_weighted": 0.9661016949152542, "accuracy": 0.9661016949152542, "class_scores": {"P0": 1.0, "P1": 0.9285714285714286, "P2": 0.9714285714285714, "P3": 0.9523809523809523, "P4": 1.0, "P5": 0.9523809523809523, "P6": 1.0, "P7": 0.8888888888888888}, "skipped_nodes": 0, "memory_allocated_MB": 87.14697265625, "memory_reserved_MB": 144.0, "model_name": "GL_SAGEConv_9l_512h"}