{"f1_macro": 0.1568372093023256, "f1_weighted": 0.29143370053039575, "precision_macro": 0.1558159722222222, "precision_weighted": 0.28396076998050684, "recall_macro": 0.21000000000000002, "recall_weighted": 0.40350877192982454, "accuracy": 0.40350877192982454, "class_scores": {"Chechens": 0.0, "Kabardians, Circassians, Adyghes": 0.464, "Karachays, Balkars": 0.0, "Ingush": 0.0, "Dagestan peoples": 0.7906976744186046, "Ossetians": 0.0, "Kumyks": 0.0, "Nogais": 0.0}, "skipped_nodes": 4, "memory_allocated_MB": 337.61279296875, "memory_reserved_MB": 1028.0, "model_name": "GL_GATConv_9l_512h"}