{"f1_macro": 0.45286693755579743, "f1_weighted": 0.49282374549648345, "precision_macro": 0.47568526488357243, "precision_weighted": 0.5394880443910608, "recall_macro": 0.45903553350922977, "recall_weighted": 0.4789189189189189, "accuracy": 0.4789189189189189, "class_scores": {"Southern Russians": 0.5293233082706766, "Ukranians": 0.3480825958702065, "Northen Russians": 0.5928853754940712, "Belarusians": 0.3411764705882353}, "skipped_nodes": 0, "memory_allocated_MB": 107.36865234375, "memory_reserved_MB": 306.0, "model_name": "GL_GINConv_9l_512h"}