{"f1_macro": 0.20081227998000067, "f1_weighted": 0.28276233358235014, "precision_macro": 0.27428839957035445, "precision_weighted": 0.43601831455151197, "recall_macro": 0.29958738579428235, "recall_weighted": 0.3983050847457627, "accuracy": 0.3983050847457627, "class_scores": {"P0": 0.5074626865671642, "P1": 0.4067796610169492, "P2": 0.6181818181818182, "P3": 0.0, "P4": 0.07407407407407407, "P5": 0.0, "P6": 0.0, "P7": 0.0}, "skipped_nodes": 0, "memory_allocated_MB": 102.775390625, "memory_reserved_MB": 170.0, "model_name": "GL_GINConv_9l_512h"}