{"f1_macro": 0.8724996031392543, "f1_weighted": 0.9255867823297824, "precision_macro": 0.9318700994687379, "precision_weighted": 0.9330871457225999, "recall_macro": 0.8458320152353579, "recall_weighted": 0.9314685314685315, "accuracy": 0.9314685314685315, "class_scores": {"English": 0.9661733615221987, "Germans": 0.8962655601659751, "French": 0.6923076923076923, "Belgium": 0.935251798561151}, "skipped_nodes": 54, "memory_allocated_MB": 157.587890625, "memory_reserved_MB": 462.0, "model_name": "GL_TAGConv_9l_512h_w_k3"}