{"f1_macro": 0.7292956472113246, "f1_weighted": 0.8572407596484628, "precision_macro": 0.7430064435014929, "precision_weighted": 0.886856674273913, "recall_macro": 0.7416764208609703, "recall_weighted": 0.8496932515337423, "accuracy": 0.8496932515337423, "class_scores": {"P0": 0.8125, "P1": 0.9057471264367816, "P2": 0.7544910179640718, "P3": 0.4444444444444444}, "skipped_nodes": 0, "model_name": "LongestIbd"}