{"f1_macro": 0.9754963190067943, "f1_weighted": 0.9767373861009113, "accuracy": 0.9767441860465116, "class_scores": {"Swedes": 0.9736842105263158, "Norwegians": 0.9805825242718447, "Danes": 0.9722222222222222}, "skipped_nodes": 0, "model_name": "GL_TAGConv_3l_512h_w_k3_gnorm"}