{"f1_macro": 0.4412056734915466, "f1_weighted": 0.4919206728330154, "precision_macro": 0.4409489348853942, "precision_weighted": 0.5016439976674133, "recall_macro": 0.4448004813454242, "recall_weighted": 0.48491879350348027, "accuracy": 0.48491879350348027, "class_scores": {"Ukranians": 0.3010033444816054, "Southern Russians": 0.5196581196581197, "Northen Russians": 0.615916955017301, "Belarusians": 0.3282442748091603}, "skipped_nodes": 43, "memory_allocated_MB": 37.48291015625, "memory_reserved_MB": 210.0, "model_name": "GL_TAGConv_3l_512h_nw_k3_gnorm_leaky_relu"}