{"f1_macro": 0.8675822519213138, "f1_weighted": 0.8598456709963214, "precision_macro": 0.8871518560032512, "precision_weighted": 0.8646098489993272, "recall_macro": 0.853509431761859, "recall_weighted": 0.8604651162790697, "accuracy": 0.8604651162790697, "class_scores": {"Swedes": 0.8169014084507042, "Norwegians": 0.8715596330275229, "Danes": 0.9142857142857143}, "skipped_nodes": 0, "memory_allocated_MB": 99.46240234375, "memory_reserved_MB": 674.0, "f1_macro_score_only_mask_connect": 1.0, "f1_macro_score_only_not_mask_connect": 0.5185185185185185, "f1_macro_score_mixed_connect": 0.8590134726481896, "only_mask_connect_sum": 12.0, "only_not_mask_connect_sum": 7.0, "mixed_connect_sum": 196.0, "model_name": "GL_GATConv_3l_512h"}