{"f1_macro": 0.8503633265420301, "f1_weighted": 0.9550031274366529, "precision_macro": 0.8860106051154086, "precision_weighted": 0.9568900619031622, "recall_macro": 0.8432819575060955, "recall_weighted": 0.9569230769230769, "accuracy": 0.9569230769230769, "class_scores": {"Udmurts,Besermyan": 0.9230769230769231, "Tatars,Volga-Tatars,Mishar-Tatars,Kryashens": 0.9804772234273319, "Chuvash": 0.9264705882352942, "Mari": 0.5714285714285714}, "skipped_nodes": 1, "memory_allocated_MB": 37.86181640625, "memory_reserved_MB": 68.0, "f1_macro_score_only_mask_connect": NaN, "f1_macro_score_only_not_mask_connect": 0.8503633265420301, "f1_macro_score_mixed_connect": NaN, "only_mask_connect_sum": 0.0, "only_not_mask_connect_sum": 325.0, "mixed_connect_sum": 0.0, "model_name": "GL_TAGConv_3l_512h_w_k3_gnorm"}