{"f1_macro": 0.6043088578414666, "f1_weighted": 0.7614581144545891, "precision_macro": 0.5819217241092242, "precision_weighted": 0.7447964572964574, "recall_macro": 0.6333051698940446, "recall_weighted": 0.7837837837837838, "accuracy": 0.7837837837837838, "class_scores": {"Chechens": 0.8648648648648649, "Kabardians, Circassians, Adyghes": 0.8214285714285714, "Karachays, Balkars": 0.7878787878787878, "Ingush": 0.9090909090909091, "Dagestan peoples": 0.7555555555555555, "Ossetians": 0.6956521739130435, "Kumyks": 0.0, "Nogais": 0.0}, "skipped_nodes": 7, "memory_allocated_MB": 21.70166015625, "memory_reserved_MB": 54.0, "f1_macro_score_only_mask_connect": 0.23333333333333334, "f1_macro_score_only_not_mask_connect": 0.41111111111111115, "f1_macro_score_mixed_connect": 0.6450174693533328, "only_mask_connect_sum": 22.0, "only_not_mask_connect_sum": 11.0, "mixed_connect_sum": 78.0, "model_name": "GL_SAGEConv_9l_128h_de"}