{"f1_macro": 0.6989666242876125, "f1_weighted": 0.7735447596666452, "precision_macro": 0.6899470899470899, "precision_weighted": 0.8738046547862498, "recall_macro": 0.7741362119044524, "recall_weighted": 0.7515337423312883, "accuracy": 0.7515337423312883, "class_scores": {"P0": 1.0, "P1": 0.8112244897959183, "P2": 0.6368159203980099, "P3": 0.34782608695652173}, "skipped_nodes": 0, "model_name": "LongestIbd"}