{"f1_macro": 0.8649392499034632, "f1_weighted": 0.92314901715843, "precision_macro": 0.8823149627078521, "precision_weighted": 0.9253940098715598, "recall_macro": 0.8542087975895416, "recall_weighted": 0.9253945480631277, "accuracy": 0.9253945480631277, "class_scores": {"English": 0.9700214132762313, "Germans": 0.8442211055276382, "French": 0.7258064516129032, "Belgium": 0.9197080291970803}, "skipped_nodes": 72, "memory_allocated_MB": 37.77978515625, "memory_reserved_MB": 200.0, "model_name": "GL_TAGConv_3l_512h_w_k3"}