{"f1_macro": 0.9028183384347767, "f1_weighted": 0.9137748555109331, "accuracy": 0.914572864321608, "class_scores": {"Swedes": 0.9142857142857143, "Norwegians": 0.9223744292237442, "Danes": 0.8717948717948718}, "skipped_nodes": 16, "model_name": "GL_SAGEConv_3l_128h"}