{"f1_macro": 0.8723629057691135, "f1_weighted": 0.9404626076732812, "precision_macro": 0.8888338616243171, "precision_weighted": 0.9398411949574133, "recall_macro": 0.8587078787026997, "recall_weighted": 0.9418416801292407, "accuracy": 0.9418416801292407, "class_scores": {"English": 0.9738339021615472, "Germans": 0.874251497005988, "French": 0.7058823529411765, "Belgium": 0.9354838709677419}, "skipped_nodes": 150, "memory_allocated_MB": 101.53173828125, "memory_reserved_MB": 204.0, "model_name": "GL_GINConv_9l_512h"}