{"f1_macro": 0.6969041375291375, "f1_weighted": 0.9278389427545869, "accuracy": 0.941717791411043, "class_scores": {"P0": 0.9090909090909091, "P1": 0.9708333333333333, "P2": 0.9076923076923077, "P3": 0.0}, "skipped_nodes": 0, "model_name": "MaxEdgeCount"}