{"f1_macro": 0.857245166401537, "f1_weighted": 0.9186489674718125, "precision_macro": 0.8649135712185055, "precision_weighted": 0.9228483890624518, "recall_macro": 0.8579577326407989, "recall_weighted": 0.9195402298850575, "accuracy": 0.9195402298850575, "class_scores": {"English": 0.9695652173913043, "Germans": 0.8275862068965517, "French": 0.7121212121212122, "Belgium": 0.9197080291970803}, "skipped_nodes": 73, "memory_allocated_MB": 27.3095703125, "memory_reserved_MB": 190.0, "model_name": "GL_SAGEConv_3l_512h"}