{"f1_macro": 0.43505735685882746, "f1_weighted": 0.493870295786681, "precision_macro": 0.5439400112578378, "precision_weighted": 0.5387397129871874, "recall_macro": 0.43869834424036863, "recall_weighted": 0.5330444203683641, "accuracy": 0.5330444203683641, "class_scores": {"Southern Russians": 0.5060606060606061, "Ukranians": 0.30392156862745096, "Northen Russians": 0.6775, "Belarusians": 0.25274725274725274}, "skipped_nodes": 2, "memory_allocated_MB": 17.669921875, "memory_reserved_MB": 154.0, "model_name": "GL_GCNConv_3l_128h_w"}