{"f1_macro": 0.5322201338678999, "f1_weighted": 0.5573397957435555, "accuracy": 0.5711805555555556, "class_scores": {"krasnodar": 0.5705521472392638, "vologda-yaroslavl": 0.5979381443298969, "ryazan": 0.624390243902439, "kaluga": 0.336}, "skipped_nodes": 0, "model_name": "GL_TAGConv_9l_512h_w_k3"}