{"f1_macro": 0.9362926232481095, "f1_weighted": 0.932756643099226, "precision_macro": 0.9383373969580866, "precision_weighted": 0.9339591203815341, "recall_macro": 0.9353182308522113, "recall_weighted": 0.9326923076923077, "accuracy": 0.9326923076923077, "class_scores": {"Swedes": 0.9290322580645162, "Norwegians": 0.9306930693069307, "Danes": 0.9491525423728814}, "skipped_nodes": 7, "memory_allocated_MB": 36.5107421875, "memory_reserved_MB": 60.0, "model_name": "GL_TAGConv_3l_512h_w_k3"}