{"f1_macro": 0.9688485074936688, "f1_weighted": 0.9792013336306208, "precision_macro": 0.980002128320868, "precision_weighted": 0.9796863455325934, "recall_macro": 0.9593428225317989, "recall_weighted": 0.9795640326975477, "accuracy": 0.9795640326975477, "class_scores": {"P0": 0.989247311827957, "P1": 0.968, "P2": 0.9324324324324325, "P3": 0.9857142857142858}, "skipped_nodes": 28, "memory_allocated_MB": 17.79345703125, "memory_reserved_MB": 44.0, "model_name": "GL_SAGEConv_3l_128h"}