{"f1_macro": 0.8778881714310991, "f1_weighted": 0.9410111977157086, "accuracy": 0.9416531604538088, "class_scores": {"English": 0.9763246899661782, "Germans": 0.84, "French": 0.7560975609756098, "Belgium": 0.9391304347826087}, "skipped_nodes": 152, "model_name": "GL_TAGConv_3l_128h_w_k3"}