{"f1_macro": 0.7327719763849173, "f1_weighted": 0.8358920438246513, "precision_macro": 0.8953568412040841, "precision_weighted": 0.8615423608063274, "recall_macro": 0.6683090247967738, "recall_weighted": 0.8518518518518519, "accuracy": 0.8518518518518519, "class_scores": {"English": 0.9194699286442406, "Germans": 0.7168141592920354, "French": 0.5121951219512195, "Belgium": 0.782608695652174}, "skipped_nodes": 67, "memory_allocated_MB": 17.26708984375, "memory_reserved_MB": 110.0, "f1_macro_score_only_mask_connect": 0.29708097928436916, "f1_macro_score_only_not_mask_connect": 0.8924242424242423, "f1_macro_score_mixed_connect": 0.8914979548036297, "only_mask_connect_sum": 167.0, "only_not_mask_connect_sum": 37.0, "mixed_connect_sum": 498.0, "model_name": "GL_SAGEConv_3l_128h_de"}