{"f1_macro": 0.5484579133172225, "f1_weighted": 0.6113753193484559, "precision_macro": 0.5673940677966102, "precision_weighted": 0.8526289383383592, "recall_macro": 0.7393029002471062, "recall_weighted": 0.5613496932515337, "accuracy": 0.5613496932515337, "class_scores": {"P0": 0.8372093023255814, "P1": 0.6130952380952381, "P2": 0.6086956521739131, "P3": 0.1348314606741573}, "skipped_nodes": 0, "model_name": "MaxIbdSumPerClassSize"}