{"f1_macro": 0.5275723213710457, "f1_weighted": 0.5911127334705443, "precision_macro": 0.5472242563727028, "precision_weighted": 0.8439818704243648, "recall_macro": 0.7274352971777864, "recall_weighted": 0.5429447852760736, "accuracy": 0.5429447852760736, "class_scores": {"P0": 0.8, "P1": 0.5963855421686747, "P2": 0.5775401069518716, "P3": 0.13636363636363635}, "skipped_nodes": 0, "model_name": "MaxIbdSumPerClassSize"}