{"f1_macro": 0.5033637253957082, "f1_weighted": 0.5596612702193448, "precision_macro": 0.5123706192399929, "precision_weighted": 0.5571688211897089, "recall_macro": 0.5059137835162326, "recall_weighted": 0.5718918918918919, "accuracy": 0.5718918918918919, "class_scores": {"Southern Russians": 0.5971428571428572, "Ukranians": 0.24701195219123506, "Northen Russians": 0.7290015847860539, "Belarusians": 0.44029850746268656}, "skipped_nodes": 0, "memory_allocated_MB": 17.9150390625, "memory_reserved_MB": 186.0, "model_name": "GL_GCNConv_3l_128h_w"}