{"f1_macro": 0.2940341114403411, "f1_weighted": 0.40241017717869637, "precision_macro": 0.2827754142409315, "precision_weighted": 0.3868580627201317, "recall_macro": 0.3584584514634828, "recall_weighted": 0.4908108108108108, "accuracy": 0.4908108108108108, "class_scores": {"Southern Russians": 0.5702970297029702, "Ukranians": 0.0, "Northen Russians": 0.6058394160583942, "Belarusians": 0.0}, "skipped_nodes": 0, "memory_allocated_MB": 106.408203125, "memory_reserved_MB": 2542.0, "model_name": "GL_GATConv_3l_512h"}