{"f1_macro": 0.4026216255733063, "f1_weighted": 0.6351542572700527, "accuracy": 0.711864406779661, "class_scores": {"Chechens": 0.6538461538461539, "Kabardians, Circassians, Adyghes": 0.8928571428571429, "Karachays, Balkars": 0.6938775510204082, "Ingush": 0.0, "Dagestan peoples": 0.9803921568627451, "Ossetians": 0.0, "Kumyks": 0.0, "Nogais": 0.0}, "skipped_nodes": 0, "model_name": "GL_GATConv_9l_128h"}