{"f1_macro": 0.6087947396490971, "f1_weighted": 0.8108722240439518, "accuracy": 0.82, "class_scores": {"Chechens": 0.8205128205128205, "Kabardians, Circassians, Adyghes": 0.851063829787234, "Karachays, Balkars": 0.8888888888888888, "Ingush": 0.7058823529411765, "Dagestan peoples": 0.8421052631578947, "Ossetians": 0.7619047619047619, "Kumyks": 0.0, "Nogais": 0.0}, "skipped_nodes": 18, "model_name": "GL_TAGConv_9l_512h_w_k3"}