{"f1_macro": 0.47384035659286944, "f1_weighted": 0.5935535286788827, "accuracy": 0.5202492211838006, "class_scores": {"Udmurts,Besermyan": 0.6829268292682927, "Tatars,Volga-Tatars,Mishar-Tatars,Kryashens": 0.6628242074927954, "Chuvash": 0.38961038961038963, "Mari": 0.16}, "skipped_nodes": 5, "model_name": "MaxEdgeCountPerClassSize"}