{"f1_macro": 0.2636218951878702, "f1_weighted": 0.32617215663321625, "accuracy": 0.4097222222222222, "class_scores": {"krasnodar": 0.3657587548638132, "yaroslavl": 0.21176470588235294, "ryazan": 0.5335413416536662, "kaluga": 0.12371134020618557, "vologda": 0.08333333333333333}, "skipped_nodes": 0, "model_name": "GL_TAGConv_9l_128h_w_k3"}