{"f1_macro": 0.6501064351870665, "f1_weighted": 0.8943321129671611, "precision_macro": 0.6535961761371597, "precision_weighted": 0.8869603819468534, "recall_macro": 0.6474905303030303, "recall_weighted": 0.9029126213592233, "accuracy": 0.9029126213592233, "class_scores": {"P0": 0.8181818181818182, "P1": 0.9475982532751092, "P2": 0.8346456692913385, "P3": 0.0}, "skipped_nodes": 14, "memory_allocated_MB": 38.23974609375, "memory_reserved_MB": 110.0, "model_name": "GL_TAGConv_3l_512h_w_k3_gnorm"}