{"f1_macro": 0.6042386738725583, "f1_weighted": 0.6582293347816202, "precision_macro": 0.606825111767826, "precision_weighted": 0.6575182215450276, "recall_macro": 0.6055026771862844, "recall_weighted": 0.6616216216216216, "accuracy": 0.6616216216216216, "class_scores": {"Southern Russians": 0.7026194144838213, "Ukranians": 0.4169611307420495, "Northen Russians": 0.804416403785489, "Belarusians": 0.49295774647887325}, "skipped_nodes": 0, "memory_allocated_MB": 28.55908203125, "memory_reserved_MB": 238.0, "model_name": "GL_SAGEConv_3l_512h"}