{"f1_macro": 0.46382544735296843, "f1_weighted": 0.8567736739151085, "accuracy": 0.8957055214723927, "class_scores": {"Udmurts,Besermyan": 0.0, "Tatars,Volga-Tatars,Mishar-Tatars,Kryashens": 0.9392712550607287, "Chuvash": 0.916030534351145, "Mari": 0.0}, "skipped_nodes": 0, "model_name": "GL_TAGConv_9l_512h_w_k3"}