{"f1_macro": 0.7528747446367583, "f1_weighted": 0.8485949247243789, "precision_macro": 0.7254107369238948, "precision_weighted": 0.8838614601772495, "recall_macro": 0.8900920974450386, "recall_weighted": 0.8380952380952381, "accuracy": 0.8380952380952381, "class_scores": {"Chechens": 0.918918918918919, "Kabardians, Circassians, Adyghes": 0.8571428571428571, "Karachays, Balkars": 0.8333333333333334, "Ingush": 0.8888888888888888, "Dagestan peoples": 0.8421052631578947, "Ossetians": 0.782608695652174, "Kumyks": 0.5, "Nogais": 0.4}, "skipped_nodes": 13, "memory_allocated_MB": 21.880859375, "memory_reserved_MB": 72.0, "model_name": "GL_GATConv_3l_128h"}