{"f1_macro": 0.4709323981667552, "f1_weighted": 0.5255859376423883, "precision_macro": 0.4772288388476629, "precision_weighted": 0.5266274101247784, "recall_macro": 0.4741639148286876, "recall_weighted": 0.5340782122905028, "accuracy": 0.5340782122905028, "class_scores": {"Ukranians": 0.3346303501945525, "Southern Russians": 0.5321739130434783, "Northen Russians": 0.6969253294289898, "Belarusians": 0.32}, "skipped_nodes": 20, "memory_allocated_MB": 22.0791015625, "memory_reserved_MB": 304.0, "model_name": "GL_GATConv_3l_128h"}