{"f1_macro": 0.5064897854186827, "f1_weighted": 0.5578822325626086, "precision_macro": 0.5239253068521361, "precision_weighted": 0.5719913620354342, "recall_macro": 0.5027367268746579, "recall_weighted": 0.5600448933782267, "accuracy": 0.5600448933782267, "class_scores": {"Ukranians": 0.3843137254901961, "Southern Russians": 0.6125874125874126, "Northen Russians": 0.6618705035971223, "Belarusians": 0.3671875}, "skipped_nodes": 24, "memory_allocated_MB": 25.7978515625, "memory_reserved_MB": 106.0, "model_name": "GL_TAGConv_9l_128h_w_k3"}