{"f1_macro": 0.39964755940046076, "f1_weighted": 0.4169422832238229, "precision_macro": 0.40210283817807857, "precision_weighted": 0.4133537078056339, "recall_macro": 0.40220074720894927, "recall_weighted": 0.4253246753246753, "accuracy": 0.4253246753246753, "class_scores": {"P0": 0.4726134585289515, "P1": 0.25336927223719674, "P2": 0.5370370370370371, "P3": 0.33557046979865773}, "skipped_nodes": 0, "model_name": "LongestIbd"}