{"f1_macro": 0.734768402437934, "f1_weighted": 0.8307813247028621, "precision_macro": 0.7844683245498463, "precision_weighted": 0.865666074565531, "recall_macro": 0.7411518199233716, "recall_weighted": 0.8214285714285714, "accuracy": 0.8214285714285714, "class_scores": {"Chechens": 0.8292682926829268, "Kabardians, Circassians, Adyghes": 0.8679245283018868, "Karachays, Balkars": 0.8717948717948718, "Ingush": 0.6666666666666666, "Dagestan peoples": 0.8837209302325582, "Ossetians": 0.8421052631578947, "Kumyks": 0.6666666666666666, "Nogais": 0.25}, "skipped_nodes": 6, "memory_allocated_MB": 98.47119140625, "memory_reserved_MB": 334.0, "model_name": "GL_GATConv_3l_512h"}