{"f1_macro": 0.3194413745579363, "f1_weighted": 0.4832111613546034, "precision_macro": 0.3626022777532065, "precision_weighted": 0.5262925114644196, "recall_macro": 0.34994747899159667, "recall_weighted": 0.5526315789473685, "accuracy": 0.5526315789473685, "class_scores": {"Chechens": 0.7894736842105263, "Kabardians, Circassians, Adyghes": 0.5625, "Karachays, Balkars": 0.5217391304347826, "Ingush": 0.0, "Dagestan peoples": 0.6818181818181818, "Ossetians": 0.0, "Kumyks": 0.0, "Nogais": 0.0}, "skipped_nodes": 4, "memory_allocated_MB": 17.75244140625, "memory_reserved_MB": 102.0, "f1_macro_score_only_mask_connect": 0.22413793103448273, "f1_macro_score_only_not_mask_connect": 0.52, "f1_macro_score_mixed_connect": 0.326032692179256, "only_mask_connect_sum": 25.0, "only_not_mask_connect_sum": 7.0, "mixed_connect_sum": 82.0, "model_name": "GL_SAGEConv_3l_128h_de"}