{"f1_macro": 0.8582827600463651, "f1_weighted": 0.9545082862738318, "precision_macro": 0.9268916847041847, "precision_weighted": 0.9603839806673657, "recall_macro": 0.8485896078690838, "recall_weighted": 0.9565217391304348, "accuracy": 0.9565217391304348, "class_scores": {"Udmurts,Besermyan": 0.9, "Tatars,Volga-Tatars,Mishar-Tatars,Kryashens": 0.9757174392935982, "Chuvash": 0.9420289855072463, "Mari": 0.6153846153846154}, "skipped_nodes": 4, "memory_allocated_MB": 37.93212890625, "memory_reserved_MB": 68.0, "f1_macro_score_only_mask_connect": NaN, "f1_macro_score_only_not_mask_connect": 0.8582827600463651, "f1_macro_score_mixed_connect": NaN, "only_mask_connect_sum": 0.0, "only_not_mask_connect_sum": 322.0, "mixed_connect_sum": 0.0, "model_name": "GL_TAGConv_3l_512h_w_k3_gnorm"}