{"f1_macro": 0.7850738383031366, "f1_weighted": 0.9183542849167159, "precision_macro": 0.8141392099008278, "precision_weighted": 0.9270141159245195, "recall_macro": 0.7727591093336801, "recall_weighted": 0.9197530864197531, "accuracy": 0.9197530864197531, "class_scores": {"P0": 0.8666666666666667, "P1": 0.9626556016597511, "P2": 0.8347826086956521, "P3": 0.47619047619047616}, "skipped_nodes": 1, "memory_allocated_MB": 36.6591796875, "memory_reserved_MB": 190.0, "model_name": "GL_TAGConv_3l_512h_w_k3_gnorm"}