{"f1_macro": 0.719793364700652, "f1_weighted": 0.915221576854962, "precision_macro": 0.9547059204560177, "precision_weighted": 0.9279035696749562, "recall_macro": 0.6725381497377206, "recall_weighted": 0.9259259259259259, "accuracy": 0.9259259259259259, "class_scores": {"P0": 0.8571428571428571, "P1": 0.9626556016597511, "P2": 0.859375, "P3": 0.2}, "skipped_nodes": 1, "memory_allocated_MB": 37.9736328125, "memory_reserved_MB": 118.0, "model_name": "GL_TAGConv_3l_512h_w_k3_gnorm"}