{"f1_macro": 0.9037167897462015, "f1_weighted": 0.9174615403428963, "precision_macro": 0.9098645771439888, "precision_weighted": 0.922459053814986, "recall_macro": 0.9025101419878296, "recall_weighted": 0.9152542372881356, "accuracy": 0.9152542372881356, "class_scores": {"Chechens": 1.0, "Kabardians, Circassians, Adyghes": 0.9285714285714286, "Karachays, Balkars": 0.8235294117647058, "Ingush": 0.9523809523809523, "Dagestan peoples": 1.0, "Ossetians": 0.6363636363636364, "Kumyks": 1.0, "Nogais": 0.8888888888888888}, "skipped_nodes": 0, "memory_allocated_MB": 22.8193359375, "memory_reserved_MB": 114.0, "model_name": "GL_GATConv_3l_128h"}