{"f1_macro": 0.5383029133029134, "f1_weighted": 0.7164059598842207, "accuracy": 0.782608695652174, "class_scores": {"Chechens": 0.7346938775510204, "Kabardians, Circassians, Adyghes": 0.8787878787878788, "Karachays, Balkars": 0.8648648648648649, "Ingush": 0.18181818181818182, "Dagestan peoples": 0.9795918367346939, "Ossetians": 0.0, "Kumyks": 0.0, "Nogais": 0.6666666666666666}, "skipped_nodes": 3, "model_name": "GL_GCNConv_3l_128h_w"}