{"f1_macro": 0.8335508077997348, "f1_weighted": 0.8284250095452027, "accuracy": 0.8341708542713567, "class_scores": {"Swedes": 0.7619047619047619, "Norwegians": 0.8669527896995708, "Danes": 0.8717948717948718}, "skipped_nodes": 16, "model_name": "GL_GATConv_9l_512h"}