{"f1_macro": 0.5731782735267056, "f1_weighted": 0.7308759831888512, "accuracy": 0.7701149425287356, "class_scores": {"Chechens": 0.7142857142857143, "Kabardians, Circassians, Adyghes": 0.8780487804878049, "Karachays, Balkars": 0.8571428571428571, "Ingush": 0.0, "Dagestan peoples": 0.8484848484848485, "Ossetians": 0.7142857142857143, "Kumyks": 0.0, "Nogais": 0.0}, "skipped_nodes": 31, "model_name": "GL_SAGEConv_9l_128h"}