{"f1_macro": 0.6906224406224406, "f1_weighted": 0.8038241811247946, "precision_macro": 0.6722642980129369, "precision_weighted": 0.8738971601107373, "recall_macro": 0.7538041357783848, "recall_weighted": 0.7852760736196319, "accuracy": 0.7852760736196319, "class_scores": {"P0": 0.972972972972973, "P1": 0.8501228501228502, "P2": 0.6666666666666666, "P3": 0.2727272727272727}, "skipped_nodes": 0, "model_name": "LongestIbd"}