{"f1_macro": 0.44465477662557085, "f1_weighted": 0.5009559945050014, "precision_macro": 0.4461656835620917, "precision_weighted": 0.5106680605898041, "recall_macro": 0.4479398975993181, "recall_weighted": 0.4965197215777262, "accuracy": 0.4965197215777262, "class_scores": {"Ukranians": 0.28846153846153844, "Southern Russians": 0.52, "Northen Russians": 0.6504854368932039, "Belarusians": 0.319672131147541}, "skipped_nodes": 43, "memory_allocated_MB": 22.18408203125, "memory_reserved_MB": 80.0, "model_name": "GL_GINConv_9l_128h"}