{"f1_macro": 0.669866267289532, "f1_weighted": 0.7444009481979634, "precision_macro": 0.6454822954822955, "precision_weighted": 0.8777028697274096, "recall_macro": 0.8680799410413144, "recall_weighted": 0.7147239263803681, "accuracy": 0.7147239263803681, "class_scores": {"P0": 0.9230769230769231, "P1": 0.7606382978723404, "P2": 0.6994535519125683, "P3": 0.2962962962962963}, "skipped_nodes": 0, "model_name": "MaxIbdSumPerClassSize"}