{"f1_macro": 0.550260201877381, "f1_weighted": 0.6524732034665973, "precision_macro": 0.6031196581196581, "precision_weighted": 0.7904699191858725, "recall_macro": 0.6521418766149871, "recall_weighted": 0.6070038910505836, "accuracy": 0.6070038910505836, "class_scores": {"Udmurts,Besermyan": 0.7, "Tatars,Volga-Tatars,Mishar-Tatars,Kryashens": 0.717391304347826, "Chuvash": 0.524390243902439, "Mari": 0.25925925925925924}, "skipped_nodes": 69, "model_name": "MaxIbdSumPerClassSize"}