{"f1_macro": 0.5882832080200502, "f1_weighted": 0.6927097000207793, "precision_macro": 0.6214231671294763, "precision_weighted": 0.8059527592563571, "recall_macro": 0.6899628552971576, "recall_weighted": 0.6498054474708171, "accuracy": 0.6498054474708171, "class_scores": {"Udmurts,Besermyan": 0.7619047619047619, "Tatars,Volga-Tatars,Mishar-Tatars,Kryashens": 0.7578947368421053, "Chuvash": 0.5641025641025641, "Mari": 0.2692307692307692}, "skipped_nodes": 69, "model_name": "MaxIbdSumPerClassSize"}