{"f1_macro": 0.6468738777562306, "f1_weighted": 0.8504071092306387, "accuracy": 0.8585858585858586, "class_scores": {"Chechens": 0.8823529411764706, "Kabardians, Circassians, Adyghes": 0.9230769230769231, "Karachays, Balkars": 0.8571428571428571, "Ingush": 0.8888888888888888, "Dagestan peoples": 0.8, "Ossetians": 0.8235294117647058, "Kumyks": 0.0, "Nogais": 0.0}, "skipped_nodes": 19, "model_name": "GL_GINConv_3l_512h"}