{"f1_macro": 0.472122065623057, "f1_weighted": 0.5446723409884107, "precision_macro": 0.5537015164340505, "precision_weighted": 0.5671670393670253, "recall_macro": 0.47383249339572103, "recall_weighted": 0.5785627283800243, "accuracy": 0.5785627283800243, "class_scores": {"Ukranians": 0.18421052631578946, "Southern Russians": 0.6106870229007634, "Northen Russians": 0.6893353941267388, "Belarusians": 0.40425531914893614}, "skipped_nodes": 62, "memory_allocated_MB": 20.72802734375, "memory_reserved_MB": 80.0, "model_name": "GL_SAGEConv_9l_128h"}