{"f1_macro": 0.6037317432506578, "f1_weighted": 0.6197839703834377, "precision_macro": 0.6074142940446866, "precision_weighted": 0.6293413345169595, "recall_macro": 0.6209202896112345, "recall_weighted": 0.6298701298701299, "accuracy": 0.6298701298701299, "class_scores": {"P0": 0.644808743169399, "P1": 0.42165242165242167, "P2": 0.7943760984182777, "P3": 0.554089709762533}, "skipped_nodes": 0, "model_name": "MaxIbdSumPerClassSize"}