{"f1_macro": 0.6237176406317242, "f1_weighted": 0.6771467090740358, "precision_macro": 0.6091987541017228, "precision_weighted": 0.8606871423574589, "recall_macro": 0.8657497724021329, "recall_weighted": 0.647239263803681, "accuracy": 0.647239263803681, "class_scores": {"Udmurts,Besermyan": 0.8780487804878049, "Tatars,Volga-Tatars,Mishar-Tatars,Kryashens": 0.6873239436619718, "Chuvash": 0.6391752577319587, "Mari": 0.2903225806451613}, "skipped_nodes": 0, "model_name": "MaxEdgeCountPerClassSize"}