{"f1_macro": 0.851148448421216, "f1_weighted": 0.9597413386437844, "precision_macro": 0.9273237179487179, "precision_weighted": 0.9605689352184678, "recall_macro": 0.8037101787101788, "recall_weighted": 0.9626168224299065, "accuracy": 0.9626168224299065, "class_scores": {"P0": 0.9166666666666666, "P1": 0.985200845665962, "P2": 0.9312977099236641, "P3": 0.5714285714285714}, "skipped_nodes": 4, "memory_allocated_MB": 39.0302734375, "memory_reserved_MB": 132.0, "model_name": "GL_TAGConv_3l_512h_w_k3_gnorm"}