{"f1_macro": 0.7919768604871191, "f1_weighted": 0.8309874651486933, "precision_macro": 0.8321115288220551, "precision_weighted": 0.8422173855691862, "recall_macro": 0.7797030651340996, "recall_weighted": 0.8333333333333334, "accuracy": 0.8333333333333334, "class_scores": {"Chechens": 0.8421052631578947, "Kabardians, Circassians, Adyghes": 0.847457627118644, "Karachays, Balkars": 0.8947368421052632, "Ingush": 0.8, "Dagestan peoples": 0.8181818181818182, "Ossetians": 0.8, "Kumyks": 0.6666666666666666, "Nogais": 0.6666666666666666}, "skipped_nodes": 4, "memory_allocated_MB": 97.83349609375, "memory_reserved_MB": 458.0, "model_name": "GL_GATConv_3l_512h"}