{"f1_macro": 0.6788509608875741, "f1_weighted": 0.8634739986685068, "precision_macro": 0.6706773618538324, "precision_weighted": 0.8570053475935829, "recall_macro": 0.6948464912280701, "recall_weighted": 0.88, "accuracy": 0.88, "class_scores": {"Chechens": 0.9090909090909091, "Kabardians, Circassians, Adyghes": 0.9565217391304348, "Karachays, Balkars": 0.8717948717948718, "Ingush": 0.9473684210526315, "Dagestan peoples": 0.8888888888888888, "Ossetians": 0.8571428571428571, "Kumyks": 0.0, "Nogais": 0.0}, "skipped_nodes": 18, "memory_allocated_MB": 22.26708984375, "memory_reserved_MB": 74.0, "f1_macro_score_only_mask_connect": 0.2916666666666667, "f1_macro_score_only_not_mask_connect": 0.637973137973138, "f1_macro_score_mixed_connect": 0.701492591153618, "only_mask_connect_sum": 11.0, "only_not_mask_connect_sum": 21.0, "mixed_connect_sum": 68.0, "model_name": "GL_GCNConv_3l_512h_w"}