{"f1_macro": 0.20683420922607015, "f1_weighted": 0.5788230437637732, "accuracy": 0.6717791411042945, "class_scores": {"P0": 0.0, "P1": 0.8029465930018416, "P2": 0.024390243902439025, "P3": 0.0}, "skipped_nodes": 0, "model_name": "GL_SAGEConv_3l_512h"}