{"f1_macro": 0.5082728185763841, "f1_weighted": 0.5496216482309157, "precision_macro": 0.5082715657565957, "precision_weighted": 0.5483246348771514, "recall_macro": 0.5102452140527248, "recall_weighted": 0.5524324324324325, "accuracy": 0.5524324324324325, "class_scores": {"Southern Russians": 0.5504, "Ukranians": 0.36177474402730375, "Northen Russians": 0.6953846153846154, "Belarusians": 0.425531914893617}, "skipped_nodes": 0, "memory_allocated_MB": 21.5869140625, "memory_reserved_MB": 88.0, "model_name": "GL_SAGEConv_9l_128h"}