{"f1_macro": 0.6408229322661103, "f1_weighted": 0.8235724869706321, "precision_macro": 0.6593682186691666, "precision_weighted": 0.8442925212014206, "recall_macro": 0.6406344832444617, "recall_weighted": 0.8148148148148148, "accuracy": 0.8148148148148148, "class_scores": {"P0": 0.7857142857142857, "P1": 0.8918918918918919, "P2": 0.6751592356687898, "P3": 0.21052631578947367}, "skipped_nodes": 1, "model_name": "LongestIbd"}