{"f1_macro": 0.46269471834607445, "f1_weighted": 0.4883814663056955, "accuracy": 0.5121527777777778, "class_scores": {"krasnodar": 0.4181184668989547, "vologda-yaroslavl": 0.5964912280701754, "ryazan": 0.5882352941176471, "kaluga": 0.24793388429752067}, "skipped_nodes": 0, "model_name": "GL_GINConv_3l_128h"}