{"f1_macro": 0.6338179604947898, "f1_weighted": 0.7890283411596383, "precision_macro": 0.7292467948717949, "precision_weighted": 0.8189292275740874, "recall_macro": 0.6166666666666667, "recall_weighted": 0.8037383177570093, "accuracy": 0.8037383177570093, "class_scores": {"Chechens": 0.8181818181818182, "Kabardians, Circassians, Adyghes": 0.8727272727272727, "Karachays, Balkars": 0.8292682926829268, "Ingush": 0.42857142857142855, "Dagestan peoples": 0.8717948717948718, "Ossetians": 0.75, "Kumyks": 0.0, "Nogais": 0.5}, "skipped_nodes": 11, "memory_allocated_MB": 156.9638671875, "memory_reserved_MB": 218.0, "model_name": "GL_TAGConv_9l_512h_w_k3"}