{"f1_macro": 0.5580642566529663, "f1_weighted": 0.7202085149665796, "accuracy": 0.75, "class_scores": {"Chechens": 0.8095238095238095, "Kabardians, Circassians, Adyghes": 0.8387096774193549, "Karachays, Balkars": 0.85, "Ingush": 0.6666666666666666, "Dagestan peoples": 0.7567567567567568, "Ossetians": 0.14285714285714285, "Kumyks": 0.0, "Nogais": 0.4}, "skipped_nodes": 10, "model_name": "GL_TAGConv_9l_512h_w_k3"}