{"f1_macro": 0.35969332188664727, "f1_weighted": 0.1852435800374915, "precision_macro": 0.5248066467046765, "precision_weighted": 0.8039654638612735, "recall_macro": 0.6290371526423029, "recall_weighted": 0.2331288343558282, "accuracy": 0.2331288343558282, "class_scores": {"P0": 0.9, "P1": 0.09795918367346938, "P2": 0.30522088353413657, "P3": 0.13559322033898305}, "skipped_nodes": 0, "model_name": "MaxIbdSumPerClassSize"}