{"f1_macro": 0.49395207591309315, "f1_weighted": 0.5258573931060648, "accuracy": 0.5434027777777778, "class_scores": {"krasnodar": 0.5774278215223098, "yaroslavl": 0.23076923076923078, "ryazan": 0.6103542234332425, "kaluga": 0.44594594594594594, "vologda": 0.6052631578947368}, "skipped_nodes": 0, "model_name": "GL_MLP_9l_512h"}