{"f1_macro": 0.3205287340213616, "f1_weighted": 0.43859411519147856, "precision_macro": 0.27534702139965295, "precision_weighted": 0.37673349694402325, "recall_macro": 0.38865651080142155, "recall_weighted": 0.5318918918918919, "accuracy": 0.5318918918918919, "class_scores": {"Southern Russians": 0.5512367491166078, "Ukranians": 0.0, "Northen Russians": 0.7308781869688386, "Belarusians": 0.0}, "skipped_nodes": 0, "memory_allocated_MB": 27.654296875, "memory_reserved_MB": 186.0, "f1_macro_score_only_mask_connect": 0.20526315789473684, "f1_macro_score_only_not_mask_connect": 0.0, "f1_macro_score_mixed_connect": 0.32203090879993945, "only_mask_connect_sum": 16.0, "only_not_mask_connect_sum": 1.0, "mixed_connect_sum": 908.0, "model_name": "GL_GCNConv_3l_128h_w"}