{"f1_macro": 0.7059298859689901, "f1_weighted": 0.7458315543337102, "precision_macro": 0.6875, "precision_weighted": 0.8780674846625767, "recall_macro": 0.8969306801924828, "recall_weighted": 0.7208588957055214, "accuracy": 0.7208588957055214, "class_scores": {"Udmurts,Besermyan": 1.0, "Tatars,Volga-Tatars,Mishar-Tatars,Kryashens": 0.7639257294429708, "Chuvash": 0.6597938144329897, "Mari": 0.4}, "skipped_nodes": 0, "model_name": "MaxIbdSumPerClassSize"}