{"f1_macro": 0.724211170680318, "f1_weighted": 0.8357378243848437, "precision_macro": 0.8917648912931931, "precision_weighted": 0.8618959049896078, "recall_macro": 0.6619119774818948, "recall_weighted": 0.8523206751054853, "accuracy": 0.8523206751054853, "class_scores": {"English": 0.9249492900608519, "Germans": 0.7213114754098361, "French": 0.49382716049382713, "Belgium": 0.7567567567567568}, "skipped_nodes": 58, "memory_allocated_MB": 17.26416015625, "memory_reserved_MB": 110.0, "f1_macro_score_only_mask_connect": 0.3192217618447126, "f1_macro_score_only_not_mask_connect": 0.9019519519519519, "f1_macro_score_mixed_connect": 0.86039889238138, "only_mask_connect_sum": 176.0, "only_not_mask_connect_sum": 43.0, "mixed_connect_sum": 492.0, "model_name": "GL_SAGEConv_3l_128h_de"}