{"f1_macro": 0.9231414222939646, "f1_weighted": 0.9476237595168937, "precision_macro": 0.9644300144300144, "precision_weighted": 0.9521693936948172, "recall_macro": 0.8970785440613027, "recall_weighted": 0.9491525423728814, "accuracy": 0.9491525423728814, "class_scores": {"Chechens": 0.9714285714285714, "Kabardians, Circassians, Adyghes": 0.9491525423728814, "Karachays, Balkars": 0.9714285714285714, "Ingush": 0.9523809523809523, "Dagestan peoples": 0.9629629629629629, "Ossetians": 0.8888888888888888, "Kumyks": 0.8, "Nogais": 0.8888888888888888}, "skipped_nodes": 0, "memory_allocated_MB": 36.96826171875, "memory_reserved_MB": 112.0, "model_name": "GL_TAGConv_3l_512h_nw_k3_gnorm_relu"}