{"f1_macro": 0.7824016368181351, "f1_weighted": 0.8753857368353127, "precision_macro": 0.7489019869728908, "precision_weighted": 0.8991436675826696, "recall_macro": 0.8334688082542161, "recall_weighted": 0.8680981595092024, "accuracy": 0.8680981595092024, "class_scores": {"P0": 0.9473684210526315, "P1": 0.9149425287356322, "P2": 0.7672955974842768, "P3": 0.5}, "skipped_nodes": 0, "model_name": "LongestIbd"}