{"f1_macro": 0.9263018125910651, "f1_weighted": 0.9216448135318199, "precision_macro": 0.9230025183150183, "precision_weighted": 0.9250338429686256, "recall_macro": 0.9334741942754112, "recall_weighted": 0.9217391304347826, "accuracy": 0.9217391304347826, "class_scores": {"Chechens": 0.9411764705882353, "Kabardians, Circassians, Adyghes": 0.9122807017543859, "Karachays, Balkars": 0.9090909090909091, "Ingush": 0.9, "Dagestan peoples": 0.9387755102040817, "Ossetians": 0.9, "Kumyks": 1.0, "Nogais": 0.9090909090909091}, "skipped_nodes": 3, "memory_allocated_MB": 39.0390625, "memory_reserved_MB": 118.0, "f1_macro_score_only_mask_connect": -100.0, "f1_macro_score_only_not_mask_connect": -100.0, "f1_macro_score_mixed_connect": -100.0, "only_mask_connect_sum": -100.0, "only_not_mask_connect_sum": -100.0, "mixed_connect_sum": -100.0, "model_name": "GL_TAGConv_3l_512h_w_k3_gnorm"}