{"f1_macro": 0.9100514074419347, "f1_weighted": 0.9414635581937913, "precision_macro": 0.9175116602425331, "precision_weighted": 0.9440982626984095, "recall_macro": 0.9073043602312062, "recall_weighted": 0.9421487603305785, "accuracy": 0.9421487603305785, "class_scores": {"English": 0.9720430107526882, "Germans": 0.8898305084745762, "French": 0.8137931034482758, "Belgium": 0.9645390070921985}, "skipped_nodes": 43, "memory_allocated_MB": 37.46435546875, "memory_reserved_MB": 692.0, "f1_macro_score_only_mask_connect": 0.8374800159872102, "f1_macro_score_only_not_mask_connect": 1.0, "f1_macro_score_mixed_connect": 0.9517353723321671, "only_mask_connect_sum": 191.0, "only_not_mask_connect_sum": 26.0, "mixed_connect_sum": 509.0, "model_name": "GL_GATConv_9l_128h"}