{"f1_macro": 0.9036705125850518, "f1_weighted": 0.9309342719362889, "precision_macro": 0.9370649216624449, "precision_weighted": 0.9375882393731364, "recall_macro": 0.8852811584403877, "recall_weighted": 0.9304347826086956, "accuracy": 0.9304347826086956, "class_scores": {"Chechens": 0.9444444444444444, "Kabardians, Circassians, Adyghes": 0.9491525423728814, "Karachays, Balkars": 0.9411764705882353, "Ingush": 0.9473684210526315, "Dagestan peoples": 0.9583333333333334, "Ossetians": 0.8, "Kumyks": 0.8, "Nogais": 0.8888888888888888}, "skipped_nodes": 3, "memory_allocated_MB": 159.06201171875, "memory_reserved_MB": 268.0, "f1_macro_score_only_mask_connect": -100.0, "f1_macro_score_only_not_mask_connect": -100.0, "f1_macro_score_mixed_connect": -100.0, "only_mask_connect_sum": -100.0, "only_not_mask_connect_sum": -100.0, "mixed_connect_sum": -100.0, "model_name": "GL_TAGConv_9l_512h_w_k3"}