{"f1_macro": 0.5837511275937892, "f1_weighted": 0.6335503845784244, "precision_macro": 0.5822399829521502, "precision_weighted": 0.6428963929066066, "recall_macro": 0.5902774839216846, "recall_weighted": 0.6281081081081081, "accuracy": 0.6281081081081081, "class_scores": {"Southern Russians": 0.6421404682274248, "Ukranians": 0.4472049689440994, "Northen Russians": 0.7961476725521669, "Belarusians": 0.4495114006514658}, "skipped_nodes": 0, "memory_allocated_MB": 39.0947265625, "memory_reserved_MB": 478.0, "model_name": "GL_TAGConv_3l_512h_w_k3_gnorm_relu"}