{"f1_macro": 0.23601903790583037, "f1_weighted": 0.05143237924809866, "precision_macro": 0.22701754385964912, "precision_weighted": 0.04977074588311269, "recall_macro": 0.29166666666666663, "recall_weighted": 0.05828220858895705, "accuracy": 0.05828220858895705, "class_scores": {"P0": 0.918918918918919, "P1": 0.0, "P2": 0.0, "P3": 0.025157232704402517}, "skipped_nodes": 0, "model_name": "MaxIbdSumPerClassSize"}