{"f1_macro": 0.9167863260105396, "f1_weighted": 0.9253786705050924, "precision_macro": 0.9261693237596852, "precision_weighted": 0.9281851861285875, "recall_macro": 0.9111670894195166, "recall_weighted": 0.9255813953488372, "accuracy": 0.9255813953488372, "class_scores": {"Swedes": 0.9240506329113924, "Norwegians": 0.9405940594059405, "Danes": 0.8857142857142857}, "skipped_nodes": 0, "memory_allocated_MB": 19.11669921875, "memory_reserved_MB": 180.0, "f1_macro_score_only_mask_connect": 0.562962962962963, "f1_macro_score_only_not_mask_connect": 0.7333333333333334, "f1_macro_score_mixed_connect": 0.9296036822689274, "only_mask_connect_sum": 12.0, "only_not_mask_connect_sum": 8.0, "mixed_connect_sum": 195.0, "model_name": "GL_SAGEConv_3l_128h"}