{"f1_macro": 0.5650063163010245, "f1_weighted": 0.6638104846386453, "precision_macro": 0.5565594168677173, "precision_weighted": 0.8222375757003567, "recall_macro": 0.726230191826522, "recall_weighted": 0.6302250803858521, "accuracy": 0.6302250803858521, "class_scores": {"Udmurts,Besermyan": 0.7317073170731707, "Tatars,Volga-Tatars,Mishar-Tatars,Kryashens": 0.696165191740413, "Chuvash": 0.5968586387434555, "Mari": 0.23529411764705882}, "skipped_nodes": 15, "model_name": "MaxIbdSumPerClassSize"}