{"f1_macro": 0.5545191823951454, "f1_weighted": 0.649922609637826, "accuracy": 0.6141479099678456, "class_scores": {"Udmurts,Besermyan": 0.7317073170731707, "Tatars,Volga-Tatars,Mishar-Tatars,Kryashens": 0.6826347305389222, "Chuvash": 0.5773195876288659, "Mari": 0.22641509433962265}, "skipped_nodes": 15, "model_name": "MaxIbdSumPerClassSize"}