{"f1_macro": 0.5763293310463121, "f1_weighted": 0.7237343171839433, "precision_macro": 0.5329861111111112, "precision_weighted": 0.6667895047169812, "recall_macro": 0.6282632146709817, "recall_weighted": 0.7924528301886793, "accuracy": 0.7924528301886793, "class_scores": {"Swedes": 0.8805031446540881, "Norwegians": 0.8484848484848485, "Danes": 0.0}, "skipped_nodes": 3, "memory_allocated_MB": 21.890625, "memory_reserved_MB": 70.0, "model_name": "GL_GINConv_9l_128h"}