{"f1_macro": 0.32064171425140986, "f1_weighted": 0.4462353823476411, "precision_macro": 0.27581577753957787, "precision_weighted": 0.3838513626813429, "recall_macro": 0.38790322580645165, "recall_weighted": 0.5398428731762065, "accuracy": 0.5398428731762065, "class_scores": {"Ukranians": 0.0, "Southern Russians": 0.5888077858880778, "Northen Russians": 0.6937590711175616, "Belarusians": 0.0}, "skipped_nodes": 24, "memory_allocated_MB": 21.427734375, "memory_reserved_MB": 302.0, "model_name": "GL_GATConv_3l_128h"}