{"f1_macro": 0.6385152908346485, "f1_weighted": 0.6874366509935103, "accuracy": 0.647239263803681, "class_scores": {"Udmurts,Besermyan": 0.9473684210526315, "Tatars,Volga-Tatars,Mishar-Tatars,Kryashens": 0.6836158192090396, "Chuvash": 0.6923076923076923, "Mari": 0.23076923076923078}, "skipped_nodes": 0, "model_name": "MaxEdgeCountPerClassSize"}