{"f1_macro": 0.33190658231183867, "f1_weighted": 0.4152288490192271, "precision_macro": 0.38930445356304755, "precision_weighted": 0.43341464518391665, "recall_macro": 0.35346221985716647, "recall_weighted": 0.46094609460946095, "accuracy": 0.46094609460946095, "class_scores": {"Southern Russians": 0.5170387779083431, "Ukranians": 0.10752688172043011, "Northen Russians": 0.5840130505709625, "Belarusians": 0.11904761904761904}, "skipped_nodes": 16, "memory_allocated_MB": 22.58544921875, "memory_reserved_MB": 62.0, "model_name": "GL_GINConv_9l_128h"}