{"f1_macro": 0.8346376302898042, "f1_weighted": 0.8849090560270685, "accuracy": 0.8839285714285714, "class_scores": {"Chechens": 0.9714285714285714, "Kabardians, Circassians, Adyghes": 0.8727272727272727, "Karachays, Balkars": 0.8108108108108109, "Ingush": 0.9090909090909091, "Dagestan peoples": 0.9130434782608695, "Ossetians": 0.9, "Kumyks": 0.5, "Nogais": 0.8}, "skipped_nodes": 6, "model_name": "GL_TAGConv_3l_512h_w_k3"}