{"f1_macro": 0.94366453682756, "f1_weighted": 0.9593816588712786, "accuracy": 0.9602739726027397, "class_scores": {"English": 0.9766454352441614, "Germans": 0.921161825726141, "French": 0.9197080291970803, "Belgium": 0.9571428571428572}, "skipped_nodes": 39, "model_name": "GL_GATConv_9l_512h"}