{"f1_macro": 0.410929535109561, "f1_weighted": 0.24680074558967893, "precision_macro": 0.5697974706894026, "precision_weighted": 0.821378410469153, "recall_macro": 0.6679238739324576, "recall_weighted": 0.2822085889570552, "accuracy": 0.2822085889570552, "class_scores": {"P0": 0.972972972972973, "P1": 0.15810276679841898, "P2": 0.3770491803278688, "P3": 0.13559322033898305}, "skipped_nodes": 0, "model_name": "MaxIbdSumPerClassSize"}