{"f1_macro": 0.7814881126752612, "f1_weighted": 0.8940093946319374, "precision_macro": 0.8042967436480287, "precision_weighted": 0.8909300650316782, "recall_macro": 0.7637327269125782, "recall_weighted": 0.8997005988023952, "accuracy": 0.8997005988023952, "class_scores": {"English": 0.9698275862068966, "Germans": 0.7431693989071039, "French": 0.5052631578947369, "Belgium": 0.9076923076923077}, "skipped_nodes": 101, "memory_allocated_MB": 17.97021484375, "memory_reserved_MB": 54.0, "model_name": "GL_TAGConv_3l_128h_w_k3"}