{"f1_macro": 0.6060717514667339, "f1_weighted": 0.6498309664814564, "precision_macro": 0.6175195297162731, "precision_weighted": 0.6470336263590424, "recall_macro": 0.60038431658741, "recall_weighted": 0.6572972972972972, "accuracy": 0.6572972972972972, "class_scores": {"Southern Russians": 0.6656394453004623, "Ukranians": 0.4631578947368421, "Northen Russians": 0.7874251497005988, "Belarusians": 0.5080645161290323}, "skipped_nodes": 0, "memory_allocated_MB": 36.6865234375, "memory_reserved_MB": 506.0, "model_name": "GL_TAGConv_3l_512h_nw_k3_gnorm_relu"}