{"f1_macro": 0.8788251977907151, "f1_weighted": 0.9373456110744246, "precision_macro": 0.9408742598397771, "precision_weighted": 0.9450436569080638, "recall_macro": 0.8636015325670499, "recall_weighted": 0.940677966101695, "accuracy": 0.940677966101695, "class_scores": {"P0": 0.9444444444444444, "P1": 0.9310344827586207, "P2": 1.0, "P3": 0.9090909090909091, "P4": 1.0, "P5": 0.8571428571428571, "P6": 0.5, "P7": 0.8888888888888888}, "skipped_nodes": 0, "memory_allocated_MB": 36.9423828125, "memory_reserved_MB": 264.0, "model_name": "GL_GATConv_9l_128h"}