{"f1_macro": 0.9736974056566304, "f1_weighted": 0.9821831890764856, "accuracy": 0.98224043715847, "class_scores": {"P0": 0.990228013029316, "P1": 0.9701492537313433, "P2": 0.948905109489051, "P3": 0.9855072463768116}, "skipped_nodes": 30, "model_name": "GL_TAGConv_3l_512h_w_k3_gnorm"}