{"f1_macro": 0.9597197572807329, "f1_weighted": 0.9617780720476484, "precision_macro": 0.9516518936341659, "precision_weighted": 0.9625861224741585, "recall_macro": 0.969277238403452, "recall_weighted": 0.9617224880382775, "accuracy": 0.9617224880382775, "class_scores": {"Swedes": 0.9594594594594594, "Norwegians": 0.9658536585365853, "Danes": 0.9538461538461539}, "skipped_nodes": 6, "memory_allocated_MB": 25.29296875, "memory_reserved_MB": 82.0, "model_name": "GL_TAGConv_9l_128h_w_k3"}