{"f1_macro": 0.8289244469547974, "f1_weighted": 0.8573457275584934, "precision_macro": 0.8338702147525677, "precision_weighted": 0.8741953761561605, "recall_macro": 0.8576476222672977, "recall_weighted": 0.8547008547008547, "accuracy": 0.8547008547008547, "class_scores": {"Chechens": 0.9142857142857143, "Kabardians, Circassians, Adyghes": 0.8571428571428571, "Karachays, Balkars": 0.7647058823529411, "Ingush": 0.9090909090909091, "Dagestan peoples": 0.9361702127659575, "Ossetians": 0.75, "Kumyks": 0.75, "Nogais": 0.75}, "skipped_nodes": 1, "memory_allocated_MB": 21.79345703125, "memory_reserved_MB": 122.0, "model_name": "GL_GATConv_3l_128h"}