{"f1_macro": 0.6189911448450348, "f1_weighted": 0.7836753937672437, "accuracy": 0.7730061349693251, "class_scores": {"Udmurts,Besermyan": 1.0, "Tatars,Volga-Tatars,Mishar-Tatars,Kryashens": 0.8387096774193549, "Chuvash": 0.6372549019607843, "Mari": 0.0}, "skipped_nodes": 0, "model_name": "GL_GATConv_9l_512h"}