{"f1_macro": 0.7598182283666154, "f1_weighted": 0.8760924674639301, "precision_macro": 0.7385951398311473, "precision_weighted": 0.9026589549464057, "recall_macro": 0.7993778991633069, "recall_weighted": 0.8680981595092024, "accuracy": 0.8680981595092024, "class_scores": {"P0": 0.9444444444444444, "P1": 0.9170506912442397, "P2": 0.7777777777777778, "P3": 0.4}, "skipped_nodes": 0, "model_name": "LongestIbd"}