{"f1_macro": 0.4981896104585033, "f1_weighted": 0.5796372206834203, "precision_macro": 0.5474947499253888, "precision_weighted": 0.5998642476140674, "recall_macro": 0.5281388400011682, "recall_weighted": 0.6151351351351352, "accuracy": 0.6151351351351352, "class_scores": {"Southern Russians": 0.6627737226277373, "Ukranians": 0.12087912087912088, "Northen Russians": 0.7964071856287425, "Belarusians": 0.4126984126984127}, "skipped_nodes": 0, "memory_allocated_MB": 23.01513671875, "memory_reserved_MB": 100.0, "f1_macro_score_only_mask_connect": -100.0, "f1_macro_score_only_not_mask_connect": -100.0, "f1_macro_score_mixed_connect": -100.0, "only_mask_connect_sum": -100.0, "only_not_mask_connect_sum": -100.0, "mixed_connect_sum": -100.0, "model_name": "GL_MLP_9l_128h"}