{"f1_macro": 0.8439072198048637, "f1_weighted": 0.920034069215142, "precision_macro": 0.852372848200313, "precision_weighted": 0.9346614981050966, "recall_macro": 0.8672732897999829, "recall_weighted": 0.9201807228915663, "accuracy": 0.9201807228915663, "class_scores": {"English": 0.9776286353467561, "Germans": 0.7796610169491526, "French": 0.711864406779661, "Belgium": 0.9064748201438849}, "skipped_nodes": 105, "memory_allocated_MB": 37.66357421875, "memory_reserved_MB": 146.0, "f1_macro_score_only_mask_connect": 0.7342759002013879, "f1_macro_score_only_not_mask_connect": 0.919171863536317, "f1_macro_score_mixed_connect": 0.852368834622824, "only_mask_connect_sum": 129.0, "only_not_mask_connect_sum": 66.0, "mixed_connect_sum": 469.0, "model_name": "GL_TAGConv_3l_512h_w_k3_gnorm"}