{"f1_macro": 0.5435670589594852, "f1_weighted": 0.5917250953247795, "precision_macro": 0.5676069662160612, "precision_weighted": 0.6168640653000664, "recall_macro": 0.54972529339089, "recall_weighted": 0.5924324324324325, "accuracy": 0.5924324324324325, "class_scores": {"Southern Russians": 0.6280752532561505, "Ukranians": 0.5115089514066496, "Northen Russians": 0.7075812274368231, "Belarusians": 0.32710280373831774}, "skipped_nodes": 0, "memory_allocated_MB": 56.64892578125, "memory_reserved_MB": 352.0, "f1_macro_score_only_mask_connect": 0.33531746031746035, "f1_macro_score_only_not_mask_connect": 1.0, "f1_macro_score_mixed_connect": 0.5433901931145365, "only_mask_connect_sum": 16.0, "only_not_mask_connect_sum": 1.0, "mixed_connect_sum": 908.0, "model_name": "GL_GINConv_3l_512h"}