{"f1_macro": 0.7306395369475864, "f1_weighted": 0.8203096687062943, "precision_macro": 0.7485486918052707, "precision_weighted": 0.8575770291728766, "recall_macro": 0.751230722173927, "recall_weighted": 0.7981651376146789, "accuracy": 0.7981651376146789, "class_scores": {"Chechens": 0.8648648648648649, "Kabardians, Circassians, Adyghes": 0.8421052631578947, "Karachays, Balkars": 0.8484848484848485, "Ingush": 0.6666666666666666, "Dagestan peoples": 0.8333333333333334, "Ossetians": 0.9411764705882353, "Kumyks": 0.18181818181818182, "Nogais": 0.6666666666666666}, "skipped_nodes": 9, "memory_allocated_MB": 17.24072265625, "memory_reserved_MB": 46.0, "model_name": "GL_SAGEConv_3l_128h"}