{"f1_macro": 0.9497010071634286, "f1_weighted": 0.9576673107047213, "precision_macro": 0.9653409090909091, "precision_weighted": 0.9597387425658453, "recall_macro": 0.9371341244156778, "recall_weighted": 0.9579439252336449, "accuracy": 0.9579439252336449, "class_scores": {"Swedes": 0.9795918367346939, "Norwegians": 0.9577464788732394, "Danes": 0.9117647058823529}, "skipped_nodes": 1, "memory_allocated_MB": 338.62646484375, "memory_reserved_MB": 1566.0, "model_name": "GL_GATConv_9l_512h"}