{"f1_macro": 0.615277515038567, "f1_weighted": 0.8045673216522707, "accuracy": 0.819047619047619, "class_scores": {"Chechens": 0.8372093023255814, "Kabardians, Circassians, Adyghes": 0.8571428571428571, "Karachays, Balkars": 0.8648648648648649, "Ingush": 0.8235294117647058, "Dagestan peoples": 0.7894736842105263, "Ossetians": 0.75, "Kumyks": 0.0, "Nogais": 0.0}, "skipped_nodes": 13, "model_name": "GL_SAGEConv_9l_128h"}