{"f1_macro": 0.6143704716319309, "f1_weighted": 0.6522462632978678, "precision_macro": 0.6116326337212526, "precision_weighted": 0.6552758404629181, "recall_macro": 0.6194159106039105, "recall_weighted": 0.6508108108108108, "accuracy": 0.6508108108108108, "class_scores": {"Southern Russians": 0.6601626016260163, "Ukranians": 0.49517684887459806, "Northen Russians": 0.7765451664025357, "Belarusians": 0.5255972696245734}, "skipped_nodes": 0, "memory_allocated_MB": 20.33203125, "memory_reserved_MB": 76.0, "model_name": "GL_MLP_9l_128h"}