{"f1_macro": 0.332204603383702, "f1_weighted": 0.3717011636488997, "precision_macro": 0.37917618438281675, "precision_weighted": 0.43575174129013655, "recall_macro": 0.38880755697215713, "recall_weighted": 0.43783783783783786, "accuracy": 0.43783783783783786, "class_scores": {"Southern Russians": 0.20865139949109415, "Ukranians": 0.3659147869674185, "Northen Russians": 0.6527293844367015, "Belarusians": 0.10152284263959391}, "skipped_nodes": 0, "memory_allocated_MB": 341.29638671875, "memory_reserved_MB": 14676.0, "model_name": "GL_GATConv_9l_512h"}