{"f1_macro": 0.8675697037471319, "f1_weighted": 0.9248456758720406, "accuracy": 0.9295977011494253, "class_scores": {"English": 0.9671261930010604, "Germans": 0.8691588785046729, "French": 0.7142857142857143, "Belgium": 0.9197080291970803}, "skipped_nodes": 73, "model_name": "GL_TAGConv_9l_512h_w_k3"}