{"f1_macro": 0.4171375921375921, "f1_weighted": 0.6518324065692486, "precision_macro": 0.3777787162162162, "precision_weighted": 0.5941856330014225, "recall_macro": 0.47637931034482756, "recall_weighted": 0.7368421052631579, "accuracy": 0.7368421052631579, "class_scores": {"Chechens": 0.72, "Kabardians, Circassians, Adyghes": 0.8181818181818182, "Karachays, Balkars": 0.918918918918919, "Ingush": 0.0, "Dagestan peoples": 0.88, "Ossetians": 0.0, "Kumyks": 0.0, "Nogais": 0.0}, "skipped_nodes": 4, "memory_allocated_MB": 21.44091796875, "memory_reserved_MB": 82.0, "model_name": "GL_GCNConv_3l_512h_w"}