{"f1_macro": 0.38751389188349045, "f1_weighted": 0.42196572459141507, "accuracy": 0.4427083333333333, "class_scores": {"krasnodar": 0.4692737430167598, "yaroslavl": 0.25263157894736843, "ryazan": 0.5241379310344828, "kaluga": 0.28169014084507044, "vologda": 0.4098360655737705}, "skipped_nodes": 0, "model_name": "GL_TAGConv_3l_512h_w_k3"}