{"f1_macro": 0.10303740718255265, "f1_weighted": 0.13643394524094918, "accuracy": 0.2864583333333333, "class_scores": {"krasnodar": 0.44081632653061226, "yaroslavl": 0.05263157894736842, "ryazan": 0.0, "kaluga": 0.021739130434782608, "vologda": 0.0}, "skipped_nodes": 0, "model_name": "GL_GCNConv_3l_128h_w"}