{"f1_macro": 0.529543755072577, "f1_weighted": 0.6240507831962407, "accuracy": 0.5784615384615385, "class_scores": {"P0": 0.7142857142857143, "P1": 0.6532951289398281, "P2": 0.5561497326203209, "P3": 0.19444444444444445}, "skipped_nodes": 0, "model_name": "MaxEdgeCountPerClassSize"}