{"f1_macro": 0.6553455363661904, "f1_weighted": 0.7011638722931584, "precision_macro": 0.6649854516428056, "precision_weighted": 0.8897395023401853, "recall_macro": 0.880901287553648, "recall_weighted": 0.6595092024539877, "accuracy": 0.6595092024539877, "class_scores": {"P0": 0.972972972972973, "P1": 0.6873239436619718, "P2": 0.7415730337078652, "P3": 0.21951219512195122}, "skipped_nodes": 0, "model_name": "MaxEdgeCountPerClassSize"}