{"f1_macro": 0.9159531006078321, "f1_weighted": 0.9388431553191279, "accuracy": 0.9385964912280702, "class_scores": {"Chechens": 0.9411764705882353, "Kabardians, Circassians, Adyghes": 0.9454545454545454, "Karachays, Balkars": 0.9714285714285714, "Ingush": 0.8695652173913043, "Dagestan peoples": 1.0, "Ossetians": 0.8, "Kumyks": 0.8, "Nogais": 1.0}, "skipped_nodes": 4, "model_name": "GL_TAGConv_3l_512h_w_k3"}