{"f1_macro": 0.21661409043112512, "f1_weighted": 0.31277455113653113, "accuracy": 0.48130841121495327, "class_scores": {"Swedes": 0.0, "Norwegians": 0.6498422712933754, "Danes": 0.0}, "skipped_nodes": 1, "model_name": "GL_GATConv_9l_512h"}