{"f1_macro": 0.5491487089366223, "f1_weighted": 0.6111634897477547, "precision_macro": 0.5973080323432436, "precision_weighted": 0.6167064883870804, "recall_macro": 0.5410370768245447, "recall_weighted": 0.6288135593220339, "accuracy": 0.6288135593220339, "class_scores": {"Northen Russians": 0.731404958677686, "Ukranians": 0.27184466019417475, "Belarusians": 0.5751633986928104, "Southern Russians": 0.6181818181818182}, "skipped_nodes": 148, "memory_allocated_MB": 17.62060546875, "memory_reserved_MB": 34.0, "model_name": "GL_TAGConv_3l_128h_w_k3"}