{"f1_macro": 0.9202815375762237, "f1_weighted": 0.9504514595066065, "accuracy": 0.9504814305364512, "class_scores": {"English": 0.9751351351351352, "Germans": 0.9300411522633745, "French": 0.8840579710144928, "Belgium": 0.8918918918918919}, "skipped_nodes": 42, "model_name": "MaxIbdSumPerClassSize"}