{"f1_macro": 0.954491341991342, "f1_weighted": 0.9759006530192972, "precision_macro": 0.9330357142857143, "precision_weighted": 0.9815375302663438, "recall_macro": 0.9870689655172413, "recall_weighted": 0.9745762711864406, "accuracy": 0.9745762711864406, "class_scores": {"P0": 1.0, "P1": 0.9454545454545454, "P2": 1.0, "P3": 1.0, "P4": 1.0, "P5": 1.0, "P6": 0.8571428571428571, "P7": 0.8333333333333334}, "skipped_nodes": 0, "memory_allocated_MB": 37.77197265625, "memory_reserved_MB": 82.0, "model_name": "GL_TAGConv_3l_512h_w_k3_gnorm"}