{"f1_macro": 0.5036758265728164, "f1_weighted": 0.5643859160617282, "precision_macro": 0.5325272184218134, "precision_weighted": 0.8425576184095185, "recall_macro": 0.7287629514024363, "recall_weighted": 0.50920245398773, "accuracy": 0.50920245398773, "class_scores": {"P0": 0.75, "P1": 0.5661538461538461, "P2": 0.5664739884393064, "P3": 0.1320754716981132}, "skipped_nodes": 0, "model_name": "MaxEdgeCountPerClassSize"}