{"f1_macro": 0.6029856517202619, "f1_weighted": 0.769009279440196, "accuracy": 0.8021978021978022, "class_scores": {"Chechens": 0.7272727272727273, "Kabardians, Circassians, Adyghes": 0.9302325581395349, "Karachays, Balkars": 0.8648648648648649, "Ingush": 0.0, "Dagestan peoples": 0.875, "Ossetians": 0.8235294117647058, "Kumyks": 0.0, "Nogais": 0.0}, "skipped_nodes": 27, "model_name": "GL_TAGConv_9l_128h_w_k3"}