{"f1_macro": 0.885749617786231, "f1_weighted": 0.9348161558687875, "accuracy": 0.9369369369369369, "class_scores": {"Chechens": 0.9444444444444444, "Kabardians, Circassians, Adyghes": 0.9285714285714286, "Karachays, Balkars": 1.0, "Ingush": 0.9473684210526315, "Dagestan peoples": 0.9565217391304348, "Ossetians": 0.9090909090909091, "Kumyks": 1.0, "Nogais": 0.4}, "skipped_nodes": 7, "model_name": "GL_TAGConv_3l_512h_w_k3"}