{"f1_macro": 0.6525392915787005, "f1_weighted": 0.8814245749385323, "precision_macro": 0.688643896815103, "precision_weighted": 0.8720890511494344, "recall_macro": 0.6262944628690337, "recall_weighted": 0.8981481481481481, "accuracy": 0.8981481481481481, "class_scores": {"P0": 0.896551724137931, "P1": 0.9469387755102041, "P2": 0.7666666666666667, "P3": 0.0}, "skipped_nodes": 1, "model_name": "MaxSegmentCount"}