{"f1_macro": 0.896474861345551, "f1_weighted": 0.9775362225039611, "precision_macro": 0.8768028846153846, "precision_weighted": 0.9809314535158095, "recall_macro": 0.9271470065461482, "recall_weighted": 0.9754601226993865, "accuracy": 0.9754601226993865, "class_scores": {"Udmurts,Besermyan": 1.0, "Tatars,Volga-Tatars,Mishar-Tatars,Kryashens": 0.9956896551724138, "Chuvash": 0.9538461538461539, "Mari": 0.6363636363636364}, "skipped_nodes": 0, "memory_allocated_MB": 28.28857421875, "memory_reserved_MB": 262.0, "model_name": "GL_TAGConv_9l_128h_w_k3"}