{"f1_macro": 0.2643053683737646, "f1_weighted": 0.06460011079324658, "precision_macro": 0.2595780590717299, "precision_weighted": 0.0618055447697445, "recall_macro": 0.2967171717171717, "recall_weighted": 0.0736196319018405, "accuracy": 0.0736196319018405, "class_scores": {"P0": 1.0, "P1": 0.0, "P2": 0.044642857142857144, "P3": 0.012578616352201259}, "skipped_nodes": 0, "model_name": "MaxEdgeCountPerClassSize"}