{"f1_macro": 0.9160688411462404, "f1_weighted": 0.9323664654112324, "precision_macro": 0.9463020460154447, "precision_weighted": 0.9370195719769044, "recall_macro": 0.8970781175235772, "recall_weighted": 0.933649289099526, "accuracy": 0.933649289099526, "class_scores": {"Swedes": 0.9150326797385621, "Norwegians": 0.9665071770334929, "Danes": 0.8666666666666667}, "skipped_nodes": 4, "memory_allocated_MB": 37.53125, "memory_reserved_MB": 102.0, "f1_macro_score_only_mask_connect": 0.8585858585858586, "f1_macro_score_only_not_mask_connect": 0.784804567413263, "f1_macro_score_mixed_connect": 0.918080693815988, "only_mask_connect_sum": 8.0, "only_not_mask_connect_sum": 24.0, "mixed_connect_sum": 179.0, "model_name": "GL_TAGConv_3l_512h_w_k3_gnorm"}