{"f1_macro": 0.30148436217851027, "f1_weighted": 0.40926834830465275, "precision_macro": 0.37597737304761186, "precision_weighted": 0.41569939519407245, "recall_macro": 0.3679973774886867, "recall_weighted": 0.5016251354279523, "accuracy": 0.5016251354279523, "class_scores": {"Southern Russians": 0.5461538461538461, "Ukranians": 0.0, "Northen Russians": 0.6450777202072538, "Belarusians": 0.014705882352941176}, "skipped_nodes": 2, "memory_allocated_MB": 19.59033203125, "memory_reserved_MB": 56.0, "f1_macro_score_only_mask_connect": 0.1111111111111111, "f1_macro_score_only_not_mask_connect": 0.21324786324786324, "f1_macro_score_mixed_connect": 0.303704041435658, "only_mask_connect_sum": 14.0, "only_not_mask_connect_sum": 37.0, "mixed_connect_sum": 872.0, "model_name": "GL_SAGEConv_3l_128h_de"}