{"f1_macro": 0.8812053162152337, "f1_weighted": 0.93615714727552, "precision_macro": 0.9052135028949545, "precision_weighted": 0.9360264339508823, "recall_macro": 0.8616364383406474, "recall_weighted": 0.9383458646616541, "accuracy": 0.9383458646616541, "class_scores": {"English": 0.9727965179542981, "Germans": 0.8571428571428571, "French": 0.75, "Belgium": 0.9448818897637795}, "skipped_nodes": 104, "memory_allocated_MB": 36.60791015625, "memory_reserved_MB": 110.0, "model_name": "GL_TAGConv_3l_512h_w_k3"}