{"f1_macro": 0.8836396200100175, "f1_weighted": 0.9375366151172576, "accuracy": 0.9398496240601504, "class_scores": {"English": 0.9739130434782609, "Germans": 0.8571428571428571, "French": 0.7586206896551724, "Belgium": 0.9448818897637795}, "skipped_nodes": 104, "model_name": "GL_TAGConv_3l_512h_w_k3"}