{"f1_macro": 0.312445826232591, "f1_weighted": 0.3936892113581106, "precision_macro": 0.3086305919140524, "precision_weighted": 0.3676183563041844, "recall_macro": 0.34391464355874246, "recall_weighted": 0.44664466446644663, "accuracy": 0.44664466446644663, "class_scores": {"Southern Russians": 0.46153846153846156, "Ukranians": 0.20535714285714285, "Northen Russians": 0.5828877005347594, "Belarusians": 0.0}, "skipped_nodes": 16, "memory_allocated_MB": 38.142578125, "memory_reserved_MB": 242.0, "f1_macro_score_only_mask_connect": NaN, "f1_macro_score_only_not_mask_connect": 0.312445826232591, "f1_macro_score_mixed_connect": NaN, "only_mask_connect_sum": 0.0, "only_not_mask_connect_sum": 909.0, "mixed_connect_sum": 0.0, "model_name": "GL_GATConv_9l_128h"}