{"f1_macro": 0.9360872725294498, "f1_weighted": 0.9614514927628471, "precision_macro": 0.9544237674200033, "precision_weighted": 0.9623777967842363, "recall_macro": 0.9208288650180398, "recall_weighted": 0.9621318373071529, "accuracy": 0.9621318373071529, "class_scores": {"English": 0.9795479009687836, "Germans": 0.9572649572649573, "French": 0.88, "Belgium": 0.927536231884058}, "skipped_nodes": 56, "memory_allocated_MB": 41.4287109375, "memory_reserved_MB": 134.0, "model_name": "GL_GINConv_3l_512h"}