{"f1_macro": 0.9476468334460221, "f1_weighted": 0.9643605527062709, "precision_macro": 0.9509275734585332, "precision_weighted": 0.965294504117656, "recall_macro": 0.946764235322151, "recall_weighted": 0.964769647696477, "accuracy": 0.964769647696477, "class_scores": {"P0": 0.9827586206896551, "P1": 0.928, "P2": 0.9281045751633987, "P3": 0.9517241379310345}, "skipped_nodes": 24, "memory_allocated_MB": 52.11962890625, "memory_reserved_MB": 230.0, "model_name": "GL_GCNConv_9l_512h_w"}