{"f1_macro": 0.8353100867963197, "f1_weighted": 0.9017812328200313, "precision_macro": 0.8076388888888889, "precision_weighted": 0.9279239766081872, "recall_macro": 0.9062164750957854, "recall_weighted": 0.8947368421052632, "accuracy": 0.8947368421052632, "class_scores": {"Chechens": 0.9444444444444444, "Kabardians, Circassians, Adyghes": 0.8627450980392157, "Karachays, Balkars": 0.918918918918919, "Ingush": 1.0, "Dagestan peoples": 0.9361702127659575, "Ossetians": 0.9090909090909091, "Kumyks": 0.6666666666666666, "Nogais": 0.4444444444444444}, "skipped_nodes": 4, "memory_allocated_MB": 21.99560546875, "memory_reserved_MB": 126.0, "model_name": "GL_GATConv_3l_128h"}