{"f1_macro": 0.8258972040532189, "f1_weighted": 0.8705267065557006, "precision_macro": 0.80771437940646, "precision_weighted": 0.9103156808367457, "recall_macro": 0.8716022889842632, "recall_weighted": 0.8619631901840491, "accuracy": 0.8619631901840491, "class_scores": {"P0": 0.972972972972973, "P1": 0.9009433962264151, "P2": 0.7630057803468208, "P3": 0.6666666666666666}, "skipped_nodes": 0, "model_name": "LongestIbd"}