{"f1_macro": 0.966538035294922, "f1_weighted": 0.9761633766896235, "precision_macro": 0.9771222741433022, "precision_weighted": 0.9767877122548374, "recall_macro": 0.9574603174603175, "recall_weighted": 0.9765258215962441, "accuracy": 0.9765258215962441, "class_scores": {"Swedes": 0.9932885906040269, "Norwegians": 0.9809523809523809, "Danes": 0.9253731343283582}, "skipped_nodes": 2, "memory_allocated_MB": 16.99658203125, "memory_reserved_MB": 48.0, "model_name": "GL_GCNConv_3l_128h_w"}