{"f1_macro": 0.6616161616161617, "f1_weighted": 0.7106424676209953, "precision_macro": 0.6748719590268886, "precision_weighted": 0.8893890953080446, "recall_macro": 0.8749024580569645, "recall_weighted": 0.6656441717791411, "accuracy": 0.6656441717791411, "class_scores": {"P0": 1.0, "P1": 0.7055555555555556, "P2": 0.7159090909090909, "P3": 0.225}, "skipped_nodes": 0, "model_name": "MaxIbdSumPerClassSize"}