{"f1_macro": 0.6093687491277853, "f1_weighted": 0.7135490156851676, "precision_macro": 0.599423076923077, "precision_weighted": 0.8684332232184993, "recall_macro": 0.7959856071444055, "recall_weighted": 0.6625766871165644, "accuracy": 0.6625766871165644, "class_scores": {"P0": 0.8571428571428571, "P1": 0.7405405405405405, "P2": 0.6506024096385542, "P3": 0.1891891891891892}, "skipped_nodes": 0, "model_name": "MaxIbdSumPerClassSize"}