{"f1_macro": 0.8667972989814532, "f1_weighted": 0.9264894819961399, "precision_macro": 0.9170313895581053, "precision_weighted": 0.9324068388743713, "recall_macro": 0.8444672900068803, "recall_weighted": 0.9310344827586207, "accuracy": 0.9310344827586207, "class_scores": {"English": 0.9721627408993576, "Germans": 0.8622222222222222, "French": 0.7142857142857143, "Belgium": 0.9185185185185185}, "skipped_nodes": 73, "memory_allocated_MB": 21.8837890625, "memory_reserved_MB": 110.0, "model_name": "GL_GCNConv_3l_512h_w"}