{"f1_macro": 0.85919508400098, "f1_weighted": 0.9075869571231925, "precision_macro": 0.8189749947838927, "precision_weighted": 0.9256493467211364, "recall_macro": 0.9252655869035179, "recall_weighted": 0.9015384615384615, "accuracy": 0.9015384615384615, "class_scores": {"Udmurts,Besermyan": 1.0, "Tatars,Volga-Tatars,Mishar-Tatars,Kryashens": 0.9384965831435079, "Chuvash": 0.8026315789473685, "Mari": 0.6956521739130435}, "skipped_nodes": 1, "model_name": "LongestIbd"}