{"f1_macro": 0.605627844903601, "f1_weighted": 0.7592646282854236, "accuracy": 0.745398773006135, "class_scores": {"Udmurts,Besermyan": 1.0, "Tatars,Volga-Tatars,Mishar-Tatars,Kryashens": 0.8121827411167513, "Chuvash": 0.6103286384976526, "Mari": 0.0}, "skipped_nodes": 0, "model_name": "GL_GATConv_9l_512h"}