{"f1_macro": 0.9900821731355386, "f1_weighted": 0.9907130742417148, "precision_macro": 0.987991824220746, "precision_weighted": 0.9908200734394126, "recall_macro": 0.992319309600863, "recall_weighted": 0.9906976744186047, "accuracy": 0.9906976744186047, "class_scores": {"P0": 0.9932885906040269, "P1": 0.9902912621359223, "P2": 0.9866666666666667}, "skipped_nodes": 0, "memory_allocated_MB": 338.15185546875, "memory_reserved_MB": 2100.0, "model_name": "GL_GATConv_9l_512h"}