{"f1_macro": 0.04863857349557939, "f1_weighted": 0.07438307559215755, "precision_macro": 0.08136553303861922, "precision_weighted": 0.15991715764054348, "recall_macro": 0.04677678068236008, "recall_weighted": 0.05828220858895705, "accuracy": 0.05828220858895705, "class_scores": {"P0": 0.06896551724137931, "P1": 0.08813559322033898, "P2": 0.03745318352059925, "P3": 0.0}, "skipped_nodes": 0, "model_name": "LongestIbd"}