{"f1_macro": 0.07625962883251085, "f1_weighted": 0.09746106777194544, "precision_macro": 0.13986779504020883, "precision_weighted": 0.23816885462749648, "recall_macro": 0.06767243247929944, "recall_weighted": 0.0736196319018405, "accuracy": 0.0736196319018405, "class_scores": {"P0": 0.14814814814814814, "P1": 0.11228070175438597, "P2": 0.04460966542750929, "P3": 0.0}, "skipped_nodes": 0, "model_name": "LongestIbd"}