{"f1_macro": 0.046370593098201025, "f1_weighted": 0.08323997959274079, "precision_macro": 0.08362217017954723, "precision_weighted": 0.20828781195672483, "recall_macro": 0.07310226730827589, "recall_weighted": 0.0705521472392638, "accuracy": 0.0705521472392638, "class_scores": {"P0": 0.0, "P1": 0.0989399293286219, "P2": 0.057971014492753624, "P3": 0.02857142857142857}, "skipped_nodes": 0, "model_name": "LongestIbd"}