{"f1_macro": 0.5652928488346279, "f1_weighted": 0.6186465442395339, "precision_macro": 0.5657434722140604, "precision_weighted": 0.6246949046713753, "recall_macro": 0.5740475635638046, "recall_weighted": 0.6183783783783784, "accuracy": 0.6183783783783784, "class_scores": {"Southern Russians": 0.6450567260940032, "Ukranians": 0.3591549295774648, "Northen Russians": 0.7834394904458599, "Belarusians": 0.4735202492211838}, "skipped_nodes": 0, "memory_allocated_MB": 23.3203125, "memory_reserved_MB": 344.0, "model_name": "GL_GCNConv_3l_512h_w"}