{"f1_macro": 0.4657981288118274, "f1_weighted": 0.5271859106169395, "precision_macro": 0.46590236878049407, "precision_weighted": 0.5377961487065541, "recall_macro": 0.4719206043072967, "recall_weighted": 0.5209302325581395, "accuracy": 0.5209302325581395, "class_scores": {"Ukranians": 0.25384615384615383, "Southern Russians": 0.5454545454545454, "Northen Russians": 0.6871794871794872, "Belarusians": 0.3767123287671233}, "skipped_nodes": 45, "memory_allocated_MB": 338.32568359375, "memory_reserved_MB": 2034.0, "model_name": "GL_GATConv_9l_512h"}