{"f1_macro": 0.6391393580466086, "f1_weighted": 0.6897851234444508, "precision_macro": 0.6487161920648159, "precision_weighted": 0.8846587025851954, "recall_macro": 0.8673917284432306, "recall_weighted": 0.6441717791411042, "accuracy": 0.6441717791411042, "class_scores": {"P0": 0.9473684210526315, "P1": 0.6798866855524079, "P2": 0.72, "P3": 0.20930232558139536}, "skipped_nodes": 0, "model_name": "MaxEdgeCountPerClassSize"}