{"f1_macro": 0.12771958098307817, "f1_weighted": 0.1752688622148735, "precision_macro": 0.08576839826839827, "precision_weighted": 0.11769949026442533, "recall_macro": 0.25, "recall_weighted": 0.3430735930735931, "accuracy": 0.3430735930735931, "class_scores": {"Southern Russians": 0.5108783239323127, "Ukranians": 0.0, "Northen Russians": 0.0, "Belarusians": 0.0}, "skipped_nodes": 1, "memory_allocated_MB": 40.19189453125, "memory_reserved_MB": 470.0, "f1_macro_score_only_mask_connect": 0.125, "f1_macro_score_only_not_mask_connect": 0.11458333333333333, "f1_macro_score_mixed_connect": 0.12830349531116794, "only_mask_connect_sum": 15.0, "only_not_mask_connect_sum": 37.0, "mixed_connect_sum": 872.0, "model_name": "GL_GATConv_9l_128h"}