{"f1_macro": 0.8269988729842745, "f1_weighted": 0.9545919218929833, "precision_macro": 0.8283292672092721, "precision_weighted": 0.9558783299631691, "recall_macro": 0.8267059002037542, "recall_weighted": 0.9539877300613497, "accuracy": 0.9539877300613497, "class_scores": {"Udmurts,Besermyan": 0.9714285714285714, "Tatars,Volga-Tatars,Mishar-Tatars,Kryashens": 0.987012987012987, "Chuvash": 0.9051094890510949, "Mari": 0.4444444444444444}, "skipped_nodes": 0, "memory_allocated_MB": 18.109375, "memory_reserved_MB": 44.0, "model_name": "GL_GINConv_3l_128h"}