{"f1_macro": 0.5524426017312388, "f1_weighted": 0.633510622951436, "precision_macro": 0.5534765355417529, "precision_weighted": 0.8512049689440992, "recall_macro": 0.792776907001045, "recall_weighted": 0.5907692307692308, "accuracy": 0.5907692307692308, "class_scores": {"Udmurts,Besermyan": 0.7391304347826086, "Tatars,Volga-Tatars,Mishar-Tatars,Kryashens": 0.6432748538011696, "Chuvash": 0.6298342541436464, "Mari": 0.19753086419753085}, "skipped_nodes": 1, "model_name": "MaxIbdSumPerClassSize"}