{"f1_macro": 0.7503355919317956, "f1_weighted": 0.8859531362140551, "precision_macro": 0.8523954703832752, "precision_weighted": 0.8885441935341596, "recall_macro": 0.6950095937541353, "recall_weighted": 0.8924050632911392, "accuracy": 0.8924050632911392, "class_scores": {"P0": 0.8181818181818182, "P1": 0.9347368421052632, "P2": 0.7868852459016393, "P3": 0.46153846153846156}, "skipped_nodes": 9, "memory_allocated_MB": 37.27099609375, "memory_reserved_MB": 110.0, "model_name": "GL_TAGConv_3l_512h_w_k3_gnorm"}