{"f1_macro": 0.38016317389217724, "f1_weighted": 0.5366147202611105, "precision_macro": 0.3945926385442514, "precision_weighted": 0.5612680837117843, "recall_macro": 0.39977904040404044, "recall_weighted": 0.5566037735849056, "accuracy": 0.5566037735849056, "class_scores": {"Chechens": 0.5714285714285714, "Kabardians, Circassians, Adyghes": 0.6382978723404256, "Karachays, Balkars": 0.6666666666666666, "Ingush": 0.0, "Dagestan peoples": 0.631578947368421, "Ossetians": 0.5333333333333333, "Kumyks": 0.0, "Nogais": 0.0}, "skipped_nodes": 12, "memory_allocated_MB": 21.6650390625, "memory_reserved_MB": 52.0, "model_name": "GL_GINConv_9l_128h"}