{"f1_macro": 0.8069731353245453, "f1_weighted": 0.9548009692289267, "precision_macro": 0.7957785087719298, "precision_weighted": 0.9635063502314066, "recall_macro": 0.8319460701434951, "recall_weighted": 0.9478527607361963, "accuracy": 0.9478527607361963, "class_scores": {"Udmurts,Besermyan": 1.0, "Tatars,Volga-Tatars,Mishar-Tatars,Kryashens": 0.9848156182212582, "Chuvash": 0.9230769230769231, "Mari": 0.32}, "skipped_nodes": 0, "memory_allocated_MB": 71.537109375, "memory_reserved_MB": 360.0, "f1_macro_score_only_mask_connect": NaN, "f1_macro_score_only_not_mask_connect": NaN, "f1_macro_score_mixed_connect": 0.8069731353245453, "only_mask_connect_sum": 0.0, "only_not_mask_connect_sum": 0.0, "mixed_connect_sum": 326.0, "model_name": "GL_GINConv_3l_512h"}