{"f1_macro": 0.3006294200624356, "f1_weighted": 0.10919300683277414, "precision_macro": 0.504972537727297, "precision_weighted": 0.788864701893096, "recall_macro": 0.4552390861403737, "recall_weighted": 0.15030674846625766, "accuracy": 0.15030674846625766, "class_scores": {"P0": 0.9230769230769231, "P1": 0.025423728813559324, "P2": 0.1889763779527559, "P3": 0.06504065040650407}, "skipped_nodes": 0, "model_name": "MaxIbdSumPerClassSize"}