{"f1_macro": 0.4060600228304442, "f1_weighted": 0.4721591493798696, "precision_macro": 0.40496296609075355, "precision_weighted": 0.4711176631066033, "recall_macro": 0.40739723707672654, "recall_weighted": 0.47334200260078024, "accuracy": 0.47334200260078024, "class_scores": {"Northen Russians": 0.6187050359712231, "Ukranians": 0.17272727272727273, "Belarusians": 0.32727272727272727, "Southern Russians": 0.5055350553505535}, "skipped_nodes": 88, "memory_allocated_MB": 37.39501953125, "memory_reserved_MB": 200.0, "model_name": "GL_TAGConv_3l_512h_w_k3_gnorm_relu"}