{"f1_macro": 0.7584975003814158, "f1_weighted": 0.8593643770880409, "accuracy": 0.8496932515337423, "class_scores": {"Udmurts,Besermyan": 0.972972972972973, "Tatars,Volga-Tatars,Mishar-Tatars,Kryashens": 0.9018691588785047, "Chuvash": 0.7380952380952381, "Mari": 0.42105263157894735}, "skipped_nodes": 0, "model_name": "LongestIbd"}