{"f1_macro": 0.5228775018271166, "f1_weighted": 0.5936256760558376, "precision_macro": 0.5295715216682959, "precision_weighted": 0.8372539489184649, "recall_macro": 0.7634317311041449, "recall_weighted": 0.56, "accuracy": 0.56, "class_scores": {"Udmurts,Besermyan": 0.6938775510204082, "Tatars,Volga-Tatars,Mishar-Tatars,Kryashens": 0.5921450151057401, "Chuvash": 0.6282722513089005, "Mari": 0.17721518987341772}, "skipped_nodes": 1, "model_name": "MaxEdgeCountPerClassSize"}