{"f1_macro": 0.4773839746018426, "f1_weighted": 0.5481246194596178, "precision_macro": 0.5869953560856099, "precision_weighted": 0.5878952119021911, "recall_macro": 0.4798829967679472, "recall_weighted": 0.587027027027027, "accuracy": 0.587027027027027, "class_scores": {"Southern Russians": 0.6159895150720839, "Ukranians": 0.26976744186046514, "Northen Russians": 0.7249283667621776, "Belarusians": 0.2988505747126437}, "skipped_nodes": 0, "model_name": "MaxEdgeCount"}