{"f1_macro": 0.47967325077710327, "f1_weighted": 0.5263689929225779, "precision_macro": 0.48347006536183285, "precision_weighted": 0.5472993633650555, "recall_macro": 0.48571090874115436, "recall_weighted": 0.5145089285714286, "accuracy": 0.5145089285714286, "class_scores": {"Ukranians": 0.30538922155688625, "Southern Russians": 0.562396006655574, "Northen Russians": 0.6441281138790036, "Belarusians": 0.4067796610169492}, "skipped_nodes": 19, "memory_allocated_MB": 18.482421875, "memory_reserved_MB": 58.0, "model_name": "GL_GINConv_3l_128h"}