{"f1_macro": 0.5055699430986491, "f1_weighted": 0.7147556398964547, "precision_macro": 0.5415528233151184, "precision_weighted": 0.7039807458066535, "recall_macro": 0.4817000476871721, "recall_weighted": 0.7300613496932515, "accuracy": 0.7300613496932515, "class_scores": {"P0": 0.8387096774193549, "P1": 0.8371134020618557, "P2": 0.3464566929133858, "P3": 0.0}, "skipped_nodes": 0, "model_name": "MaxIbdSum"}