{"f1_macro": 0.5387405789836346, "f1_weighted": 0.5937939882957405, "precision_macro": 0.5813307232177869, "precision_weighted": 0.6004973341876124, "recall_macro": 0.5294737728684366, "recall_weighted": 0.6109289617486339, "accuracy": 0.6109289617486339, "class_scores": {"Ukranians": 0.4015748031496063, "Southern Russians": 0.6326241134751773, "Northen Russians": 0.7365269461077845, "Belarusians": 0.3842364532019704}, "skipped_nodes": 8, "model_name": "MaxSegmentCount"}