{"f1_macro": 0.837297825606243, "f1_weighted": 0.9657226818080237, "accuracy": 0.9693251533742331, "class_scores": {"Udmurts,Besermyan": 0.9473684210526315, "Tatars,Volga-Tatars,Mishar-Tatars,Kryashens": 0.9913793103448276, "Chuvash": 0.948905109489051, "Mari": 0.46153846153846156}, "skipped_nodes": 0, "model_name": "GL_SAGEConv_3l_128h"}