{"f1_macro": 0.6176780941424262, "f1_weighted": 0.6680216377737817, "precision_macro": 0.6387279974054106, "precision_weighted": 0.6704373158443341, "recall_macro": 0.6085439760030658, "recall_weighted": 0.6756756756756757, "accuracy": 0.6756756756756757, "class_scores": {"Southern Russians": 0.7063829787234043, "Ukranians": 0.5087108013937283, "Northen Russians": 0.7987220447284346, "Belarusians": 0.45689655172413796}, "skipped_nodes": 0, "memory_allocated_MB": 40.85205078125, "memory_reserved_MB": 486.0, "model_name": "GL_TAGConv_3l_512h_w_k3_gnorm_gelu"}