{"f1_macro": 0.5892491966111598, "f1_weighted": 0.8557885473359229, "accuracy": 0.8734567901234568, "class_scores": {"P0": 0.6666666666666666, "P1": 0.9284253578732107, "P2": 0.7619047619047619, "P3": 0.0}, "skipped_nodes": 1, "model_name": "MaxEdgeCount"}