{"f1_macro": 0.9603528279998869, "f1_weighted": 0.9583111750690412, "precision_macro": 0.9647825542047875, "precision_weighted": 0.9592762396640018, "recall_macro": 0.9569118633196303, "recall_weighted": 0.958139534883721, "accuracy": 0.958139534883721, "class_scores": {"Swedes": 0.948051948051948, "Norwegians": 0.9607843137254902, "Danes": 0.9722222222222222}, "skipped_nodes": 0, "memory_allocated_MB": 22.84521484375, "memory_reserved_MB": 62.0, "f1_macro_score_only_mask_connect": 1.0, "f1_macro_score_only_not_mask_connect": 0.43333333333333335, "f1_macro_score_mixed_connect": 0.9678900252256563, "only_mask_connect_sum": 12.0, "only_not_mask_connect_sum": 5.0, "mixed_connect_sum": 198.0, "model_name": "GL_SAGEConv_9l_128h_de"}