{"f1_macro": 0.9417354539543777, "f1_weighted": 0.961545005903089, "precision_macro": 0.9638442012277167, "precision_weighted": 0.9625370968641147, "recall_macro": 0.9237236802646845, "recall_weighted": 0.9625520110957004, "accuracy": 0.9625520110957004, "class_scores": {"English": 0.9797225186766275, "Germans": 0.9317269076305221, "French": 0.8780487804878049, "Belgium": 0.9774436090225563}, "skipped_nodes": 48, "memory_allocated_MB": 16.6259765625, "memory_reserved_MB": 74.0, "model_name": "GL_GCNConv_3l_128h_w"}