{"f1_macro": 0.8804524721766102, "f1_weighted": 0.8998357963875205, "precision_macro": 0.8726262626262627, "precision_weighted": 0.9013767482517482, "recall_macro": 0.8896655879180151, "recall_weighted": 0.8990384615384616, "accuracy": 0.8990384615384616, "class_scores": {"Swedes": 0.88, "Norwegians": 0.9359605911330049, "Danes": 0.8253968253968254}, "skipped_nodes": 7, "memory_allocated_MB": 101.70703125, "memory_reserved_MB": 182.0, "model_name": "GL_GINConv_9l_512h"}