{"f1_macro": 0.19521624581556205, "f1_weighted": 0.15913273606296283, "precision_macro": 0.2770571160646538, "precision_weighted": 0.3490314316939776, "recall_macro": 0.20144578835565957, "recall_weighted": 0.12883435582822086, "accuracy": 0.12883435582822086, "class_scores": {"P0": 0.5161290322580645, "P1": 0.1602787456445993, "P2": 0.07547169811320754, "P3": 0.028985507246376812}, "skipped_nodes": 0, "model_name": "LongestIbd"}