{"f1_macro": 0.8236789782897589, "f1_weighted": 0.9114280744672932, "precision_macro": 0.7876591545709193, "precision_weighted": 0.9247258635746547, "recall_macro": 0.872165864655135, "recall_weighted": 0.9079754601226994, "accuracy": 0.9079754601226994, "class_scores": {"Udmurts,Besermyan": 0.8947368421052632, "Tatars,Volga-Tatars,Mishar-Tatars,Kryashens": 0.9390519187358917, "Chuvash": 0.8609271523178808, "Mari": 0.6}, "skipped_nodes": 0, "memory_allocated_MB": 22.02783203125, "memory_reserved_MB": 48.0, "model_name": "GL_MLP_3l_512h"}