{"f1_macro": 0.13592074081349462, "f1_weighted": 0.18628794238220117, "precision_macro": 0.3361413043478261, "precision_weighted": 0.45970505287896596, "recall_macro": 0.25395569620253167, "recall_weighted": 0.3481081081081081, "accuracy": 0.3481081081081081, "class_scores": {"Southern Russians": 0.5125303152789006, "Ukranians": 0.0, "Northen Russians": 0.03115264797507788, "Belarusians": 0.0}, "skipped_nodes": 0, "memory_allocated_MB": 110.17333984375, "memory_reserved_MB": 5828.0, "model_name": "GL_GATConv_3l_512h"}