{"f1_macro": 0.9122284267518546, "f1_weighted": 0.9442415785237619, "precision_macro": 0.9480232393868757, "precision_weighted": 0.9488134468452087, "recall_macro": 0.8910843805170134, "recall_weighted": 0.9463548830811555, "accuracy": 0.9463548830811555, "class_scores": {"English": 0.9703389830508474, "Germans": 0.9262295081967213, "French": 0.8292682926829268, "Belgium": 0.9230769230769231}, "skipped_nodes": 42, "memory_allocated_MB": 38.2958984375, "memory_reserved_MB": 692.0, "model_name": "GL_GATConv_9l_128h"}