{"f1_macro": 0.9444120165120896, "f1_weighted": 0.965169560477319, "precision_macro": 0.9573765196850896, "precision_weighted": 0.9658856239121615, "recall_macro": 0.9336711052580237, "recall_weighted": 0.9658002735978112, "accuracy": 0.9658002735978112, "class_scores": {"English": 0.9849137931034483, "Germans": 0.937984496124031, "French": 0.9051094890510949, "Belgium": 0.9496402877697842}, "skipped_nodes": 38, "memory_allocated_MB": 31.82861328125, "memory_reserved_MB": 132.0, "f1_macro_score_only_mask_connect": -100.0, "f1_macro_score_only_not_mask_connect": -100.0, "f1_macro_score_mixed_connect": -100.0, "only_mask_connect_sum": -100.0, "only_not_mask_connect_sum": -100.0, "mixed_connect_sum": -100.0, "model_name": "GL_SAGEConv_3l_512h_de"}