{"f1_macro": 0.9296485874470191, "f1_weighted": 0.9552936039498403, "accuracy": 0.9565217391304348, "class_scores": {"English": 0.9733759318423855, "Germans": 0.9523809523809523, "French": 0.859504132231405, "Belgium": 0.9333333333333333}, "skipped_nodes": 56, "model_name": "GL_GCNConv_3l_128h_w"}