{"f1_macro": 0.2589959301171332, "f1_weighted": 0.6421988024812706, "accuracy": 0.7361963190184049, "class_scores": {"Udmurts,Besermyan": 0.0, "Tatars,Volga-Tatars,Mishar-Tatars,Kryashens": 0.8442028985507246, "Chuvash": 0.1917808219178082, "Mari": 0.0}, "skipped_nodes": 0, "model_name": "GL_GATConv_3l_128h"}