{"f1_macro": 0.41700000000000004, "f1_weighted": 0.8151288343558283, "precision_macro": 0.4130800482447788, "precision_weighted": 0.7815558746430226, "recall_macro": 0.42424242424242425, "recall_weighted": 0.8558282208588958, "accuracy": 0.8558282208588958, "class_scores": {"Udmurts,Besermyan": 0.0, "Tatars,Volga-Tatars,Mishar-Tatars,Kryashens": 0.932, "Chuvash": 0.736, "Mari": 0.0}, "skipped_nodes": 0, "memory_allocated_MB": 21.39501953125, "memory_reserved_MB": 734.0, "model_name": "GL_GATConv_3l_128h"}