{"f1_macro": 0.66412099079782, "f1_weighted": 0.8026471353493176, "precision_macro": 0.6557494588744588, "precision_weighted": 0.8385063036378825, "recall_macro": 0.7059291187739464, "recall_weighted": 0.8070175438596491, "accuracy": 0.8070175438596491, "class_scores": {"Chechens": 0.8717948717948718, "Kabardians, Circassians, Adyghes": 0.8, "Karachays, Balkars": 0.8292682926829268, "Ingush": 0.9523809523809523, "Dagestan peoples": 0.8095238095238095, "Ossetians": 0.8, "Kumyks": 0.0, "Nogais": 0.25}, "skipped_nodes": 4, "memory_allocated_MB": 16.84228515625, "memory_reserved_MB": 74.0, "model_name": "GL_GCNConv_3l_128h_w"}