{"f1_macro": 0.9602419997886464, "f1_weighted": 0.9813114562982969, "accuracy": 0.9815950920245399, "class_scores": {"Udmurts,Besermyan": 0.9411764705882353, "Tatars,Volga-Tatars,Mishar-Tatars,Kryashens": 0.9893842887473461, "Chuvash": 0.9692307692307692, "Mari": 0.9411764705882353}, "skipped_nodes": 0, "model_name": "GL_TAGConv_3l_512h_w_k3_gnorm"}