{"f1_macro": 0.6206672746618027, "f1_weighted": 0.80535133558012, "precision_macro": 0.6410353535353535, "precision_weighted": 0.8424590734935563, "recall_macro": 0.6185515873015872, "recall_weighted": 0.7931034482758621, "accuracy": 0.7931034482758621, "class_scores": {"Chechens": 0.64, "Kabardians, Circassians, Adyghes": 0.7906976744186046, "Karachays, Balkars": 0.8235294117647058, "Ingush": 0.8888888888888888, "Dagestan peoples": 0.9333333333333333, "Ossetians": 0.8888888888888888, "Kumyks": 0.0, "Nogais": 0.0}, "skipped_nodes": 31, "memory_allocated_MB": 158.24755859375, "memory_reserved_MB": 210.0, "model_name": "GL_TAGConv_9l_512h_w_k3"}