{"f1_macro": 0.6492164289958408, "f1_weighted": 0.8649977968715576, "accuracy": 0.8539325842696629, "class_scores": {"Chechens": 0.8235294117647058, "Kabardians, Circassians, Adyghes": 0.9090909090909091, "Karachays, Balkars": 0.875, "Ingush": 0.7777777777777778, "Dagestan peoples": 0.9333333333333333, "Ossetians": 0.875, "Kumyks": 0.0, "Nogais": 0.0}, "skipped_nodes": 29, "model_name": "GL_TAGConv_9l_512h_w_k3"}