{"f1_macro": 0.6149283054670438, "f1_weighted": 0.838287313797303, "accuracy": 0.8536585365853658, "class_scores": {"P0": 0.8235294117647058, "P1": 0.910377358490566, "P2": 0.7258064516129032, "P3": 0.0}, "skipped_nodes": 27, "model_name": "GL_TAGConv_3l_512h_w_k3_gnorm"}