{"f1_macro": 0.8831550510769433, "f1_weighted": 0.937114269558907, "accuracy": 0.940677966101695, "class_scores": {"Chechens": 0.918918918918919, "Kabardians, Circassians, Adyghes": 0.9491525423728814, "Karachays, Balkars": 0.9714285714285714, "Ingush": 0.9090909090909091, "Dagestan peoples": 0.9803921568627451, "Ossetians": 0.9473684210526315, "Kumyks": 0.5, "Nogais": 0.8888888888888888}, "skipped_nodes": 0, "model_name": "GL_TAGConv_3l_128h_w_k3"}