{"f1_macro": 0.4553779779385133, "f1_weighted": 0.5100976338569527, "precision_macro": 0.4877601847114042, "precision_weighted": 0.5465953942857121, "recall_macro": 0.45249615484867567, "recall_weighted": 0.512987012987013, "accuracy": 0.512987012987013, "class_scores": {"Southern Russians": 0.5859872611464968, "Ukranians": 0.35494880546075086, "Northen Russians": 0.6159844054580896, "Belarusians": 0.26459143968871596}, "skipped_nodes": 1, "memory_allocated_MB": 101.55859375, "memory_reserved_MB": 378.0, "model_name": "GL_GINConv_9l_512h"}