{"f1_macro": 0.8309283309283311, "f1_weighted": 0.900743309261262, "precision_macro": 0.9553628810215875, "precision_weighted": 0.9169348214676104, "recall_macro": 0.7638771651833094, "recall_weighted": 0.9090909090909091, "accuracy": 0.9090909090909091, "class_scores": {"English": 0.9433551198257081, "Germans": 0.7575757575757576, "French": 0.6984126984126984, "Belgium": 0.9243697478991597}, "skipped_nodes": 153, "memory_allocated_MB": 16.93798828125, "memory_reserved_MB": 48.0, "model_name": "GL_SAGEConv_3l_128h"}