{"f1_macro": 0.9673401465586013, "f1_weighted": 0.98082417844209, "precision_macro": 0.9723535385295218, "precision_weighted": 0.9810173532671324, "recall_macro": 0.9633199079401611, "recall_weighted": 0.981081081081081, "accuracy": 0.981081081081081, "class_scores": {"P0": 0.9945945945945946, "P1": 0.9618320610687023, "P2": 0.9342105263157895, "P3": 0.9787234042553191}, "skipped_nodes": 22, "memory_allocated_MB": 42.10400390625, "memory_reserved_MB": 156.0, "model_name": "GL_GINConv_3l_512h"}