{"f1_macro": 0.10931399888455104, "f1_weighted": 0.07269579379933554, "precision_macro": 0.282258064516129, "precision_weighted": 0.14743716603997625, "recall_macro": 0.06843109203624224, "recall_weighted": 0.049079754601226995, "accuracy": 0.049079754601226995, "class_scores": {"P0": 0.36363636363636365, "P1": 0.0736196319018405, "P2": 0.0, "P3": 0.0}, "skipped_nodes": 0, "model_name": "MaxIbdSum"}