{"f1_macro": 0.8475921984166263, "f1_weighted": 0.927431401498132, "precision_macro": 0.9093558987802961, "precision_weighted": 0.9323415298466532, "recall_macro": 0.8137508695851505, "recall_weighted": 0.9304897314375987, "accuracy": 0.9304897314375987, "class_scores": {"English": 0.9763779527559056, "Germans": 0.8210526315789474, "French": 0.7076923076923077, "Belgium": 0.8852459016393442}, "skipped_nodes": 136, "memory_allocated_MB": 26.55126953125, "memory_reserved_MB": 56.0, "f1_macro_score_only_mask_connect": 0.6044522144522144, "f1_macro_score_only_not_mask_connect": 0.9286387984410666, "f1_macro_score_mixed_connect": 0.9010555486361939, "only_mask_connect_sum": 98.0, "only_not_mask_connect_sum": 166.0, "mixed_connect_sum": 369.0, "model_name": "GL_SAGEConv_3l_512h_de"}