{"f1_macro": 0.5041398961753427, "f1_weighted": 0.5620628340642979, "precision_macro": 0.5438399086891323, "precision_weighted": 0.5811055348263006, "recall_macro": 0.49568849787321034, "recall_weighted": 0.5664864864864865, "accuracy": 0.5664864864864865, "class_scores": {"Southern Russians": 0.6134800550206327, "Ukranians": 0.3202416918429003, "Northen Russians": 0.7128378378378378, "Belarusians": 0.37}, "skipped_nodes": 0, "memory_allocated_MB": 42.82470703125, "memory_reserved_MB": 208.0, "model_name": "GL_GINConv_3l_512h"}