{"f1_macro": 0.8573946417188639, "f1_weighted": 0.971597078026702, "precision_macro": 0.8642191142191142, "precision_weighted": 0.9708982224319649, "recall_macro": 0.8513894307885725, "recall_weighted": 0.9723926380368099, "accuracy": 0.9723926380368099, "class_scores": {"Udmurts,Besermyan": 1.0, "Tatars,Volga-Tatars,Mishar-Tatars,Kryashens": 0.9892933618843683, "Chuvash": 0.9696969696969697, "Mari": 0.47058823529411764}, "skipped_nodes": 0, "memory_allocated_MB": 115.71630859375, "memory_reserved_MB": 382.0, "f1_macro_score_only_mask_connect": NaN, "f1_macro_score_only_not_mask_connect": NaN, "f1_macro_score_mixed_connect": 0.8573946417188639, "only_mask_connect_sum": 0.0, "only_not_mask_connect_sum": 0.0, "mixed_connect_sum": 326.0, "model_name": "GL_SAGEConv_9l_512h_de"}