{"f1_macro": 0.27686000049548637, "f1_weighted": 0.3315053907255595, "accuracy": 0.359375, "class_scores": {"krasnodar": 0.4034582132564842, "yaroslavl": 0.1346153846153846, "ryazan": 0.48089887640449436, "kaluga": 0.17177914110429449, "vologda": 0.1935483870967742}, "skipped_nodes": 0, "model_name": "GL_SAGEConv_9l_128h"}