{"f1_macro": 0.3850190708615585, "f1_weighted": 0.4485447870234035, "precision_macro": 0.4110548807917229, "precision_weighted": 0.5439965577265349, "recall_macro": 0.44510705431597924, "recall_weighted": 0.4782608695652174, "accuracy": 0.4782608695652174, "class_scores": {"Chechens": 0.5581395348837209, "Kabardians, Circassians, Adyghes": 0.34146341463414637, "Karachays, Balkars": 0.49056603773584906, "Ingush": 0.41379310344827586, "Dagestan peoples": 0.5142857142857142, "Ossetians": 0.7619047619047619, "Kumyks": 0.0, "Nogais": 0.0}, "skipped_nodes": 3, "memory_allocated_MB": 22.59130859375, "memory_reserved_MB": 90.0, "f1_macro_score_only_mask_connect": -100.0, "f1_macro_score_only_not_mask_connect": -100.0, "f1_macro_score_mixed_connect": -100.0, "only_mask_connect_sum": -100.0, "only_not_mask_connect_sum": -100.0, "mixed_connect_sum": -100.0, "model_name": "GL_GINConv_9l_128h"}