{"f1_macro": 0.9961664782210736, "f1_weighted": 0.9953528941111065, "precision_macro": 0.9956140350877193, "precision_weighted": 0.9954100367197062, "recall_macro": 0.9967637540453075, "recall_weighted": 0.9953488372093023, "accuracy": 0.9953488372093023, "class_scores": {"P0": 0.9933774834437086, "P1": 0.9951219512195122, "P2": 1.0}, "skipped_nodes": 0, "memory_allocated_MB": 86.45654296875, "memory_reserved_MB": 172.0, "model_name": "GL_SAGEConv_9l_512h"}