{"f1_macro": 0.9046669246373753, "f1_weighted": 0.9671335102008135, "precision_macro": 0.8899581317938315, "precision_weighted": 0.9689974412899038, "recall_macro": 0.9277160012138553, "recall_weighted": 0.9662576687116564, "accuracy": 0.9662576687116564, "class_scores": {"Udmurts,Besermyan": 0.9142857142857143, "Tatars,Volga-Tatars,Mishar-Tatars,Kryashens": 0.9806451612903225, "Chuvash": 0.9618320610687023, "Mari": 0.7619047619047619}, "skipped_nodes": 0, "memory_allocated_MB": 22.2041015625, "memory_reserved_MB": 50.0, "model_name": "GL_MLP_3l_512h"}