{"f1_macro": 0.7041806461990991, "f1_weighted": 0.9461111405606683, "precision_macro": 0.7218749999999999, "precision_weighted": 0.9346753578732105, "recall_macro": 0.6944444444444444, "recall_weighted": 0.9601226993865031, "accuracy": 0.9601226993865031, "class_scores": {"Udmurts,Besermyan": 0.875, "Tatars,Volga-Tatars,Mishar-Tatars,Kryashens": 0.985200845665962, "Chuvash": 0.9565217391304348, "Mari": 0.0}, "skipped_nodes": 0, "model_name": "MaxEdgeCount"}