{"f1_macro": 0.6756332741995824, "f1_weighted": 0.9023654907068501, "precision_macro": 0.7033869428921903, "precision_weighted": 0.8921242111794075, "recall_macro": 0.6542300689296398, "recall_weighted": 0.9171779141104295, "accuracy": 0.9171779141104295, "class_scores": {"P0": 0.9090909090909091, "P1": 0.9547325102880658, "P2": 0.8387096774193549, "P3": 0.0}, "skipped_nodes": 0, "model_name": "MaxSegmentCount"}