{"f1_macro": 0.8155588690715145, "f1_weighted": 0.8552642919047958, "precision_macro": 0.9267676767676768, "precision_weighted": 0.8942580005664118, "recall_macro": 0.7796296296296297, "recall_weighted": 0.8644859813084113, "accuracy": 0.8644859813084113, "class_scores": {"Swedes": 0.9285714285714286, "Norwegians": 0.8765957446808511, "Danes": 0.6415094339622641}, "skipped_nodes": 1, "memory_allocated_MB": 16.591796875, "memory_reserved_MB": 58.0, "model_name": "GL_GCNConv_3l_128h_w"}