{"f1_macro": 0.8994771241830065, "f1_weighted": 0.9084304253102207, "precision_macro": 0.8931672522090919, "precision_weighted": 0.909005627070421, "recall_macro": 0.9064881151657181, "recall_weighted": 0.9082125603864735, "accuracy": 0.9082125603864735, "class_scores": {"Swedes": 0.92, "Norwegians": 0.9117647058823529, "Danes": 0.8666666666666667}, "skipped_nodes": 8, "memory_allocated_MB": 16.70654296875, "memory_reserved_MB": 68.0, "model_name": "GL_MLP_3l_128h"}