{"f1_macro": 0.5707214074036561, "f1_weighted": 0.6308194164464377, "precision_macro": 0.5969616597003319, "precision_weighted": 0.8648878921742061, "recall_macro": 0.7987709715177527, "recall_weighted": 0.5644171779141104, "accuracy": 0.5644171779141104, "class_scores": {"Udmurts,Besermyan": 0.8780487804878049, "Tatars,Volga-Tatars,Mishar-Tatars,Kryashens": 0.6374269005847953, "Chuvash": 0.6037735849056604, "Mari": 0.16363636363636364}, "skipped_nodes": 0, "model_name": "MaxIbdSumPerClassSize"}