{"f1_macro": 0.7613878658654778, "f1_weighted": 0.9567539959353896, "precision_macro": 0.9697950068712781, "precision_weighted": 0.9690276087671326, "recall_macro": 0.7361111111111112, "recall_weighted": 0.9662576687116564, "accuracy": 0.9662576687116564, "class_scores": {"P0": 0.9090909090909091, "P1": 0.9936034115138592, "P2": 0.9428571428571428, "P3": 0.2}, "skipped_nodes": 0, "model_name": "MaxIbdSum"}