{"f1_macro": 0.5188087413672121, "f1_weighted": 0.586917650739279, "precision_macro": 0.5408354287096803, "precision_weighted": 0.5846263212042135, "recall_macro": 0.5173149593782571, "recall_weighted": 0.6041923551171393, "accuracy": 0.6041923551171393, "class_scores": {"Ukranians": 0.26737967914438504, "Southern Russians": 0.6382978723404256, "Northen Russians": 0.7323481116584565, "Belarusians": 0.4372093023255814}, "skipped_nodes": 72, "memory_allocated_MB": 36.68505859375, "memory_reserved_MB": 208.0, "model_name": "GL_TAGConv_3l_512h_w_k3_gnorm_leaky_relu"}