{"f1_macro": 0.9503874865262754, "f1_weighted": 0.9486004595040527, "precision_macro": 0.9576674043111221, "precision_weighted": 0.951486089312428, "recall_macro": 0.9463322545846817, "recall_weighted": 0.9485981308411215, "accuracy": 0.9485981308411215, "class_scores": {"Swedes": 0.9493670886075949, "Norwegians": 0.945273631840796, "Danes": 0.9565217391304348}, "skipped_nodes": 1, "memory_allocated_MB": 36.9248046875, "memory_reserved_MB": 530.0, "model_name": "GL_GATConv_9l_128h"}