{"f1_macro": 0.912472939394909, "f1_weighted": 0.932446366463673, "accuracy": 0.9330143540669856, "class_scores": {"Swedes": 0.9668874172185431, "Norwegians": 0.9371980676328503, "Danes": 0.8333333333333334}, "skipped_nodes": 6, "model_name": "GL_TAGConv_9l_512h_w_k3"}