{"f1_macro": 0.07037643207855973, "f1_weighted": 0.10968404116619046, "accuracy": 0.2033898305084746, "class_scores": {"P0": 0.3076923076923077, "P1": 0.2553191489361702, "P2": 0.0, "P3": 0.0, "P4": 0.0, "P5": 0.0, "P6": 0.0, "P7": 0.0}, "skipped_nodes": 0, "model_name": "LongestIbd"}