{"f1_macro": 0.6139563791250571, "f1_weighted": 0.696813279113725, "precision_macro": 0.5888837137090513, "precision_weighted": 0.8633904920834037, "recall_macro": 0.8656847444401092, "recall_weighted": 0.6625766871165644, "accuracy": 0.6625766871165644, "class_scores": {"Udmurts,Besermyan": 0.8, "Tatars,Volga-Tatars,Mishar-Tatars,Kryashens": 0.712707182320442, "Chuvash": 0.6703910614525139, "Mari": 0.2727272727272727}, "skipped_nodes": 0, "model_name": "MaxIbdSumPerClassSize"}