{"f1_macro": 0.9491039826719843, "f1_weighted": 0.9822090495153871, "precision_macro": 0.919408994895265, "precision_weighted": 0.9839699493414168, "recall_macro": 0.9881323969306802, "recall_weighted": 0.9815950920245399, "accuracy": 0.9815950920245399, "class_scores": {"Udmurts,Besermyan": 0.972972972972973, "Tatars,Volga-Tatars,Mishar-Tatars,Kryashens": 0.9892008639308856, "Chuvash": 0.9770992366412213, "Mari": 0.8571428571428571}, "skipped_nodes": 0, "memory_allocated_MB": 37.427734375, "memory_reserved_MB": 98.0, "model_name": "GL_TAGConv_3l_512h_w_k3"}