{"f1_macro": 0.4621649052433951, "f1_weighted": 0.5744883610013357, "precision_macro": 0.5042763628933535, "precision_weighted": 0.7573838614848357, "recall_macro": 0.5092502275978671, "recall_weighted": 0.5306748466257669, "accuracy": 0.5306748466257669, "class_scores": {"P0": 0.7428571428571429, "P1": 0.6271186440677966, "P2": 0.41201716738197425, "P3": 0.06666666666666667}, "skipped_nodes": 0, "model_name": "LongestIbd"}