{"f1_macro": 0.9445198561236569, "f1_weighted": 0.9485453836413733, "precision_macro": 0.9606492867683226, "precision_weighted": 0.9502991340555257, "recall_macro": 0.931912883757544, "recall_weighted": 0.9488372093023256, "accuracy": 0.9488372093023256, "class_scores": {"Swedes": 0.9536423841059603, "Norwegians": 0.9523809523809523, "Danes": 0.927536231884058}, "skipped_nodes": 0, "memory_allocated_MB": 43.60009765625, "memory_reserved_MB": 102.0, "f1_macro_score_only_mask_connect": 0.7805555555555556, "f1_macro_score_only_not_mask_connect": 0.48888888888888893, "f1_macro_score_mixed_connect": 0.9630739856349613, "only_mask_connect_sum": 12.0, "only_not_mask_connect_sum": 5.0, "mixed_connect_sum": 198.0, "model_name": "GL_GINConv_3l_512h"}