{"f1_macro": 0.7172444686376575, "f1_weighted": 0.8254603103446665, "accuracy": 0.8235294117647058, "class_scores": {"Chechens": 0.8717948717948718, "Kabardians, Circassians, Adyghes": 0.8235294117647058, "Karachays, Balkars": 0.9411764705882353, "Ingush": 0.7, "Dagestan peoples": 0.7368421052631579, "Ossetians": 0.9473684210526315, "Kumyks": 0.0, "Nogais": 0.0}, "skipped_nodes": 16, "model_name": "GL_SAGEConv_3l_128h"}