{"f1_macro": 0.8602752153621799, "f1_weighted": 0.9311778799858043, "accuracy": 0.9341894060995185, "class_scores": {"English": 0.96875, "Germans": 0.8466257668711656, "French": 0.7076923076923077, "Belgium": 0.9180327868852459}, "skipped_nodes": 146, "model_name": "GL_GATConv_3l_512h"}