{"f1_macro": 0.9833425356046703, "f1_weighted": 0.9909407109048509, "precision_macro": 0.9712686567164179, "precision_weighted": 0.991456826297958, "recall_macro": 0.9967811158798283, "recall_weighted": 0.99079754601227, "accuracy": 0.99079754601227, "class_scores": {"Udmurts,Besermyan": 0.9473684210526315, "Tatars,Volga-Tatars,Mishar-Tatars,Kryashens": 0.9935205183585313, "Chuvash": 0.9924812030075187, "Mari": 1.0}, "skipped_nodes": 0, "memory_allocated_MB": 39.26025390625, "memory_reserved_MB": 520.0, "model_name": "GL_TAGConv_3l_512h_w_k3_gnorm"}