{"f1_macro": 0.6342154151656805, "f1_weighted": 0.8281061563920206, "precision_macro": 0.6348894161394161, "precision_weighted": 0.8418094556708418, "recall_macro": 0.6470486111111111, "recall_weighted": 0.8316831683168316, "accuracy": 0.8316831683168316, "class_scores": {"Chechens": 0.8205128205128205, "Kabardians, Circassians, Adyghes": 0.851063829787234, "Karachays, Balkars": 0.8333333333333334, "Ingush": 0.8695652173913043, "Dagestan peoples": 0.8571428571428571, "Ossetians": 0.8421052631578947, "Kumyks": 0.0, "Nogais": 0.0}, "skipped_nodes": 17, "memory_allocated_MB": 16.70703125, "memory_reserved_MB": 36.0, "model_name": "GL_GCNConv_3l_128h_w"}