{"f1_macro": 0.5930381001276523, "f1_weighted": 0.6006773852529735, "precision_macro": 0.6279532163742689, "precision_weighted": 0.8603250457431924, "recall_macro": 0.8313499804916114, "recall_weighted": 0.5644171779141104, "accuracy": 0.5644171779141104, "class_scores": {"P0": 0.972972972972973, "P1": 0.5878787878787879, "P2": 0.5970149253731343, "P3": 0.21428571428571427}, "skipped_nodes": 0, "model_name": "MaxIbdSumPerClassSize"}