{"f1_macro": 0.985879888625884, "f1_weighted": 0.9859191136626919, "precision_macro": 0.9905660377358491, "precision_weighted": 0.9863141110815838, "recall_macro": 0.9815873015873016, "recall_weighted": 0.9859154929577465, "accuracy": 0.9859154929577465, "class_scores": {"Swedes": 0.9864864864864865, "Norwegians": 0.9856459330143541, "Danes": 0.9855072463768116}, "skipped_nodes": 2, "memory_allocated_MB": 25.4619140625, "memory_reserved_MB": 196.0, "model_name": "GL_TAGConv_9l_128h_w_k3"}