{"f1_macro": 0.2938773316131807, "f1_weighted": 0.3566904062735568, "accuracy": 0.413953488372093, "class_scores": {"P0": 0.5042735042735043, "P1": 0.37735849056603776, "P2": 0.0}, "skipped_nodes": 0, "model_name": "GL_SAGEConv_3l_512h"}