{"f1_macro": 0.8715565098621393, "f1_weighted": 0.8883674786447455, "precision_macro": 0.8624968671679198, "precision_weighted": 0.9052249783336845, "recall_macro": 0.91595928226363, "recall_weighted": 0.8878504672897196, "accuracy": 0.8878504672897196, "class_scores": {"Chechens": 0.918918918918919, "Kabardians, Circassians, Adyghes": 0.9056603773584906, "Karachays, Balkars": 0.8648648648648649, "Ingush": 0.9090909090909091, "Dagestan peoples": 0.8837209302325582, "Ossetians": 0.8235294117647058, "Kumyks": 0.6666666666666666, "Nogais": 1.0}, "skipped_nodes": 11, "memory_allocated_MB": 17.9140625, "memory_reserved_MB": 46.0, "model_name": "GL_TAGConv_3l_128h_w_k3"}