{"f1_macro": 0.9778759704194666, "f1_weighted": 0.9767400444447885, "precision_macro": 0.9796056528729796, "precision_weighted": 0.9772618886619072, "recall_macro": 0.9765875584322187, "recall_weighted": 0.9766355140186916, "accuracy": 0.9766355140186916, "class_scores": {"Swedes": 0.9673202614379085, "Norwegians": 0.9803921568627451, "Danes": 0.9859154929577465}, "skipped_nodes": 1, "memory_allocated_MB": 32.4716796875, "memory_reserved_MB": 48.0, "model_name": "GL_GATConv_9l_128h"}