{"f1_macro": 0.20802202183781132, "f1_weighted": 0.2478308548945668, "precision_macro": 0.2081187707641196, "precision_weighted": 0.28336976161333566, "recall_macro": 0.3138235294117647, "recall_weighted": 0.34210526315789475, "accuracy": 0.34210526315789475, "class_scores": {"Chechens": 0.34615384615384615, "Kabardians, Circassians, Adyghes": 0.0, "Karachays, Balkars": 0.5333333333333333, "Ingush": 0.42105263157894735, "Dagestan peoples": 0.36363636363636365, "Ossetians": 0.0, "Kumyks": 0.0, "Nogais": 0.0}, "skipped_nodes": 4, "memory_allocated_MB": 23.44677734375, "memory_reserved_MB": 60.0, "f1_macro_score_only_mask_connect": 0.08888888888888889, "f1_macro_score_only_not_mask_connect": 0.6, "f1_macro_score_mixed_connect": 0.20287906998870453, "only_mask_connect_sum": 25.0, "only_not_mask_connect_sum": 4.0, "mixed_connect_sum": 85.0, "model_name": "GL_GINConv_9l_128h"}