{"f1_macro": 0.6010709531375391, "f1_weighted": 0.639317002696557, "precision_macro": 0.5993580816608327, "precision_weighted": 0.6465022973379385, "recall_macro": 0.6067385738321132, "recall_weighted": 0.6359696641386782, "accuracy": 0.6359696641386782, "class_scores": {"Southern Russians": 0.6328257191201354, "Ukranians": 0.45217391304347826, "Northen Russians": 0.7811023622047244, "Belarusians": 0.5381818181818182}, "skipped_nodes": 2, "memory_allocated_MB": 159.91650390625, "memory_reserved_MB": 708.0, "model_name": "GL_TAGConv_9l_512h_w_k3"}