{"f1_macro": 0.9222653099212013, "f1_weighted": 0.9584783585978452, "precision_macro": 0.895633971291866, "precision_weighted": 0.9631681686089176, "recall_macro": 0.9555588069536567, "recall_weighted": 0.9570552147239264, "accuracy": 0.9570552147239264, "class_scores": {"Udmurts,Besermyan": 1.0, "Tatars,Volga-Tatars,Mishar-Tatars,Kryashens": 0.973568281938326, "Chuvash": 0.9154929577464789, "Mari": 0.8}, "skipped_nodes": 0, "model_name": "LongestIbd"}