{"f1_macro": 0.6542977046933881, "f1_weighted": 0.8706991797397661, "accuracy": 0.8962264150943396, "class_scores": {"English": 0.9400479616306955, "Germans": 0.8571428571428571, "French": 0.0, "Belgium": 0.82}, "skipped_nodes": 239, "model_name": "GL_GINConv_9l_512h"}