{"f1_macro": 0.9277012373764837, "f1_weighted": 0.9541507183916021, "precision_macro": 0.9488220104695959, "precision_weighted": 0.9553418597633851, "recall_macro": 0.9106423449368449, "recall_weighted": 0.9549180327868853, "accuracy": 0.9549180327868853, "class_scores": {"English": 0.9763948497854077, "Germans": 0.935361216730038, "French": 0.8939393939393939, "Belgium": 0.9051094890510949}, "skipped_nodes": 37, "memory_allocated_MB": 33.44287109375, "memory_reserved_MB": 40.0, "model_name": "GL_TAGConv_3l_512h_nw_k3_gnorm"}