{"f1_macro": 0.23313397129186603, "f1_weighted": 0.30528902107849476, "accuracy": 0.3963963963963964, "class_scores": {"Chechens": 0.6545454545454545, "Kabardians, Circassians, Adyghes": 0.0, "Karachays, Balkars": 0.5, "Ingush": 0.0, "Dagestan peoples": 0.5, "Ossetians": 0.21052631578947367, "Kumyks": 0.0, "Nogais": 0.0}, "skipped_nodes": 7, "model_name": "GL_GINConv_9l_512h"}