{"f1_macro": 0.6745739388165555, "f1_weighted": 0.9133245569792825, "precision_macro": 0.700682992862417, "precision_weighted": 0.9061789203938891, "recall_macro": 0.6565444359562007, "recall_weighted": 0.9226006191950464, "accuracy": 0.9226006191950464, "class_scores": {"Udmurts,Besermyan": 0.8666666666666667, "Tatars,Volga-Tatars,Mishar-Tatars,Kryashens": 0.9659574468085106, "Chuvash": 0.8656716417910447, "Mari": 0.0}, "skipped_nodes": 3, "memory_allocated_MB": 36.67529296875, "memory_reserved_MB": 262.0, "model_name": "GL_TAGConv_3l_512h_w_k3_gnorm"}