{"f1_macro": 0.9321755830376519, "f1_weighted": 0.9421029914256516, "precision_macro": 0.9556359252561784, "precision_weighted": 0.9448480151554293, "recall_macro": 0.915666127292341, "recall_weighted": 0.9428571428571428, "accuracy": 0.9428571428571428, "class_scores": {"Swedes": 0.948051948051948, "Norwegians": 0.9519230769230769, "Danes": 0.896551724137931}, "skipped_nodes": 5, "memory_allocated_MB": 25.36669921875, "memory_reserved_MB": 62.0, "model_name": "GL_TAGConv_9l_128h_w_k3"}