{"f1_macro": 0.9502207849670232, "f1_weighted": 0.9489895879106479, "precision_macro": 0.9576320132013202, "precision_weighted": 0.950503684089339, "recall_macro": 0.9446666083559289, "recall_weighted": 0.9488372093023256, "accuracy": 0.9488372093023256, "class_scores": {"Swedes": 0.9419354838709677, "Norwegians": 0.9509803921568627, "Danes": 0.9577464788732394}, "skipped_nodes": 0, "memory_allocated_MB": 88.318359375, "memory_reserved_MB": 174.0, "f1_macro_score_only_mask_connect": 0.8692810457516339, "f1_macro_score_only_not_mask_connect": 0.43333333333333335, "f1_macro_score_mixed_connect": 0.9639909297052154, "only_mask_connect_sum": 12.0, "only_not_mask_connect_sum": 5.0, "mixed_connect_sum": 198.0, "model_name": "GL_SAGEConv_9l_512h_de"}