{"f1_macro": 0.9425650661481768, "f1_weighted": 0.987453459665328, "precision_macro": 0.9602189373644597, "precision_weighted": 0.9874513013820312, "recall_macro": 0.9267676767676767, "recall_weighted": 0.9877300613496932, "accuracy": 0.9877300613496932, "class_scores": {"P0": 0.9714285714285714, "P1": 0.9978586723768736, "P2": 0.9774436090225563, "P3": 0.8235294117647058}, "skipped_nodes": 0, "memory_allocated_MB": 0.00048828125, "memory_reserved_MB": 26.0, "f1_macro_score_only_mask_connect": -100.0, "f1_macro_score_only_not_mask_connect": -100.0, "f1_macro_score_mixed_connect": -100.0, "only_mask_connect_sum": -100.0, "only_not_mask_connect_sum": -100.0, "mixed_connect_sum": -100.0, "model_name": "GL_LR"}