{"f1_macro": 0.08977719528178243, "f1_weighted": 0.06823243734371105, "precision_macro": 0.28191489361702127, "precision_weighted": 0.14645607623025714, "recall_macro": 0.05454220314735336, "recall_weighted": 0.046012269938650305, "accuracy": 0.046012269938650305, "class_scores": {"P0": 0.2857142857142857, "P1": 0.07339449541284404, "P2": 0.0, "P3": 0.0}, "skipped_nodes": 0, "model_name": "MaxIbdSum"}