{"f1_macro": 0.18433994031052864, "f1_weighted": 0.20596726151369898, "accuracy": 0.26527050610820246, "class_scores": {"krasnodar": 0.024096385542168676, "yaroslavl": 0.09302325581395349, "ryazan": 0.4334763948497854, "kaluga": 0.25170068027210885, "vologda": 0.11940298507462686}, "skipped_nodes": 3, "model_name": "GL_GATConv_3l_512h"}