{"f1_macro": 0.8970270919981, "f1_weighted": 0.9734405569966775, "precision_macro": 0.9862611628052208, "precision_weighted": 0.9760137373046976, "recall_macro": 0.8434343434343434, "recall_weighted": 0.9754601226993865, "accuracy": 0.9754601226993865, "class_scores": {"Udmurts,Besermyan": 0.9090909090909091, "Tatars,Volga-Tatars,Mishar-Tatars,Kryashens": 0.9872881355932204, "Chuvash": 0.9774436090225563, "Mari": 0.7142857142857143}, "skipped_nodes": 0, "memory_allocated_MB": 36.646484375, "memory_reserved_MB": 184.0, "model_name": "GL_TAGConv_3l_512h_w_k3_gnorm"}