{"f1_macro": 0.5303318991101804, "f1_weighted": 0.764960439507294, "precision_macro": 0.6448731626363206, "precision_weighted": 0.874323524363886, "recall_macro": 0.6117451337408419, "recall_weighted": 0.7607361963190185, "accuracy": 0.7607361963190185, "class_scores": {"Udmurts,Besermyan": 0.972972972972973, "Tatars,Volga-Tatars,Mishar-Tatars,Kryashens": 0.9674620390455532, "Chuvash": 0.08450704225352113, "Mari": 0.0963855421686747}, "skipped_nodes": 0, "memory_allocated_MB": 39.537109375, "memory_reserved_MB": 4532.0, "model_name": "GL_GATConv_9l_128h"}