{"f1_macro": 0.9269876593820255, "f1_weighted": 0.9299738802522949, "accuracy": 0.9302325581395349, "class_scores": {"Swedes": 0.9230769230769231, "Norwegians": 0.9389671361502347, "Danes": 0.918918918918919}, "skipped_nodes": 0, "model_name": "GL_GCNConv_9l_512h_w"}