{"f1_macro": 0.3120500342523298, "f1_weighted": 0.09401562753130822, "precision_macro": 0.2805975733296495, "precision_weighted": 0.07948209129654724, "recall_macro": 0.5037878787878788, "recall_weighted": 0.1441717791411043, "accuracy": 0.1441717791411043, "class_scores": {"P0": 0.972972972972973, "P1": 0.0, "P2": 0.18699186991869918, "P3": 0.08823529411764706}, "skipped_nodes": 0, "model_name": "MaxIbdSumPerClassSize"}