{"f1_macro": 0.5741139015769, "f1_weighted": 0.6991757641926802, "precision_macro": 0.5680411208822745, "precision_weighted": 0.8500429283106644, "recall_macro": 0.7355692114275805, "recall_weighted": 0.647239263803681, "accuracy": 0.647239263803681, "class_scores": {"P0": 0.7619047619047619, "P1": 0.7331536388140162, "P2": 0.6347305389221557, "P3": 0.16666666666666666}, "skipped_nodes": 0, "model_name": "MaxIbdSumPerClassSize"}