{"f1_macro": 0.6595215553160763, "f1_weighted": 0.9283297782162055, "precision_macro": 0.716628341477436, "precision_weighted": 0.9202769641512528, "recall_macro": 0.6351010101010102, "recall_weighted": 0.9447852760736196, "accuracy": 0.9447852760736196, "class_scores": {"P0": 0.7142857142857143, "P1": 0.9748953974895398, "P2": 0.948905109489051, "P3": 0.0}, "skipped_nodes": 0, "model_name": "MaxEdgeCount"}