{"f1_macro": 0.5326795949751353, "f1_weighted": 0.8037958406754715, "precision_macro": 0.5467575187969924, "precision_weighted": 0.8061825944952878, "recall_macro": 0.5279088050314465, "recall_weighted": 0.8054298642533937, "accuracy": 0.8054298642533937, "class_scores": {"P0": 0.5714285714285714, "P1": 0.8810289389067524, "P2": 0.6782608695652174, "P3": 0.0}, "skipped_nodes": 56, "model_name": "MaxIbdSum"}