{"f1_macro": 0.7197364949780516, "f1_weighted": 0.740246226562763, "precision_macro": 0.7246994858380875, "precision_weighted": 0.7400256776343418, "recall_macro": 0.7173894656063291, "recall_weighted": 0.7424242424242424, "accuracy": 0.7424242424242424, "class_scores": {"P0": 0.7836065573770492, "P1": 0.6164705882352941, "P2": 0.8815533980582524, "P3": 0.5973154362416108}, "skipped_nodes": 0, "memory_allocated_MB": 0.00048828125, "memory_reserved_MB": 52.0, "f1_macro_score_only_mask_connect": -100.0, "f1_macro_score_only_not_mask_connect": -100.0, "f1_macro_score_mixed_connect": -100.0, "only_mask_connect_sum": -100.0, "only_not_mask_connect_sum": -100.0, "mixed_connect_sum": -100.0, "model_name": "GL_LR"}