{"f1_macro": 0.8435559873916039, "f1_weighted": 0.9204624812204173, "precision_macro": 0.8991633571279589, "precision_weighted": 0.9259136148013262, "recall_macro": 0.82039673180593, "recall_weighted": 0.9251497005988024, "accuracy": 0.9251497005988024, "class_scores": {"English": 0.9736263736263736, "Germans": 0.8127853881278538, "French": 0.6493506493506493, "Belgium": 0.9384615384615385}, "skipped_nodes": 101, "memory_allocated_MB": 41.9521484375, "memory_reserved_MB": 122.0, "f1_macro_score_only_mask_connect": 0.6763660950273527, "f1_macro_score_only_not_mask_connect": 0.9181758056758056, "f1_macro_score_mixed_connect": 0.9130938974068517, "only_mask_connect_sum": 133.0, "only_not_mask_connect_sum": 74.0, "mixed_connect_sum": 461.0, "model_name": "GL_GINConv_3l_512h"}