{"f1_macro": 0.7329793583414366, "f1_weighted": 0.9174959608048469, "precision_macro": 0.775024983344437, "precision_weighted": 0.9183981619091546, "recall_macro": 0.7241268402275723, "recall_weighted": 0.9230769230769231, "accuracy": 0.9230769230769231, "class_scores": {"P0": 0.9375, "P1": 0.9587852494577006, "P2": 0.8689655172413793, "P3": 0.16666666666666666}, "skipped_nodes": 0, "model_name": "MaxIbdSum"}