{"f1_macro": 0.46833478316803356, "f1_weighted": 0.5464126285919017, "precision_macro": 0.4921960286090721, "precision_weighted": 0.7492145957536729, "recall_macro": 0.5492153292582477, "recall_weighted": 0.5061349693251533, "accuracy": 0.5061349693251533, "class_scores": {"P0": 0.8292682926829268, "P1": 0.5830903790087464, "P2": 0.4069264069264069, "P3": 0.05405405405405406}, "skipped_nodes": 0, "model_name": "LongestIbd"}