{"f1_macro": 0.4175200619169824, "f1_weighted": 0.5092800501413599, "precision_macro": 0.5214532975643933, "precision_weighted": 0.7488620156185684, "recall_macro": 0.4322354445745004, "recall_weighted": 0.4601226993865031, "accuracy": 0.4601226993865031, "class_scores": {"P0": 0.7333333333333333, "P1": 0.5449101796407185, "P2": 0.39183673469387753, "P3": 0.0}, "skipped_nodes": 0, "model_name": "LongestIbd"}