{"f1_macro": 0.88405284335794, "f1_weighted": 0.9440662249400587, "precision_macro": 0.9290998055882589, "precision_weighted": 0.9459347450156835, "recall_macro": 0.8540811014250316, "recall_weighted": 0.9468599033816425, "accuracy": 0.9468599033816425, "class_scores": {"English": 0.9765886287625418, "Germans": 0.8774193548387097, "French": 0.75, "Belgium": 0.9322033898305084}, "skipped_nodes": 148, "memory_allocated_MB": 20.70263671875, "memory_reserved_MB": 60.0, "model_name": "GL_SAGEConv_9l_128h"}