{"f1_macro": 0.6394966179893202, "f1_weighted": 0.8411595922891232, "precision_macro": 0.6370880018674137, "precision_weighted": 0.852946499472063, "recall_macro": 0.6531616632160111, "recall_weighted": 0.8411214953271028, "accuracy": 0.8411214953271028, "class_scores": {"Chechens": 0.8, "Kabardians, Circassians, Adyghes": 0.8679245283018868, "Karachays, Balkars": 0.8888888888888888, "Ingush": 0.8333333333333334, "Dagestan peoples": 0.8837209302325582, "Ossetians": 0.8421052631578947, "Kumyks": 0.0, "Nogais": 0.0}, "skipped_nodes": 11, "memory_allocated_MB": 21.00390625, "memory_reserved_MB": 52.0, "model_name": "GL_SAGEConv_9l_128h"}