{"f1_macro": 0.866719283483165, "f1_weighted": 0.9329561038603813, "precision_macro": 0.9398009651789047, "precision_weighted": 0.9403771667209937, "recall_macro": 0.8298312123125644, "recall_weighted": 0.9368421052631579, "accuracy": 0.9368421052631579, "class_scores": {"English": 0.9750271444082519, "Germans": 0.8558139534883721, "French": 0.7027027027027027, "Belgium": 0.9333333333333333}, "skipped_nodes": 104, "memory_allocated_MB": 21.37353515625, "memory_reserved_MB": 80.0, "model_name": "GL_GCNConv_3l_512h_w"}