{"f1_macro": 0.7530509002491761, "f1_weighted": 0.8578523966455002, "precision_macro": 0.7795952950558214, "precision_weighted": 0.87357228797672, "recall_macro": 0.7487184873949579, "recall_weighted": 0.8596491228070176, "accuracy": 0.8596491228070176, "class_scores": {"Chechens": 0.8717948717948718, "Kabardians, Circassians, Adyghes": 0.896551724137931, "Karachays, Balkars": 0.9696969696969697, "Ingush": 0.9, "Dagestan peoples": 0.8181818181818182, "Ossetians": 0.8181818181818182, "Kumyks": 0.0, "Nogais": 0.75}, "skipped_nodes": 4, "memory_allocated_MB": 18.82861328125, "memory_reserved_MB": 48.0, "f1_macro_score_only_mask_connect": 0.49999999999999994, "f1_macro_score_only_not_mask_connect": 0.5, "f1_macro_score_mixed_connect": 0.7646270396270396, "only_mask_connect_sum": 25.0, "only_not_mask_connect_sum": 4.0, "mixed_connect_sum": 85.0, "model_name": "GL_SAGEConv_3l_128h_de"}