{"f1_macro": 0.8075092781614521, "f1_weighted": 0.9138013761076142, "precision_macro": 0.8028499278499279, "precision_weighted": 0.9135642135642135, "recall_macro": 0.8214439655172414, "recall_weighted": 0.9217391304347826, "accuracy": 0.9217391304347826, "class_scores": {"Chechens": 0.9230769230769231, "Kabardians, Circassians, Adyghes": 0.9454545454545454, "Karachays, Balkars": 0.9714285714285714, "Ingush": 0.9090909090909091, "Dagestan peoples": 0.9130434782608695, "Ossetians": 0.9090909090909091, "Kumyks": 0.0, "Nogais": 0.8888888888888888}, "skipped_nodes": 3, "memory_allocated_MB": 21.44091796875, "memory_reserved_MB": 86.0, "model_name": "GL_GCNConv_3l_512h_w"}