{"f1_macro": 0.6952437161505346, "f1_weighted": 0.7482686027758585, "accuracy": 0.7239263803680982, "class_scores": {"Udmurts,Besermyan": 0.9473684210526315, "Tatars,Volga-Tatars,Mishar-Tatars,Kryashens": 0.7704485488126649, "Chuvash": 0.6631578947368421, "Mari": 0.4}, "skipped_nodes": 0, "model_name": "MaxIbdSumPerClassSize"}