{"f1_macro": 0.8796284893267652, "f1_weighted": 0.9116770186335402, "accuracy": 0.9130434782608695, "class_scores": {"Chechens": 0.9714285714285714, "Kabardians, Circassians, Adyghes": 0.896551724137931, "Karachays, Balkars": 0.9444444444444444, "Ingush": 0.9523809523809523, "Dagestan peoples": 0.9166666666666666, "Ossetians": 0.8, "Kumyks": 0.6666666666666666, "Nogais": 0.8888888888888888}, "skipped_nodes": 3, "model_name": "GL_MLP_9l_512h"}