{"f1_macro": 0.27872830125894293, "f1_weighted": 0.08821201175268965, "precision_macro": 0.5021224365658672, "precision_weighted": 0.7851051069301482, "recall_macro": 0.34324467854510776, "recall_weighted": 0.11349693251533742, "accuracy": 0.11349693251533742, "class_scores": {"P0": 0.9473684210526315, "P1": 0.008547008547008548, "P2": 0.1452991452991453, "P3": 0.0136986301369863}, "skipped_nodes": 0, "model_name": "MaxEdgeCountPerClassSize"}