{"f1_macro": 0.4203443539961545, "f1_weighted": 0.4924182519191245, "precision_macro": 0.4190078798451402, "precision_weighted": 0.49433437691732895, "recall_macro": 0.4261236672249683, "recall_weighted": 0.49407114624505927, "accuracy": 0.49407114624505927, "class_scores": {"Northen Russians": 0.6371681415929203, "Ukranians": 0.17560975609756097, "Belarusians": 0.3263598326359833, "Southern Russians": 0.5422396856581533}, "skipped_nodes": 98, "memory_allocated_MB": 37.39208984375, "memory_reserved_MB": 200.0, "model_name": "GL_TAGConv_3l_512h_nw_k3_gnorm"}