{"f1_macro": 0.5261820869872467, "f1_weighted": 0.6419725743745417, "precision_macro": 0.5254022411280476, "precision_weighted": 0.8391301290569051, "recall_macro": 0.7312177569688298, "recall_weighted": 0.5950920245398773, "accuracy": 0.5950920245398773, "class_scores": {"P0": 0.6521739130434783, "P1": 0.6761363636363636, "P2": 0.5792349726775956, "P3": 0.19718309859154928}, "skipped_nodes": 0, "model_name": "MaxIbdSumPerClassSize"}