{"f1_macro": 0.9580036630036629, "f1_weighted": 0.9624845948444078, "precision_macro": 0.9641643323996266, "precision_weighted": 0.9626979763868164, "recall_macro": 0.9524163969795038, "recall_weighted": 0.9626168224299065, "accuracy": 0.9626168224299065, "class_scores": {"Swedes": 0.96, "Norwegians": 0.9711538461538461, "Danes": 0.9428571428571428}, "skipped_nodes": 1, "memory_allocated_MB": 27.01123046875, "memory_reserved_MB": 84.0, "model_name": "GL_SAGEConv_3l_512h"}