{"f1_macro": 0.9200403659358883, "f1_weighted": 0.9830144039236614, "precision_macro": 0.986842928660826, "precision_weighted": 0.9849854496034155, "recall_macro": 0.8851010101010102, "recall_weighted": 0.9846625766871165, "accuracy": 0.9846625766871165, "class_scores": {"Udmurts,Besermyan": 1.0, "Tatars,Volga-Tatars,Mishar-Tatars,Kryashens": 0.9957264957264957, "Chuvash": 0.9701492537313433, "Mari": 0.7142857142857143}, "skipped_nodes": 0, "memory_allocated_MB": 36.59765625, "memory_reserved_MB": 394.0, "model_name": "GL_TAGConv_3l_512h_w_k3"}