{"f1_macro": 0.9438948927919517, "f1_weighted": 0.9725880614594076, "precision_macro": 0.9598150782361308, "precision_weighted": 0.9752070443061726, "recall_macro": 0.9369337148307105, "recall_weighted": 0.9723926380368099, "accuracy": 0.9723926380368099, "class_scores": {"Udmurts,Besermyan": 0.972972972972973, "Tatars,Volga-Tatars,Mishar-Tatars,Kryashens": 0.9847494553376906, "Chuvash": 0.9428571428571428, "Mari": 0.875}, "skipped_nodes": 0, "memory_allocated_MB": 40.11767578125, "memory_reserved_MB": 100.0, "f1_macro_score_only_mask_connect": NaN, "f1_macro_score_only_not_mask_connect": 0.9438948927919517, "f1_macro_score_mixed_connect": NaN, "only_mask_connect_sum": 0.0, "only_not_mask_connect_sum": 326.0, "mixed_connect_sum": 0.0, "model_name": "GL_TAGConv_3l_512h_w_k3"}