{"f1_macro": 0.7394390363325533, "f1_weighted": 0.9257637985387229, "accuracy": 0.9325153374233128, "class_scores": {"Udmurts,Besermyan": 0.9142857142857143, "Tatars,Volga-Tatars,Mishar-Tatars,Kryashens": 0.9692982456140351, "Chuvash": 0.8741721854304636, "Mari": 0.2}, "skipped_nodes": 0, "model_name": "MaxSegmentCount"}