{"f1_macro": 0.10475444096133751, "f1_weighted": 0.19450935689180204, "accuracy": 0.3090909090909091, "class_scores": {"Chechens": 0.0, "Kabardians, Circassians, Adyghes": 0.42424242424242425, "Karachays, Balkars": 0.0, "Ingush": 0.0, "Dagestan peoples": 0.41379310344827586, "Ossetians": 0.0, "Kumyks": 0.0, "Nogais": 0.0}, "skipped_nodes": 8, "model_name": "GL_GATConv_3l_128h"}