{"f1_macro": 0.5584091648577645, "f1_weighted": 0.606156630522036, "precision_macro": 0.5604964563537105, "precision_weighted": 0.6122768567527573, "recall_macro": 0.570159251460622, "recall_weighted": 0.6129729729729729, "accuracy": 0.6129729729729729, "class_scores": {"Southern Russians": 0.6013986013986014, "Ukranians": 0.36298932384341637, "Northen Russians": 0.783625730994152, "Belarusians": 0.48562300319488816}, "skipped_nodes": 0, "model_name": "MaxEdgeCountPerClassSize"}