{"f1_macro": 0.7299485666527284, "f1_weighted": 0.8109478005144505, "accuracy": 0.7760736196319018, "class_scores": {"P0": 1.0, "P1": 0.817258883248731, "P2": 0.8074534161490683, "P3": 0.29508196721311475}, "skipped_nodes": 0, "model_name": "MaxIbdSumPerClassSize"}