{"f1_macro": 0.4854367508011055, "f1_weighted": 0.5818093269325796, "precision_macro": 0.48421698667141255, "precision_weighted": 0.8189670184140609, "recall_macro": 0.7733477011494253, "recall_weighted": 0.5507692307692308, "accuracy": 0.5507692307692308, "class_scores": {"Udmurts,Besermyan": 0.5074626865671642, "Tatars,Volga-Tatars,Mishar-Tatars,Kryashens": 0.5945945945945946, "Chuvash": 0.6043956043956044, "Mari": 0.23529411764705882}, "skipped_nodes": 1, "model_name": "MaxEdgeCountPerClassSize"}