{"f1_macro": 0.7087213333213279, "f1_weighted": 0.9410860322545345, "precision_macro": 0.7104791630541587, "precision_weighted": 0.9295806512124021, "recall_macro": 0.7097856244851953, "recall_weighted": 0.9539877300613497, "accuracy": 0.9539877300613497, "class_scores": {"P0": 0.9411764705882353, "P1": 0.9872340425531915, "P2": 0.9064748201438849, "P3": 0.0}, "skipped_nodes": 0, "model_name": "MaxIbdSum"}