{"f1_macro": 0.46398612495056785, "f1_weighted": 0.5003920065112376, "precision_macro": 0.4885305990063485, "precision_weighted": 0.5444985164201521, "recall_macro": 0.46931449804794856, "recall_weighted": 0.4955357142857143, "accuracy": 0.4955357142857143, "class_scores": {"Ukranians": 0.34983498349834985, "Southern Russians": 0.5541490857946554, "Northen Russians": 0.5644171779141104, "Belarusians": 0.3875432525951557}, "skipped_nodes": 19, "memory_allocated_MB": 22.267578125, "memory_reserved_MB": 102.0, "model_name": "GL_GINConv_9l_128h"}