{"f1_macro": 0.505030496032383, "f1_weighted": 0.5602050676214071, "precision_macro": 0.5732465434359011, "precision_weighted": 0.5859422944110189, "recall_macro": 0.49628331811123333, "recall_weighted": 0.5819761129207384, "accuracy": 0.5819761129207384, "class_scores": {"Southern Russians": 0.6314465408805031, "Ukranians": 0.3231441048034934, "Northen Russians": 0.6774716369529984, "Belarusians": 0.3880597014925373}, "skipped_nodes": 4, "memory_allocated_MB": 20.45458984375, "memory_reserved_MB": 84.0, "model_name": "GL_GINConv_3l_128h"}