{"f1_macro": 0.7146763153854235, "f1_weighted": 0.7964947033976557, "precision_macro": 0.6852413366336634, "precision_weighted": 0.9018902235315556, "recall_macro": 0.9184549356223176, "recall_weighted": 0.7668711656441718, "accuracy": 0.7668711656441718, "class_scores": {"P0": 0.9473684210526315, "P1": 0.8051282051282052, "P2": 0.7904191616766467, "P3": 0.3157894736842105}, "skipped_nodes": 0, "model_name": "MaxIbdSumPerClassSize"}