{"f1_macro": 0.9621748237726515, "f1_weighted": 0.9718867270567185, "precision_macro": 0.982787604256543, "precision_weighted": 0.972798246012379, "recall_macro": 0.9437040441176471, "recall_weighted": 0.9722991689750693, "accuracy": 0.9722991689750693, "class_scores": {"English": 0.9817792068595927, "Germans": 0.9516129032258065, "French": 0.9302325581395349, "Belgium": 0.9850746268656716}, "skipped_nodes": 47, "memory_allocated_MB": 91.81884765625, "memory_reserved_MB": 286.0, "f1_macro_score_only_mask_connect": -100.0, "f1_macro_score_only_not_mask_connect": -100.0, "f1_macro_score_mixed_connect": -100.0, "only_mask_connect_sum": -100.0, "only_not_mask_connect_sum": -100.0, "mixed_connect_sum": -100.0, "model_name": "GL_SAGEConv_9l_512h_de"}