{"f1_macro": 0.936479815795009, "f1_weighted": 0.9609013761127567, "precision_macro": 0.9673722612692459, "precision_weighted": 0.963539043556357, "recall_macro": 0.9145431379686931, "recall_weighted": 0.9622377622377623, "accuracy": 0.9622377622377623, "class_scores": {"English": 0.9786324786324786, "Germans": 0.9539748953974896, "French": 0.864406779661017, "Belgium": 0.948905109489051}, "skipped_nodes": 54, "memory_allocated_MB": 20.72265625, "memory_reserved_MB": 78.0, "model_name": "GL_SAGEConv_9l_128h"}