{"f1_macro": 0.851058749149573, "f1_weighted": 0.9148781689176306, "accuracy": 0.920863309352518, "class_scores": {"English": 0.9629629629629629, "Germans": 0.8340807174887892, "French": 0.6818181818181818, "Belgium": 0.9253731343283582}, "skipped_nodes": 74, "model_name": "GL_SAGEConv_3l_128h"}