{"f1_macro": 0.8565665296398969, "f1_weighted": 0.9191628504046201, "precision_macro": 0.9022933268863422, "precision_weighted": 0.922642345962041, "recall_macro": 0.8319882771939804, "recall_weighted": 0.9237410071942446, "accuracy": 0.9237410071942446, "class_scores": {"English": 0.966986155484558, "Germans": 0.8378378378378378, "French": 0.7096774193548387, "Belgium": 0.9117647058823529}, "skipped_nodes": 74, "memory_allocated_MB": 17.416015625, "memory_reserved_MB": 64.0, "model_name": "GL_SAGEConv_3l_128h"}