{"f1_macro": 0.48114952014181794, "f1_weighted": 0.8748413192190412, "accuracy": 0.9141104294478528, "class_scores": {"P0": 0.0, "P1": 0.9471544715447154, "P2": 0.9774436090225563, "P3": 0.0}, "skipped_nodes": 0, "model_name": "GL_GCNConv_3l_512h_w"}