{"f1_macro": 0.8801616838205112, "f1_weighted": 0.9365562678388561, "precision_macro": 0.9290007076692334, "precision_weighted": 0.9397704402097865, "recall_macro": 0.8513764013764014, "recall_weighted": 0.9387096774193548, "accuracy": 0.9387096774193548, "class_scores": {"English": 0.9675251959686451, "Germans": 0.8571428571428571, "French": 0.78125, "Belgium": 0.9147286821705426}, "skipped_nodes": 149, "memory_allocated_MB": 21.01025390625, "memory_reserved_MB": 86.0, "model_name": "GL_SAGEConv_9l_128h"}