{"f1_macro": 0.38936223457945773, "f1_weighted": 0.47572211237598777, "precision_macro": 0.5644998108435858, "precision_weighted": 0.5581802648550247, "recall_macro": 0.4135165196506406, "recall_weighted": 0.5303030303030303, "accuracy": 0.5303030303030303, "class_scores": {"Southern Russians": 0.5784543325526932, "Ukranians": 0.25120772946859904, "Northen Russians": 0.6573643410852713, "Belarusians": 0.07042253521126761}, "skipped_nodes": 1, "memory_allocated_MB": 25.01123046875, "memory_reserved_MB": 102.0, "f1_macro_score_only_mask_connect": 0.1111111111111111, "f1_macro_score_only_not_mask_connect": 0.36296296296296293, "f1_macro_score_mixed_connect": 0.3854004673461376, "only_mask_connect_sum": 15.0, "only_not_mask_connect_sum": 37.0, "mixed_connect_sum": 872.0, "model_name": "GL_GCNConv_3l_512h_w"}