{"f1_macro": 0.4067797846945515, "f1_weighted": 0.4649531293284231, "precision_macro": 0.4315439979509903, "precision_weighted": 0.49016496107241325, "recall_macro": 0.4341483573643732, "recall_weighted": 0.47396963123644253, "accuracy": 0.47396963123644253, "class_scores": {"Southern Russians": 0.48333333333333334, "Ukranians": 0.4050632911392405, "Northen Russians": 0.6231155778894473, "Belarusians": 0.11560693641618497}, "skipped_nodes": 3, "memory_allocated_MB": 158.0224609375, "memory_reserved_MB": 570.0, "model_name": "GL_TAGConv_9l_512h_w_k3"}