{"f1_macro": 0.6461179946079274, "f1_weighted": 0.7635975800005469, "precision_macro": 0.8947524166502269, "precision_weighted": 0.8568709749383737, "recall_macro": 0.6677777777777778, "recall_weighted": 0.8177570093457944, "accuracy": 0.8177570093457944, "class_scores": {"Swedes": 0.9261744966442953, "Norwegians": 0.8583333333333333, "Danes": 0.15384615384615385}, "skipped_nodes": 1, "memory_allocated_MB": 84.4482421875, "memory_reserved_MB": 90.0, "model_name": "GL_GINConv_9l_512h"}