{"f1_macro": 0.9838607469432025, "f1_weighted": 0.9939340459987134, "precision_macro": 0.9739270386266095, "precision_weighted": 0.9941717791411043, "recall_macro": 0.9951391598387307, "recall_weighted": 0.9938650306748467, "accuracy": 0.9938650306748467, "class_scores": {"Udmurts,Besermyan": 1.0, "Tatars,Volga-Tatars,Mishar-Tatars,Kryashens": 0.9957081545064378, "Chuvash": 0.9923664122137404, "Mari": 0.9473684210526315}, "skipped_nodes": 0, "memory_allocated_MB": 100.94189453125, "memory_reserved_MB": 11796.0, "model_name": "GL_GATConv_3l_512h"}