{"f1_macro": 0.8480294345064165, "f1_weighted": 0.9260289574961148, "accuracy": 0.9300813008130081, "class_scores": {"English": 0.9707207207207207, "Germans": 0.8181818181818182, "French": 0.6956521739130435, "Belgium": 0.907563025210084}, "skipped_nodes": 154, "model_name": "GL_GCNConv_3l_128h_w"}