{"f1_macro": 0.7452582459538607, "f1_weighted": 0.8732007304944727, "precision_macro": 0.7461557797656196, "precision_weighted": 0.891999461419377, "recall_macro": 0.7609301166168119, "recall_weighted": 0.8680981595092024, "accuracy": 0.8680981595092024, "class_scores": {"P0": 0.8484848484848485, "P1": 0.9140271493212669, "P2": 0.7974683544303798, "P3": 0.42105263157894735}, "skipped_nodes": 0, "model_name": "LongestIbd"}