{"f1_macro": 0.5921633427532815, "f1_weighted": 0.6391185355090107, "precision_macro": 0.5918348209731488, "precision_weighted": 0.6419428509327205, "recall_macro": 0.5930571804555866, "recall_weighted": 0.6367567567567568, "accuracy": 0.6367567567567568, "class_scores": {"Southern Russians": 0.6656050955414012, "Ukranians": 0.44108761329305135, "Northen Russians": 0.7768860353130016, "Belarusians": 0.48507462686567165}, "skipped_nodes": 0, "memory_allocated_MB": 38.5361328125, "memory_reserved_MB": 392.0, "model_name": "GL_TAGConv_3l_512h_w_k3"}