{"f1_macro": 0.8991989845913047, "f1_weighted": 0.9130089844128002, "precision_macro": 0.9280395943988412, "precision_weighted": 0.9164111425352371, "recall_macro": 0.8794714131607336, "recall_weighted": 0.9142857142857143, "accuracy": 0.9142857142857143, "class_scores": {"Swedes": 0.9403973509933775, "Norwegians": 0.9150943396226415, "Danes": 0.8421052631578947}, "skipped_nodes": 5, "memory_allocated_MB": 17.703125, "memory_reserved_MB": 44.0, "model_name": "GL_TAGConv_3l_128h_w_k3"}