{"f1_macro": 0.3877316543121635, "f1_weighted": 0.5112728379442824, "precision_macro": 0.40807548234811164, "precision_weighted": 0.5666514526258175, "recall_macro": 0.42354462474645027, "recall_weighted": 0.5350877192982456, "accuracy": 0.5350877192982456, "class_scores": {"Chechens": 0.6086956521739131, "Kabardians, Circassians, Adyghes": 0.45454545454545453, "Karachays, Balkars": 0.6938775510204082, "Ingush": 0.24, "Dagestan peoples": 0.6341463414634146, "Ossetians": 0.47058823529411764, "Kumyks": 0.0, "Nogais": 0.0}, "skipped_nodes": 4, "memory_allocated_MB": 84.5302734375, "memory_reserved_MB": 98.0, "model_name": "GL_GINConv_9l_512h"}