{"f1_macro": 0.9423559356733188, "f1_weighted": 0.9520246936074935, "precision_macro": 0.9553860890067787, "precision_weighted": 0.952909914893082, "recall_macro": 0.932105521231735, "recall_weighted": 0.95260663507109, "accuracy": 0.95260663507109, "class_scores": {"Swedes": 0.9673202614379085, "Norwegians": 0.9565217391304348, "Danes": 0.9032258064516129}, "skipped_nodes": 4, "memory_allocated_MB": 25.365234375, "memory_reserved_MB": 62.0, "model_name": "GL_TAGConv_9l_128h_w_k3"}