{"f1_macro": 0.29988851979903436, "f1_weighted": 0.4061516680398113, "precision_macro": 0.38218935149731975, "precision_weighted": 0.43729710122036103, "recall_macro": 0.3585832368326478, "recall_weighted": 0.48864864864864865, "accuracy": 0.48864864864864865, "class_scores": {"Southern Russians": 0.5324384787472036, "Ukranians": 0.024691358024691357, "Northen Russians": 0.6424242424242425, "Belarusians": 0.0}, "skipped_nodes": 0, "memory_allocated_MB": 36.64111328125, "memory_reserved_MB": 1086.0, "f1_macro_score_only_mask_connect": 0.20526315789473684, "f1_macro_score_only_not_mask_connect": 0.0, "f1_macro_score_mixed_connect": 0.3013462355882046, "only_mask_connect_sum": 16.0, "only_not_mask_connect_sum": 1.0, "mixed_connect_sum": 908.0, "model_name": "GL_GATConv_3l_128h"}