{"f1_macro": 0.9659616994767459, "f1_weighted": 0.9907657063869084, "precision_macro": 0.9673076923076923, "precision_weighted": 0.9907634628493523, "recall_macro": 0.9646464646464646, "recall_weighted": 0.99079754601227, "accuracy": 0.99079754601227, "class_scores": {"Udmurts,Besermyan": 1.0, "Tatars,Volga-Tatars,Mishar-Tatars,Kryashens": 0.9978586723768736, "Chuvash": 0.9770992366412213, "Mari": 0.8888888888888888}, "skipped_nodes": 0, "memory_allocated_MB": 37.91259765625, "memory_reserved_MB": 100.0, "model_name": "GL_TAGConv_3l_512h_w_k3"}