{"f1_macro": 0.5855773876297403, "f1_weighted": 0.6293649920017482, "precision_macro": 0.5836811462330709, "precision_weighted": 0.6309738547345858, "recall_macro": 0.5879331579533948, "recall_weighted": 0.6281081081081081, "accuracy": 0.6281081081081081, "class_scores": {"Southern Russians": 0.6548956661316212, "Ukranians": 0.40752351097178685, "Northen Russians": 0.7619047619047619, "Belarusians": 0.5179856115107914}, "skipped_nodes": 0, "memory_allocated_MB": 18.61474609375, "memory_reserved_MB": 256.0, "model_name": "GL_SAGEConv_3l_128h"}