{"f1_macro": 0.5458490775334858, "f1_weighted": 0.5948987990111286, "precision_macro": 0.5644656352119696, "precision_weighted": 0.5926508783416388, "recall_macro": 0.5396634562977969, "recall_weighted": 0.6067538126361656, "accuracy": 0.6067538126361656, "class_scores": {"Ukranians": 0.32061068702290074, "Southern Russians": 0.6126656848306333, "Northen Russians": 0.7522658610271903, "Belarusians": 0.4978540772532189}, "skipped_nodes": 5, "memory_allocated_MB": 36.6865234375, "memory_reserved_MB": 242.0, "model_name": "GL_TAGConv_3l_512h_nw_k3_gnorm_leaky_relu"}