{"f1_macro": 0.782172619047619, "f1_weighted": 0.9172951358457493, "accuracy": 0.9141104294478528, "class_scores": {"P0": 1.0, "P1": 0.9553571428571429, "P2": 0.84, "P3": 0.3333333333333333}, "skipped_nodes": 0, "model_name": "LongestIbd"}