{"f1_macro": 0.5086349130556448, "f1_weighted": 0.6892401423916907, "precision_macro": 0.5480536975102193, "precision_weighted": 0.7110948271182761, "recall_macro": 0.5284774436090225, "recall_weighted": 0.7303370786516854, "accuracy": 0.7303370786516854, "class_scores": {"Chechens": 0.7317073170731707, "Kabardians, Circassians, Adyghes": 0.8648648648648649, "Karachays, Balkars": 0.85, "Ingush": 0.5, "Dagestan peoples": 0.8148148148148148, "Ossetians": 0.3076923076923077, "Kumyks": 0.0, "Nogais": 0.0}, "skipped_nodes": 29, "memory_allocated_MB": 37.15283203125, "memory_reserved_MB": 76.0, "f1_macro_score_only_mask_connect": NaN, "f1_macro_score_only_not_mask_connect": 0.5086349130556448, "f1_macro_score_mixed_connect": NaN, "only_mask_connect_sum": 0.0, "only_not_mask_connect_sum": 89.0, "mixed_connect_sum": 0.0, "model_name": "GL_GATConv_9l_128h"}