{"f1_macro": 0.3304218164523199, "f1_weighted": 0.46965739865928824, "precision_macro": 0.2846809154148604, "precision_weighted": 0.4048187191249118, "recall_macro": 0.39598497154264883, "recall_weighted": 0.5625, "accuracy": 0.5625, "class_scores": {"Ukranians": 0.0, "Southern Russians": 0.599721059972106, "Northen Russians": 0.7219662058371735, "Belarusians": 0.0}, "skipped_nodes": 83, "memory_allocated_MB": 21.42626953125, "memory_reserved_MB": 182.0, "model_name": "GL_GATConv_3l_128h"}