{"f1_macro": 0.8211400299864859, "f1_weighted": 0.8941310510837125, "precision_macro": 0.8425254217818222, "precision_weighted": 0.8955621460848956, "recall_macro": 0.8073642629978902, "recall_weighted": 0.8979885057471264, "accuracy": 0.8979885057471264, "class_scores": {"English": 0.9560557341907824, "Germans": 0.7761194029850746, "French": 0.6890756302521008, "Belgium": 0.8633093525179856}, "skipped_nodes": 73, "memory_allocated_MB": 102.23779296875, "memory_reserved_MB": 276.0, "model_name": "GL_GINConv_9l_512h"}