{"f1_macro": 0.8321139253791006, "f1_weighted": 0.8389169170888018, "accuracy": 0.8415841584158416, "class_scores": {"Chechens": 0.918918918918919, "Kabardians, Circassians, Adyghes": 0.8163265306122449, "Karachays, Balkars": 0.8888888888888888, "Ingush": 0.7368421052631579, "Dagestan peoples": 0.8292682926829268, "Ossetians": 0.8, "Kumyks": 0.6666666666666666, "Nogais": 1.0}, "skipped_nodes": 17, "model_name": "GL_TAGConv_3l_512h_w_k3"}