{"f1_macro": 0.9476124163869647, "f1_weighted": 0.9528855131844245, "precision_macro": 0.9638160581556807, "precision_weighted": 0.95455003469463, "recall_macro": 0.9351060769507372, "recall_weighted": 0.9532710280373832, "accuracy": 0.9532710280373832, "class_scores": {"Swedes": 0.9605263157894737, "Norwegians": 0.9569377990430622, "Danes": 0.9253731343283582}, "skipped_nodes": 1, "memory_allocated_MB": 22.14111328125, "memory_reserved_MB": 114.0, "f1_macro_score_only_mask_connect": 0.8666666666666666, "f1_macro_score_only_not_mask_connect": 0.41111111111111115, "f1_macro_score_mixed_connect": 0.9681301457163526, "only_mask_connect_sum": 11.0, "only_not_mask_connect_sum": 10.0, "mixed_connect_sum": 193.0, "model_name": "GL_SAGEConv_9l_128h_de"}