{"f1_macro": 0.09723776223776225, "f1_weighted": 0.09599339310995753, "precision_macro": 0.1777874630968136, "precision_weighted": 0.24135144511847428, "recall_macro": 0.08699115619716477, "recall_weighted": 0.07668711656441718, "accuracy": 0.07668711656441718, "class_scores": {"P0": 0.23076923076923078, "P1": 0.1, "P2": 0.05818181818181818, "P3": 0.0}, "skipped_nodes": 0, "model_name": "LongestIbd"}