{"f1_macro": 0.6778364849833148, "f1_weighted": 0.7362753661760056, "precision_macro": 0.6741496598639456, "precision_weighted": 0.8824214348316013, "recall_macro": 0.8637880955477522, "recall_weighted": 0.7024539877300614, "accuracy": 0.7024539877300614, "class_scores": {"P0": 1.0, "P1": 0.7473118279569892, "P2": 0.6881720430107527, "P3": 0.27586206896551724}, "skipped_nodes": 0, "model_name": "MaxIbdSumPerClassSize"}