{"f1_macro": 0.5866700551908219, "f1_weighted": 0.6621916526468365, "precision_macro": 0.5842371811063399, "precision_weighted": 0.8581171269314151, "recall_macro": 0.8295129405644427, "recall_weighted": 0.6134969325153374, "accuracy": 0.6134969325153374, "class_scores": {"P0": 0.8372093023255814, "P1": 0.6798866855524079, "P2": 0.6127167630057804, "P3": 0.21686746987951808}, "skipped_nodes": 0, "model_name": "MaxIbdSumPerClassSize"}