{"f1_macro": 0.6719535783365571, "f1_weighted": 0.9277378932254275, "precision_macro": 0.7036549947942353, "precision_weighted": 0.9197313778349734, "recall_macro": 0.6596599037586162, "recall_weighted": 0.941717791411043, "accuracy": 0.941717791411043, "class_scores": {"Udmurts,Besermyan": 0.8, "Tatars,Volga-Tatars,Mishar-Tatars,Kryashens": 0.9787234042553191, "Chuvash": 0.9090909090909091, "Mari": 0.0}, "skipped_nodes": 0, "memory_allocated_MB": 53.34033203125, "memory_reserved_MB": 268.0, "f1_macro_score_only_mask_connect": NaN, "f1_macro_score_only_not_mask_connect": NaN, "f1_macro_score_mixed_connect": 0.6719535783365571, "only_mask_connect_sum": 0.0, "only_not_mask_connect_sum": 0.0, "mixed_connect_sum": 326.0, "model_name": "GL_SAGEConv_3l_512h_de"}