{"f1_macro": 0.17570670708601743, "f1_weighted": 0.2623642820302303, "accuracy": 0.3506944444444444, "class_scores": {"krasnodar": 0.4043956043956044, "yaroslavl": 0.0, "ryazan": 0.47413793103448276, "kaluga": 0.0, "vologda": 0.0}, "skipped_nodes": 0, "model_name": "GL_SAGEConv_3l_128h"}