{"f1_macro": 0.7653500373489859, "f1_weighted": 0.8154365015937372, "precision_macro": 0.7663211788211788, "precision_weighted": 0.8425958168815312, "recall_macro": 0.8447217270746683, "recall_weighted": 0.8095238095238095, "accuracy": 0.8095238095238095, "class_scores": {"Chechens": 0.8717948717948718, "Kabardians, Circassians, Adyghes": 0.8301886792452831, "Karachays, Balkars": 0.8571428571428571, "Ingush": 0.8, "Dagestan peoples": 0.8421052631578947, "Ossetians": 0.5882352941176471, "Kumyks": 1.0, "Nogais": 0.3333333333333333}, "skipped_nodes": 13, "memory_allocated_MB": 97.736328125, "memory_reserved_MB": 248.0, "model_name": "GL_GATConv_3l_512h"}