{"f1_macro": 0.9524882696977996, "f1_weighted": 0.9693540620928054, "precision_macro": 0.9627650884010973, "precision_weighted": 0.9700972956701822, "recall_macro": 0.9448109762947984, "recall_weighted": 0.9698630136986301, "accuracy": 0.9698630136986301, "class_scores": {"English": 0.9849462365591398, "Germans": 0.9482071713147411, "French": 0.9117647058823529, "Belgium": 0.965034965034965}, "skipped_nodes": 39, "memory_allocated_MB": 73.1884765625, "memory_reserved_MB": 80.0, "model_name": "GL_SAGEConv_9l_512h"}