{"f1_macro": 0.8597609870636186, "f1_weighted": 0.863347158961194, "precision_macro": 0.8976690821256038, "precision_weighted": 0.8789859424642033, "recall_macro": 0.8536518199233717, "recall_weighted": 0.8648648648648649, "accuracy": 0.8648648648648649, "class_scores": {"Chechens": 0.8947368421052632, "Kabardians, Circassians, Adyghes": 0.8518518518518519, "Karachays, Balkars": 0.85, "Ingush": 0.9090909090909091, "Dagestan peoples": 0.8636363636363636, "Ossetians": 0.8421052631578947, "Kumyks": 1.0, "Nogais": 0.6666666666666666}, "skipped_nodes": 7, "memory_allocated_MB": 17.962890625, "memory_reserved_MB": 58.0, "model_name": "GL_TAGConv_3l_128h_w_k3"}