{"f1_macro": 0.6384285777151553, "f1_weighted": 0.6827053316579169, "precision_macro": 0.6516986660632769, "precision_weighted": 0.682736848426207, "recall_macro": 0.6333299968671148, "recall_weighted": 0.6894977168949772, "accuracy": 0.6894977168949772, "class_scores": {"Southern Russians": 0.7098121085594989, "Ukranians": 0.43010752688172044, "Northen Russians": 0.8096280087527352, "Belarusians": 0.6041666666666666}, "skipped_nodes": 0, "memory_allocated_MB": 264.31396484375, "memory_reserved_MB": 10270.0, "model_name": "GL_TAGConv_3l_512h_w_k3_gnorm"}