{"f1_macro": 0.7973658570979879, "f1_weighted": 0.8753851322097385, "precision_macro": 0.7776238254499124, "precision_weighted": 0.8996420970334015, "recall_macro": 0.8721113445378151, "recall_weighted": 0.8727272727272727, "accuracy": 0.8727272727272727, "class_scores": {"Chechens": 0.9473684210526315, "Kabardians, Circassians, Adyghes": 0.8627450980392157, "Karachays, Balkars": 0.8421052631578947, "Ingush": 1.0, "Dagestan peoples": 0.8571428571428571, "Ossetians": 0.8695652173913043, "Kumyks": 0.5, "Nogais": 0.5}, "skipped_nodes": 8, "memory_allocated_MB": 16.86669921875, "memory_reserved_MB": 178.0, "model_name": "GL_GCNConv_3l_128h_w"}