{"f1_macro": 0.45722712989793735, "f1_weighted": 0.5199557735308619, "precision_macro": 0.4572437882035405, "precision_weighted": 0.516328453935953, "recall_macro": 0.4577990470467938, "recall_weighted": 0.5241301907968574, "accuracy": 0.5241301907968574, "class_scores": {"Ukranians": 0.24475524475524477, "Southern Russians": 0.573268921095008, "Northen Russians": 0.6761904761904762, "Belarusians": 0.3346938775510204}, "skipped_nodes": 24, "memory_allocated_MB": 27.1962890625, "memory_reserved_MB": 118.0, "model_name": "GL_SAGEConv_3l_512h"}