{"f1_macro": 0.6539238721804511, "f1_weighted": 0.826929328271173, "precision_macro": 0.6873727261170053, "precision_weighted": 0.8904699394424568, "recall_macro": 0.7298263888888888, "recall_weighted": 0.7920792079207921, "accuracy": 0.7920792079207921, "class_scores": {"Chechens": 0.7333333333333333, "Kabardians, Circassians, Adyghes": 0.875, "Karachays, Balkars": 0.8571428571428571, "Ingush": 0.9, "Dagestan peoples": 0.8571428571428571, "Ossetians": 0.8421052631578947, "Kumyks": 0.16666666666666666, "Nogais": 0.0}, "skipped_nodes": 17, "memory_allocated_MB": 341.2216796875, "memory_reserved_MB": 544.0, "model_name": "GL_GATConv_9l_512h"}