{"f1_macro": 0.5167490662698961, "f1_weighted": 0.5682106359184276, "precision_macro": 0.5480834177642688, "precision_weighted": 0.5696903328327123, "recall_macro": 0.5072575404291433, "recall_weighted": 0.582216808769793, "accuracy": 0.582216808769793, "class_scores": {"Ukranians": 0.3163265306122449, "Southern Russians": 0.6048780487804878, "Northen Russians": 0.6804451510333863, "Belarusians": 0.46534653465346537}, "skipped_nodes": 62, "memory_allocated_MB": 36.68505859375, "memory_reserved_MB": 198.0, "model_name": "GL_TAGConv_3l_512h_w_k3_gnorm_gelu"}