{"f1_macro": 0.45729447922068744, "f1_weighted": 0.5162273407321408, "precision_macro": 0.4560480656422826, "precision_weighted": 0.5159341216674905, "recall_macro": 0.46115446155763407, "recall_weighted": 0.5186170212765957, "accuracy": 0.5186170212765957, "class_scores": {"Northen Russians": 0.6443661971830986, "Ukranians": 0.25870646766169153, "Belarusians": 0.3891402714932127, "Southern Russians": 0.5369649805447471}, "skipped_nodes": 105, "memory_allocated_MB": 51.92626953125, "memory_reserved_MB": 206.0, "model_name": "GL_GCNConv_9l_512h_w"}