{"f1_macro": 0.8442059554794719, "f1_weighted": 0.9181121075751618, "precision_macro": 0.8589749309331927, "precision_weighted": 0.9222330108678047, "recall_macro": 0.8387034118087293, "recall_weighted": 0.9191616766467066, "accuracy": 0.9191616766467066, "class_scores": {"English": 0.9695652173913043, "Germans": 0.8070175438596491, "French": 0.6842105263157895, "Belgium": 0.916030534351145}, "skipped_nodes": 101, "memory_allocated_MB": 37.20361328125, "memory_reserved_MB": 110.0, "model_name": "GL_TAGConv_3l_512h_w_k3"}