{"f1_macro": 0.8924450263801943, "f1_weighted": 0.9383100582733843, "precision_macro": 0.8990716893003374, "precision_weighted": 0.9388374099276457, "recall_macro": 0.8897133222797278, "recall_weighted": 0.9394773039889959, "accuracy": 0.9394773039889959, "class_scores": {"English": 0.9804347826086957, "Germans": 0.8821292775665399, "French": 0.7575757575757576, "Belgium": 0.9496402877697842}, "skipped_nodes": 42, "memory_allocated_MB": 38.041015625, "memory_reserved_MB": 224.0, "model_name": "GL_TAGConv_3l_512h_w_k3_gnorm_leaky_relu"}