{"f1_macro": 0.8840453538378423, "f1_weighted": 0.9743608328667072, "precision_macro": 0.9040147249102474, "precision_weighted": 0.9738381677535601, "recall_macro": 0.8690661984653401, "recall_weighted": 0.9754601226993865, "accuracy": 0.9754601226993865, "class_scores": {"P0": 0.9444444444444444, "P1": 0.9892933618843683, "P2": 0.9774436090225563, "P3": 0.625}, "skipped_nodes": 0, "memory_allocated_MB": 0.00048828125, "memory_reserved_MB": 26.0, "f1_macro_score_only_mask_connect": -100.0, "f1_macro_score_only_not_mask_connect": -100.0, "f1_macro_score_mixed_connect": -100.0, "only_mask_connect_sum": -100.0, "only_not_mask_connect_sum": -100.0, "mixed_connect_sum": -100.0, "model_name": "GL_LR"}