{"f1_macro": 0.9150799567797021, "f1_weighted": 0.9455150482112455, "precision_macro": 0.9440097348619951, "precision_weighted": 0.9484706542445429, "recall_macro": 0.8967812883371801, "recall_weighted": 0.9476584022038568, "accuracy": 0.9476584022038568, "class_scores": {"English": 0.9723991507430998, "Germans": 0.919831223628692, "French": 0.8244274809160306, "Belgium": 0.9436619718309859}, "skipped_nodes": 43, "memory_allocated_MB": 22.0625, "memory_reserved_MB": 152.0, "model_name": "GL_GCNConv_3l_512h_w"}