{"f1_macro": 0.613341113992898, "f1_weighted": 0.6578874354062184, "precision_macro": 0.6361549542436518, "precision_weighted": 0.6645095542833456, "recall_macro": 0.6051722406886906, "recall_weighted": 0.6655844155844156, "accuracy": 0.6655844155844156, "class_scores": {"Southern Russians": 0.7107438016528925, "Ukranians": 0.43866171003717475, "Northen Russians": 0.7636363636363637, "Belarusians": 0.5403225806451613}, "skipped_nodes": 1, "memory_allocated_MB": 41.763671875, "memory_reserved_MB": 466.0, "f1_macro_score_only_mask_connect": -100.0, "f1_macro_score_only_not_mask_connect": -100.0, "f1_macro_score_mixed_connect": -100.0, "only_mask_connect_sum": -100.0, "only_not_mask_connect_sum": -100.0, "mixed_connect_sum": -100.0, "model_name": "GL_TAGConv_3l_512h_w_k3"}