{"f1_macro": 0.8450320733439876, "f1_weighted": 0.9182801936402566, "precision_macro": 0.8819985330761193, "precision_weighted": 0.9203850729841273, "recall_macro": 0.8271611850382861, "recall_weighted": 0.9225037257824144, "accuracy": 0.9225037257824144, "class_scores": {"English": 0.966120218579235, "Germans": 0.8431372549019608, "French": 0.6511627906976745, "Belgium": 0.9197080291970803}, "skipped_nodes": 98, "memory_allocated_MB": 157.25927734375, "memory_reserved_MB": 342.0, "model_name": "GL_TAGConv_9l_512h_w_k3"}