{"f1_macro": 0.375784756667506, "f1_weighted": 0.4522364073714776, "precision_macro": 0.3965965075735118, "precision_weighted": 0.45201319112194477, "recall_macro": 0.3850332193813446, "recall_weighted": 0.47943722943722944, "accuracy": 0.47943722943722944, "class_scores": {"Southern Russians": 0.5487179487179488, "Ukranians": 0.18502202643171806, "Northen Russians": 0.6141479099678456, "Belarusians": 0.1552511415525114}, "skipped_nodes": 1, "memory_allocated_MB": 21.6806640625, "memory_reserved_MB": 260.0, "model_name": "GL_GINConv_9l_128h"}