{"f1_macro": 0.7592544814220661, "f1_weighted": 0.8627983351137428, "precision_macro": 0.7548037871865164, "precision_weighted": 0.8932356341492735, "recall_macro": 0.7896562188407683, "recall_weighted": 0.852760736196319, "accuracy": 0.852760736196319, "class_scores": {"P0": 0.9090909090909091, "P1": 0.9078341013824884, "P2": 0.7439024390243902, "P3": 0.47619047619047616}, "skipped_nodes": 0, "model_name": "LongestIbd"}