{"f1_macro": 0.8438084699049229, "f1_weighted": 0.914293707630823, "precision_macro": 0.911244031116167, "precision_weighted": 0.9219823116731626, "recall_macro": 0.8176794104763399, "recall_weighted": 0.9221902017291066, "accuracy": 0.9221902017291066, "class_scores": {"English": 0.9650053022269353, "Germans": 0.8545454545454545, "French": 0.6153846153846154, "Belgium": 0.9402985074626866}, "skipped_nodes": 75, "memory_allocated_MB": 17.06494140625, "memory_reserved_MB": 62.0, "model_name": "GL_GCNConv_3l_128h_w"}