{"f1_macro": 0.21574854889935385, "f1_weighted": 0.3300594684191183, "precision_macro": 0.3795731707317073, "precision_weighted": 0.4256509052820589, "recall_macro": 0.16064616118264186, "recall_weighted": 0.27607361963190186, "accuracy": 0.27607361963190186, "class_scores": {"P0": 0.43478260869565216, "P1": 0.4282115869017632, "P2": 0.0, "P3": 0.0}, "skipped_nodes": 0, "model_name": "MaxIbdSum"}