{"f1_macro": 0.9706273764835663, "f1_weighted": 0.9673021328990099, "precision_macro": 0.9751443094684241, "precision_weighted": 0.967694929501936, "recall_macro": 0.9664904710535779, "recall_weighted": 0.9672897196261683, "accuracy": 0.9672897196261683, "class_scores": {"Swedes": 0.9594594594594594, "Norwegians": 0.9665071770334929, "Danes": 0.9859154929577465}, "skipped_nodes": 1, "memory_allocated_MB": 41.8701171875, "memory_reserved_MB": 100.0, "model_name": "GL_GINConv_3l_512h"}