{"f1_macro": 0.6473042817847163, "f1_weighted": 0.7851351412224045, "precision_macro": 0.6846282372598163, "precision_weighted": 0.8677793843583318, "recall_macro": 0.7392050298380222, "recall_weighted": 0.74, "accuracy": 0.74, "class_scores": {"Chechens": 0.7741935483870968, "Kabardians, Circassians, Adyghes": 0.8292682926829268, "Karachays, Balkars": 0.8888888888888888, "Ingush": 0.6363636363636364, "Dagestan peoples": 0.8235294117647058, "Ossetians": 0.75, "Kumyks": 0.3333333333333333, "Nogais": 0.14285714285714285}, "skipped_nodes": 18, "memory_allocated_MB": 21.8203125, "memory_reserved_MB": 74.0, "model_name": "GL_MLP_3l_512h"}