{"f1_macro": 0.8889562952691515, "f1_weighted": 0.9008146719713329, "precision_macro": 0.9238380119650254, "precision_weighted": 0.9080095035263647, "recall_macro": 0.8694784104492843, "recall_weighted": 0.9023255813953488, "accuracy": 0.9023255813953488, "class_scores": {"Swedes": 0.9044585987261147, "Norwegians": 0.9186602870813397, "Danes": 0.84375}, "skipped_nodes": 0, "memory_allocated_MB": 27.60302734375, "memory_reserved_MB": 112.0, "f1_macro_score_only_mask_connect": 0.7805555555555556, "f1_macro_score_only_not_mask_connect": 0.5857142857142857, "f1_macro_score_mixed_connect": 0.8945035315621409, "only_mask_connect_sum": 12.0, "only_not_mask_connect_sum": 8.0, "mixed_connect_sum": 195.0, "model_name": "GL_SAGEConv_3l_512h_de"}