{"f1_macro": 0.45049926127749607, "f1_weighted": 0.49771539075543075, "precision_macro": 0.4550345149686136, "precision_weighted": 0.499636025542224, "recall_macro": 0.448241152084087, "recall_weighted": 0.4983783783783784, "accuracy": 0.4983783783783784, "class_scores": {"Southern Russians": 0.5073746312684366, "Ukranians": 0.3050847457627119, "Northen Russians": 0.6524590163934426, "Belarusians": 0.33707865168539325}, "skipped_nodes": 0, "memory_allocated_MB": 342.69091796875, "memory_reserved_MB": 5592.0, "model_name": "GL_GATConv_9l_512h"}