{"f1_macro": 0.8856391982196629, "f1_weighted": 0.934835773259823, "precision_macro": 0.9239368633025349, "precision_weighted": 0.9384640962697489, "recall_macro": 0.8648159872607182, "recall_weighted": 0.9375886524822695, "accuracy": 0.9375886524822695, "class_scores": {"English": 0.9751351351351352, "Germans": 0.8653061224489796, "French": 0.7524752475247525, "Belgium": 0.9496402877697842}, "skipped_nodes": 64, "memory_allocated_MB": 38.54443359375, "memory_reserved_MB": 198.0, "f1_macro_score_only_mask_connect": 0.7816224930064956, "f1_macro_score_only_not_mask_connect": 1.0, "f1_macro_score_mixed_connect": 0.9555054353577737, "only_mask_connect_sum": 170.0, "only_not_mask_connect_sum": 35.0, "mixed_connect_sum": 500.0, "model_name": "GL_TAGConv_3l_512h_w_k3_gnorm"}