{"f1_macro": 0.8687101473016932, "f1_weighted": 0.9233089350208914, "precision_macro": 0.8927115285029814, "precision_weighted": 0.9245835998991259, "recall_macro": 0.849851957171998, "recall_weighted": 0.9258202567760342, "accuracy": 0.9258202567760342, "class_scores": {"English": 0.966986155484558, "Germans": 0.8584905660377359, "French": 0.7333333333333333, "Belgium": 0.916030534351145}, "skipped_nodes": 68, "memory_allocated_MB": 37.78125, "memory_reserved_MB": 200.0, "model_name": "GL_TAGConv_3l_512h_w_k3"}