{"f1_macro": 0.5046856174006917, "f1_weighted": 0.6057157777388517, "accuracy": 0.5521472392638037, "class_scores": {"P0": 0.6428571428571429, "P1": 0.621301775147929, "P2": 0.6024096385542169, "P3": 0.15217391304347827}, "skipped_nodes": 0, "model_name": "MaxEdgeCountPerClassSize"}