{"f1_macro": 0.7108593534125449, "f1_weighted": 0.949721561560747, "accuracy": 0.9631901840490797, "class_scores": {"Udmurts,Besermyan": 0.9090909090909091, "Tatars,Volga-Tatars,Mishar-Tatars,Kryashens": 0.9914893617021276, "Chuvash": 0.9428571428571428, "Mari": 0.0}, "skipped_nodes": 0, "model_name": "GL_MLP_3l_128h"}