{"f1_macro": 0.902384699737556, "f1_weighted": 0.9551566246041684, "accuracy": 0.9565217391304348, "class_scores": {"English": 0.9790382244143033, "Germans": 0.865979381443299, "French": 0.8461538461538461, "Belgium": 0.9183673469387755}, "skipped_nodes": 240, "model_name": "GL_GCNConv_3l_128h_w"}