{"f1_macro": 0.6927047196941353, "f1_weighted": 0.7533093050215184, "precision_macro": 0.6910908533782748, "precision_weighted": 0.8988900283015054, "recall_macro": 0.9002145922746781, "recall_weighted": 0.7147239263803681, "accuracy": 0.7147239263803681, "class_scores": {"P0": 1.0, "P1": 0.7506702412868632, "P2": 0.7630057803468208, "P3": 0.2571428571428571}, "skipped_nodes": 0, "model_name": "MaxEdgeCountPerClassSize"}