{"f1_macro": 0.575421367508061, "f1_weighted": 0.7373793625184059, "precision_macro": 0.5973958333333333, "precision_weighted": 0.7786398467432951, "recall_macro": 0.6467013888888888, "recall_weighted": 0.7241379310344828, "accuracy": 0.7241379310344828, "class_scores": {"Chechens": 0.7741935483870968, "Kabardians, Circassians, Adyghes": 0.7567567567567568, "Karachays, Balkars": 0.7777777777777778, "Ingush": 0.625, "Dagestan peoples": 0.8125, "Ossetians": 0.5714285714285714, "Kumyks": 0.2857142857142857, "Nogais": 0.0}, "skipped_nodes": 31, "memory_allocated_MB": 22.53857421875, "memory_reserved_MB": 50.0, "model_name": "GL_GINConv_9l_128h"}