{"f1_macro": 0.5192769556305126, "f1_weighted": 0.6509190548966087, "precision_macro": 0.5138525094832849, "precision_weighted": 0.8089168258245533, "recall_macro": 0.6458299464603112, "recall_weighted": 0.6080246913580247, "accuracy": 0.6080246913580247, "class_scores": {"P0": 0.6842105263157895, "P1": 0.7049180327868853, "P2": 0.5177664974619289, "P3": 0.1702127659574468}, "skipped_nodes": 1, "model_name": "MaxIbdSumPerClassSize"}