{"f1_macro": 0.46961465894225013, "f1_weighted": 0.5494642942322927, "precision_macro": 0.5431193036658921, "precision_weighted": 0.5661174004945098, "recall_macro": 0.4700800261951249, "recall_weighted": 0.5826666666666667, "accuracy": 0.5826666666666667, "class_scores": {"Northen Russians": 0.7107438016528925, "Ukranians": 0.20833333333333334, "Belarusians": 0.35668789808917195, "Southern Russians": 0.6026936026936027}, "skipped_nodes": 107, "memory_allocated_MB": 20.7265625, "memory_reserved_MB": 78.0, "model_name": "GL_SAGEConv_9l_128h"}