{"f1_macro": 0.4748434326601573, "f1_weighted": 0.5349460430694882, "precision_macro": 0.5174680387863663, "precision_weighted": 0.5414583331275816, "recall_macro": 0.4724745452746649, "recall_weighted": 0.5589189189189189, "accuracy": 0.5589189189189189, "class_scores": {"Southern Russians": 0.5940054495912807, "Ukranians": 0.270042194092827, "Northen Russians": 0.6875, "Belarusians": 0.34782608695652173}, "skipped_nodes": 0, "memory_allocated_MB": 27.27880859375, "memory_reserved_MB": 110.0, "f1_macro_score_only_mask_connect": 0.34705882352941175, "f1_macro_score_only_not_mask_connect": 1.0, "f1_macro_score_mixed_connect": 0.46796703227772296, "only_mask_connect_sum": 16.0, "only_not_mask_connect_sum": 2.0, "mixed_connect_sum": 907.0, "model_name": "GL_SAGEConv_3l_128h_de"}