{"f1_macro": 0.9031283795569509, "f1_weighted": 0.9255016732990156, "accuracy": 0.9255813953488372, "class_scores": {"P0": 0.9115646258503401, "P1": 0.9711538461538461, "P2": 0.8266666666666667}, "skipped_nodes": 0, "model_name": "GL_MLP_3l_512h"}