{"f1_macro": 0.30651559786787386, "f1_weighted": 0.4190288884168019, "precision_macro": 0.27565683190204915, "precision_weighted": 0.3767562567690946, "recall_macro": 0.3699844283705043, "recall_weighted": 0.5059588299024919, "accuracy": 0.5059588299024919, "class_scores": {"Southern Russians": 0.5540106951871657, "Ukranians": 0.0, "Northen Russians": 0.6720516962843296, "Belarusians": 0.0}, "skipped_nodes": 2, "memory_allocated_MB": 22.84619140625, "memory_reserved_MB": 86.0, "f1_macro_score_only_mask_connect": 0.21875, "f1_macro_score_only_not_mask_connect": 0.17094017094017094, "f1_macro_score_mixed_connect": 0.3112513594446017, "only_mask_connect_sum": 14.0, "only_not_mask_connect_sum": 29.0, "mixed_connect_sum": 880.0, "model_name": "GL_GCNConv_9l_128h_w"}