{"f1_macro": 0.5359672385038432, "f1_weighted": 0.5889309163901415, "precision_macro": 0.5721010201797904, "precision_weighted": 0.5965239819624915, "recall_macro": 0.5274371737328213, "recall_weighted": 0.6032432432432432, "accuracy": 0.6032432432432432, "class_scores": {"Southern Russians": 0.6317241379310344, "Ukranians": 0.4112903225806452, "Northen Russians": 0.7253086419753086, "Belarusians": 0.37554585152838427}, "skipped_nodes": 0, "memory_allocated_MB": 47.22216796875, "memory_reserved_MB": 192.0, "model_name": "GL_GINConv_3l_512h"}