{"f1_macro": 0.9607167906951527, "f1_weighted": 0.9677876973413828, "precision_macro": 0.9535087719298246, "precision_weighted": 0.9690208078335374, "recall_macro": 0.969157118283332, "recall_weighted": 0.9674418604651163, "accuracy": 0.9674418604651163, "class_scores": {"Swedes": 0.9668874172185431, "Norwegians": 0.9801980198019802, "Danes": 0.935064935064935}, "skipped_nodes": 0, "memory_allocated_MB": 88.79248046875, "memory_reserved_MB": 188.0, "f1_macro_score_only_mask_connect": -100.0, "f1_macro_score_only_not_mask_connect": -100.0, "f1_macro_score_mixed_connect": -100.0, "only_mask_connect_sum": -100.0, "only_not_mask_connect_sum": -100.0, "mixed_connect_sum": -100.0, "model_name": "GL_SAGEConv_9l_512h"}