{"f1_macro": 0.05785123966942149, "f1_weighted": 0.16539066065000252, "precision_macro": 0.08076923076923077, "precision_weighted": 0.23091080698442665, "recall_macro": 0.045064377682403435, "recall_weighted": 0.12883435582822086, "accuracy": 0.12883435582822086, "class_scores": {"P0": 0.0, "P1": 0.23140495867768596, "P2": 0.0, "P3": 0.0}, "skipped_nodes": 0, "model_name": "MaxEdgeCount"}