{"f1_macro": 0.8437656538354444, "f1_weighted": 0.8769968244372136, "precision_macro": 0.8955946336095941, "precision_weighted": 0.8872252271257011, "recall_macro": 0.8190830636461705, "recall_weighted": 0.883177570093458, "accuracy": 0.883177570093458, "class_scores": {"Swedes": 0.9054054054054054, "Norwegians": 0.9140271493212669, "Danes": 0.711864406779661}, "skipped_nodes": 1, "memory_allocated_MB": 101.50439453125, "memory_reserved_MB": 202.0, "model_name": "GL_GINConv_9l_512h"}