{"f1_macro": 0.9421768677083548, "f1_weighted": 0.9531197215211009, "accuracy": 0.9534883720930233, "class_scores": {"P0": 0.954248366013072, "P1": 0.970873786407767, "P2": 0.9014084507042254}, "skipped_nodes": 0, "model_name": "GL_TAGConv_3l_512h_w_k3"}