{"f1_macro": 0.5444029693102471, "f1_weighted": 0.6065960796337478, "precision_macro": 0.5691838307839787, "precision_weighted": 0.6067496154280616, "recall_macro": 0.5532184642415046, "recall_weighted": 0.6324324324324324, "accuracy": 0.6324324324324324, "class_scores": {"Southern Russians": 0.655367231638418, "Ukranians": 0.22119815668202766, "Northen Russians": 0.7915407854984894, "Belarusians": 0.5095057034220533}, "skipped_nodes": 0, "memory_allocated_MB": 90.5244140625, "memory_reserved_MB": 402.0, "model_name": "GL_SAGEConv_9l_512h"}