{"f1_macro": 0.12547169811320755, "f1_weighted": 0.22680865840953812, "precision_macro": 0.35144927536231885, "precision_weighted": 0.34524762158797906, "recall_macro": 0.08786361468764903, "recall_weighted": 0.17791411042944785, "accuracy": 0.17791411042944785, "class_scores": {"P0": 0.2, "P1": 0.3018867924528302, "P2": 0.0, "P3": 0.0}, "skipped_nodes": 0, "model_name": "MaxIbdSum"}