{"f1_macro": 0.8546196811965335, "f1_weighted": 0.8653506976162549, "precision_macro": 0.8645465978799312, "precision_weighted": 0.8674061708544467, "recall_macro": 0.8478089866083419, "recall_weighted": 0.8669950738916257, "accuracy": 0.8669950738916257, "class_scores": {"Swedes": 0.8260869565217391, "Norwegians": 0.9014084507042254, "Danes": 0.8363636363636363}, "skipped_nodes": 12, "memory_allocated_MB": 101.80615234375, "memory_reserved_MB": 146.0, "f1_macro_score_only_mask_connect": NaN, "f1_macro_score_only_not_mask_connect": 0.8546196811965335, "f1_macro_score_mixed_connect": NaN, "only_mask_connect_sum": 0.0, "only_not_mask_connect_sum": 203.0, "mixed_connect_sum": 0.0, "model_name": "GL_GINConv_9l_512h"}