{"f1_macro": 0.8973002159827214, "f1_weighted": 0.9695822125640993, "precision_macro": 0.8938405797101449, "precision_weighted": 0.9700853560949587, "recall_macro": 0.9010111848094681, "recall_weighted": 0.9693251533742331, "accuracy": 0.9693251533742331, "class_scores": {"P0": 1.0, "P1": 0.9892008639308856, "P2": 0.9333333333333333, "P3": 0.6666666666666666}, "skipped_nodes": 0, "memory_allocated_MB": 40.24560546875, "memory_reserved_MB": 142.0, "model_name": "GL_TAGConv_3l_512h_w_k3_gnorm"}