{"f1_macro": 0.554138112881719, "f1_weighted": 0.6572040939575164, "precision_macro": 0.5280467252149175, "precision_weighted": 0.7901923191194964, "recall_macro": 0.7366872521514153, "recall_weighted": 0.6274509803921569, "accuracy": 0.6274509803921569, "class_scores": {"Udmurts,Besermyan": 0.6111111111111112, "Tatars,Volga-Tatars,Mishar-Tatars,Kryashens": 0.6985294117647058, "Chuvash": 0.6025641025641025, "Mari": 0.30434782608695654}, "skipped_nodes": 71, "model_name": "MaxEdgeCountPerClassSize"}