{"f1_macro": 0.8177083266835794, "f1_weighted": 0.9347633891577453, "precision_macro": 0.778754180988366, "precision_weighted": 0.9447723037937599, "recall_macro": 0.8865044973057143, "recall_weighted": 0.9290123456790124, "accuracy": 0.9290123456790124, "class_scores": {"Udmurts,Besermyan": 0.8888888888888888, "Tatars,Volga-Tatars,Mishar-Tatars,Kryashens": 0.9713024282560706, "Chuvash": 0.8721804511278195, "Mari": 0.5384615384615384}, "skipped_nodes": 2, "memory_allocated_MB": 21.97509765625, "memory_reserved_MB": 50.0, "model_name": "GL_MLP_3l_512h"}