{"f1_macro": 0.128891569501499, "f1_weighted": 0.17651702431459504, "precision_macro": 0.21050488599348532, "precision_weighted": 0.2888170919780774, "recall_macro": 0.2499975042926167, "recall_weighted": 0.3423618634886241, "accuracy": 0.3423618634886241, "class_scores": {"Southern Russians": 0.006269592476489028, "Ukranians": 0.0, "Northen Russians": 0.5092966855295069, "Belarusians": 0.0}, "skipped_nodes": 2, "memory_allocated_MB": 21.0869140625, "memory_reserved_MB": 88.0, "model_name": "GL_GCNConv_9l_128h_w"}