{"f1_macro": 0.6193521902643149, "f1_weighted": 0.7509516328607051, "precision_macro": 0.8766472868217056, "precision_weighted": 0.837601950843161, "recall_macro": 0.6472570363832499, "recall_weighted": 0.8056872037914692, "accuracy": 0.8056872037914692, "class_scores": {"Swedes": 0.8903225806451613, "Norwegians": 0.853448275862069, "Danes": 0.11428571428571428}, "skipped_nodes": 4, "memory_allocated_MB": 21.7958984375, "memory_reserved_MB": 56.0, "model_name": "GL_GINConv_9l_128h"}