{"f1_macro": 0.7036666972038151, "f1_weighted": 0.7922752245167859, "precision_macro": 0.7494553376906318, "precision_weighted": 0.7970139082489236, "recall_macro": 0.692505638913406, "recall_weighted": 0.8104265402843602, "accuracy": 0.8104265402843602, "class_scores": {"Swedes": 0.8951048951048951, "Norwegians": 0.8558951965065502, "Danes": 0.36}, "skipped_nodes": 4, "memory_allocated_MB": 21.8291015625, "memory_reserved_MB": 58.0, "model_name": "GL_GINConv_9l_128h"}