{"f1_macro": 0.7067774538945634, "f1_weighted": 0.7169179110403088, "precision_macro": 0.7083467756519404, "precision_weighted": 0.7169026517832301, "recall_macro": 0.7071047091876286, "recall_weighted": 0.7186147186147186, "accuracy": 0.7186147186147186, "class_scores": {"P0": 0.7272727272727273, "P1": 0.6306306306306306, "P2": 0.8605108055009824, "P3": 0.6086956521739131}, "skipped_nodes": 0, "memory_allocated_MB": 0.00048828125, "memory_reserved_MB": 52.0, "f1_macro_score_only_mask_connect": -100.0, "f1_macro_score_only_not_mask_connect": -100.0, "f1_macro_score_mixed_connect": -100.0, "only_mask_connect_sum": -100.0, "only_not_mask_connect_sum": -100.0, "mixed_connect_sum": -100.0, "model_name": "GL_LR"}