{"f1_macro": 0.3745507621035323, "f1_weighted": 0.16943938984768603, "precision_macro": 0.5714550338056867, "precision_weighted": 0.8189135700612132, "recall_macro": 0.5870561841591884, "recall_weighted": 0.22699386503067484, "accuracy": 0.22699386503067484, "class_scores": {"P0": 1.0, "P1": 0.058333333333333334, "P2": 0.3453815261044177, "P3": 0.09448818897637795}, "skipped_nodes": 0, "model_name": "MaxEdgeCountPerClassSize"}