{"f1_macro": 0.5164757678546368, "f1_weighted": 0.581586268454833, "precision_macro": 0.5346291939443535, "precision_weighted": 0.5760645050354944, "recall_macro": 0.5145856495006322, "recall_weighted": 0.5987730061349693, "accuracy": 0.5987730061349693, "class_scores": {"Ukranians": 0.23655913978494625, "Southern Russians": 0.6470588235294118, "Northen Russians": 0.6988727858293076, "Belarusians": 0.4834123222748815}, "skipped_nodes": 68, "memory_allocated_MB": 36.68505859375, "memory_reserved_MB": 208.0, "model_name": "GL_TAGConv_3l_512h_nw_k3_gnorm"}