{"f1_macro": 0.170362181797163, "f1_weighted": 0.23887751143037805, "accuracy": 0.297153024911032, "class_scores": {"krasnodar": 0.3309002433090024, "yaroslavl": 0.0, "ryazan": 0.40979955456570155, "kaluga": 0.1111111111111111, "vologda": 0.0}, "skipped_nodes": 14, "model_name": "GL_SAGEConv_9l_128h"}