{"f1_macro": 0.2450892857142857, "f1_weighted": 0.05544478527607362, "precision_macro": 0.25158227848101267, "precision_weighted": 0.056496078279102274, "recall_macro": 0.2398989898989899, "recall_weighted": 0.05521472392638037, "accuracy": 0.05521472392638037, "class_scores": {"P0": 0.9714285714285714, "P1": 0.0, "P2": 0.008928571428571428, "P3": 0.0}, "skipped_nodes": 0, "model_name": "MaxIbdSumPerClassSize"}