{"f1_macro": 0.6872342375366569, "f1_weighted": 0.9303709842337885, "accuracy": 0.9447852760736196, "class_scores": {"P0": 0.8387096774193549, "P1": 0.9708333333333333, "P2": 0.9393939393939394, "P3": 0.0}, "skipped_nodes": 0, "model_name": "MaxEdgeCount"}