{"f1_macro": 0.41712671866987644, "f1_weighted": 0.4839473705307309, "precision_macro": 0.48872528260315984, "precision_weighted": 0.5066383830564277, "recall_macro": 0.4268601705767351, "recall_weighted": 0.5214521452145214, "accuracy": 0.5214521452145214, "class_scores": {"Southern Russians": 0.5576102418207681, "Ukranians": 0.17204301075268819, "Northen Russians": 0.6407766990291263, "Belarusians": 0.2980769230769231}, "skipped_nodes": 16, "memory_allocated_MB": 27.3740234375, "memory_reserved_MB": 56.0, "f1_macro_score_only_mask_connect": NaN, "f1_macro_score_only_not_mask_connect": 0.41712671866987644, "f1_macro_score_mixed_connect": NaN, "only_mask_connect_sum": 0.0, "only_not_mask_connect_sum": 909.0, "mixed_connect_sum": 0.0, "model_name": "GL_SAGEConv_3l_512h_de"}