{"f1_macro": 0.5401189973013408, "f1_weighted": 0.587803166356248, "precision_macro": 0.5394302324836436, "precision_weighted": 0.596332245212529, "recall_macro": 0.5482369434790301, "recall_weighted": 0.5850487540628385, "accuracy": 0.5850487540628385, "class_scores": {"Southern Russians": 0.6078098471986417, "Ukranians": 0.37748344370860926, "Northen Russians": 0.7335423197492164, "Belarusians": 0.4416403785488959}, "skipped_nodes": 2, "model_name": "MaxIbdSumPerClassSize"}