{"f1_macro": 0.4343335863369674, "f1_weighted": 0.49712244346049633, "precision_macro": 0.46747417317502116, "precision_weighted": 0.4989142503314599, "recall_macro": 0.4423697297457062, "recall_weighted": 0.5308775731310943, "accuracy": 0.5308775731310943, "class_scores": {"Southern Russians": 0.49523809523809526, "Ukranians": 0.2796610169491525, "Northen Russians": 0.7124352331606217, "Belarusians": 0.25}, "skipped_nodes": 2, "memory_allocated_MB": 17.66357421875, "memory_reserved_MB": 154.0, "model_name": "GL_GCNConv_3l_128h_w"}