{"f1_macro": 0.4990432313334035, "f1_weighted": 0.7377514750132089, "accuracy": 0.780952380952381, "class_scores": {"Chechens": 0.75, "Kabardians, Circassians, Adyghes": 0.8571428571428571, "Karachays, Balkars": 0.918918918918919, "Ingush": 0.0, "Dagestan peoples": 0.8780487804878049, "Ossetians": 0.5882352941176471, "Kumyks": 0.0, "Nogais": 0.0}, "skipped_nodes": 13, "model_name": "GL_GCNConv_9l_512h_w"}