{"f1_macro": 0.462901951556911, "f1_weighted": 0.5263452893276976, "precision_macro": 0.5071500111709992, "precision_weighted": 0.53751093387587, "recall_macro": 0.47191293661469436, "recall_weighted": 0.5556756756756757, "accuracy": 0.5556756756756757, "class_scores": {"Southern Russians": 0.5828402366863905, "Ukranians": 0.21568627450980393, "Northen Russians": 0.697350069735007, "Belarusians": 0.3557312252964427}, "skipped_nodes": 0, "memory_allocated_MB": 28.81396484375, "memory_reserved_MB": 184.0, "f1_macro_score_only_mask_connect": 0.29464285714285715, "f1_macro_score_only_not_mask_connect": 1.0, "f1_macro_score_mixed_connect": 0.46215042688565644, "only_mask_connect_sum": 16.0, "only_not_mask_connect_sum": 1.0, "mixed_connect_sum": 908.0, "model_name": "GL_TAGConv_3l_128h_w_k3"}