{"f1_macro": 0.8067624394211624, "f1_weighted": 0.8917829730537533, "precision_macro": 0.873888821290932, "precision_weighted": 0.9026884461370026, "recall_macro": 0.7849831984224052, "recall_weighted": 0.8994490358126722, "accuracy": 0.8994490358126722, "class_scores": {"English": 0.967948717948718, "Germans": 0.7942238267148014, "French": 0.5825242718446602, "Belgium": 0.8823529411764706}, "skipped_nodes": 43, "memory_allocated_MB": 26.9228515625, "memory_reserved_MB": 110.0, "f1_macro_score_only_mask_connect": 0.6218630620357272, "f1_macro_score_only_not_mask_connect": 1.0, "f1_macro_score_mixed_connect": 0.9393616796808474, "only_mask_connect_sum": 191.0, "only_not_mask_connect_sum": 26.0, "mixed_connect_sum": 509.0, "model_name": "GL_SAGEConv_3l_512h_de"}