{"f1_macro": 0.8637137533697101, "f1_weighted": 0.92762205700745, "precision_macro": 0.8764897113274894, "precision_weighted": 0.9272837488389728, "recall_macro": 0.852565941500329, "recall_weighted": 0.9292035398230089, "accuracy": 0.9292035398230089, "class_scores": {"English": 0.975929978118162, "Germans": 0.8217821782178217, "French": 0.7238095238095238, "Belgium": 0.9333333333333333}, "skipped_nodes": 91, "memory_allocated_MB": 37.666015625, "memory_reserved_MB": 146.0, "f1_macro_score_only_mask_connect": 0.7572406642559681, "f1_macro_score_only_not_mask_connect": 0.8574439830898566, "f1_macro_score_mixed_connect": 0.9198071173493381, "only_mask_connect_sum": 143.0, "only_not_mask_connect_sum": 71.0, "mixed_connect_sum": 464.0, "model_name": "GL_TAGConv_3l_512h_w_k3_gnorm"}