{"f1_macro": 0.5331491554591061, "f1_weighted": 0.6108108503540859, "accuracy": 0.575, "class_scores": {"Udmurts,Besermyan": 0.7058823529411765, "Tatars,Volga-Tatars,Mishar-Tatars,Kryashens": 0.6527196652719666, "Chuvash": 0.5414364640883977, "Mari": 0.23255813953488372}, "skipped_nodes": 86, "model_name": "MaxIbdSumPerClassSize"}