{"f1_macro": 0.28900941997590174, "f1_weighted": 0.3395743253903637, "accuracy": 0.3975694444444444, "class_scores": {"krasnodar": 0.44742729306487694, "yaroslavl": 0.07692307692307693, "ryazan": 0.4821002386634845, "kaluga": 0.0, "vologda": 0.43859649122807015}, "skipped_nodes": 0, "model_name": "GL_TAGConv_3l_512h_w_k3"}