{"f1_macro": 0.6352885742294737, "f1_weighted": 0.7363364651808896, "accuracy": 0.7280701754385965, "class_scores": {"P0": 0.7777777777777778, "P1": 0.8250825082508251, "P2": 0.5172413793103449, "P3": 0.42105263157894735}, "skipped_nodes": 49, "model_name": "LongestIbd"}