{"f1_macro": 0.6373282337353953, "f1_weighted": 0.6835430969171501, "precision_macro": 0.6475428388831933, "precision_weighted": 0.8736837694378107, "recall_macro": 0.8581740148263753, "recall_weighted": 0.6411042944785276, "accuracy": 0.6411042944785276, "class_scores": {"P0": 0.972972972972973, "P1": 0.6873239436619718, "P2": 0.6521739130434783, "P3": 0.23684210526315788}, "skipped_nodes": 0, "model_name": "MaxIbdSumPerClassSize"}