{"f1_macro": 0.47939948713723635, "f1_weighted": 0.5348895765651167, "precision_macro": 0.4771833115674725, "precision_weighted": 0.5413760645829903, "recall_macro": 0.4870292635980546, "recall_weighted": 0.533498759305211, "accuracy": 0.533498759305211, "class_scores": {"Ukranians": 0.2926829268292683, "Southern Russians": 0.5423728813559322, "Northen Russians": 0.6872852233676976, "Belarusians": 0.3952569169960474}, "skipped_nodes": 77, "memory_allocated_MB": 21.19482421875, "memory_reserved_MB": 80.0, "model_name": "GL_SAGEConv_9l_128h"}