{"f1_macro": 0.8683841414899179, "f1_weighted": 0.9717894615873713, "precision_macro": 0.8534798534798536, "precision_weighted": 0.975493831322052, "recall_macro": 0.8928664325660034, "recall_weighted": 0.9693251533742331, "accuracy": 0.9693251533742331, "class_scores": {"Udmurts,Besermyan": 1.0, "Tatars,Volga-Tatars,Mishar-Tatars,Kryashens": 0.9978494623655914, "Chuvash": 0.9302325581395349, "Mari": 0.5454545454545454}, "skipped_nodes": 0, "memory_allocated_MB": 22.63818359375, "memory_reserved_MB": 732.0, "model_name": "GL_GATConv_3l_128h"}