{"f1_macro": 0.971048319044749, "f1_weighted": 0.9822803612690405, "precision_macro": 0.9701769536596494, "precision_weighted": 0.9825164560269103, "recall_macro": 0.9723983872725291, "recall_weighted": 0.98224043715847, "accuracy": 0.98224043715847, "class_scores": {"P0": 0.9934640522875817, "P1": 0.9626865671641791, "P2": 0.9635036496350365, "P3": 0.9645390070921985}, "skipped_nodes": 30, "memory_allocated_MB": 42.10546875, "memory_reserved_MB": 156.0, "model_name": "GL_GINConv_3l_512h"}