{"f1_macro": 0.19596969952086707, "f1_weighted": 0.24319734336096233, "accuracy": 0.2682926829268293, "class_scores": {"krasnodar": 0.24742268041237114, "yaroslavl": 0.08080808080808081, "ryazan": 0.40979955456570155, "kaluga": 0.18181818181818182, "vologda": 0.06}, "skipped_nodes": 2, "model_name": "GL_SAGEConv_3l_128h"}