{"f1_macro": 0.5903108666904557, "f1_weighted": 0.6747007365800685, "precision_macro": 0.5799705758722152, "precision_weighted": 0.8599401202237368, "recall_macro": 0.8026184592708198, "recall_weighted": 0.6349693251533742, "accuracy": 0.6349693251533742, "class_scores": {"P0": 0.8181818181818182, "P1": 0.6873239436619718, "P2": 0.6557377049180327, "P3": 0.2}, "skipped_nodes": 0, "model_name": "MaxIbdSumPerClassSize"}