{"f1_macro": 0.8412473665490163, "f1_weighted": 0.9629877698432242, "precision_macro": 0.8425076116063241, "precision_weighted": 0.9629271909998222, "recall_macro": 0.840016544757924, "recall_weighted": 0.963076923076923, "accuracy": 0.963076923076923, "class_scores": {"Udmurts,Besermyan": 1.0, "Tatars,Volga-Tatars,Mishar-Tatars,Kryashens": 0.989247311827957, "Chuvash": 0.9312977099236641, "Mari": 0.4444444444444444}, "skipped_nodes": 1, "memory_allocated_MB": 0.00048828125, "memory_reserved_MB": 2.0, "f1_macro_score_only_mask_connect": NaN, "f1_macro_score_only_not_mask_connect": 0.8412473665490163, "f1_macro_score_mixed_connect": NaN, "only_mask_connect_sum": 0.0, "only_not_mask_connect_sum": 325.0, "mixed_connect_sum": 0.0, "model_name": "GL_LR"}