{"f1_macro": 0.4166449113162768, "f1_weighted": 0.5015014227317162, "precision_macro": 0.537428888718817, "precision_weighted": 0.5505315526164605, "recall_macro": 0.44350489996828996, "recall_weighted": 0.5627705627705628, "accuracy": 0.5627705627705628, "class_scores": {"Southern Russians": 0.6034682080924856, "Ukranians": 0.024390243902439025, "Northen Russians": 0.7091757387247278, "Belarusians": 0.32954545454545453}, "skipped_nodes": 1, "memory_allocated_MB": 100.66015625, "memory_reserved_MB": 3684.0, "model_name": "GL_GATConv_3l_512h"}