{"f1_macro": 0.6119113974501615, "f1_weighted": 0.7752269153283501, "precision_macro": 0.6618421052631579, "precision_weighted": 0.775115306694254, "recall_macro": 0.6132543103448276, "recall_weighted": 0.8108108108108109, "accuracy": 0.8108108108108109, "class_scores": {"Chechens": 0.7058823529411765, "Kabardians, Circassians, Adyghes": 0.9152542372881356, "Karachays, Balkars": 0.9444444444444444, "Ingush": 0.0, "Dagestan peoples": 0.9130434782608695, "Ossetians": 0.75, "Kumyks": 0.0, "Nogais": 0.6666666666666666}, "skipped_nodes": 7, "memory_allocated_MB": 25.1884765625, "memory_reserved_MB": 68.0, "model_name": "GL_TAGConv_9l_128h_w_k3"}