{"f1_macro": 0.9828150431288711, "f1_weighted": 0.9860377628070367, "accuracy": 0.986046511627907, "class_scores": {"Swedes": 0.9795918367346939, "Norwegians": 0.9951690821256038, "Danes": 0.9736842105263158}, "skipped_nodes": 0, "model_name": "GL_TAGConv_9l_512h_w_k3"}