{"f1_macro": 0.7102433241285584, "f1_weighted": 0.7931190236255584, "precision_macro": 0.9000743218134523, "precision_weighted": 0.8597880243254238, "recall_macro": 0.6896969696969698, "recall_weighted": 0.8199052132701422, "accuracy": 0.8199052132701422, "class_scores": {"Swedes": 0.8857142857142857, "Norwegians": 0.8547717842323651, "Danes": 0.3902439024390244}, "skipped_nodes": 4, "memory_allocated_MB": 101.78173828125, "memory_reserved_MB": 168.0, "model_name": "GL_GINConv_9l_512h"}