{"f1_macro": 0.9261107439230374, "f1_weighted": 0.935416168259542, "precision_macro": 0.9118773946360154, "precision_weighted": 0.948064311402581, "recall_macro": 0.9496900333810204, "recall_weighted": 0.9325153374233128, "accuracy": 0.9325153374233128, "class_scores": {"P0": 1.0, "P1": 0.952808988764045, "P2": 0.8627450980392157, "P3": 0.8888888888888888}, "skipped_nodes": 0, "model_name": "LongestIbd"}