{"f1_macro": 0.5560931032629146, "f1_weighted": 0.6943808763027719, "accuracy": 0.7674418604651163, "class_scores": {"P0": 0.8050314465408805, "P1": 0.8632478632478633, "P2": 0.0}, "skipped_nodes": 0, "model_name": "GL_GCNConv_3l_512h_w"}