{"f1_macro": 0.554918327408769, "f1_weighted": 0.6168464315213634, "precision_macro": 0.6856438467169678, "precision_weighted": 0.6698727108374599, "recall_macro": 0.547661008140625, "recall_weighted": 0.6518918918918919, "accuracy": 0.6518918918918919, "class_scores": {"Southern Russians": 0.6764314247669774, "Ukranians": 0.32038834951456313, "Northen Russians": 0.7784090909090909, "Belarusians": 0.4444444444444444}, "skipped_nodes": 0, "model_name": "MaxIbdSum"}