{"f1_macro": 0.6280852475145953, "f1_weighted": 0.734222815956175, "precision_macro": 0.6239748677248678, "precision_weighted": 0.7426792152455869, "recall_macro": 0.653140756302521, "recall_weighted": 0.7433628318584071, "accuracy": 0.7433628318584071, "class_scores": {"Chechens": 0.625, "Kabardians, Circassians, Adyghes": 0.8, "Karachays, Balkars": 0.8648648648648649, "Ingush": 0.7142857142857143, "Dagestan peoples": 0.8260869565217391, "Ossetians": 0.4444444444444444, "Kumyks": 0.0, "Nogais": 0.75}, "skipped_nodes": 5, "memory_allocated_MB": 43.68115234375, "memory_reserved_MB": 212.0, "f1_macro_score_only_mask_connect": 0.3931972789115646, "f1_macro_score_only_not_mask_connect": 0.76, "f1_macro_score_mixed_connect": 0.6306193208990913, "only_mask_connect_sum": 24.0, "only_not_mask_connect_sum": 6.0, "mixed_connect_sum": 83.0, "model_name": "GL_GINConv_3l_512h"}