{"f1_macro": 0.2016716549247571, "f1_weighted": 0.24613092205357667, "accuracy": 0.2916666666666667, "class_scores": {"krasnodar": 0.40824742268041236, "yaroslavl": 0.13953488372093023, "ryazan": 0.28421052631578947, "kaluga": 0.06315789473684211, "vologda": 0.11320754716981132}, "skipped_nodes": 0, "model_name": "GL_GATConv_3l_512h"}