{"f1_macro": 0.4492612163260496, "f1_weighted": 0.5238264976204754, "precision_macro": 0.4599731911266913, "precision_weighted": 0.5180732074598852, "recall_macro": 0.44493816790394347, "recall_weighted": 0.5341074020319303, "accuracy": 0.5341074020319303, "class_scores": {"Northen Russians": 0.664323374340949, "Ukranians": 0.26666666666666666, "Belarusians": 0.33136094674556216, "Southern Russians": 0.5346938775510204}, "skipped_nodes": 121, "memory_allocated_MB": 18.89013671875, "memory_reserved_MB": 58.0, "model_name": "GL_GCNConv_9l_128h_w"}