{"f1_macro": 0.572444785646756, "f1_weighted": 0.6732171069438587, "precision_macro": 0.5408849066457763, "precision_weighted": 0.8225758811162538, "recall_macro": 0.779156454248366, "recall_weighted": 0.6462585034013606, "accuracy": 0.6462585034013606, "class_scores": {"Udmurts,Besermyan": 0.6530612244897959, "Tatars,Volga-Tatars,Mishar-Tatars,Kryashens": 0.7084639498432602, "Chuvash": 0.6171428571428571, "Mari": 0.3111111111111111}, "skipped_nodes": 32, "model_name": "MaxIbdSumPerClassSize"}