{"f1_macro": 0.4377358050710324, "f1_weighted": 0.4399538879744735, "precision_macro": 0.43699432588184794, "precision_weighted": 0.4391903726967831, "recall_macro": 0.4393364992521751, "recall_weighted": 0.44155844155844154, "accuracy": 0.44155844155844154, "class_scores": {"P0": 0.4624277456647399, "P1": 0.3476190476190476, "P2": 0.4969939879759519, "P3": 0.44390243902439025}, "skipped_nodes": 0, "model_name": "LongestIbd"}