{"f1_macro": 0.9318688003140074, "f1_weighted": 0.956706743821787, "accuracy": 0.9579242636746143, "class_scores": {"English": 0.9744136460554371, "Germans": 0.9523809523809523, "French": 0.859504132231405, "Belgium": 0.9411764705882353}, "skipped_nodes": 56, "model_name": "MaxIbdSum"}