{"f1_macro": 0.6144625095161431, "f1_weighted": 0.8377250431930329, "accuracy": 0.8712574850299402, "class_scores": {"English": 0.9771986970684039, "Germans": 0.6944444444444444, "French": 0.0, "Belgium": 0.7862068965517242}, "skipped_nodes": 101, "model_name": "GL_GATConv_9l_512h"}