{"f1_macro": 0.616191635850682, "f1_weighted": 0.7088813481779129, "precision_macro": 0.5950856717961981, "precision_weighted": 0.8652462818357556, "recall_macro": 0.8381334900731453, "recall_weighted": 0.6738461538461539, "accuracy": 0.6738461538461539, "class_scores": {"Udmurts,Besermyan": 0.7906976744186046, "Tatars,Volga-Tatars,Mishar-Tatars,Kryashens": 0.7197802197802198, "Chuvash": 0.711864406779661, "Mari": 0.24242424242424243}, "skipped_nodes": 1, "model_name": "MaxIbdSumPerClassSize"}