{"f1_macro": 0.6709288052373159, "f1_weighted": 0.7857417187954977, "precision_macro": 0.7142857142857143, "precision_weighted": 0.9434706397896582, "recall_macro": 0.6534334763948497, "recall_weighted": 0.696319018404908, "accuracy": 0.696319018404908, "class_scores": {"Udmurts,Besermyan": 1.0, "Tatars,Volga-Tatars,Mishar-Tatars,Kryashens": 0.7606382978723404, "Chuvash": 0.9230769230769231, "Mari": 0.0}, "skipped_nodes": 0, "memory_allocated_MB": 19.66845703125, "memory_reserved_MB": 112.0, "model_name": "GL_GCNConv_9l_128h_w"}