{"f1_macro": 0.5358280812324929, "f1_weighted": 0.7028259902091677, "accuracy": 0.7102803738317757, "class_scores": {"Chechens": 0.8571428571428571, "Kabardians, Circassians, Adyghes": 0.6666666666666666, "Karachays, Balkars": 0.8235294117647058, "Ingush": 0.6, "Dagestan peoples": 0.7142857142857143, "Ossetians": 0.625, "Kumyks": 0.0, "Nogais": 0.0}, "skipped_nodes": 11, "model_name": "GL_MLP_9l_512h"}