{"f1_macro": 0.013636363636363636, "f1_weighted": 0.038984941438929166, "precision_macro": 0.023195876288659795, "precision_weighted": 0.06631459110745684, "recall_macro": 0.009656652360515022, "recall_weighted": 0.027607361963190184, "accuracy": 0.027607361963190184, "class_scores": {"P0": 0.0, "P1": 0.05454545454545454, "P2": 0.0, "P3": 0.0}, "skipped_nodes": 0, "model_name": "MaxEdgeCount"}