{"f1_macro": 0.41438191031941035, "f1_weighted": 0.6526983635011158, "accuracy": 0.7339449541284404, "class_scores": {"Chechens": 0.72, "Kabardians, Circassians, Adyghes": 0.8125, "Karachays, Balkars": 0.918918918918919, "Ingush": 0.0, "Dagestan peoples": 0.8636363636363636, "Ossetians": 0.0, "Kumyks": 0.0, "Nogais": 0.0}, "skipped_nodes": 9, "model_name": "GL_GCNConv_9l_128h_w"}