{"f1_macro": 0.5741108188572099, "f1_weighted": 0.6191798460390427, "precision_macro": 0.5742001780466337, "precision_weighted": 0.6258143066466809, "recall_macro": 0.5766865390025397, "recall_weighted": 0.6147186147186147, "accuracy": 0.6147186147186147, "class_scores": {"Southern Russians": 0.6397415185783522, "Ukranians": 0.4514285714285714, "Northen Russians": 0.752442996742671, "Belarusians": 0.4528301886792453}, "skipped_nodes": 1, "memory_allocated_MB": 18.83203125, "memory_reserved_MB": 106.0, "model_name": "GL_SAGEConv_3l_128h"}