{"f1_macro": 0.32238562091503264, "f1_weighted": 0.41226402188782485, "accuracy": 0.4604651162790698, "class_scores": {"P0": 0.39215686274509803, "P1": 0.575, "P2": 0.0}, "skipped_nodes": 0, "model_name": "GL_TAGConv_3l_512h_w_k3"}