{"f1_macro": 0.5672487745098039, "f1_weighted": 0.701692636750962, "precision_macro": 0.5577342047930284, "precision_weighted": 0.6744853704721765, "recall_macro": 0.6044444444444445, "recall_weighted": 0.7663551401869159, "accuracy": 0.7663551401869159, "class_scores": {"Swedes": 0.8970588235294118, "Norwegians": 0.8046875, "Danes": 0.0}, "skipped_nodes": 1, "memory_allocated_MB": 337.31591796875, "memory_reserved_MB": 2178.0, "model_name": "GL_GATConv_9l_512h"}