{"f1_macro": 0.5334528737845383, "f1_weighted": 0.590391965829644, "precision_macro": 0.5298180531447043, "precision_weighted": 0.5961927834040806, "recall_macro": 0.541004671078852, "recall_weighted": 0.5885328836424958, "accuracy": 0.5885328836424958, "class_scores": {"Northen Russians": 0.723404255319149, "Ukranians": 0.3411764705882353, "Belarusians": 0.5, "Southern Russians": 0.5692307692307692}, "skipped_nodes": 145, "memory_allocated_MB": 41.8046875, "memory_reserved_MB": 144.0, "model_name": "GL_GINConv_3l_512h"}