{"f1_macro": 0.23116885449045615, "f1_weighted": 0.3143677168641667, "precision_macro": 0.2212193387307481, "precision_weighted": 0.2837386667298486, "recall_macro": 0.28193507167671605, "recall_weighted": 0.3848648648648649, "accuracy": 0.3848648648648649, "class_scores": {"Southern Russians": 0.48492159227985526, "Ukranians": 0.011976047904191617, "Northen Russians": 0.42777777777777776, "Belarusians": 0.0}, "skipped_nodes": 0, "memory_allocated_MB": 26.00439453125, "memory_reserved_MB": 1084.0, "f1_macro_score_only_mask_connect": -100.0, "f1_macro_score_only_not_mask_connect": -100.0, "f1_macro_score_mixed_connect": -100.0, "only_mask_connect_sum": -100.0, "only_not_mask_connect_sum": -100.0, "mixed_connect_sum": -100.0, "model_name": "GL_GATConv_3l_128h"}