{"f1_macro": 0.6538609602578912, "f1_weighted": 0.8541798297726871, "accuracy": 0.875605815831987, "class_scores": {"English": 0.9560315670800451, "Germans": 0.6875, "French": 0.08695652173913043, "Belgium": 0.8849557522123894}, "skipped_nodes": 150, "model_name": "GL_GINConv_9l_512h"}