{"f1_macro": 0.9154882727650069, "f1_weighted": 0.9429824820377639, "accuracy": 0.9450704225352112, "class_scores": {"English": 0.970276008492569, "Germans": 0.8793103448275862, "French": 0.8571428571428571, "Belgium": 0.9552238805970149}, "skipped_nodes": 59, "model_name": "GL_GCNConv_3l_128h_w"}