{"f1_macro": 0.5733558108558109, "f1_weighted": 0.539025034270433, "precision_macro": 0.6322727272727273, "precision_weighted": 0.8560736196319018, "recall_macro": 0.8234003121342177, "recall_weighted": 0.5184049079754601, "accuracy": 0.5184049079754601, "class_scores": {"P0": 1.0, "P1": 0.5064102564102564, "P2": 0.5727272727272728, "P3": 0.21428571428571427}, "skipped_nodes": 0, "model_name": "MaxIbdSumPerClassSize"}