{"f1_macro": 0.5523646428332387, "f1_weighted": 0.6496681006599517, "precision_macro": 0.5531109455119336, "precision_weighted": 0.8464108976188126, "recall_macro": 0.7579225733732171, "recall_weighted": 0.598159509202454, "accuracy": 0.598159509202454, "class_scores": {"P0": 0.7555555555555555, "P1": 0.6704545454545454, "P2": 0.6127167630057804, "P3": 0.17073170731707318}, "skipped_nodes": 0, "model_name": "MaxIbdSumPerClassSize"}