{"f1_macro": 0.5070578890979038, "f1_weighted": 0.5462946933487625, "precision_macro": 0.5037283073183221, "precision_weighted": 0.5586268125291571, "recall_macro": 0.5170614045003676, "recall_weighted": 0.5392731535756154, "accuracy": 0.5392731535756154, "class_scores": {"Ukranians": 0.36551724137931035, "Southern Russians": 0.5460869565217391, "Northen Russians": 0.65625, "Belarusians": 0.46037735849056605}, "skipped_nodes": 52, "memory_allocated_MB": 41.9990234375, "memory_reserved_MB": 156.0, "model_name": "GL_GINConv_3l_512h"}