{"f1_macro": 0.7730738705738706, "f1_weighted": 0.834565678507539, "precision_macro": 0.8996360915552835, "precision_weighted": 0.8734419601227212, "recall_macro": 0.7550890696521765, "recall_weighted": 0.8558139534883721, "accuracy": 0.8558139534883721, "class_scores": {"Swedes": 0.8974358974358975, "Norwegians": 0.9017857142857143, "Danes": 0.52}, "skipped_nodes": 0, "memory_allocated_MB": 18.7822265625, "memory_reserved_MB": 50.0, "f1_macro_score_only_mask_connect": 0.25925925925925924, "f1_macro_score_only_not_mask_connect": 0.48888888888888893, "f1_macro_score_mixed_connect": 0.8225308641975309, "only_mask_connect_sum": 12.0, "only_not_mask_connect_sum": 5.0, "mixed_connect_sum": 198.0, "model_name": "GL_SAGEConv_3l_128h_de"}