{"f1_macro": 0.7856507823613087, "f1_weighted": 0.9378483814067401, "precision_macro": 0.7707738095238095, "precision_weighted": 0.9388832375055286, "recall_macro": 0.8046536796536797, "recall_weighted": 0.9380804953560371, "accuracy": 0.9380804953560371, "class_scores": {"Udmurts,Besermyan": 0.918918918918919, "Tatars,Volga-Tatars,Mishar-Tatars,Kryashens": 0.9736842105263158, "Chuvash": 0.8970588235294118, "Mari": 0.35294117647058826}, "skipped_nodes": 3, "memory_allocated_MB": 0.00048828125, "memory_reserved_MB": 2.0, "f1_macro_score_only_mask_connect": NaN, "f1_macro_score_only_not_mask_connect": 0.7856507823613087, "f1_macro_score_mixed_connect": NaN, "only_mask_connect_sum": 0.0, "only_not_mask_connect_sum": 323.0, "mixed_connect_sum": 0.0, "model_name": "GL_LR"}