{"f1_macro": 0.8783816884021887, "f1_weighted": 0.9248000882500823, "precision_macro": 0.8992677211158198, "precision_weighted": 0.9251478590650094, "recall_macro": 0.8605578708273857, "recall_weighted": 0.9269972451790633, "accuracy": 0.9269972451790633, "class_scores": {"English": 0.9702127659574468, "Germans": 0.8464730290456431, "French": 0.7703703703703704, "Belgium": 0.9264705882352942}, "skipped_nodes": 43, "memory_allocated_MB": 42.326171875, "memory_reserved_MB": 158.0, "f1_macro_score_only_mask_connect": 0.8024486570108126, "f1_macro_score_only_not_mask_connect": 0.9074074074074073, "f1_macro_score_mixed_connect": 0.9226559334871677, "only_mask_connect_sum": 191.0, "only_not_mask_connect_sum": 26.0, "mixed_connect_sum": 509.0, "model_name": "GL_GINConv_3l_512h"}