{"f1_macro": 0.8167874903197178, "f1_weighted": 0.8906327924182437, "accuracy": 0.9002849002849003, "class_scores": {"English": 0.9481327800829875, "Germans": 0.8148148148148148, "French": 0.5894736842105263, "Belgium": 0.9147286821705426}, "skipped_nodes": 67, "model_name": "GL_SAGEConv_3l_128h"}