{"f1_macro": 0.5610593854775379, "f1_weighted": 0.6178896428765668, "precision_macro": 0.5830821966345288, "precision_weighted": 0.616233134018571, "recall_macro": 0.5515978832196304, "recall_weighted": 0.6284584980237155, "accuracy": 0.6284584980237155, "class_scores": {"Northen Russians": 0.7208480565371025, "Ukranians": 0.35978835978835977, "Belarusians": 0.4946236559139785, "Southern Russians": 0.6689774696707106}, "skipped_nodes": 98, "memory_allocated_MB": 36.68359375, "memory_reserved_MB": 198.0, "model_name": "GL_TAGConv_3l_512h_w_k3_gnorm_gelu"}