{"f1_macro": 0.6467474643145998, "f1_weighted": 0.7763451802951662, "accuracy": 0.7777777777777778, "class_scores": {"Chechens": 0.75, "Kabardians, Circassians, Adyghes": 0.8888888888888888, "Karachays, Balkars": 0.8205128205128205, "Ingush": 0.6086956521739131, "Dagestan peoples": 0.7058823529411765, "Ossetians": 0.9, "Kumyks": 0.0, "Nogais": 0.5}, "skipped_nodes": 10, "model_name": "GL_SAGEConv_3l_128h"}