{"f1_macro": 0.6312427505127847, "f1_weighted": 0.6760367733571785, "precision_macro": 0.6488569287989537, "precision_weighted": 0.6752005586338166, "recall_macro": 0.6224197738099424, "recall_weighted": 0.6832432432432433, "accuracy": 0.6832432432432433, "class_scores": {"Southern Russians": 0.7144992526158446, "Ukranians": 0.5034013605442177, "Northen Russians": 0.7920489296636085, "Belarusians": 0.5150214592274678}, "skipped_nodes": 0, "memory_allocated_MB": 41.7421875, "memory_reserved_MB": 480.0, "f1_macro_score_only_mask_connect": -100.0, "f1_macro_score_only_not_mask_connect": -100.0, "f1_macro_score_mixed_connect": -100.0, "only_mask_connect_sum": -100.0, "only_not_mask_connect_sum": -100.0, "mixed_connect_sum": -100.0, "model_name": "GL_TAGConv_3l_512h_w_k3_gnorm_leaky_relu"}