{"f1_macro": 0.7097972193947426, "f1_weighted": 0.8243155217222874, "precision_macro": 0.7304080204216075, "precision_weighted": 0.8717066456346472, "recall_macro": 0.7225936926494736, "recall_weighted": 0.7981651376146789, "accuracy": 0.7981651376146789, "class_scores": {"Chechens": 0.8947368421052632, "Kabardians, Circassians, Adyghes": 0.8461538461538461, "Karachays, Balkars": 0.8648648648648649, "Ingush": 0.7777777777777778, "Dagestan peoples": 0.8108108108108109, "Ossetians": 0.9411764705882353, "Kumyks": 0.4, "Nogais": 0.14285714285714285}, "skipped_nodes": 9, "memory_allocated_MB": 25.61474609375, "memory_reserved_MB": 60.0, "model_name": "GL_TAGConv_9l_128h_w_k3"}