{"f1_macro": 0.2775561480439132, "f1_weighted": 0.3159949070973259, "accuracy": 0.33217391304347826, "class_scores": {"krasnodar": 0.34951456310679613, "yaroslavl": 0.16923076923076924, "ryazan": 0.44243792325056436, "kaluga": 0.174496644295302, "vologda": 0.25210084033613445}, "skipped_nodes": 1, "model_name": "GL_SAGEConv_9l_512h"}