{"f1_macro": 0.776850575703889, "f1_weighted": 0.8741788694208128, "precision_macro": 0.8570571595416315, "precision_weighted": 0.9078439700648457, "recall_macro": 0.7666742286751361, "recall_weighted": 0.8666666666666667, "accuracy": 0.8666666666666667, "class_scores": {"English": 0.9375736160188457, "Germans": 0.6407766990291263, "French": 0.6666666666666666, "Belgium": 0.8623853211009175}, "skipped_nodes": 154, "memory_allocated_MB": 21.615234375, "memory_reserved_MB": 40.0, "model_name": "GL_MLP_3l_512h"}