{"f1_macro": 0.6335837971951217, "f1_weighted": 0.6793754400277879, "precision_macro": 0.6338573487419192, "precision_weighted": 0.6878754623047485, "recall_macro": 0.6364361134669264, "recall_weighted": 0.6735135135135135, "accuracy": 0.6735135135135135, "class_scores": {"Southern Russians": 0.7108239095315024, "Ukranians": 0.47293447293447294, "Northen Russians": 0.8098360655737705, "Belarusians": 0.5407407407407407}, "skipped_nodes": 0, "memory_allocated_MB": 18.4375, "memory_reserved_MB": 74.0, "model_name": "GL_MLP_3l_128h"}