{"f1_macro": 0.9564817141775566, "f1_weighted": 0.9563252807507111, "precision_macro": 0.9644730776323068, "precision_weighted": 0.9590513833992095, "recall_macro": 0.9529200473292766, "recall_weighted": 0.9565217391304348, "accuracy": 0.9565217391304348, "class_scores": {"Chechens": 0.9473684210526315, "Kabardians, Circassians, Adyghes": 0.9655172413793104, "Karachays, Balkars": 0.9411764705882353, "Ingush": 1.0, "Dagestan peoples": 0.9565217391304348, "Ossetians": 0.9523809523809523, "Kumyks": 1.0, "Nogais": 0.8888888888888888}, "skipped_nodes": 3, "memory_allocated_MB": 27.13330078125, "memory_reserved_MB": 62.0, "f1_macro_score_only_mask_connect": -100.0, "f1_macro_score_only_not_mask_connect": -100.0, "f1_macro_score_mixed_connect": -100.0, "only_mask_connect_sum": -100.0, "only_not_mask_connect_sum": -100.0, "mixed_connect_sum": -100.0, "model_name": "GL_SAGEConv_3l_512h_de"}