{"f1_macro": 0.6316027240815435, "f1_weighted": 0.6967708775934373, "accuracy": 0.6411042944785276, "class_scores": {"P0": 0.9473684210526315, "P1": 0.6946778711484594, "P2": 0.7065868263473054, "P3": 0.17777777777777778}, "skipped_nodes": 0, "model_name": "MaxEdgeCountPerClassSize"}