{"f1_macro": 0.2425627240143369, "f1_weighted": 0.05285968731446665, "precision_macro": 0.2395357686453577, "precision_weighted": 0.05252542230439533, "recall_macro": 0.29166666666666663, "recall_weighted": 0.05828220858895705, "accuracy": 0.05828220858895705, "class_scores": {"P0": 0.9444444444444444, "P1": 0.0, "P2": 0.0, "P3": 0.025806451612903226}, "skipped_nodes": 0, "model_name": "MaxIbdSumPerClassSize"}