{"f1_macro": 0.24075999075999077, "f1_weighted": 0.054944751263769666, "precision_macro": 0.23025752330466454, "precision_weighted": 0.052210042473885644, "recall_macro": 0.2992424242424242, "recall_weighted": 0.06441717791411043, "accuracy": 0.06441717791411043, "class_scores": {"P0": 0.918918918918919, "P1": 0.0, "P2": 0.017094017094017096, "P3": 0.02702702702702703}, "skipped_nodes": 0, "model_name": "MaxIbdSumPerClassSize"}