{"f1_macro": 0.9454798548122816, "f1_weighted": 0.9632686803964976, "accuracy": 0.9638888888888889, "class_scores": {"English": 0.9795037756202805, "Germans": 0.940677966101695, "French": 0.9172932330827067, "Belgium": 0.9444444444444444}, "skipped_nodes": 49, "model_name": "GL_GATConv_3l_128h"}