{"f1_macro": 0.2852514367816092, "f1_weighted": 0.4753070175438597, "accuracy": 0.5964912280701754, "class_scores": {"Chechens": 0.68, "Kabardians, Circassians, Adyghes": 0.6436781609195402, "Karachays, Balkars": 0.0, "Ingush": 0.0, "Dagestan peoples": 0.9583333333333334, "Ossetians": 0.0, "Kumyks": 0.0, "Nogais": 0.0}, "skipped_nodes": 4, "model_name": "GL_GATConv_9l_128h"}