{"f1_macro": 0.9283809709621825, "f1_weighted": 0.9338527139416753, "precision_macro": 0.9266288793998613, "precision_weighted": 0.9353235444996884, "recall_macro": 0.9311847541430637, "recall_weighted": 0.933649289099526, "accuracy": 0.933649289099526, "class_scores": {"Swedes": 0.9281045751633987, "Norwegians": 0.945273631840796, "Danes": 0.9117647058823529}, "skipped_nodes": 4, "memory_allocated_MB": 27.55712890625, "memory_reserved_MB": 64.0, "f1_macro_score_only_mask_connect": 0.6410256410256411, "f1_macro_score_only_not_mask_connect": 0.48888888888888893, "f1_macro_score_mixed_connect": 0.9510859771423151, "only_mask_connect_sum": 8.0, "only_not_mask_connect_sum": 13.0, "mixed_connect_sum": 190.0, "model_name": "GL_SAGEConv_3l_512h_de"}