{"f1_macro": 0.49285405128980564, "f1_weighted": 0.5357391280729427, "precision_macro": 0.4953097630098373, "precision_weighted": 0.5594743042797389, "recall_macro": 0.5083989083863363, "recall_weighted": 0.5270880361173815, "accuracy": 0.5270880361173815, "class_scores": {"Ukranians": 0.34591194968553457, "Southern Russians": 0.5158878504672897, "Northen Russians": 0.6934673366834171, "Belarusians": 0.4161490683229814}, "skipped_nodes": 29, "memory_allocated_MB": 37.22216796875, "memory_reserved_MB": 612.0, "model_name": "GL_GATConv_9l_128h"}