{"f1_macro": 0.8150566100566101, "f1_weighted": 0.8376044081704459, "precision_macro": 0.8026515151515152, "precision_weighted": 0.8684962835906233, "recall_macro": 0.880322526737968, "recall_weighted": 0.8301886792452831, "accuracy": 0.8301886792452831, "class_scores": {"Chechens": 0.8571428571428571, "Kabardians, Circassians, Adyghes": 0.84, "Karachays, Balkars": 0.8333333333333334, "Ingush": 0.8181818181818182, "Dagestan peoples": 0.8717948717948718, "Ossetians": 0.8, "Kumyks": 1.0, "Nogais": 0.5}, "skipped_nodes": 12, "memory_allocated_MB": 98.3916015625, "memory_reserved_MB": 250.0, "model_name": "GL_GATConv_3l_512h"}