{"f1_macro": 0.8476287907527297, "f1_weighted": 0.8842526854964176, "accuracy": 0.8930232558139535, "class_scores": {"P0": 0.9102564102564102, "P1": 0.9308755760368663, "P2": 0.7017543859649122}, "skipped_nodes": 0, "model_name": "MaxIbdSumPerClassSize"}