{"f1_macro": 0.3959023547190584, "f1_weighted": 0.4669108736652827, "precision_macro": 0.4363365655264539, "precision_weighted": 0.4696439250766353, "recall_macro": 0.4034113650306547, "recall_weighted": 0.49944994499449946, "accuracy": 0.49944994499449946, "class_scores": {"Southern Russians": 0.5366528354080221, "Ukranians": 0.20444444444444446, "Northen Russians": 0.6337209302325582, "Belarusians": 0.2087912087912088}, "skipped_nodes": 16, "memory_allocated_MB": 88.2548828125, "memory_reserved_MB": 168.0, "f1_macro_score_only_mask_connect": NaN, "f1_macro_score_only_not_mask_connect": 0.3959023547190584, "f1_macro_score_mixed_connect": NaN, "only_mask_connect_sum": 0.0, "only_not_mask_connect_sum": 909.0, "mixed_connect_sum": 0.0, "model_name": "GL_SAGEConv_9l_512h_de"}