{"f1_macro": 0.8418687670880194, "f1_weighted": 0.9189220506667959, "precision_macro": 0.8636044292070116, "precision_weighted": 0.9207440077917103, "recall_macro": 0.8276712681552432, "recall_weighted": 0.9218500797448166, "accuracy": 0.9218500797448166, "class_scores": {"English": 0.9694224235560589, "Germans": 0.7898089171974523, "French": 0.6888888888888889, "Belgium": 0.9193548387096774}, "skipped_nodes": 142, "memory_allocated_MB": 18.76513671875, "memory_reserved_MB": 78.0, "model_name": "GL_GCNConv_9l_128h_w"}