{"f1_macro": 0.6503508771929825, "f1_weighted": 0.8818064208139397, "precision_macro": 0.688109756097561, "precision_weighted": 0.872249322493225, "recall_macro": 0.6230398967844383, "recall_weighted": 0.8952380952380953, "accuracy": 0.8952380952380953, "class_scores": {"P0": 0.8571428571428571, "P1": 0.9347368421052632, "P2": 0.8095238095238095, "P3": 0.0}, "skipped_nodes": 8, "memory_allocated_MB": 38.17822265625, "memory_reserved_MB": 110.0, "model_name": "GL_TAGConv_3l_512h_w_k3_gnorm"}