{"f1_macro": 0.45089921652421655, "f1_weighted": 0.6499356899842337, "accuracy": 0.6893203883495146, "class_scores": {"Chechens": 0.7692307692307693, "Kabardians, Circassians, Adyghes": 0.7407407407407407, "Karachays, Balkars": 0.875, "Ingush": 0.5555555555555556, "Dagestan peoples": 0.6666666666666666, "Ossetians": 0.0, "Kumyks": 0.0, "Nogais": 0.0}, "skipped_nodes": 15, "model_name": "GL_MLP_9l_128h"}