{"f1_macro": 0.5673535846304725, "f1_weighted": 0.7516125490387447, "precision_macro": 0.5784919028340081, "precision_weighted": 0.7996652904156811, "recall_macro": 0.5769828216374269, "recall_weighted": 0.7425742574257426, "accuracy": 0.7425742574257426, "class_scores": {"Chechens": 0.7894736842105263, "Kabardians, Circassians, Adyghes": 0.7142857142857143, "Karachays, Balkars": 0.8571428571428571, "Ingush": 0.6086956521739131, "Dagestan peoples": 0.7692307692307693, "Ossetians": 0.8, "Kumyks": 0.0, "Nogais": 0.0}, "skipped_nodes": 17, "memory_allocated_MB": 36.80322265625, "memory_reserved_MB": 116.0, "model_name": "GL_GATConv_9l_128h"}