{"f1_macro": 0.5744128274616079, "f1_weighted": 0.7309241441038263, "precision_macro": 0.5670687134502924, "precision_weighted": 0.7245873347997926, "recall_macro": 0.5934962368785899, "recall_weighted": 0.7522935779816514, "accuracy": 0.7522935779816514, "class_scores": {"Chechens": 0.7727272727272727, "Kabardians, Circassians, Adyghes": 0.8148148148148148, "Karachays, Balkars": 0.7272727272727273, "Ingush": 0.8, "Dagestan peoples": 0.7804878048780488, "Ossetians": 0.7, "Kumyks": 0.0, "Nogais": 0.0}, "skipped_nodes": 9, "memory_allocated_MB": 100.0361328125, "memory_reserved_MB": 246.0, "f1_macro_score_only_mask_connect": 0.3248299319727891, "f1_macro_score_only_not_mask_connect": 0.47777777777777775, "f1_macro_score_mixed_connect": 0.5843933640235948, "only_mask_connect_sum": 20.0, "only_not_mask_connect_sum": 12.0, "mixed_connect_sum": 77.0, "model_name": "GL_GATConv_3l_512h"}