{"f1_macro": 0.9476970413795468, "f1_weighted": 0.9852702055527057, "precision_macro": 0.922524154589372, "precision_weighted": 0.9869231795145371, "recall_macro": 0.9818192656175488, "recall_weighted": 0.9846625766871165, "accuracy": 0.9846625766871165, "class_scores": {"P0": 0.9444444444444444, "P1": 0.9892008639308856, "P2": 1.0, "P3": 0.8571428571428571}, "skipped_nodes": 0, "memory_allocated_MB": 41.58349609375, "memory_reserved_MB": 168.0, "model_name": "GL_TAGConv_3l_512h_w_k3_gnorm"}