{"f1_macro": 0.8590945563921477, "f1_weighted": 0.9161854628392612, "precision_macro": 0.8744359785381457, "precision_weighted": 0.9159451612589806, "recall_macro": 0.8481389516365345, "recall_weighted": 0.9188811188811189, "accuracy": 0.9188811188811189, "class_scores": {"English": 0.9635974304068522, "Germans": 0.8583690987124464, "French": 0.6935483870967742, "Belgium": 0.920863309352518}, "skipped_nodes": 54, "memory_allocated_MB": 339.0810546875, "memory_reserved_MB": 2762.0, "model_name": "GL_GATConv_9l_512h"}