{"f1_macro": 0.4852862394076066, "f1_weighted": 0.546150037298957, "precision_macro": 0.48263715965773163, "precision_weighted": 0.5554432822872172, "recall_macro": 0.4913378163392647, "recall_weighted": 0.5399129172714079, "accuracy": 0.5399129172714079, "class_scores": {"Northen Russians": 0.6495049504950495, "Ukranians": 0.30851063829787234, "Belarusians": 0.4158415841584158, "Southern Russians": 0.567287784679089}, "skipped_nodes": 121, "memory_allocated_MB": 18.26318359375, "memory_reserved_MB": 56.0, "model_name": "GL_GINConv_3l_128h"}