{"f1_macro": 0.5528452341321061, "f1_weighted": 0.6091774360718405, "precision_macro": 0.5684534449361028, "precision_weighted": 0.6053706188178194, "recall_macro": 0.5470632252415588, "recall_weighted": 0.620253164556962, "accuracy": 0.620253164556962, "class_scores": {"Ukranians": 0.336283185840708, "Southern Russians": 0.6677018633540373, "Northen Russians": 0.71850699844479, "Belarusians": 0.4888888888888889}, "skipped_nodes": 36, "model_name": "MaxIbdSum"}