{"f1_macro": 0.501382996848113, "f1_weighted": 0.7293694763462204, "accuracy": 0.7777777777777778, "class_scores": {"Chechens": 0.8717948717948718, "Kabardians, Circassians, Adyghes": 0.92, "Karachays, Balkars": 0.7619047619047619, "Ingush": 0.6666666666666666, "Dagestan peoples": 0.7906976744186046, "Ossetians": 0.0, "Kumyks": 0.0, "Nogais": 0.0}, "skipped_nodes": 19, "model_name": "GL_GCNConv_3l_128h_w"}