{"f1_macro": 0.2583695074779052, "f1_weighted": 0.3124553085054085, "accuracy": 0.3472222222222222, "class_scores": {"krasnodar": 0.3475177304964539, "yaroslavl": 0.057692307692307696, "ryazan": 0.4969450101832994, "kaluga": 0.1437908496732026, "vologda": 0.2459016393442623}, "skipped_nodes": 0, "model_name": "GL_SAGEConv_3l_512h"}