{"f1_macro": 0.6486056835321541, "f1_weighted": 0.7830603038936372, "precision_macro": 0.7156028067792773, "precision_weighted": 0.8007117025635544, "recall_macro": 0.6556550802139037, "recall_weighted": 0.7962962962962963, "accuracy": 0.7962962962962963, "class_scores": {"Chechens": 0.75, "Kabardians, Circassians, Adyghes": 0.8461538461538461, "Karachays, Balkars": 0.9411764705882353, "Ingush": 0.8333333333333334, "Dagestan peoples": 0.8181818181818182, "Ossetians": 0.6666666666666666, "Kumyks": 0.0, "Nogais": 0.3333333333333333}, "skipped_nodes": 10, "memory_allocated_MB": 42.5966796875, "memory_reserved_MB": 76.0, "f1_macro_score_only_mask_connect": 0.32717086834733894, "f1_macro_score_only_not_mask_connect": 0.7777777777777778, "f1_macro_score_mixed_connect": 0.6176542465765864, "only_mask_connect_sum": 19.0, "only_not_mask_connect_sum": 10.0, "mixed_connect_sum": 79.0, "model_name": "GL_GINConv_3l_512h"}