{"f1_macro": 0.8900812715843601, "f1_weighted": 0.9038134260543492, "precision_macro": 0.9226964592243462, "precision_weighted": 0.9091040872513041, "recall_macro": 0.8662523953786089, "recall_weighted": 0.9045226130653267, "accuracy": 0.9045226130653267, "class_scores": {"Swedes": 0.9078014184397163, "Norwegians": 0.9124423963133641, "Danes": 0.85}, "skipped_nodes": 16, "memory_allocated_MB": 26.666015625, "memory_reserved_MB": 52.0, "model_name": "GL_SAGEConv_3l_512h"}