{"f1_macro": 0.6485969053238919, "f1_weighted": 0.7228071332761616, "accuracy": 0.6901840490797546, "class_scores": {"Udmurts,Besermyan": 0.8780487804878049, "Tatars,Volga-Tatars,Mishar-Tatars,Kryashens": 0.7371273712737128, "Chuvash": 0.6888888888888889, "Mari": 0.2903225806451613}, "skipped_nodes": 0, "model_name": "MaxIbdSumPerClassSize"}