{"f1_macro": 0.7437014072058885, "f1_weighted": 0.9292997294465251, "accuracy": 0.9376947040498442, "class_scores": {"Udmurts,Besermyan": 0.9090909090909091, "Tatars,Volga-Tatars,Mishar-Tatars,Kryashens": 0.9691629955947136, "Chuvash": 0.896551724137931, "Mari": 0.2}, "skipped_nodes": 5, "model_name": "MaxSegmentCount"}