{"f1_macro": 0.947110423116615, "f1_weighted": 0.9748648790470693, "precision_macro": 0.9458333333333333, "precision_weighted": 0.976271186440678, "recall_macro": 0.9492152961980549, "recall_weighted": 0.9745762711864406, "accuracy": 0.9745762711864406, "class_scores": {"P0": 0.9473684210526315, "P1": 0.9824561403508771, "P2": 1.0, "P3": 1.0, "P4": 0.9803921568627451, "P5": 1.0, "P6": 0.6666666666666666, "P7": 1.0}, "skipped_nodes": 0, "memory_allocated_MB": 156.96826171875, "memory_reserved_MB": 232.0, "model_name": "GL_TAGConv_9l_512h_w_k3"}