{"f1_macro": 0.9111602279859887, "f1_weighted": 0.9553039121110822, "accuracy": 0.9566854990583804, "class_scores": {"English": 0.9766871165644172, "Germans": 0.8712871287128713, "French": 0.88, "Belgium": 0.9166666666666666}, "skipped_nodes": 238, "model_name": "GL_MLP_9l_128h"}