{"f1_macro": 0.6362743084693315, "f1_weighted": 0.6536175153638139, "precision_macro": 0.6508348532486916, "precision_weighted": 0.6695535360886272, "recall_macro": 0.6509338242441917, "recall_weighted": 0.6645021645021645, "accuracy": 0.6645021645021645, "class_scores": {"P0": 0.7005253940455342, "P1": 0.47416413373860183, "P2": 0.7951388888888888, "P3": 0.5752688172043011}, "skipped_nodes": 0, "model_name": "MaxEdgeCountPerClassSize"}