{"f1_macro": 0.5433761907699357, "f1_weighted": 0.7950518282913578, "precision_macro": 0.5014050582095544, "precision_weighted": 0.8619262473739819, "recall_macro": 0.6856223175965666, "recall_weighted": 0.7883435582822086, "accuracy": 0.7883435582822086, "class_scores": {"Udmurts,Besermyan": 0.5538461538461539, "Tatars,Volga-Tatars,Mishar-Tatars,Kryashens": 0.8522167487684729, "Chuvash": 0.7674418604651163, "Mari": 0.0}, "skipped_nodes": 0, "memory_allocated_MB": 39.5146484375, "memory_reserved_MB": 7044.0, "model_name": "GL_GATConv_9l_128h"}