{"f1_macro": 0.8048455877295551, "f1_weighted": 0.9572238184273004, "precision_macro": 0.8091193373901285, "precision_weighted": 0.957570091713436, "recall_macro": 0.8010740451727577, "recall_weighted": 0.9570552147239264, "accuracy": 0.9570552147239264, "class_scores": {"Udmurts,Besermyan": 0.9714285714285714, "Tatars,Volga-Tatars,Mishar-Tatars,Kryashens": 0.989247311827957, "Chuvash": 0.9253731343283582, "Mari": 0.3333333333333333}, "skipped_nodes": 0, "memory_allocated_MB": 29.919921875, "memory_reserved_MB": 184.0, "f1_macro_score_only_mask_connect": NaN, "f1_macro_score_only_not_mask_connect": NaN, "f1_macro_score_mixed_connect": 0.8048455877295551, "only_mask_connect_sum": 0.0, "only_not_mask_connect_sum": 0.0, "mixed_connect_sum": 326.0, "model_name": "GL_GCNConv_3l_512h_w"}