{"f1_macro": 0.7049251411530992, "f1_weighted": 0.8390586880289397, "precision_macro": 0.7003759965524672, "precision_weighted": 0.8721169521169521, "recall_macro": 0.7506331699346405, "recall_weighted": 0.8378378378378378, "accuracy": 0.8378378378378378, "class_scores": {"Chechens": 0.8947368421052632, "Kabardians, Circassians, Adyghes": 0.9230769230769231, "Karachays, Balkars": 0.9411764705882353, "Ingush": 0.9, "Dagestan peoples": 0.7692307692307693, "Ossetians": 0.782608695652174, "Kumyks": 0.0, "Nogais": 0.42857142857142855}, "skipped_nodes": 7, "memory_allocated_MB": 39.0400390625, "memory_reserved_MB": 76.0, "f1_macro_score_only_mask_connect": 0.4702380952380952, "f1_macro_score_only_not_mask_connect": 0.49333333333333335, "f1_macro_score_mixed_connect": 0.759471853257432, "only_mask_connect_sum": 22.0, "only_not_mask_connect_sum": 10.0, "mixed_connect_sum": 79.0, "model_name": "GL_TAGConv_3l_512h_w_k3_gnorm"}