{"f1_macro": 0.433974845069686, "f1_weighted": 0.8480507840642557, "precision_macro": 0.4050825082508251, "precision_weighted": 0.8334819494219361, "recall_macro": 0.48062166731694633, "recall_weighted": 0.8773006134969326, "accuracy": 0.8773006134969326, "class_scores": {"Udmurts,Besermyan": 0.0, "Tatars,Volga-Tatars,Mishar-Tatars,Kryashens": 0.9694323144104804, "Chuvash": 0.7664670658682635, "Mari": 0.0}, "skipped_nodes": 0, "memory_allocated_MB": 21.39501953125, "memory_reserved_MB": 894.0, "model_name": "GL_GATConv_3l_128h"}