{"f1_macro": 0.8557739647049842, "f1_weighted": 0.9313537594984428, "precision_macro": 0.9166391279130359, "precision_weighted": 0.9353743845472264, "recall_macro": 0.8218509372326359, "recall_weighted": 0.9352290679304898, "accuracy": 0.9352290679304898, "class_scores": {"English": 0.9785310734463277, "Germans": 0.8324324324324325, "French": 0.7058823529411765, "Belgium": 0.90625}, "skipped_nodes": 136, "memory_allocated_MB": 21.013671875, "memory_reserved_MB": 64.0, "f1_macro_score_only_mask_connect": 0.667091503267974, "f1_macro_score_only_not_mask_connect": 0.9330484330484331, "f1_macro_score_mixed_connect": 0.9096047630530388, "only_mask_connect_sum": 98.0, "only_not_mask_connect_sum": 148.0, "mixed_connect_sum": 387.0, "model_name": "GL_SAGEConv_9l_128h_de"}