{"f1_macro": 0.7834230369756685, "f1_weighted": 0.8275285113061799, "precision_macro": 0.7820165945165946, "precision_weighted": 0.8637321141994039, "recall_macro": 0.8220328282828282, "recall_weighted": 0.822429906542056, "accuracy": 0.822429906542056, "class_scores": {"Chechens": 0.8717948717948718, "Kabardians, Circassians, Adyghes": 0.84, "Karachays, Balkars": 0.8888888888888888, "Ingush": 0.7368421052631579, "Dagestan peoples": 0.8108108108108109, "Ossetians": 0.8333333333333334, "Kumyks": 1.0, "Nogais": 0.2857142857142857}, "skipped_nodes": 11, "memory_allocated_MB": 18.63232421875, "memory_reserved_MB": 48.0, "model_name": "GL_GCNConv_9l_128h_w"}