{"f1_macro": 0.5986175249654069, "f1_weighted": 0.7975683324342508, "accuracy": 0.8165137614678899, "class_scores": {"Chechens": 0.8181818181818182, "Kabardians, Circassians, Adyghes": 0.8571428571428571, "Karachays, Balkars": 0.8947368421052632, "Ingush": 0.5714285714285714, "Dagestan peoples": 0.8292682926829268, "Ossetians": 0.8181818181818182, "Kumyks": 0.0, "Nogais": 0.0}, "skipped_nodes": 9, "model_name": "GL_GCNConv_9l_128h_w"}