{"f1_macro": 0.48666305994994485, "f1_weighted": 0.5656524377761979, "precision_macro": 0.5929349827239712, "precision_weighted": 0.6225256386330011, "recall_macro": 0.5241922698927993, "recall_weighted": 0.6118918918918919, "accuracy": 0.6118918918918919, "class_scores": {"Southern Russians": 0.6648721399730821, "Ukranians": 0.060240963855421686, "Northen Russians": 0.7651632970451011, "Belarusians": 0.4563758389261745}, "skipped_nodes": 0, "memory_allocated_MB": 25.27490234375, "memory_reserved_MB": 132.0, "f1_macro_score_only_mask_connect": -100.0, "f1_macro_score_only_not_mask_connect": -100.0, "f1_macro_score_mixed_connect": -100.0, "only_mask_connect_sum": -100.0, "only_not_mask_connect_sum": -100.0, "mixed_connect_sum": -100.0, "model_name": "GL_SAGEConv_9l_128h"}