{"f1_macro": 0.5359354393762017, "f1_weighted": 0.5890282617846311, "precision_macro": 0.5798939843777212, "precision_weighted": 0.5990687219273916, "recall_macro": 0.5324767941283295, "recall_weighted": 0.6102620087336245, "accuracy": 0.6102620087336245, "class_scores": {"Ukranians": 0.3063063063063063, "Southern Russians": 0.6451612903225806, "Northen Russians": 0.7261724659606656, "Belarusians": 0.4661016949152542}, "skipped_nodes": 7, "memory_allocated_MB": 26.4716796875, "memory_reserved_MB": 130.0, "model_name": "GL_SAGEConv_3l_512h"}