{"f1_macro": 0.983884819808141, "f1_weighted": 0.9939440639360194, "precision_macro": 0.9712686567164178, "precision_weighted": 0.9942175624942773, "recall_macro": 0.997854077253219, "recall_weighted": 0.9938650306748467, "accuracy": 0.9938650306748467, "class_scores": {"Udmurts,Besermyan": 1.0, "Tatars,Volga-Tatars,Mishar-Tatars,Kryashens": 0.9956896551724138, "Chuvash": 0.9924812030075187, "Mari": 0.9473684210526315}, "skipped_nodes": 0, "memory_allocated_MB": 23.4853515625, "memory_reserved_MB": 78.0, "model_name": "GL_MLP_3l_512h"}