{"f1_macro": 0.6368345618345619, "f1_weighted": 0.7950323304868759, "precision_macro": 0.6313502673796791, "precision_weighted": 0.8068619348565872, "recall_macro": 0.6544483010595543, "recall_weighted": 0.8, "accuracy": 0.8, "class_scores": {"Chechens": 0.8205128205128205, "Kabardians, Circassians, Adyghes": 0.8461538461538461, "Karachays, Balkars": 0.918918918918919, "Ingush": 0.9090909090909091, "Dagestan peoples": 0.7, "Ossetians": 0.9, "Kumyks": 0.0, "Nogais": 0.0}, "skipped_nodes": 8, "memory_allocated_MB": 28.0234375, "memory_reserved_MB": 60.0, "f1_macro_score_only_mask_connect": 0.21428571428571427, "f1_macro_score_only_not_mask_connect": 0.7777777777777778, "f1_macro_score_mixed_connect": 0.6712442052000626, "only_mask_connect_sum": 21.0, "only_not_mask_connect_sum": 8.0, "mixed_connect_sum": 81.0, "model_name": "GL_SAGEConv_3l_512h"}