{"f1_macro": 0.23891271208222425, "f1_weighted": 0.26887335867799417, "accuracy": 0.3715277777777778, "class_scores": {"krasnodar": 0.19672131147540983, "vologda-yaroslavl": 0.2, "ryazan": 0.49441340782122906, "kaluga": 0.06451612903225806}, "skipped_nodes": 0, "model_name": "GL_GCNConv_3l_128h_w"}