{"f1_macro": 0.9026353929820363, "f1_weighted": 0.9093934910501289, "accuracy": 0.9095477386934674, "class_scores": {"Swedes": 0.9090909090909091, "Norwegians": 0.9150943396226415, "Danes": 0.8837209302325582}, "skipped_nodes": 16, "model_name": "GL_SAGEConv_9l_512h"}