{"f1_macro": 0.7243131390127098, "f1_weighted": 0.9533718644148093, "accuracy": 0.9662576687116564, "class_scores": {"Udmurts,Besermyan": 0.972972972972973, "Tatars,Volga-Tatars,Mishar-Tatars,Kryashens": 0.9957081545064378, "Chuvash": 0.9285714285714286, "Mari": 0.0}, "skipped_nodes": 0, "model_name": "GL_GATConv_3l_128h"}