{"f1_macro": 0.7907812124072326, "f1_weighted": 0.8805469041924959, "accuracy": 0.8742331288343558, "class_scores": {"Udmurts,Besermyan": 0.8333333333333334, "Tatars,Volga-Tatars,Mishar-Tatars,Kryashens": 0.9216589861751152, "Chuvash": 0.7831325301204819, "Mari": 0.625}, "skipped_nodes": 0, "model_name": "LongestIbd"}