{"f1_macro": 0.5678316759641038, "f1_weighted": 0.6636697026556101, "precision_macro": 0.5722196745914526, "precision_weighted": 0.8028555894162498, "recall_macro": 0.6416309012875537, "recall_weighted": 0.6319018404907976, "accuracy": 0.6319018404907976, "class_scores": {"P0": 0.8947368421052632, "P1": 0.7096774193548387, "P2": 0.5069124423963134, "P3": 0.16}, "skipped_nodes": 0, "model_name": "LongestIbd"}