{"f1_macro": 0.9428862880001629, "f1_weighted": 0.9488429190159758, "precision_macro": 0.9423572178990135, "precision_weighted": 0.9488996088031296, "recall_macro": 0.9434584098661768, "recall_weighted": 0.9488372093023256, "accuracy": 0.9488372093023256, "class_scores": {"Swedes": 0.9536423841059603, "Norwegians": 0.9560975609756097, "Danes": 0.918918918918919}, "skipped_nodes": 0, "memory_allocated_MB": 23.59716796875, "memory_reserved_MB": 256.0, "f1_macro_score_only_mask_connect": 0.8692810457516339, "f1_macro_score_only_not_mask_connect": 0.43333333333333335, "f1_macro_score_mixed_connect": 0.9510953391550406, "only_mask_connect_sum": 12.0, "only_not_mask_connect_sum": 5.0, "mixed_connect_sum": 198.0, "model_name": "GL_GATConv_3l_128h"}