{"f1_macro": 0.9046414747596897, "f1_weighted": 0.9149414527374113, "precision_macro": 0.9376481744902797, "precision_weighted": 0.9206688941083067, "recall_macro": 0.8837517128779265, "recall_weighted": 0.9162790697674419, "accuracy": 0.9162790697674419, "class_scores": {"Swedes": 0.9271523178807947, "Norwegians": 0.9252336448598131, "Danes": 0.8615384615384616}, "skipped_nodes": 0, "memory_allocated_MB": 36.7392578125, "memory_reserved_MB": 42.0, "model_name": "GL_GINConv_3l_512h"}