{"f1_macro": 0.9532526904619928, "f1_weighted": 0.9813682115936142, "precision_macro": 0.964016680118375, "precision_weighted": 0.981600546346309, "recall_macro": 0.9431818181818182, "recall_weighted": 0.9815384615384616, "accuracy": 0.9815384615384616, "class_scores": {"Udmurts,Besermyan": 0.9714285714285714, "Tatars,Volga-Tatars,Mishar-Tatars,Kryashens": 0.9914529914529915, "Chuvash": 0.9612403100775194, "Mari": 0.8888888888888888}, "skipped_nodes": 1, "memory_allocated_MB": 38.298828125, "memory_reserved_MB": 268.0, "model_name": "GL_TAGConv_3l_512h_w_k3_gnorm"}