{"f1_macro": 0.761806003295365, "f1_weighted": 0.926600869579593, "precision_macro": 0.8448277838928636, "precision_weighted": 0.9274107079858319, "recall_macro": 0.7349877849436042, "recall_weighted": 0.9323076923076923, "accuracy": 0.9323076923076923, "class_scores": {"P0": 0.8484848484848485, "P1": 0.9617021276595744, "P2": 0.9037037037037037, "P3": 0.3333333333333333}, "skipped_nodes": 0, "memory_allocated_MB": 39.0283203125, "memory_reserved_MB": 132.0, "model_name": "GL_TAGConv_3l_512h_w_k3_gnorm"}