{"f1_macro": 0.2885615439550906, "f1_weighted": 0.3280663723002259, "accuracy": 0.3350694444444444, "class_scores": {"krasnodar": 0.4316109422492401, "yaroslavl": 0.20833333333333334, "ryazan": 0.38095238095238093, "kaluga": 0.25773195876288657, "vologda": 0.16417910447761194}, "skipped_nodes": 0, "model_name": "GL_TAGConv_9l_128h_w_k3"}