{"f1_macro": 0.6537413633870652, "f1_weighted": 0.8593300689207803, "accuracy": 0.8539325842696629, "class_scores": {"Chechens": 0.8571428571428571, "Kabardians, Circassians, Adyghes": 0.8372093023255814, "Karachays, Balkars": 0.8823529411764706, "Ingush": 0.875, "Dagestan peoples": 0.9032258064516129, "Ossetians": 0.875, "Kumyks": 0.0, "Nogais": 0.0}, "skipped_nodes": 29, "model_name": "GL_TAGConv_3l_512h_w_k3_gnorm"}