{"f1_macro": 0.4589877798877978, "f1_weighted": 0.5734203212598433, "accuracy": 0.5184049079754601, "class_scores": {"P0": 0.5769230769230769, "P1": 0.608955223880597, "P2": 0.5054945054945055, "P3": 0.14457831325301204}, "skipped_nodes": 0, "model_name": "MaxEdgeCountPerClassSize"}