{"f1_macro": 0.3993352850208467, "f1_weighted": 0.7252889006879908, "precision_macro": 0.3563213954924359, "precision_weighted": 0.6864397876573702, "recall_macro": 0.47945054945054943, "recall_weighted": 0.7902777777777777, "accuracy": 0.7902777777777777, "class_scores": {"English": 0.9773950484391819, "Germans": 0.6199460916442049, "French": 0.0, "Belgium": 0.0}, "skipped_nodes": 49, "memory_allocated_MB": 32.51123046875, "memory_reserved_MB": 44.0, "model_name": "GL_GATConv_9l_128h"}