{"f1_macro": 0.7835049187828873, "f1_weighted": 0.9634544747660615, "precision_macro": 0.97, "precision_weighted": 0.9757055214723925, "recall_macro": 0.7767048164043873, "recall_weighted": 0.9723926380368099, "accuracy": 0.9723926380368099, "class_scores": {"Udmurts,Besermyan": 1.0, "Tatars,Volga-Tatars,Mishar-Tatars,Kryashens": 0.9978494623655914, "Chuvash": 0.9361702127659575, "Mari": 0.2}, "skipped_nodes": 0, "memory_allocated_MB": 20.7021484375, "memory_reserved_MB": 154.0, "model_name": "GL_SAGEConv_9l_128h"}