{"f1_macro": 0.7306078214351596, "f1_weighted": 0.9501209791958788, "accuracy": 0.9631901840490797, "class_scores": {"Udmurts,Besermyan": 1.0, "Tatars,Volga-Tatars,Mishar-Tatars,Kryashens": 0.9871794871794872, "Chuvash": 0.935251798561151, "Mari": 0.0}, "skipped_nodes": 0, "model_name": "GL_GCNConv_9l_512h_w"}