{"f1_macro": 0.8969896606529267, "f1_weighted": 0.9372154053004857, "precision_macro": 0.9059508892668826, "precision_weighted": 0.9383073337912975, "recall_macro": 0.8904871605964633, "recall_weighted": 0.9380165289256198, "accuracy": 0.9380165289256198, "class_scores": {"English": 0.9763440860215054, "Germans": 0.8713692946058091, "French": 0.7692307692307693, "Belgium": 0.9710144927536232}, "skipped_nodes": 43, "memory_allocated_MB": 339.7353515625, "memory_reserved_MB": 2822.0, "f1_macro_score_only_mask_connect": 0.831760733917345, "f1_macro_score_only_not_mask_connect": 0.9760348583877996, "f1_macro_score_mixed_connect": 0.9409657585887093, "only_mask_connect_sum": 191.0, "only_not_mask_connect_sum": 26.0, "mixed_connect_sum": 509.0, "model_name": "GL_GATConv_9l_512h"}