{"f1_macro": 0.9164525823770368, "f1_weighted": 0.9391227706603913, "precision_macro": 0.9335664335664335, "precision_weighted": 0.9469139556096079, "recall_macro": 0.9170996732026144, "recall_weighted": 0.9391304347826087, "accuracy": 0.9391304347826087, "class_scores": {"Chechens": 0.9714285714285714, "Kabardians, Circassians, Adyghes": 0.9354838709677419, "Karachays, Balkars": 0.9375, "Ingush": 0.8888888888888888, "Dagestan peoples": 0.9411764705882353, "Ossetians": 1.0, "Kumyks": 0.8, "Nogais": 0.8571428571428571}, "skipped_nodes": 3, "memory_allocated_MB": 87.50634765625, "memory_reserved_MB": 142.0, "model_name": "GL_SAGEConv_9l_512h"}