{"f1_macro": 0.3145759146332255, "f1_weighted": 0.42847980992315954, "precision_macro": 0.5128152596255741, "precision_weighted": 0.5298829512137904, "recall_macro": 0.38381407818406754, "recall_weighted": 0.5243770314192849, "accuracy": 0.5243770314192849, "class_scores": {"Southern Russians": 0.5606060606060606, "Ukranians": 0.012658227848101266, "Northen Russians": 0.6850393700787402, "Belarusians": 0.0}, "skipped_nodes": 2, "memory_allocated_MB": 24.00390625, "memory_reserved_MB": 100.0, "model_name": "GL_GCNConv_3l_512h_w"}