{"f1_macro": 0.8476225403034614, "f1_weighted": 0.8944085905127096, "precision_macro": 0.8963388585099112, "precision_weighted": 0.9101474040833308, "recall_macro": 0.8544053953415449, "recall_weighted": 0.8956521739130435, "accuracy": 0.8956521739130435, "class_scores": {"Chechens": 0.918918918918919, "Kabardians, Circassians, Adyghes": 0.8771929824561403, "Karachays, Balkars": 0.9375, "Ingush": 0.9473684210526315, "Dagestan peoples": 0.9333333333333333, "Ossetians": 0.8333333333333334, "Kumyks": 0.5, "Nogais": 0.8333333333333334}, "skipped_nodes": 3, "memory_allocated_MB": 159.0390625, "memory_reserved_MB": 268.0, "f1_macro_score_only_mask_connect": -100.0, "f1_macro_score_only_not_mask_connect": -100.0, "f1_macro_score_mixed_connect": -100.0, "only_mask_connect_sum": -100.0, "only_not_mask_connect_sum": -100.0, "mixed_connect_sum": -100.0, "model_name": "GL_TAGConv_9l_512h_w_k3"}