{"f1_macro": 0.7264402264402265, "f1_weighted": 0.9443254181715721, "precision_macro": 0.7110248447204969, "precision_weighted": 0.9339856665074056, "recall_macro": 0.7446120689655172, "recall_weighted": 0.9569230769230769, "accuracy": 0.9569230769230769, "class_scores": {"Udmurts,Besermyan": 1.0, "Tatars,Volga-Tatars,Mishar-Tatars,Kryashens": 0.9826839826839827, "Chuvash": 0.9230769230769231, "Mari": 0.0}, "skipped_nodes": 1, "model_name": "MaxSegmentCount"}