{"f1_macro": 0.9347053531264058, "f1_weighted": 0.9777143030614132, "accuracy": 0.9785276073619632, "class_scores": {"Udmurts,Besermyan": 1.0, "Tatars,Volga-Tatars,Mishar-Tatars,Kryashens": 0.9914529914529915, "Chuvash": 0.9473684210526315, "Mari": 0.8}, "skipped_nodes": 0, "model_name": "GL_GATConv_3l_512h"}