{"f1_macro": 0.4610719403004547, "f1_weighted": 0.5476396480544974, "accuracy": 0.5061349693251533, "class_scores": {"Udmurts,Besermyan": 0.5373134328358209, "Tatars,Volga-Tatars,Mishar-Tatars,Kryashens": 0.5644171779141104, "Chuvash": 0.5380116959064327, "Mari": 0.20454545454545456}, "skipped_nodes": 0, "model_name": "MaxEdgeCountPerClassSize"}