{"f1_macro": 0.715853077342048, "f1_weighted": 0.8599080019023838, "precision_macro": 0.7768922254216372, "precision_weighted": 0.8824268923409703, "recall_macro": 0.7002911690992186, "recall_weighted": 0.8539325842696629, "accuracy": 0.8539325842696629, "class_scores": {"Chechens": 0.9375, "Kabardians, Circassians, Adyghes": 0.9142857142857143, "Karachays, Balkars": 0.9411764705882353, "Ingush": 0.8571428571428571, "Dagestan peoples": 0.8148148148148148, "Ossetians": 0.7619047619047619, "Kumyks": 0.0, "Nogais": 0.5}, "skipped_nodes": 29, "memory_allocated_MB": 38.45654296875, "memory_reserved_MB": 66.0, "f1_macro_score_only_mask_connect": NaN, "f1_macro_score_only_not_mask_connect": 0.715853077342048, "f1_macro_score_mixed_connect": NaN, "only_mask_connect_sum": 0.0, "only_not_mask_connect_sum": 89.0, "mixed_connect_sum": 0.0, "model_name": "GL_TAGConv_3l_512h_w_k3_gnorm"}