{"f1_macro": 0.6887531198451711, "f1_weighted": 0.8429991191795884, "precision_macro": 0.681989261347814, "precision_weighted": 0.8607639510482556, "recall_macro": 0.7283884099616859, "recall_weighted": 0.8392857142857143, "accuracy": 0.8392857142857143, "class_scores": {"Chechens": 0.7647058823529411, "Kabardians, Circassians, Adyghes": 0.9285714285714286, "Karachays, Balkars": 0.8947368421052632, "Ingush": 0.9090909090909091, "Dagestan peoples": 0.7906976744186046, "Ossetians": 1.0, "Kumyks": 0.2222222222222222, "Nogais": 0.0}, "skipped_nodes": 6, "memory_allocated_MB": 20.9423828125, "memory_reserved_MB": 64.0, "model_name": "GL_SAGEConv_9l_128h"}