{"f1_macro": 0.6074043643299746, "f1_weighted": 0.6850523164448903, "precision_macro": 0.5945745076179859, "precision_weighted": 0.8690249023671269, "recall_macro": 0.8592469761997659, "recall_weighted": 0.6441717791411042, "accuracy": 0.6441717791411042, "class_scores": {"Udmurts,Besermyan": 0.8181818181818182, "Tatars,Volga-Tatars,Mishar-Tatars,Kryashens": 0.6910112359550562, "Chuvash": 0.6896551724137931, "Mari": 0.23076923076923078}, "skipped_nodes": 0, "model_name": "MaxIbdSumPerClassSize"}