{"f1_macro": 0.41425883584031287, "f1_weighted": 0.5058284295740783, "precision_macro": 0.47116950256452006, "precision_weighted": 0.5172045377325063, "recall_macro": 0.44314405229876463, "recall_weighted": 0.549618320610687, "accuracy": 0.549618320610687, "class_scores": {"Ukranians": 0.348993288590604, "Southern Russians": 0.5891891891891892, "Northen Russians": 0.7039274924471299, "Belarusians": 0.014925373134328358}, "skipped_nodes": 6, "memory_allocated_MB": 101.55859375, "memory_reserved_MB": 352.0, "model_name": "GL_GINConv_9l_512h"}