{"f1_macro": 0.6048115301578223, "f1_weighted": 0.754463131195092, "precision_macro": 0.6505265055141902, "precision_weighted": 0.756960498050137, "recall_macro": 0.6049933096598219, "recall_weighted": 0.7881705639614855, "accuracy": 0.7881705639614855, "class_scores": {"English": 0.9209209209209209, "Germans": 0.3687150837988827, "French": 0.3076923076923077, "Belgium": 0.821917808219178}, "skipped_nodes": 42, "memory_allocated_MB": 21.19970703125, "memory_reserved_MB": 26.0, "model_name": "GL_GINConv_9l_128h"}