{"f1_macro": 0.9686338171632289, "f1_weighted": 0.9846352862823453, "precision_macro": 0.9846273291925466, "precision_weighted": 0.9852919254658385, "recall_macro": 0.9551005747126436, "recall_weighted": 0.9846153846153847, "accuracy": 0.9846153846153847, "class_scores": {"Udmurts,Besermyan": 0.9714285714285714, "Tatars,Volga-Tatars,Mishar-Tatars,Kryashens": 0.9913419913419913, "Chuvash": 0.9705882352941176, "Mari": 0.9411764705882353}, "skipped_nodes": 1, "memory_allocated_MB": 36.64599609375, "memory_reserved_MB": 182.0, "model_name": "GL_TAGConv_3l_512h_w_k3_gnorm"}