{"f1_macro": 0.9124246096906196, "f1_weighted": 0.9593883145975817, "accuracy": 0.9605263157894737, "class_scores": {"English": 0.9802955665024631, "Germans": 0.8775510204081632, "French": 0.8518518518518519, "Belgium": 0.94}, "skipped_nodes": 237, "model_name": "GL_GINConv_3l_128h"}