{"f1_macro": 0.9333089455941537, "f1_weighted": 0.9564731108377967, "accuracy": 0.9575342465753425, "class_scores": {"English": 0.979765708200213, "Germans": 0.9142857142857143, "French": 0.8955223880597015, "Belgium": 0.9436619718309859}, "skipped_nodes": 39, "model_name": "GL_TAGConv_3l_128h_w_k3"}