{"f1_macro": 0.5616833030852995, "f1_weighted": 0.7514451913764618, "precision_macro": 0.5530126901094643, "precision_weighted": 0.757249582867983, "recall_macro": 0.5811711436711436, "recall_weighted": 0.7488789237668162, "accuracy": 0.7488789237668162, "class_scores": {"P0": 0.625, "P1": 0.8355263157894737, "P2": 0.5862068965517241, "P3": 0.2}, "skipped_nodes": 54, "model_name": "LongestIbd"}