{"f1_macro": 0.30133344028931597, "f1_weighted": 0.41237874215518744, "precision_macro": 0.2592588087615674, "precision_weighted": 0.3547537055091037, "recall_macro": 0.3680569420596574, "recall_weighted": 0.5037837837837837, "accuracy": 0.5037837837837837, "class_scores": {"Southern Russians": 0.5648679678530425, "Ukranians": 0.0, "Northen Russians": 0.6404657933042213, "Belarusians": 0.0}, "skipped_nodes": 0, "memory_allocated_MB": 26.37255859375, "memory_reserved_MB": 188.0, "model_name": "GL_SAGEConv_3l_128h"}