{"f1_macro": 0.49655108028807676, "f1_weighted": 0.5655733471666063, "precision_macro": 0.5188667806820503, "precision_weighted": 0.8369949330440197, "recall_macro": 0.7134217713616855, "recall_weighted": 0.5184049079754601, "accuracy": 0.5184049079754601, "class_scores": {"P0": 0.72, "P1": 0.5705521472392638, "P2": 0.5652173913043478, "P3": 0.13043478260869565}, "skipped_nodes": 0, "model_name": "MaxEdgeCountPerClassSize"}