{"f1_macro": 0.7847154471544715, "f1_weighted": 0.8576904883734152, "precision_macro": 0.8853871413757346, "precision_weighted": 0.879201738462022, "recall_macro": 0.744509360217763, "recall_weighted": 0.8699300699300699, "accuracy": 0.8699300699300699, "class_scores": {"English": 0.9288617886178862, "Germans": 0.71, "French": 0.6666666666666666, "Belgium": 0.8333333333333334}, "skipped_nodes": 54, "memory_allocated_MB": 102.2255859375, "memory_reserved_MB": 326.0, "model_name": "GL_GINConv_9l_512h"}