{"f1_macro": 0.9409319083827624, "f1_weighted": 0.9516644953963678, "accuracy": 0.9523809523809523, "class_scores": {"Swedes": 0.972972972972973, "Norwegians": 0.9532710280373832, "Danes": 0.896551724137931}, "skipped_nodes": 5, "model_name": "GL_SAGEConv_9l_512h"}