{"f1_macro": 0.6000125412916111, "f1_weighted": 0.6720925296756372, "precision_macro": 0.5999346405228758, "precision_weighted": 0.8726669072536991, "recall_macro": 0.8463064117570556, "recall_weighted": 0.6226993865030674, "accuracy": 0.6226993865030674, "class_scores": {"Udmurts,Besermyan": 0.8372093023255814, "Tatars,Volga-Tatars,Mishar-Tatars,Kryashens": 0.6723646723646723, "Chuvash": 0.6904761904761905, "Mari": 0.2}, "skipped_nodes": 0, "model_name": "MaxEdgeCountPerClassSize"}