{"f1_macro": 0.9616589550800076, "f1_weighted": 0.9850441238881665, "accuracy": 0.9846625766871165, "class_scores": {"Udmurts,Besermyan": 0.9230769230769231, "Tatars,Volga-Tatars,Mishar-Tatars,Kryashens": 0.9913419913419913, "Chuvash": 0.9848484848484849, "Mari": 0.9473684210526315}, "skipped_nodes": 0, "model_name": "GL_TAGConv_3l_512h_w_k3_gnorm"}