{"f1_macro": 0.9728827199911986, "f1_weighted": 0.9765850430808142, "precision_macro": 0.9817042606516292, "precision_weighted": 0.9771323657982164, "recall_macro": 0.965292282573836, "recall_weighted": 0.9767441860465116, "accuracy": 0.9767441860465116, "class_scores": {"Swedes": 0.9801324503311258, "Norwegians": 0.9807692307692307, "Danes": 0.9577464788732394}, "skipped_nodes": 0, "memory_allocated_MB": 17.01123046875, "memory_reserved_MB": 48.0, "model_name": "GL_GCNConv_3l_128h_w"}