{"f1_macro": 0.4398893689831361, "f1_weighted": 0.46933678115754407, "precision_macro": 0.6199764596016389, "precision_weighted": 0.7056334821569284, "recall_macro": 0.4868520396664413, "recall_weighted": 0.5175438596491229, "accuracy": 0.5175438596491229, "class_scores": {"Chechens": 0.576271186440678, "Kabardians, Circassians, Adyghes": 0.43243243243243246, "Karachays, Balkars": 0.5925925925925926, "Ingush": 0.42857142857142855, "Dagestan peoples": 0.3225806451612903, "Ossetians": 0.6666666666666666, "Kumyks": 0.0, "Nogais": 0.5}, "skipped_nodes": 4, "memory_allocated_MB": 21.89013671875, "memory_reserved_MB": 86.0, "model_name": "GL_GINConv_9l_128h"}