{"f1_macro": 0.5928275367738719, "f1_weighted": 0.6973116490999445, "precision_macro": 0.6266287923387888, "precision_weighted": 0.8242489845480833, "recall_macro": 0.6433324662938398, "recall_weighted": 0.6625766871165644, "accuracy": 0.6625766871165644, "class_scores": {"P0": 0.875, "P1": 0.7486910994764397, "P2": 0.5333333333333333, "P3": 0.21428571428571427}, "skipped_nodes": 0, "model_name": "LongestIbd"}