{"f1_macro": 0.8339570901589468, "f1_weighted": 0.9159352504419038, "precision_macro": 0.8467726464049994, "precision_weighted": 0.923284619722626, "recall_macro": 0.8355626508100586, "recall_weighted": 0.9161676646706587, "accuracy": 0.9161676646706587, "class_scores": {"English": 0.9748083242059146, "Germans": 0.8, "French": 0.6721311475409836, "Belgium": 0.8888888888888888}, "skipped_nodes": 101, "memory_allocated_MB": 86.9541015625, "memory_reserved_MB": 214.0, "model_name": "GL_SAGEConv_9l_512h"}