{"f1_macro": 0.4918769715241622, "f1_weighted": 0.5586092594257904, "precision_macro": 0.5502050258734505, "precision_weighted": 0.5688449954105168, "recall_macro": 0.4868766087430231, "recall_weighted": 0.58584686774942, "accuracy": 0.58584686774942, "class_scores": {"Ukranians": 0.24875621890547264, "Southern Russians": 0.6494252873563219, "Northen Russians": 0.6738461538461539, "Belarusians": 0.3954802259887006}, "skipped_nodes": 43, "memory_allocated_MB": 25.14306640625, "memory_reserved_MB": 104.0, "model_name": "GL_TAGConv_9l_128h_w_k3"}