{"f1_macro": 0.6546847610127626, "f1_weighted": 0.7123653731307888, "precision_macro": 0.6778273809523809, "precision_weighted": 0.8952125328659071, "recall_macro": 0.8570360254909611, "recall_weighted": 0.6533742331288344, "accuracy": 0.6533742331288344, "class_scores": {"P0": 1.0, "P1": 0.7091412742382271, "P2": 0.7160493827160493, "P3": 0.1935483870967742}, "skipped_nodes": 0, "model_name": "MaxEdgeCountPerClassSize"}