{"f1_macro": 0.4877827233414197, "f1_weighted": 0.8579077276283273, "accuracy": 0.8926380368098159, "class_scores": {"Udmurts,Besermyan": 0.10526315789473684, "Tatars,Volga-Tatars,Mishar-Tatars,Kryashens": 0.9338677354709419, "Chuvash": 0.912, "Mari": 0.0}, "skipped_nodes": 0, "model_name": "GL_TAGConv_9l_512h_w_k3"}