{"f1_macro": 0.603479121464733, "f1_weighted": 0.8385734986700789, "precision_macro": 0.6526280323450135, "precision_weighted": 0.8327225565853118, "recall_macro": 0.5778611632270169, "recall_weighted": 0.8493150684931506, "accuracy": 0.8493150684931506, "class_scores": {"P0": 0.7619047619047619, "P1": 0.9112709832134293, "P2": 0.7407407407407407, "P3": 0.0}, "skipped_nodes": 22, "memory_allocated_MB": 38.9375, "memory_reserved_MB": 194.0, "f1_macro_score_only_mask_connect": -100.0, "f1_macro_score_only_not_mask_connect": -100.0, "f1_macro_score_mixed_connect": -100.0, "only_mask_connect_sum": -100.0, "only_not_mask_connect_sum": -100.0, "mixed_connect_sum": -100.0, "model_name": "GL_TAGConv_3l_512h_w_k3_gnorm"}