{"f1_macro": 0.5463939969906968, "f1_weighted": 0.6397079625412286, "precision_macro": 0.5533384452575691, "precision_weighted": 0.8362520405623493, "recall_macro": 0.7757737107382138, "recall_weighted": 0.5833333333333334, "accuracy": 0.5833333333333334, "class_scores": {"Udmurts,Besermyan": 0.75, "Tatars,Volga-Tatars,Mishar-Tatars,Kryashens": 0.6704545454545454, "Chuvash": 0.562874251497006, "Mari": 0.20224719101123595}, "skipped_nodes": 2, "model_name": "MaxIbdSumPerClassSize"}