{"f1_macro": 0.6255961599524184, "f1_weighted": 0.6311679862094115, "precision_macro": 0.6641133767544073, "precision_weighted": 0.6594219554530819, "recall_macro": 0.6322047444413822, "recall_weighted": 0.6471861471861472, "accuracy": 0.6471861471861472, "class_scores": {"P0": 0.6570972886762361, "P1": 0.47093023255813954, "P2": 0.7843866171003717, "P3": 0.5899705014749262}, "skipped_nodes": 0, "model_name": "MaxSegmentCount"}