{"f1_macro": 0.4452212496041402, "f1_weighted": 0.5283683671813825, "precision_macro": 0.5492344648087374, "precision_weighted": 0.5581358561170555, "recall_macro": 0.44695070299643436, "recall_weighted": 0.568, "accuracy": 0.568, "class_scores": {"Northen Russians": 0.6919431279620853, "Ukranians": 0.2097902097902098, "Belarusians": 0.29411764705882354, "Southern Russians": 0.5850340136054422}, "skipped_nodes": 107, "memory_allocated_MB": 18.51953125, "memory_reserved_MB": 58.0, "model_name": "GL_GCNConv_9l_128h_w"}