{"f1_macro": 0.6590094928440793, "f1_weighted": 0.7582922535613251, "accuracy": 0.7640449438202247, "class_scores": {"Chechens": 0.7368421052631579, "Kabardians, Circassians, Adyghes": 0.7428571428571429, "Karachays, Balkars": 0.8108108108108109, "Ingush": 0.8, "Dagestan peoples": 0.7857142857142857, "Ossetians": 0.7368421052631579, "Kumyks": 0.0, "Nogais": 0.0}, "skipped_nodes": 29, "model_name": "GL_GINConv_3l_128h"}