{"f1_macro": 0.5321690502383571, "f1_weighted": 0.5841523638916458, "precision_macro": 0.5774649867041171, "precision_weighted": 0.5930060248387026, "recall_macro": 0.5241002434600812, "recall_weighted": 0.6002444987775061, "accuracy": 0.6002444987775061, "class_scores": {"Ukranians": 0.3333333333333333, "Southern Russians": 0.6138613861386139, "Northen Russians": 0.7, "Belarusians": 0.48148148148148145}, "skipped_nodes": 65, "memory_allocated_MB": 36.68505859375, "memory_reserved_MB": 208.0, "model_name": "GL_TAGConv_3l_512h_w_k3_gnorm_relu"}