{"f1_macro": 0.4620504593908849, "f1_weighted": 0.3543869979387536, "precision_macro": 0.5916412647181878, "precision_weighted": 0.8317883155070507, "recall_macro": 0.6767568387740062, "recall_weighted": 0.35276073619631904, "accuracy": 0.35276073619631904, "class_scores": {"P0": 1.0, "P1": 0.29304029304029305, "P2": 0.425531914893617, "P3": 0.12962962962962962}, "skipped_nodes": 0, "model_name": "MaxEdgeCountPerClassSize"}