{"f1_macro": 0.9351722478028464, "f1_weighted": 0.959950305722663, "accuracy": 0.9607293127629734, "class_scores": {"English": 0.9773950484391819, "Germans": 0.9572649572649573, "French": 0.864, "Belgium": 0.9420289855072463}, "skipped_nodes": 56, "model_name": "GL_MLP_3l_512h"}