{"f1_macro": 0.32084022935488027, "f1_weighted": 0.4322335217811168, "precision_macro": 0.4536852176880698, "precision_weighted": 0.47410997282197714, "recall_macro": 0.3816298935755313, "recall_weighted": 0.5200868621064061, "accuracy": 0.5200868621064061, "class_scores": {"Southern Russians": 0.5596221959858324, "Ukranians": 0.0, "Northen Russians": 0.6799431009957326, "Belarusians": 0.043795620437956206}, "skipped_nodes": 4, "memory_allocated_MB": 23.28857421875, "memory_reserved_MB": 94.0, "model_name": "GL_SAGEConv_9l_128h"}