{"f1_macro": 0.9489864577412519, "f1_weighted": 0.9667058036443335, "precision_macro": 0.9600563542761065, "precision_weighted": 0.9676089791277146, "recall_macro": 0.9405028772517656, "recall_weighted": 0.9669421487603306, "accuracy": 0.9669421487603306, "class_scores": {"English": 0.9847494553376906, "Germans": 0.9323308270676691, "French": 0.9007633587786259, "Belgium": 0.9781021897810219}, "skipped_nodes": 43, "memory_allocated_MB": 44.19189453125, "memory_reserved_MB": 192.0, "f1_macro_score_only_mask_connect": -100.0, "f1_macro_score_only_not_mask_connect": -100.0, "f1_macro_score_mixed_connect": -100.0, "only_mask_connect_sum": -100.0, "only_not_mask_connect_sum": -100.0, "mixed_connect_sum": -100.0, "model_name": "GL_TAGConv_3l_512h_w_k3"}