{"f1_macro": 0.4568023587805121, "f1_weighted": 0.5131982304125019, "precision_macro": 0.45641035909367034, "precision_weighted": 0.5111935130334393, "recall_macro": 0.4578771325000226, "recall_weighted": 0.5158924205378973, "accuracy": 0.5158924205378973, "class_scores": {"Ukranians": 0.2575107296137339, "Southern Russians": 0.5340501792114696, "Northen Russians": 0.6490939044481054, "Belarusians": 0.3865546218487395}, "skipped_nodes": 65, "memory_allocated_MB": 17.43359375, "memory_reserved_MB": 36.0, "model_name": "GL_SAGEConv_3l_128h"}