{"f1_macro": 0.6593335736279499, "f1_weighted": 0.6593335736279499, "precision_macro": 0.6666161755334294, "precision_weighted": 0.6666161755334296, "recall_macro": 0.6719242902208201, "recall_weighted": 0.6719242902208202, "accuracy": 0.6719242902208202, "class_scores": {"P0": 0.6606606606606606, "P1": 0.4793713163064833, "P2": 0.8057971014492754, "P3": 0.6915052160953801}, "skipped_nodes": 0, "model_name": "MaxIbdSumPerClassSize"}