{"f1_macro": 0.9316017316017317, "f1_weighted": 0.9385606568705159, "precision_macro": 0.9452182360231802, "precision_weighted": 0.9395899060325172, "recall_macro": 0.9204499922946524, "recall_weighted": 0.9389671361502347, "accuracy": 0.9389671361502347, "class_scores": {"Swedes": 0.9333333333333333, "Norwegians": 0.9523809523809523, "Danes": 0.9090909090909091}, "skipped_nodes": 2, "memory_allocated_MB": 22.3671875, "memory_reserved_MB": 128.0, "f1_macro_score_only_mask_connect": 1.0, "f1_macro_score_only_not_mask_connect": 0.5079365079365079, "f1_macro_score_mixed_connect": 0.9329196778353651, "only_mask_connect_sum": 10.0, "only_not_mask_connect_sum": 11.0, "mixed_connect_sum": 192.0, "model_name": "GL_GATConv_3l_128h"}