{"f1_macro": 0.7305549231837826, "f1_weighted": 0.9290407479093928, "precision_macro": 0.9542818911685994, "precision_weighted": 0.9434410282230481, "recall_macro": 0.6981076863051112, "recall_weighted": 0.9386503067484663, "accuracy": 0.9386503067484663, "class_scores": {"P0": 0.8387096774193549, "P1": 0.9680170575692963, "P2": 0.9154929577464789, "P3": 0.2}, "skipped_nodes": 0, "model_name": "MaxIbdSum"}