{"f1_macro": 0.5051331730651084, "f1_weighted": 0.6449947336143204, "precision_macro": 0.4841608671420609, "precision_weighted": 0.7888096367218055, "recall_macro": 0.6495058223487427, "recall_weighted": 0.6070287539936102, "accuracy": 0.6070287539936102, "class_scores": {"P0": 0.6486486486486487, "P1": 0.7019498607242339, "P2": 0.5077720207253886, "P3": 0.16216216216216217}, "skipped_nodes": 10, "model_name": "MaxIbdSumPerClassSize"}