{"f1_macro": 0.9386415329540196, "f1_weighted": 0.9580534880122763, "precision_macro": 0.9587566883523768, "precision_weighted": 0.9588763929942928, "recall_macro": 0.9213227446354342, "recall_weighted": 0.958904109589041, "accuracy": 0.958904109589041, "class_scores": {"English": 0.9786780383795309, "Germans": 0.9156626506024096, "French": 0.9037037037037037, "Belgium": 0.9565217391304348}, "skipped_nodes": 39, "memory_allocated_MB": 36.39794921875, "memory_reserved_MB": 42.0, "model_name": "GL_GINConv_3l_512h"}