{"f1_macro": 0.39381016804299035, "f1_weighted": 0.48998643315877977, "precision_macro": 0.39866767287059857, "precision_weighted": 0.49795971136042666, "recall_macro": 0.40659039660688123, "recall_weighted": 0.49409780775716694, "accuracy": 0.49409780775716694, "class_scores": {"Northen Russians": 0.6763485477178424, "Ukranians": 0.13008130081300814, "Belarusians": 0.2727272727272727, "Southern Russians": 0.4960835509138381}, "skipped_nodes": 145, "memory_allocated_MB": 37.2900390625, "memory_reserved_MB": 158.0, "model_name": "GL_TAGConv_3l_512h_nw_k3_gnorm"}