{"f1_macro": 0.5058487517856192, "f1_weighted": 0.6780560058123865, "precision_macro": 0.5116118562809739, "precision_weighted": 0.7806013858534867, "recall_macro": 0.5904275606918779, "recall_weighted": 0.6349206349206349, "accuracy": 0.6349206349206349, "class_scores": {"P0": 0.5925925925925926, "P1": 0.7571801566579635, "P2": 0.48314606741573035, "P3": 0.19047619047619047}, "skipped_nodes": 8, "model_name": "MaxIbdSumPerClassSize"}