{"f1_macro": 0.6827755577755579, "f1_weighted": 0.8655041927769199, "accuracy": 0.8818181818181818, "class_scores": {"Chechens": 0.8717948717948718, "Kabardians, Circassians, Adyghes": 0.9090909090909091, "Karachays, Balkars": 0.8717948717948718, "Ingush": 0.9523809523809523, "Dagestan peoples": 0.8571428571428571, "Ossetians": 1.0, "Kumyks": 0.0, "Nogais": 0.0}, "skipped_nodes": 8, "model_name": "GL_GCNConv_3l_512h_w"}