{"f1_macro": 0.6284902554868362, "f1_weighted": 0.6713211959874409, "precision_macro": 0.6397150926199637, "precision_weighted": 0.6688248123089352, "recall_macro": 0.6222918967435712, "recall_weighted": 0.6778378378378378, "accuracy": 0.6778378378378378, "class_scores": {"Southern Russians": 0.6902927580893683, "Ukranians": 0.4982698961937716, "Northen Russians": 0.8012048192771084, "Belarusians": 0.5241935483870968}, "skipped_nodes": 0, "memory_allocated_MB": 41.77294921875, "memory_reserved_MB": 486.0, "f1_macro_score_only_mask_connect": -100.0, "f1_macro_score_only_not_mask_connect": -100.0, "f1_macro_score_mixed_connect": -100.0, "only_mask_connect_sum": -100.0, "only_not_mask_connect_sum": -100.0, "mixed_connect_sum": -100.0, "model_name": "GL_TAGConv_3l_512h_w_k3_gnorm_relu"}