{"f1_macro": 0.20350084697910786, "f1_weighted": 0.2950445659968199, "precision_macro": 0.3700657894736842, "precision_weighted": 0.3984702938327414, "recall_macro": 0.14777062470195518, "recall_weighted": 0.2392638036809816, "accuracy": 0.2392638036809816, "class_scores": {"P0": 0.43478260869565216, "P1": 0.37922077922077924, "P2": 0.0, "P3": 0.0}, "skipped_nodes": 0, "model_name": "MaxIbdSum"}