{"f1_macro": 0.8402497990894683, "f1_weighted": 0.9061352379519862, "precision_macro": 0.8476090082143842, "precision_weighted": 0.9064180345484681, "recall_macro": 0.835812412904924, "recall_weighted": 0.9077809798270894, "accuracy": 0.9077809798270894, "class_scores": {"English": 0.9608695652173913, "Germans": 0.8058252427184466, "French": 0.6825396825396826, "Belgium": 0.9117647058823529}, "skipped_nodes": 75, "memory_allocated_MB": 21.33740234375, "memory_reserved_MB": 208.0, "model_name": "GL_SAGEConv_9l_128h"}