{"f1_macro": 0.635147521236231, "f1_weighted": 0.7967808664760425, "precision_macro": 0.6464782276546982, "precision_weighted": 0.8461685858663732, "recall_macro": 0.6613085725408241, "recall_weighted": 0.7706422018348624, "accuracy": 0.7706422018348624, "class_scores": {"Chechens": 0.8387096774193549, "Kabardians, Circassians, Adyghes": 0.8148148148148148, "Karachays, Balkars": 0.8571428571428571, "Ingush": 0.8333333333333334, "Dagestan peoples": 0.8205128205128205, "Ossetians": 0.6666666666666666, "Kumyks": 0.25, "Nogais": 0.0}, "skipped_nodes": 9, "memory_allocated_MB": 41.71826171875, "memory_reserved_MB": 72.0, "model_name": "GL_GINConv_3l_512h"}