{"f1_macro": 0.6240088035042637, "f1_weighted": 0.7573326864089639, "precision_macro": 0.6340962346477053, "precision_weighted": 0.8047545411954479, "recall_macro": 0.682834941709181, "recall_weighted": 0.7339449541284404, "accuracy": 0.7339449541284404, "class_scores": {"Chechens": 0.8387096774193549, "Kabardians, Circassians, Adyghes": 0.7017543859649122, "Karachays, Balkars": 0.8484848484848485, "Ingush": 0.782608695652174, "Dagestan peoples": 0.8205128205128205, "Ossetians": 0.6, "Kumyks": 0.4, "Nogais": 0.0}, "skipped_nodes": 9, "memory_allocated_MB": 41.90283203125, "memory_reserved_MB": 76.0, "model_name": "GL_GINConv_3l_512h"}