{"f1_macro": 0.8226770843660157, "f1_weighted": 0.9102307716979922, "precision_macro": 0.8654771168837087, "precision_weighted": 0.9134474491512022, "recall_macro": 0.8018220933312158, "recall_weighted": 0.9147058823529411, "accuracy": 0.9147058823529411, "class_scores": {"English": 0.9727371864776445, "Germans": 0.8035714285714286, "French": 0.6136363636363636, "Belgium": 0.9007633587786259}, "skipped_nodes": 89, "memory_allocated_MB": 27.14208984375, "memory_reserved_MB": 90.0, "f1_macro_score_only_mask_connect": 0.6238506068051523, "f1_macro_score_only_not_mask_connect": 0.8641025641025641, "f1_macro_score_mixed_connect": 0.9431607923109919, "only_mask_connect_sum": 145.0, "only_not_mask_connect_sum": 74.0, "mixed_connect_sum": 461.0, "model_name": "GL_SAGEConv_3l_512h"}