{"f1_macro": 0.5812802977689785, "f1_weighted": 0.6940163460974077, "accuracy": 0.6441717791411042, "class_scores": {"P0": 0.75, "P1": 0.712707182320442, "P2": 0.6829268292682927, "P3": 0.1794871794871795}, "skipped_nodes": 0, "model_name": "MaxIbdSumPerClassSize"}