{"f1_macro": 0.8625174155346569, "f1_weighted": 0.9362871765485781, "precision_macro": 0.9040643358709632, "precision_weighted": 0.9377442314614528, "recall_macro": 0.836507354652516, "recall_weighted": 0.9387096774193548, "accuracy": 0.9387096774193548, "class_scores": {"English": 0.9772727272727273, "Germans": 0.8505747126436781, "French": 0.7333333333333333, "Belgium": 0.8888888888888888}, "skipped_nodes": 149, "memory_allocated_MB": 99.1328125, "memory_reserved_MB": 340.0, "f1_macro_score_only_mask_connect": 0.5698861017841859, "f1_macro_score_only_not_mask_connect": 0.9475336943757997, "f1_macro_score_mixed_connect": 0.9009502116961647, "only_mask_connect_sum": 85.0, "only_not_mask_connect_sum": 152.0, "mixed_connect_sum": 383.0, "model_name": "GL_GATConv_3l_512h"}