{"f1_macro": 0.5531421274240285, "f1_weighted": 0.5966903205247919, "precision_macro": 0.5653050047880452, "precision_weighted": 0.5932599036643814, "recall_macro": 0.5492561383537292, "recall_weighted": 0.6067538126361656, "accuracy": 0.6067538126361656, "class_scores": {"Ukranians": 0.3560606060606061, "Southern Russians": 0.6003062787136294, "Northen Russians": 0.7481371087928465, "Belarusians": 0.5080645161290323}, "skipped_nodes": 5, "memory_allocated_MB": 36.6865234375, "memory_reserved_MB": 244.0, "model_name": "GL_TAGConv_3l_512h_nw_k3_gnorm_relu"}