{"f1_macro": 0.4735662308108129, "f1_weighted": 0.4945048611924901, "accuracy": 0.5121527777777778, "class_scores": {"krasnodar": 0.5077399380804953, "yaroslavl": 0.32142857142857145, "ryazan": 0.5811965811965812, "kaluga": 0.36923076923076925, "vologda": 0.5882352941176471}, "skipped_nodes": 0, "model_name": "MaxSegmentCount"}