{"f1_macro": 0.43591927346356707, "f1_weighted": 0.472352214814832, "precision_macro": 0.43900986124119634, "precision_weighted": 0.49155624085129124, "recall_macro": 0.44755363239431273, "recall_weighted": 0.466955579631636, "accuracy": 0.466955579631636, "class_scores": {"Southern Russians": 0.4530386740331492, "Ukranians": 0.3283582089552239, "Northen Russians": 0.618066561014263, "Belarusians": 0.34421364985163205}, "skipped_nodes": 2, "memory_allocated_MB": 37.73681640625, "memory_reserved_MB": 158.0, "model_name": "GL_TAGConv_3l_512h_w_k3_gnorm"}