{"f1_macro": 0.24626624611884093, "f1_weighted": 0.5202981212457013, "accuracy": 0.5153374233128835, "class_scores": {"P0": 0.05555555555555555, "P1": 0.6782608695652174, "P2": 0.145985401459854, "P3": 0.10526315789473684}, "skipped_nodes": 0, "model_name": "GL_TAGConv_3l_512h_w_k3_gnorm"}