{"f1_macro": 0.4696843050566455, "f1_weighted": 0.5324949922484223, "precision_macro": 0.5096070516329136, "precision_weighted": 0.6147933302300044, "recall_macro": 0.490032679738562, "recall_weighted": 0.5420560747663551, "accuracy": 0.5420560747663551, "class_scores": {"Chechens": 0.6808510638297872, "Kabardians, Circassians, Adyghes": 0.38095238095238093, "Karachays, Balkars": 0.5909090909090909, "Ingush": 0.5714285714285714, "Dagestan peoples": 0.5333333333333333, "Ossetians": 0.6666666666666666, "Kumyks": 0.0, "Nogais": 0.3333333333333333}, "skipped_nodes": 11, "memory_allocated_MB": 102.037109375, "memory_reserved_MB": 148.0, "model_name": "GL_GINConv_9l_512h"}