{"f1_macro": 0.6679116328309876, "f1_weighted": 0.7315261127798234, "accuracy": 0.7055214723926381, "class_scores": {"Udmurts,Besermyan": 0.9, "Tatars,Volga-Tatars,Mishar-Tatars,Kryashens": 0.7405405405405405, "Chuvash": 0.7096774193548387, "Mari": 0.32142857142857145}, "skipped_nodes": 0, "model_name": "MaxIbdSumPerClassSize"}