{"f1_macro": 0.6028108078188028, "f1_weighted": 0.6440601170470691, "precision_macro": 0.6051080595450894, "precision_weighted": 0.6574894099330655, "recall_macro": 0.6098565690892263, "recall_weighted": 0.6410810810810811, "accuracy": 0.6410810810810811, "class_scores": {"Southern Russians": 0.6476868327402135, "Ukranians": 0.4568245125348189, "Northen Russians": 0.7865853658536586, "Belarusians": 0.5201465201465202}, "skipped_nodes": 925, "memory_allocated_MB": 200.74560546875, "memory_reserved_MB": 2716.0, "model_name": "GL_MLP_3l_512h"}