{"f1_macro": 0.915918140718036, "f1_weighted": 0.9140078579682065, "accuracy": 0.914572864321608, "class_scores": {"Swedes": 0.8985507246376812, "Norwegians": 0.9223744292237442, "Danes": 0.926829268292683}, "skipped_nodes": 16, "model_name": "GL_SAGEConv_9l_512h"}