{"f1_macro": 0.19304729111136917, "f1_weighted": 0.256169746092517, "precision_macro": 0.23875221631205673, "precision_weighted": 0.28391700210849147, "recall_macro": 0.2657029908557281, "recall_weighted": 0.3589189189189189, "accuracy": 0.3589189189189189, "class_scores": {"Southern Russians": 0.2096069868995633, "Ukranians": 0.04597701149425287, "Northen Russians": 0.5166051660516605, "Belarusians": 0.0}, "skipped_nodes": 0, "model_name": "AgglomerativeClustering"}