{"f1_macro": 0.464017736578957, "f1_weighted": 0.8080576522777034, "accuracy": 0.843558282208589, "class_scores": {"P0": 0.2, "P1": 0.9013539651837524, "P2": 0.7547169811320755, "P3": 0.0}, "skipped_nodes": 0, "model_name": "GL_GCNConv_3l_512h_w"}