{"f1_macro": 0.21904428262932388, "f1_weighted": 0.28939742648680283, "precision_macro": 0.2255460486680503, "precision_weighted": 0.2742412566587319, "recall_macro": 0.29532361397710893, "recall_weighted": 0.39761646803900325, "accuracy": 0.39761646803900325, "class_scores": {"Southern Russians": 0.22568093385214008, "Ukranians": 0.0, "Northen Russians": 0.5992141453831041, "Belarusians": 0.05128205128205128}, "skipped_nodes": 2, "memory_allocated_MB": 19.55322265625, "memory_reserved_MB": 162.0, "model_name": "GL_GCNConv_9l_128h_w"}