{"f1_macro": 0.6703420510852118, "f1_weighted": 0.731499705432417, "precision_macro": 0.6756440281030445, "precision_weighted": 0.8892472809298718, "recall_macro": 0.85949625005419, "recall_weighted": 0.6901840490797546, "accuracy": 0.6901840490797546, "class_scores": {"P0": 1.0, "P1": 0.7336956521739131, "P2": 0.7191011235955056, "P3": 0.22857142857142856}, "skipped_nodes": 0, "model_name": "MaxIbdSumPerClassSize"}