{"f1_macro": 0.4758562033595528, "f1_weighted": 0.5472143820852484, "precision_macro": 0.4946232511449903, "precision_weighted": 0.5430121791677855, "recall_macro": 0.4706792557324472, "recall_weighted": 0.561877667140825, "accuracy": 0.561877667140825, "class_scores": {"Northen Russians": 0.6852173913043478, "Ukranians": 0.225, "Belarusians": 0.4166666666666667, "Southern Russians": 0.5765407554671969}, "skipped_nodes": 107, "memory_allocated_MB": 18.888671875, "memory_reserved_MB": 58.0, "model_name": "GL_GCNConv_9l_128h_w"}