{"f1_macro": 0.7363663628799753, "f1_weighted": 0.8616226273314228, "precision_macro": 0.72690438216754, "precision_weighted": 0.8919124962410746, "recall_macro": 0.7717912823891084, "recall_weighted": 0.8504672897196262, "accuracy": 0.8504672897196262, "class_scores": {"Udmurts,Besermyan": 0.9333333333333333, "Tatars,Volga-Tatars,Mishar-Tatars,Kryashens": 0.9065420560747663, "Chuvash": 0.7577639751552795, "Mari": 0.34782608695652173}, "skipped_nodes": 5, "model_name": "LongestIbd"}