{"f1_macro": 0.8473574684733238, "f1_weighted": 0.9270262997772962, "precision_macro": 0.8699921501716785, "precision_weighted": 0.9304195324806017, "recall_macro": 0.8350613112358272, "recall_weighted": 0.92914653784219, "accuracy": 0.92914653784219, "class_scores": {"English": 0.9732142857142857, "Germans": 0.8029197080291971, "French": 0.6966292134831461, "Belgium": 0.9166666666666666}, "skipped_nodes": 148, "memory_allocated_MB": 16.8759765625, "memory_reserved_MB": 70.0, "model_name": "GL_GCNConv_3l_128h_w"}