{"f1_macro": 0.3506229800512649, "f1_weighted": 0.6822710223732964, "accuracy": 0.7555886736214605, "class_scores": {"English": 0.9047141424272819, "Germans": 0.49777777777777776, "French": 0.0, "Belgium": 0.0}, "skipped_nodes": 98, "model_name": "GL_GATConv_3l_128h"}