{"f1_macro": 0.9152168805322097, "f1_weighted": 0.9471546991404803, "precision_macro": 0.9411477834005468, "precision_weighted": 0.9493763341677026, "recall_macro": 0.8985039922649867, "recall_weighted": 0.9490358126721763, "accuracy": 0.9490358126721763, "class_scores": {"English": 0.9743589743589743, "Germans": 0.926829268292683, "French": 0.8244274809160306, "Belgium": 0.935251798561151}, "skipped_nodes": 43, "memory_allocated_MB": 156.6796875, "memory_reserved_MB": 460.0, "model_name": "GL_TAGConv_9l_512h_w_k3"}