{"f1_macro": 0.816860601524216, "f1_weighted": 0.8952883406453439, "precision_macro": 0.8810212464448437, "precision_weighted": 0.9124441517457962, "recall_macro": 0.8012683194337004, "recall_weighted": 0.8975817923186344, "accuracy": 0.8975817923186344, "class_scores": {"English": 0.9624724061810155, "Germans": 0.7653429602888087, "French": 0.6153846153846154, "Belgium": 0.9242424242424242}, "skipped_nodes": 66, "memory_allocated_MB": 102.93994140625, "memory_reserved_MB": 296.0, "f1_macro_score_only_mask_connect": 0.7058409477607361, "f1_macro_score_only_not_mask_connect": 0.7517857142857143, "f1_macro_score_mixed_connect": 0.9160422396152565, "only_mask_connect_sum": 168.0, "only_not_mask_connect_sum": 45.0, "mixed_connect_sum": 490.0, "model_name": "GL_GINConv_9l_512h"}