{"f1_macro": 0.7627731939435299, "f1_weighted": 0.8534144254915477, "accuracy": 0.8451127819548873, "class_scores": {"English": 0.9223638470451911, "Germans": 0.6713286713286714, "French": 0.6285714285714286, "Belgium": 0.8288288288288288}, "skipped_nodes": 104, "model_name": "GL_MLP_3l_512h"}