{"f1_macro": 0.8895023888880951, "f1_weighted": 0.9591768529495716, "accuracy": 0.9601226993865031, "class_scores": {"Udmurts,Besermyan": 0.9411764705882353, "Tatars,Volga-Tatars,Mishar-Tatars,Kryashens": 0.980561555075594, "Chuvash": 0.9219858156028369, "Mari": 0.7142857142857143}, "skipped_nodes": 0, "model_name": "MaxSegmentCount"}