{"f1_macro": 0.9857645190562614, "f1_weighted": 0.9940132553193859, "precision_macro": 0.975, "precision_weighted": 0.9944785276073619, "recall_macro": 0.997854077253219, "recall_weighted": 0.9938650306748467, "accuracy": 0.9938650306748467, "class_scores": {"Udmurts,Besermyan": 0.9473684210526315, "Tatars,Volga-Tatars,Mishar-Tatars,Kryashens": 0.9956896551724138, "Chuvash": 1.0, "Mari": 1.0}, "skipped_nodes": 0, "memory_allocated_MB": 38.4775390625, "memory_reserved_MB": 288.0, "model_name": "GL_TAGConv_3l_512h_w_k3_gnorm"}