{"f1_macro": 0.9395077372034624, "f1_weighted": 0.981431006981624, "accuracy": 0.9815950920245399, "class_scores": {"Udmurts,Besermyan": 0.972972972972973, "Tatars,Volga-Tatars,Mishar-Tatars,Kryashens": 0.9913793103448276, "Chuvash": 0.9701492537313433, "Mari": 0.8235294117647058}, "skipped_nodes": 0, "model_name": "GL_TAGConv_3l_512h_w_k3_gnorm"}