{"f1_macro": 0.9318363888736281, "f1_weighted": 0.9566359733681419, "precision_macro": 0.960617324552862, "precision_weighted": 0.9584858827770265, "recall_macro": 0.9088076772997756, "recall_weighted": 0.9576502732240437, "accuracy": 0.9576502732240437, "class_scores": {"English": 0.9775880469583778, "Germans": 0.9389312977099237, "French": 0.8923076923076924, "Belgium": 0.9185185185185185}, "skipped_nodes": 37, "memory_allocated_MB": 25.13671875, "memory_reserved_MB": 102.0, "model_name": "GL_TAGConv_9l_128h_w_k3"}