{"f1_macro": 0.38871911973762274, "f1_weighted": 0.7420668936184108, "accuracy": 0.8, "class_scores": {"English": 0.9706840390879479, "Germans": 0.584192439862543, "French": 0.0, "Belgium": 0.0}, "skipped_nodes": 104, "model_name": "GL_GATConv_9l_128h"}