{"f1_macro": 0.8837553713074014, "f1_weighted": 0.9140154983632561, "precision_macro": 0.9413259413259413, "precision_weighted": 0.9231902020363558, "recall_macro": 0.8547357065803668, "recall_weighted": 0.9182692307692307, "accuracy": 0.9182692307692307, "class_scores": {"Swedes": 0.9411764705882353, "Norwegians": 0.9345794392523364, "Danes": 0.7755102040816326}, "skipped_nodes": 7, "memory_allocated_MB": 17.0224609375, "memory_reserved_MB": 44.0, "model_name": "GL_SAGEConv_3l_128h"}