{"f1_macro": 0.8900550496475794, "f1_weighted": 0.9698737244853674, "precision_macro": 0.8826933124346917, "precision_weighted": 0.9705257034059657, "recall_macro": 0.8982962673949798, "recall_weighted": 0.9693251533742331, "accuracy": 0.9693251533742331, "class_scores": {"Udmurts,Besermyan": 1.0, "Tatars,Volga-Tatars,Mishar-Tatars,Kryashens": 0.989247311827957, "Chuvash": 0.9393939393939394, "Mari": 0.631578947368421}, "skipped_nodes": 0, "memory_allocated_MB": 341.30078125, "memory_reserved_MB": 29498.0, "model_name": "GL_GATConv_9l_512h"}