{"f1_macro": 0.9127139498377066, "f1_weighted": 0.9440026071620335, "accuracy": 0.9462809917355371, "class_scores": {"English": 0.971307120085016, "Germans": 0.9205020920502092, "French": 0.8153846153846154, "Belgium": 0.9436619718309859}, "skipped_nodes": 43, "model_name": "GL_GCNConv_9l_512h_w"}