{"f1_macro": 0.6856613662534715, "f1_weighted": 0.8110438681162365, "precision_macro": 0.6727513227513228, "precision_weighted": 0.8243527966742252, "recall_macro": 0.7247711009691233, "recall_weighted": 0.8125, "accuracy": 0.8125, "class_scores": {"Chechens": 0.8421052631578947, "Kabardians, Circassians, Adyghes": 0.8214285714285714, "Karachays, Balkars": 0.8648648648648649, "Ingush": 0.8, "Dagestan peoples": 0.8095238095238095, "Ossetians": 0.9473684210526315, "Kumyks": 0.0, "Nogais": 0.4}, "skipped_nodes": 6, "memory_allocated_MB": 87.443359375, "memory_reserved_MB": 264.0, "model_name": "GL_SAGEConv_9l_512h"}