{"f1_macro": 0.6083781072259657, "f1_weighted": 0.8352829866429545, "precision_macro": 0.6337178111587982, "precision_weighted": 0.8320552147239264, "recall_macro": 0.5974173061082932, "recall_weighted": 0.843558282208589, "accuracy": 0.843558282208589, "class_scores": {"P0": 0.8387096774193549, "P1": 0.9098712446351931, "P2": 0.684931506849315, "P3": 0.0}, "skipped_nodes": 0, "model_name": "MaxIbdSum"}