{"f1_macro": 0.5271368430950117, "f1_weighted": 0.5850579914495889, "precision_macro": 0.5508701315869811, "precision_weighted": 0.5918344343728261, "recall_macro": 0.5207405849639821, "recall_weighted": 0.5970744680851063, "accuracy": 0.5970744680851063, "class_scores": {"Northen Russians": 0.702954898911353, "Ukranians": 0.3076923076923077, "Belarusians": 0.48314606741573035, "Southern Russians": 0.6147540983606558}, "skipped_nodes": 105, "model_name": "MaxEdgeCount"}