{"f1_macro": 0.6676237161531279, "f1_weighted": 0.8645000857485851, "precision_macro": 0.6843766613503455, "precision_weighted": 0.8967141880675715, "recall_macro": 0.6603161549707602, "recall_weighted": 0.8469387755102041, "accuracy": 0.8469387755102041, "class_scores": {"Chechens": 0.8571428571428571, "Kabardians, Circassians, Adyghes": 0.8571428571428571, "Karachays, Balkars": 0.9142857142857143, "Ingush": 0.9411764705882353, "Dagestan peoples": 0.8823529411764706, "Ossetians": 0.8888888888888888, "Kumyks": 0.0, "Nogais": 0.0}, "skipped_nodes": 20, "memory_allocated_MB": 41.86376953125, "memory_reserved_MB": 98.0, "model_name": "GL_GINConv_3l_512h"}