{"f1_macro": 0.6757344156716621, "f1_weighted": 0.8774055662431701, "precision_macro": 0.7104861111111112, "precision_weighted": 0.9250255102040816, "recall_macro": 0.6461379142300194, "recall_weighted": 0.8367346938775511, "accuracy": 0.8367346938775511, "class_scores": {"Chechens": 0.896551724137931, "Kabardians, Circassians, Adyghes": 0.8846153846153846, "Karachays, Balkars": 0.9375, "Ingush": 0.9411764705882353, "Dagestan peoples": 0.8571428571428571, "Ossetians": 0.8888888888888888, "Kumyks": 0.0, "Nogais": 0.0}, "skipped_nodes": 20, "memory_allocated_MB": 41.68798828125, "memory_reserved_MB": 64.0, "model_name": "GL_GINConv_3l_512h"}