{"f1_macro": 0.5634590923660283, "f1_weighted": 0.6206568962839918, "precision_macro": 0.597384763698323, "precision_weighted": 0.6221129985633456, "recall_macro": 0.5478952706172332, "recall_weighted": 0.6308724832214765, "accuracy": 0.6308724832214765, "class_scores": {"Northen Russians": 0.7226890756302521, "Ukranians": 0.4090909090909091, "Belarusians": 0.47761194029850745, "Southern Russians": 0.6444444444444445}, "skipped_nodes": 142, "memory_allocated_MB": 26.46337890625, "memory_reserved_MB": 86.0, "model_name": "GL_SAGEConv_3l_512h"}