{"f1_macro": 0.9804717414842901, "f1_weighted": 0.9858980584005361, "precision_macro": 0.9828539796092173, "precision_weighted": 0.9859092825521747, "recall_macro": 0.9782452355267889, "recall_weighted": 0.985981308411215, "accuracy": 0.985981308411215, "class_scores": {"Swedes": 0.9933774834437086, "Norwegians": 0.9902912621359223, "Danes": 0.9577464788732394}, "skipped_nodes": 1, "memory_allocated_MB": 39.07470703125, "memory_reserved_MB": 156.0, "f1_macro_score_only_mask_connect": -100.0, "f1_macro_score_only_not_mask_connect": -100.0, "f1_macro_score_mixed_connect": -100.0, "only_mask_connect_sum": -100.0, "only_not_mask_connect_sum": -100.0, "mixed_connect_sum": -100.0, "model_name": "GL_TAGConv_3l_512h_nw_k3_gnorm_gelu"}