{"f1_macro": 0.7166152190096317, "f1_weighted": 0.8976326172072284, "precision_macro": 0.7396313364055299, "precision_weighted": 0.8960118868168311, "recall_macro": 0.6975108225108225, "recall_weighted": 0.9003115264797508, "accuracy": 0.9003115264797508, "class_scores": {"P0": 0.6896551724137931, "P1": 0.9424307036247335, "P2": 0.859375, "P3": 0.375}, "skipped_nodes": 4, "memory_allocated_MB": 37.97900390625, "memory_reserved_MB": 118.0, "model_name": "GL_TAGConv_3l_512h_w_k3_gnorm"}