{"f1_macro": 0.9665003555414514, "f1_weighted": 0.9720153521746386, "precision_macro": 0.9695209227919509, "precision_weighted": 0.9727885242338622, "recall_macro": 0.9642042042042043, "recall_weighted": 0.9720930232558139, "accuracy": 0.9720930232558139, "class_scores": {"Swedes": 0.9726027397260274, "Norwegians": 0.9809523809523809, "Danes": 0.9459459459459459}, "skipped_nodes": 0, "memory_allocated_MB": 17.1494140625, "memory_reserved_MB": 24.0, "model_name": "GL_SAGEConv_3l_128h"}