{"f1_macro": 0.7075163398692811, "f1_weighted": 0.9224227114158546, "precision_macro": 0.9356754145051368, "precision_weighted": 0.9456422434854563, "recall_macro": 0.6820728746694412, "recall_weighted": 0.9294478527607362, "accuracy": 0.9294478527607362, "class_scores": {"Udmurts,Besermyan": 0.8, "Tatars,Volga-Tatars,Mishar-Tatars,Kryashens": 0.9803921568627451, "Chuvash": 0.8496732026143791, "Mari": 0.2}, "skipped_nodes": 0, "memory_allocated_MB": 96.78759765625, "memory_reserved_MB": 1536.0, "model_name": "GL_GATConv_3l_512h"}