{"f1_macro": 0.6642409082694727, "f1_weighted": 0.9000665692858223, "precision_macro": 0.6990694789081886, "precision_weighted": 0.8898361978413434, "recall_macro": 0.6410998395976937, "recall_weighted": 0.9141104294478528, "accuracy": 0.9141104294478528, "class_scores": {"P0": 0.8387096774193549, "P1": 0.9480249480249481, "P2": 0.8702290076335878, "P3": 0.0}, "skipped_nodes": 0, "model_name": "MaxEdgeCount"}