{"f1_macro": 0.35942967863229774, "f1_weighted": 0.5230058140207217, "precision_macro": 0.47329019494221386, "precision_weighted": 0.5401411467543016, "recall_macro": 0.4114952011349141, "recall_weighted": 0.604992657856094, "accuracy": 0.604992657856094, "class_scores": {"Northen Russians": 0.7659574468085106, "Ukranians": 0.0, "Belarusians": 0.0449438202247191, "Southern Russians": 0.6268174474959612}, "skipped_nodes": 129, "memory_allocated_MB": 21.4228515625, "memory_reserved_MB": 162.0, "model_name": "GL_GATConv_3l_128h"}