{"f1_macro": 0.6052184377118844, "f1_weighted": 0.6496562044213092, "precision_macro": 0.6042101984091772, "precision_weighted": 0.6654473350818787, "recall_macro": 0.6149511631703708, "recall_weighted": 0.6417748917748918, "accuracy": 0.6417748917748918, "class_scores": {"Southern Russians": 0.6701208981001727, "Ukranians": 0.4659090909090909, "Northen Russians": 0.7831715210355987, "Belarusians": 0.5016722408026756}, "skipped_nodes": 1, "memory_allocated_MB": 22.576171875, "memory_reserved_MB": 140.0, "model_name": "GL_SAGEConv_9l_128h"}