{"f1_macro": 0.963063018598863, "f1_weighted": 0.9575669540850755, "precision_macro": 0.9583476764199657, "precision_weighted": 0.9613191309713246, "recall_macro": 0.970873786407767, "recall_weighted": 0.9575471698113207, "accuracy": 0.9575471698113207, "class_scores": {"Swedes": 0.9493670886075949, "Norwegians": 0.9543147208121827, "Danes": 0.9855072463768116}, "skipped_nodes": 3, "memory_allocated_MB": 157.04296875, "memory_reserved_MB": 280.0, "model_name": "GL_TAGConv_9l_512h_w_k3"}