{"f1_macro": 0.7415540598439441, "f1_weighted": 0.8732640657295602, "accuracy": 0.8828828828828829, "class_scores": {"Chechens": 0.8780487804878049, "Kabardians, Circassians, Adyghes": 0.9259259259259259, "Karachays, Balkars": 0.85, "Ingush": 0.9473684210526315, "Dagestan peoples": 0.8837209302325582, "Ossetians": 0.9473684210526315, "Kumyks": 0.0, "Nogais": 0.5}, "skipped_nodes": 7, "model_name": "GL_GCNConv_3l_512h_w"}