{"f1_macro": 0.9142522895365601, "f1_weighted": 0.9573724323048831, "accuracy": 0.9585687382297552, "class_scores": {"English": 0.9778869778869779, "Germans": 0.8712871287128713, "French": 0.88, "Belgium": 0.9278350515463918}, "skipped_nodes": 238, "model_name": "GL_MLP_9l_512h"}