{"f1_macro": 0.3865738177862238, "f1_weighted": 0.43933036173660733, "precision_macro": 0.44384057971014496, "precision_weighted": 0.6875033342224594, "recall_macro": 0.44461243334633893, "recall_weighted": 0.3803680981595092, "accuracy": 0.3803680981595092, "class_scores": {"P0": 0.7368421052631579, "P1": 0.48615384615384616, "P2": 0.24166666666666667, "P3": 0.08163265306122448}, "skipped_nodes": 0, "model_name": "LongestIbd"}