{"f1_macro": 0.955645330611122, "f1_weighted": 0.9628364809323136, "precision_macro": 0.9536982051034171, "precision_weighted": 0.9629693340831652, "recall_macro": 0.9577317122948191, "recall_weighted": 0.9627906976744186, "accuracy": 0.9627906976744186, "class_scores": {"Swedes": 0.9530201342281879, "Norwegians": 0.9805825242718447, "Danes": 0.9333333333333333}, "skipped_nodes": 0, "memory_allocated_MB": 19.828125, "memory_reserved_MB": 84.0, "f1_macro_score_only_mask_connect": -100.0, "f1_macro_score_only_not_mask_connect": -100.0, "f1_macro_score_mixed_connect": -100.0, "only_mask_connect_sum": -100.0, "only_not_mask_connect_sum": -100.0, "mixed_connect_sum": -100.0, "model_name": "GL_TAGConv_3l_128h_w_k3"}