{"f1_macro": 0.8772463371397778, "f1_weighted": 0.9313646036341254, "precision_macro": 0.9001430337530907, "precision_weighted": 0.9325721678936851, "recall_macro": 0.8599623035695865, "recall_weighted": 0.9339080459770115, "accuracy": 0.9339080459770115, "class_scores": {"English": 0.9733191035218783, "Germans": 0.8682926829268293, "French": 0.7350427350427351, "Belgium": 0.9323308270676691}, "skipped_nodes": 73, "memory_allocated_MB": 18.5087890625, "memory_reserved_MB": 74.0, "model_name": "GL_GCNConv_9l_128h_w"}