{"f1_macro": 0.6719314798583091, "f1_weighted": 0.8303201974804761, "precision_macro": 0.6828382034632035, "precision_weighted": 0.8691361317254175, "recall_macro": 0.6901925569078207, "recall_weighted": 0.8125, "accuracy": 0.8125, "class_scores": {"Chechens": 0.8717948717948718, "Kabardians, Circassians, Adyghes": 0.8888888888888888, "Karachays, Balkars": 0.8648648648648649, "Ingush": 0.7777777777777778, "Dagestan peoples": 0.8292682926829268, "Ossetians": 0.8571428571428571, "Kumyks": 0.2857142857142857, "Nogais": 0.0}, "skipped_nodes": 6, "memory_allocated_MB": 25.47607421875, "memory_reserved_MB": 70.0, "model_name": "GL_TAGConv_9l_128h_w_k3"}