{"f1_macro": 0.021097515758249908, "f1_weighted": 0.038282481557558846, "precision_macro": 0.03335804299481097, "precision_weighted": 0.08093702674555565, "recall_macro": 0.029165040967616074, "recall_weighted": 0.03680981595092025, "accuracy": 0.03680981595092025, "class_scores": {"P0": 0.0, "P1": 0.041379310344827586, "P2": 0.043010752688172046, "P3": 0.0}, "skipped_nodes": 0, "model_name": "LongestIbd"}