{"f1_macro": 0.5210885128869573, "f1_weighted": 0.5679370963947804, "precision_macro": 0.5254684273948058, "precision_weighted": 0.5638613201890788, "recall_macro": 0.5202232778330761, "recall_weighted": 0.575, "accuracy": 0.575, "class_scores": {"Ukranians": 0.33093525179856115, "Southern Russians": 0.6173228346456693, "Northen Russians": 0.6857142857142857, "Belarusians": 0.45038167938931295}, "skipped_nodes": 3, "model_name": "LongestIbd"}