{"f1_macro": 0.42994163546005093, "f1_weighted": 0.4976543248770548, "precision_macro": 0.42889955074405167, "precision_weighted": 0.4989354956191496, "recall_macro": 0.43509341064336127, "recall_weighted": 0.4986737400530504, "accuracy": 0.4986737400530504, "class_scores": {"Northen Russians": 0.6218181818181818, "Ukranians": 0.208955223880597, "Belarusians": 0.33766233766233766, "Southern Russians": 0.5513307984790875}, "skipped_nodes": 103, "memory_allocated_MB": 37.39208984375, "memory_reserved_MB": 200.0, "model_name": "GL_TAGConv_3l_512h_w_k3_gnorm_gelu"}