{"f1_macro": 0.6847959861326851, "f1_weighted": 0.8414522258631925, "precision_macro": 0.7593344952867243, "precision_weighted": 0.8509135984208289, "recall_macro": 0.7060253083355462, "recall_weighted": 0.871900826446281, "accuracy": 0.871900826446281, "class_scores": {"English": 0.9701492537313433, "Germans": 0.74, "French": 0.10256410256410256, "Belgium": 0.9264705882352942}, "skipped_nodes": 43, "memory_allocated_MB": 338.0634765625, "memory_reserved_MB": 2822.0, "f1_macro_score_only_mask_connect": 0.6344761777318983, "f1_macro_score_only_not_mask_connect": 0.7411764705882353, "f1_macro_score_mixed_connect": 0.6790012787120954, "only_mask_connect_sum": 191.0, "only_not_mask_connect_sum": 26.0, "mixed_connect_sum": 509.0, "model_name": "GL_GATConv_9l_512h"}