{"f1_macro": 0.8998668358362216, "f1_weighted": 0.9351646584585634, "accuracy": 0.9384615384615385, "class_scores": {"English": 0.9642105263157895, "Germans": 0.9012875536480687, "French": 0.7927927927927928, "Belgium": 0.9411764705882353}, "skipped_nodes": 54, "model_name": "GL_GCNConv_3l_128h_w"}