{"f1_macro": 0.5453699782157289, "f1_weighted": 0.6067098572132695, "precision_macro": 0.5762620192307691, "precision_weighted": 0.6082180719921104, "recall_macro": 0.5425979565273158, "recall_weighted": 0.6243589743589744, "accuracy": 0.6243589743589744, "class_scores": {"Northen Russians": 0.7327731092436974, "Ukranians": 0.28402366863905326, "Belarusians": 0.5148514851485149, "Southern Russians": 0.6498316498316499}, "skipped_nodes": 77, "memory_allocated_MB": 36.68359375, "memory_reserved_MB": 198.0, "model_name": "GL_TAGConv_3l_512h_w_k3_gnorm"}