{"f1_macro": 0.23976520525739686, "f1_weighted": 0.2891229720662192, "accuracy": 0.35130434782608694, "class_scores": {"krasnodar": 0.34285714285714286, "yaroslavl": 0.0, "ryazan": 0.46747967479674796, "kaluga": 0.0, "vologda": 0.38848920863309355}, "skipped_nodes": 1, "model_name": "GL_SAGEConv_9l_512h"}