{"f1_macro": 0.9839924670433144, "f1_weighted": 0.9911264323789459, "precision_macro": 0.9958333333333333, "precision_weighted": 0.9918079096045198, "recall_macro": 0.975, "recall_weighted": 0.9915254237288136, "accuracy": 0.9915254237288136, "class_scores": {"P0": 1.0, "P1": 0.9830508474576272, "P2": 1.0, "P3": 1.0, "P4": 1.0, "P5": 1.0, "P6": 1.0, "P7": 0.8888888888888888}, "skipped_nodes": 0, "memory_allocated_MB": 41.48291015625, "memory_reserved_MB": 82.0, "model_name": "GL_GINConv_3l_512h"}