{"f1_macro": 0.8137344962172233, "f1_weighted": 0.9658096116829858, "accuracy": 0.9723926380368099, "class_scores": {"Udmurts,Besermyan": 0.9411764705882353, "Tatars,Volga-Tatars,Mishar-Tatars,Kryashens": 0.9936034115138592, "Chuvash": 0.9565217391304348, "Mari": 0.36363636363636365}, "skipped_nodes": 0, "model_name": "GL_MLP_3l_128h"}