{"f1_macro": 0.43484093557671166, "f1_weighted": 0.4738955660228552, "accuracy": 0.5052083333333334, "class_scores": {"krasnodar": 0.5315068493150685, "yaroslavl": 0.25225225225225223, "ryazan": 0.6132075471698113, "kaluga": 0.18181818181818182, "vologda": 0.5954198473282443}, "skipped_nodes": 0, "model_name": "GL_SAGEConv_3l_512h"}