{"f1_macro": 0.5156843188852883, "f1_weighted": 0.5607283542091759, "precision_macro": 0.5283715594883946, "precision_weighted": 0.5663895682222482, "recall_macro": 0.5198048948048948, "recall_weighted": 0.5674603174603174, "accuracy": 0.5674603174603174, "class_scores": {"Northen Russians": 0.6711864406779661, "Ukranians": 0.35555555555555557, "Belarusians": 0.4634146341463415, "Southern Russians": 0.5725806451612904}, "skipped_nodes": 101, "memory_allocated_MB": 17.04541015625, "memory_reserved_MB": 36.0, "model_name": "GL_MLP_3l_128h"}