{"f1_macro": 0.6852629556433905, "f1_weighted": 0.8356380270578038, "precision_macro": 0.6728660593792173, "precision_weighted": 0.8434786762686156, "recall_macro": 0.7085399159663865, "recall_weighted": 0.8407079646017699, "accuracy": 0.8407079646017699, "class_scores": {"Chechens": 0.9444444444444444, "Kabardians, Circassians, Adyghes": 0.8888888888888888, "Karachays, Balkars": 0.8888888888888888, "Ingush": 0.9090909090909091, "Dagestan peoples": 0.8181818181818182, "Ossetians": 0.782608695652174, "Kumyks": 0.0, "Nogais": 0.25}, "skipped_nodes": 5, "memory_allocated_MB": 19.87451171875, "memory_reserved_MB": 178.0, "f1_macro_score_only_mask_connect": 0.3319852941176471, "f1_macro_score_only_not_mask_connect": 0.4444444444444444, "f1_macro_score_mixed_connect": 0.6956121489601653, "only_mask_connect_sum": 24.0, "only_not_mask_connect_sum": 6.0, "mixed_connect_sum": 83.0, "model_name": "GL_TAGConv_3l_128h_w_k3"}