{"f1_macro": 0.3017430172804005, "f1_weighted": 0.4128975560751261, "precision_macro": 0.25485209235209233, "precision_weighted": 0.3487714207714208, "recall_macro": 0.376120572615102, "recall_weighted": 0.5145945945945946, "accuracy": 0.5145945945945946, "class_scores": {"Southern Russians": 0.5270655270655271, "Ukranians": 0.0, "Northen Russians": 0.6799065420560748, "Belarusians": 0.0}, "skipped_nodes": 0, "memory_allocated_MB": 36.77685546875, "memory_reserved_MB": 172.0, "f1_macro_score_only_mask_connect": 0.2777777777777778, "f1_macro_score_only_not_mask_connect": 0.0, "f1_macro_score_mixed_connect": 0.30250366032210835, "only_mask_connect_sum": 16.0, "only_not_mask_connect_sum": 1.0, "mixed_connect_sum": 908.0, "model_name": "GL_GINConv_9l_128h"}