{"f1_macro": 0.41541357291039377, "f1_weighted": 0.4749738382447099, "precision_macro": 0.41789836094167454, "precision_weighted": 0.49097179337648494, "recall_macro": 0.42297151846332176, "recall_weighted": 0.4662790697674419, "accuracy": 0.4662790697674419, "class_scores": {"Ukranians": 0.20454545454545456, "Southern Russians": 0.4778761061946903, "Northen Russians": 0.6448275862068965, "Belarusians": 0.33440514469453375}, "skipped_nodes": 45, "memory_allocated_MB": 37.48974609375, "memory_reserved_MB": 220.0, "model_name": "GL_TAGConv_3l_512h_w_k3_gnorm_gelu"}