{"f1_macro": 0.4844452369535437, "f1_weighted": 0.5593274194721217, "precision_macro": 0.49562279670975323, "precision_weighted": 0.8347526908076387, "recall_macro": 0.8021849395239954, "recall_weighted": 0.5276073619631901, "accuracy": 0.5276073619631901, "class_scores": {"Udmurts,Besermyan": 0.5625, "Tatars,Volga-Tatars,Mishar-Tatars,Kryashens": 0.5617283950617284, "Chuvash": 0.5966850828729282, "Mari": 0.21686746987951808}, "skipped_nodes": 0, "model_name": "MaxEdgeCountPerClassSize"}