{"f1_macro": 0.9625164731446029, "f1_weighted": 0.9670485849340096, "precision_macro": 0.9696712149542339, "precision_weighted": 0.9674525345532521, "recall_macro": 0.9560671906302974, "recall_weighted": 0.9671361502347418, "accuracy": 0.9671361502347418, "class_scores": {"Swedes": 0.9798657718120806, "Norwegians": 0.9665071770334929, "Danes": 0.9411764705882353}, "skipped_nodes": 2, "memory_allocated_MB": 156.57080078125, "memory_reserved_MB": 250.0, "model_name": "GL_TAGConv_9l_512h_w_k3"}