{"f1_macro": 0.8300022992257552, "f1_weighted": 0.9170765058634164, "precision_macro": 0.8425549039898815, "precision_weighted": 0.9220957976432747, "recall_macro": 0.8294915450472164, "recall_weighted": 0.9174757281553398, "accuracy": 0.9174757281553398, "class_scores": {"English": 0.9671574178935447, "Germans": 0.7857142857142857, "French": 0.6595744680851063, "Belgium": 0.907563025210084}, "skipped_nodes": 151, "memory_allocated_MB": 25.5009765625, "memory_reserved_MB": 98.0, "model_name": "GL_TAGConv_9l_128h_w_k3"}