{"f1_macro": 0.786031383575847, "f1_weighted": 0.9385594105886426, "precision_macro": 0.79342175066313, "precision_weighted": 0.9611769539958667, "recall_macro": 0.8351649542636667, "recall_weighted": 0.9263803680981595, "accuracy": 0.9263803680981595, "class_scores": {"Udmurts,Besermyan": 0.9714285714285714, "Tatars,Volga-Tatars,Mishar-Tatars,Kryashens": 0.989247311827957, "Chuvash": 0.8305084745762712, "Mari": 0.35294117647058826}, "skipped_nodes": 0, "memory_allocated_MB": 24.41455078125, "memory_reserved_MB": 82.0, "f1_macro_score_only_mask_connect": NaN, "f1_macro_score_only_not_mask_connect": 0.786031383575847, "f1_macro_score_mixed_connect": NaN, "only_mask_connect_sum": 0.0, "only_not_mask_connect_sum": 326.0, "mixed_connect_sum": 0.0, "model_name": "GL_GCNConv_3l_512h_w"}