{"f1_macro": 0.5934853121126016, "f1_weighted": 0.6848924135797562, "precision_macro": 0.574221760672639, "precision_weighted": 0.8616844591318807, "recall_macro": 0.8511022239563012, "recall_weighted": 0.6441717791411042, "accuracy": 0.6441717791411042, "class_scores": {"P0": 0.7659574468085106, "P1": 0.7019498607242339, "P2": 0.6627906976744186, "P3": 0.24324324324324326}, "skipped_nodes": 0, "model_name": "MaxIbdSumPerClassSize"}