{"f1_macro": 0.7771651722890113, "f1_weighted": 0.9372698308456822, "precision_macro": 0.9652662612861618, "precision_weighted": 0.9462449981459871, "recall_macro": 0.7219702388693805, "recall_weighted": 0.9444444444444444, "accuracy": 0.9444444444444444, "class_scores": {"P0": 0.8571428571428571, "P1": 0.9705882352941176, "P2": 0.9172932330827067, "P3": 0.36363636363636365}, "skipped_nodes": 1, "memory_allocated_MB": 39.16455078125, "memory_reserved_MB": 128.0, "model_name": "GL_TAGConv_3l_512h_w_k3_gnorm"}