{"f1_macro": 0.5621654550431228, "f1_weighted": 0.6078162149800007, "precision_macro": 0.5646262267915441, "precision_weighted": 0.6189124333019859, "recall_macro": 0.5651353544816325, "recall_weighted": 0.6010989010989011, "accuracy": 0.6010989010989011, "class_scores": {"Ukranians": 0.40229885057471265, "Southern Russians": 0.6331658291457286, "Northen Russians": 0.7325769854132901, "Belarusians": 0.4806201550387597}, "skipped_nodes": 13, "memory_allocated_MB": 52.25244140625, "memory_reserved_MB": 174.0, "model_name": "GL_MLP_9l_512h"}