{"f1_macro": 0.5704139617602294, "f1_weighted": 0.7276313802812068, "precision_macro": 0.6385401635401635, "precision_weighted": 0.8593219611076754, "recall_macro": 0.5846729208924949, "recall_weighted": 0.6607142857142857, "accuracy": 0.6607142857142857, "class_scores": {"Chechens": 0.75, "Kabardians, Circassians, Adyghes": 0.7391304347826086, "Karachays, Balkars": 0.8648648648648649, "Ingush": 0.6666666666666666, "Dagestan peoples": 0.7368421052631579, "Ossetians": 0.7368421052631579, "Kumyks": 0.06896551724137931, "Nogais": 0.0}, "skipped_nodes": 6, "memory_allocated_MB": 16.86279296875, "memory_reserved_MB": 178.0, "model_name": "GL_MLP_3l_128h"}