{"f1_macro": 0.759751753437254, "f1_weighted": 0.8743053782234819, "accuracy": 0.8680981595092024, "class_scores": {"P0": 0.8947368421052632, "P1": 0.9145496535796767, "P2": 0.7852760736196319, "P3": 0.4444444444444444}, "skipped_nodes": 0, "model_name": "LongestIbd"}