{"f1_macro": 0.39492024395965286, "f1_weighted": 0.6188200797560404, "precision_macro": 0.3589665600667408, "precision_weighted": 0.5767171857619577, "recall_macro": 0.4617849898580122, "recall_weighted": 0.6982758620689655, "accuracy": 0.6982758620689655, "class_scores": {"Chechens": 0.72, "Kabardians, Circassians, Adyghes": 0.7931034482758621, "Karachays, Balkars": 0.6666666666666666, "Ingush": 0.0, "Dagestan peoples": 0.9795918367346939, "Ossetians": 0.0, "Kumyks": 0.0, "Nogais": 0.0}, "skipped_nodes": 2, "memory_allocated_MB": 32.5341796875, "memory_reserved_MB": 44.0, "model_name": "GL_GATConv_9l_128h"}