{"f1_macro": 0.7307210333526123, "f1_weighted": 0.8445927804691686, "precision_macro": 0.7649761186525892, "precision_weighted": 0.930480486713622, "recall_macro": 0.8002700505489553, "recall_weighted": 0.7981651376146789, "accuracy": 0.7981651376146789, "class_scores": {"Chechens": 0.9142857142857143, "Kabardians, Circassians, Adyghes": 0.8846153846153846, "Karachays, Balkars": 0.8, "Ingush": 0.8421052631578947, "Dagestan peoples": 0.8333333333333334, "Ossetians": 1.0, "Kumyks": 0.2857142857142857, "Nogais": 0.2857142857142857}, "skipped_nodes": 9, "memory_allocated_MB": 37.67626953125, "memory_reserved_MB": 70.0, "model_name": "GL_TAGConv_3l_512h_w_k3_gnorm"}