{"f1_macro": 0.6508870451014415, "f1_weighted": 0.8030927811454411, "precision_macro": 0.6678391053391054, "precision_weighted": 0.8495042164766934, "recall_macro": 0.6694307608100711, "recall_weighted": 0.7889908256880734, "accuracy": 0.7889908256880734, "class_scores": {"Chechens": 0.85, "Kabardians, Circassians, Adyghes": 0.8627450980392157, "Karachays, Balkars": 0.8717948717948718, "Ingush": 0.7368421052631579, "Dagestan peoples": 0.7428571428571429, "Ossetians": 1.0, "Kumyks": 0.0, "Nogais": 0.14285714285714285}, "skipped_nodes": 9, "memory_allocated_MB": 38.32958984375, "memory_reserved_MB": 74.0, "model_name": "GL_TAGConv_3l_512h_w_k3_gnorm"}