{"f1_macro": 0.5088031442698151, "f1_weighted": 0.5573905861993123, "precision_macro": 0.5552203098106713, "precision_weighted": 0.8542062121011519, "recall_macro": 0.7549960815047022, "recall_weighted": 0.48615384615384616, "accuracy": 0.48615384615384616, "class_scores": {"Udmurts,Besermyan": 0.782608695652174, "Tatars,Volga-Tatars,Mishar-Tatars,Kryashens": 0.5545171339563862, "Chuvash": 0.5637583892617449, "Mari": 0.13432835820895522}, "skipped_nodes": 1, "model_name": "MaxEdgeCountPerClassSize"}