{"f1_macro": 0.6479367403767674, "f1_weighted": 0.6736776744836778, "precision_macro": 0.663213399503722, "precision_weighted": 0.8767305028239127, "recall_macro": 0.8744635193133048, "recall_weighted": 0.6411042944785276, "accuracy": 0.6411042944785276, "class_scores": {"P0": 1.0, "P1": 0.664756446991404, "P2": 0.673469387755102, "P3": 0.2535211267605634}, "skipped_nodes": 0, "model_name": "MaxEdgeCountPerClassSize"}