{"f1_macro": 0.6255344300729696, "f1_weighted": 0.7739214808180325, "precision_macro": 0.6281862745098039, "precision_weighted": 0.7957074721780605, "recall_macro": 0.6410198801742919, "recall_weighted": 0.7837837837837838, "accuracy": 0.7837837837837838, "class_scores": {"Chechens": 0.8571428571428571, "Kabardians, Circassians, Adyghes": 0.7727272727272727, "Karachays, Balkars": 0.9411764705882353, "Ingush": 0.9090909090909091, "Dagestan peoples": 0.7241379310344828, "Ossetians": 0.8, "Kumyks": 0.0, "Nogais": 0.0}, "skipped_nodes": 7, "memory_allocated_MB": 22.5751953125, "memory_reserved_MB": 52.0, "f1_macro_score_only_mask_connect": 0.125, "f1_macro_score_only_not_mask_connect": 0.3333333333333333, "f1_macro_score_mixed_connect": 0.6749682735675945, "only_mask_connect_sum": 22.0, "only_not_mask_connect_sum": 10.0, "mixed_connect_sum": 79.0, "model_name": "GL_MLP_3l_512h"}