{"f1_macro": 0.9707095277833138, "f1_weighted": 0.9671262894592784, "precision_macro": 0.9662423337830209, "precision_weighted": 0.9682155958994204, "recall_macro": 0.9761380798274003, "recall_weighted": 0.9671361502347418, "accuracy": 0.9671361502347418, "class_scores": {"Swedes": 0.961038961038961, "Norwegians": 0.9651741293532339, "Danes": 0.9859154929577465}, "skipped_nodes": 2, "memory_allocated_MB": 157.04150390625, "memory_reserved_MB": 280.0, "model_name": "GL_TAGConv_9l_512h_w_k3"}