{"f1_macro": 0.9583488890803441, "f1_weighted": 0.9625449224372087, "precision_macro": 0.9674327309422283, "precision_weighted": 0.9637990434606788, "recall_macro": 0.9507507507507508, "recall_weighted": 0.9627906976744186, "accuracy": 0.9627906976744186, "class_scores": {"Swedes": 0.958904109589041, "Norwegians": 0.9716981132075472, "Danes": 0.9444444444444444}, "skipped_nodes": 0, "memory_allocated_MB": 23.56396484375, "memory_reserved_MB": 114.0, "f1_macro_score_only_mask_connect": -100.0, "f1_macro_score_only_not_mask_connect": -100.0, "f1_macro_score_mixed_connect": -100.0, "only_mask_connect_sum": -100.0, "only_not_mask_connect_sum": -100.0, "mixed_connect_sum": -100.0, "model_name": "GL_GCNConv_3l_512h_w"}