{"f1_macro": 0.8465687014260922, "f1_weighted": 0.9506126961237754, "accuracy": 0.9537037037037037, "class_scores": {"Udmurts,Besermyan": 1.0, "Tatars,Volga-Tatars,Mishar-Tatars,Kryashens": 0.975929978118162, "Chuvash": 0.9103448275862069, "Mari": 0.5}, "skipped_nodes": 2, "model_name": "MaxSegmentCount"}