{"f1_macro": 0.5572612903972141, "f1_weighted": 0.7101902088179713, "precision_macro": 0.6413133016824921, "precision_weighted": 0.7849807228517873, "recall_macro": 0.568710407239819, "recall_weighted": 0.7207207207207207, "accuracy": 0.7207207207207207, "class_scores": {"Chechens": 0.6666666666666666, "Kabardians, Circassians, Adyghes": 0.8979591836734694, "Karachays, Balkars": 0.7391304347826086, "Ingush": 0.3333333333333333, "Dagestan peoples": 0.7906976744186046, "Ossetians": 0.6666666666666666, "Kumyks": 0.0, "Nogais": 0.36363636363636365}, "skipped_nodes": 7, "memory_allocated_MB": 23.69091796875, "memory_reserved_MB": 182.0, "f1_macro_score_only_mask_connect": 0.3859126984126984, "f1_macro_score_only_not_mask_connect": 1.0, "f1_macro_score_mixed_connect": 0.5285082325613172, "only_mask_connect_sum": 22.0, "only_not_mask_connect_sum": 7.0, "mixed_connect_sum": 82.0, "model_name": "GL_GATConv_3l_128h"}