{"f1_macro": 0.31883551383201836, "f1_weighted": 0.436306963110119, "precision_macro": 0.2956232162520506, "precision_weighted": 0.40442773994921233, "recall_macro": 0.3830062292856287, "recall_weighted": 0.5243243243243243, "accuracy": 0.5243243243243243, "class_scores": {"Southern Russians": 0.5758513931888545, "Ukranians": 0.0, "Northen Russians": 0.6994906621392191, "Belarusians": 0.0}, "skipped_nodes": 0, "memory_allocated_MB": 30.9765625, "memory_reserved_MB": 124.0, "model_name": "GL_TAGConv_9l_128h_w_k3"}