{"f1_macro": 0.7641039222077357, "f1_weighted": 0.9148038829065194, "precision_macro": 0.7641021105094759, "precision_weighted": 0.928126604740765, "recall_macro": 0.7989599590323838, "recall_weighted": 0.9104938271604939, "accuracy": 0.9104938271604939, "class_scores": {"P0": 0.8125, "P1": 0.961864406779661, "P2": 0.8376068376068376, "P3": 0.4444444444444444}, "skipped_nodes": 1, "memory_allocated_MB": 41.55126953125, "memory_reserved_MB": 196.0, "f1_macro_score_only_mask_connect": -100.0, "f1_macro_score_only_not_mask_connect": -100.0, "f1_macro_score_mixed_connect": -100.0, "only_mask_connect_sum": -100.0, "only_not_mask_connect_sum": -100.0, "mixed_connect_sum": -100.0, "model_name": "GL_TAGConv_3l_512h_w_k3_gnorm"}