{"f1_macro": 0.9646577750486872, "f1_weighted": 0.9671779726437778, "accuracy": 0.9671361502347418, "class_scores": {"Swedes": 0.9594594594594594, "Norwegians": 0.975609756097561, "Danes": 0.958904109589041}, "skipped_nodes": 2, "model_name": "GL_TAGConv_3l_512h_w_k3_gnorm"}