{"f1_macro": 0.5565345806692011, "f1_weighted": 0.601890797539001, "precision_macro": 0.5512188597006356, "precision_weighted": 0.6089857727510714, "recall_macro": 0.5684050702497487, "recall_weighted": 0.6, "accuracy": 0.6, "class_scores": {"Northen Russians": 0.7018867924528301, "Ukranians": 0.36893203883495146, "Belarusians": 0.5412844036697247, "Southern Russians": 0.6140350877192983}, "skipped_nodes": 105, "model_name": "MaxIbdSumPerClassSize"}