{"f1_macro": 0.6781542932133483, "f1_weighted": 0.764692641947364, "precision_macro": 0.6506238859180036, "precision_weighted": 0.8895459466552935, "recall_macro": 0.8974346468981662, "recall_weighted": 0.7300613496932515, "accuracy": 0.7300613496932515, "class_scores": {"Udmurts,Besermyan": 0.9, "Tatars,Volga-Tatars,Mishar-Tatars,Kryashens": 0.7769028871391076, "Chuvash": 0.75, "Mari": 0.2857142857142857}, "skipped_nodes": 0, "model_name": "MaxIbdSumPerClassSize"}