{"f1_macro": 0.5224204627358598, "f1_weighted": 0.5892624635057528, "precision_macro": 0.5711017137313467, "precision_weighted": 0.595693236670258, "recall_macro": 0.5153084872067214, "recall_weighted": 0.61133069828722, "accuracy": 0.61133069828722, "class_scores": {"Northen Russians": 0.7093425605536332, "Ukranians": 0.26582278481012656, "Belarusians": 0.4632768361581921, "Southern Russians": 0.6512396694214876}, "skipped_nodes": 98, "memory_allocated_MB": 26.46875, "memory_reserved_MB": 106.0, "model_name": "GL_SAGEConv_3l_512h"}