{"f1_macro": 0.9216018233255263, "f1_weighted": 0.976519202662761, "precision_macro": 0.8918060200668896, "precision_weighted": 0.9793606500194924, "recall_macro": 0.9592816577795119, "recall_weighted": 0.9754601226993865, "accuracy": 0.9754601226993865, "class_scores": {"Udmurts,Besermyan": 0.8780487804878049, "Tatars,Volga-Tatars,Mishar-Tatars,Kryashens": 0.9891540130151844, "Chuvash": 0.9770992366412213, "Mari": 0.8421052631578947}, "skipped_nodes": 0, "memory_allocated_MB": 19.8662109375, "memory_reserved_MB": 138.0, "model_name": "GL_SAGEConv_3l_128h"}