{"f1_macro": 0.24993300572993032, "f1_weighted": 0.05648538200263164, "precision_macro": 0.25845415778251596, "precision_weighted": 0.05814655905398511, "recall_macro": 0.3131313131313131, "recall_weighted": 0.06441717791411043, "accuracy": 0.06441717791411043, "class_scores": {"P0": 0.9411764705882353, "P1": 0.0, "P2": 0.016597510373443983, "P3": 0.04195804195804196}, "skipped_nodes": 0, "model_name": "MaxIbdSumPerClassSize"}