{"f1_macro": 0.8814666491596639, "f1_weighted": 0.9553643926895911, "accuracy": 0.9570552147239264, "class_scores": {"Udmurts,Besermyan": 0.875, "Tatars,Volga-Tatars,Mishar-Tatars,Kryashens": 0.9789915966386554, "Chuvash": 0.921875, "Mari": 0.75}, "skipped_nodes": 0, "model_name": "GL_GATConv_3l_512h"}