{"f1_macro": 0.7302207866952448, "f1_weighted": 0.7863509558350564, "accuracy": 0.7850467289719626, "class_scores": {"Chechens": 0.7692307692307693, "Kabardians, Circassians, Adyghes": 0.84, "Karachays, Balkars": 0.8205128205128205, "Ingush": 0.75, "Dagestan peoples": 0.7894736842105263, "Ossetians": 0.7058823529411765, "Kumyks": 0.6666666666666666, "Nogais": 0.5}, "skipped_nodes": 11, "model_name": "GL_GINConv_3l_128h"}