{"f1_macro": 0.8903777879847892, "f1_weighted": 0.9391180690939838, "precision_macro": 0.9156641081064024, "precision_weighted": 0.9407906181360963, "recall_macro": 0.8699355337268041, "recall_weighted": 0.9410029498525073, "accuracy": 0.9410029498525073, "class_scores": {"English": 0.9750812567713976, "Germans": 0.8717948717948718, "French": 0.7961165048543689, "Belgium": 0.9185185185185185}, "skipped_nodes": 91, "memory_allocated_MB": 17.3974609375, "memory_reserved_MB": 54.0, "f1_macro_score_only_mask_connect": 0.7759506534938767, "f1_macro_score_only_not_mask_connect": 0.9042419795904755, "f1_macro_score_mixed_connect": 0.9388207789681382, "only_mask_connect_sum": 143.0, "only_not_mask_connect_sum": 71.0, "mixed_connect_sum": 464.0, "model_name": "GL_SAGEConv_3l_128h"}