{"f1_macro": 0.9386871447785152, "f1_weighted": 0.939050896444511, "precision_macro": 0.9299131828682655, "precision_weighted": 0.9422183246005079, "recall_macro": 0.9506975907946783, "recall_weighted": 0.9392523364485982, "accuracy": 0.9392523364485982, "class_scores": {"Swedes": 0.9487179487179487, "Norwegians": 0.934010152284264, "Danes": 0.9333333333333333}, "skipped_nodes": 1, "memory_allocated_MB": 37.013671875, "memory_reserved_MB": 512.0, "model_name": "GL_GATConv_9l_128h"}