{"f1_macro": 0.6480688649091514, "f1_weighted": 0.8421925684404751, "accuracy": 0.8544891640866873, "class_scores": {"P0": 0.7692307692307693, "P1": 0.9075975359342916, "P2": 0.7154471544715447, "P3": 0.2}, "skipped_nodes": 2, "model_name": "MaxSegmentCount"}