{"f1_macro": 0.4897858536762745, "f1_weighted": 0.5315656105847651, "precision_macro": 0.4892462510849227, "precision_weighted": 0.5358815404158953, "recall_macro": 0.49692277319988254, "recall_weighted": 0.5345982142857143, "accuracy": 0.5345982142857143, "class_scores": {"Ukranians": 0.352112676056338, "Southern Russians": 0.5178571428571429, "Northen Russians": 0.6807228915662651, "Belarusians": 0.4084507042253521}, "skipped_nodes": 19, "memory_allocated_MB": 97.703125, "memory_reserved_MB": 1036.0, "model_name": "GL_GATConv_3l_512h"}