{"f1_macro": 0.8605694440152585, "f1_weighted": 0.9219899813778965, "accuracy": 0.9266187050359712, "class_scores": {"English": 0.9658848614072495, "Germans": 0.8622222222222222, "French": 0.6956521739130435, "Belgium": 0.9185185185185185}, "skipped_nodes": 74, "model_name": "GL_GINConv_3l_512h"}