{"f1_macro": 0.9316913864626004, "f1_weighted": 0.9530816510064468, "accuracy": 0.9541666666666667, "class_scores": {"English": 0.974304068522484, "Germans": 0.9137931034482759, "French": 0.9090909090909091, "Belgium": 0.9295774647887324}, "skipped_nodes": 49, "model_name": "MaxIbdSum"}