{"f1_macro": 0.9784680146969366, "f1_weighted": 0.9812978708453377, "precision_macro": 0.9837767410582945, "precision_weighted": 0.9816725330744023, "recall_macro": 0.9738007910823446, "recall_weighted": 0.9813084112149533, "accuracy": 0.9813084112149533, "class_scores": {"Swedes": 0.9736842105263158, "Norwegians": 0.9902912621359223, "Danes": 0.9714285714285714}, "skipped_nodes": 1, "memory_allocated_MB": 21.052734375, "memory_reserved_MB": 86.0, "model_name": "GL_SAGEConv_9l_128h"}