{"f1_macro": 0.703474765974766, "f1_weighted": 0.7592564502073704, "precision_macro": 0.6901137197358768, "precision_weighted": 0.8904145042737737, "recall_macro": 0.9055793991416309, "recall_weighted": 0.7300613496932515, "accuracy": 0.7300613496932515, "class_scores": {"P0": 1.0, "P1": 0.7671957671957672, "P2": 0.7252747252747253, "P3": 0.32142857142857145}, "skipped_nodes": 0, "model_name": "MaxIbdSumPerClassSize"}