{"f1_macro": 0.4438426882858463, "f1_weighted": 0.5115035369922011, "precision_macro": 0.48758810697311844, "precision_weighted": 0.5178975963014865, "recall_macro": 0.44701830903440254, "recall_weighted": 0.5411255411255411, "accuracy": 0.5411255411255411, "class_scores": {"Southern Russians": 0.5915119363395226, "Ukranians": 0.23478260869565218, "Northen Russians": 0.6676691729323309, "Belarusians": 0.2814070351758794}, "skipped_nodes": 1, "memory_allocated_MB": 21.24658203125, "memory_reserved_MB": 56.0, "f1_macro_score_only_mask_connect": 0.325, "f1_macro_score_only_not_mask_connect": 0.3496031746031746, "f1_macro_score_mixed_connect": 0.4365308794336707, "only_mask_connect_sum": 15.0, "only_not_mask_connect_sum": 37.0, "mixed_connect_sum": 872.0, "model_name": "GL_SAGEConv_3l_128h_de"}