{"f1_macro": 0.9029770382107355, "f1_weighted": 0.9353404604688539, "precision_macro": 0.8872671952793656, "precision_weighted": 0.9463212244145306, "recall_macro": 0.9525033806626099, "recall_weighted": 0.9310344827586207, "accuracy": 0.9310344827586207, "class_scores": {"Chechens": 0.8571428571428571, "Kabardians, Circassians, Adyghes": 0.9655172413793104, "Karachays, Balkars": 0.9411764705882353, "Ingush": 0.9523809523809523, "Dagestan peoples": 0.9361702127659575, "Ossetians": 1.0, "Kumyks": 0.5714285714285714, "Nogais": 1.0}, "skipped_nodes": 2, "memory_allocated_MB": 38.44287109375, "memory_reserved_MB": 84.0, "model_name": "GL_TAGConv_3l_512h_w_k3_gnorm"}