{"f1_macro": 0.8936314987270535, "f1_weighted": 0.9132100263138643, "precision_macro": 0.8916223404255319, "precision_weighted": 0.9340898707740505, "recall_macro": 0.9116866085750206, "recall_weighted": 0.9079754601226994, "accuracy": 0.9079754601226994, "class_scores": {"P0": 1.0, "P1": 0.9384965831435079, "P2": 0.8125, "P3": 0.8235294117647058}, "skipped_nodes": 0, "model_name": "LongestIbd"}