{"f1_macro": 0.6400383797312077, "f1_weighted": 0.761597606164285, "precision_macro": 0.7250132908027646, "precision_weighted": 0.7732545573790041, "recall_macro": 0.6633333333333333, "recall_weighted": 0.8130841121495327, "accuracy": 0.8130841121495327, "class_scores": {"Swedes": 0.9006622516556292, "Norwegians": 0.8765957446808511, "Danes": 0.14285714285714285}, "skipped_nodes": 1, "memory_allocated_MB": 101.87841796875, "memory_reserved_MB": 276.0, "model_name": "GL_GINConv_9l_512h"}