{"f1_macro": 0.853745354342395, "f1_weighted": 0.9173050102284049, "precision_macro": 0.8759387063167398, "precision_weighted": 0.9182118035040961, "recall_macro": 0.8389383312940306, "recall_weighted": 0.920863309352518, "accuracy": 0.920863309352518, "class_scores": {"English": 0.9667738478027867, "Germans": 0.8349514563106796, "French": 0.6846846846846847, "Belgium": 0.9285714285714286}, "skipped_nodes": 74, "memory_allocated_MB": 22.07666015625, "memory_reserved_MB": 184.0, "model_name": "GL_GCNConv_3l_512h_w"}