{"f1_macro": 0.4814673704862702, "f1_weighted": 0.5281120695830948, "precision_macro": 0.496593758603902, "precision_weighted": 0.5406207158337178, "recall_macro": 0.49133733751523234, "recall_weighted": 0.5318435754189944, "accuracy": 0.5318435754189944, "class_scores": {"Ukranians": 0.3116883116883117, "Southern Russians": 0.5632377740303541, "Northen Russians": 0.6509433962264151, "Belarusians": 0.4}, "skipped_nodes": 20, "memory_allocated_MB": 17.2255859375, "memory_reserved_MB": 36.0, "model_name": "GL_MLP_3l_128h"}