{"f1_macro": 0.2495285301005648, "f1_weighted": 0.31148730912844064, "accuracy": 0.38045375218150085, "class_scores": {"krasnodar": 0.432, "yaroslavl": 0.0, "ryazan": 0.47950819672131145, "kaluga": 0.0, "vologda": 0.33613445378151263}, "skipped_nodes": 3, "model_name": "GL_GINConv_3l_512h"}