{"f1_macro": 0.5256236916448184, "f1_weighted": 0.5948260084321737, "precision_macro": 0.5297152297405847, "precision_weighted": 0.5930555546119743, "recall_macro": 0.5237046461850694, "recall_weighted": 0.5994194484760522, "accuracy": 0.5994194484760522, "class_scores": {"Northen Russians": 0.721830985915493, "Ukranians": 0.2857142857142857, "Belarusians": 0.4888888888888889, "Southern Russians": 0.6060606060606061}, "skipped_nodes": 121, "model_name": "MaxSegmentCount"}