{"f1_macro": 0.6237433862433863, "f1_weighted": 0.7732692135234507, "precision_macro": 0.6620681605975723, "precision_weighted": 0.7617014037253318, "recall_macro": 0.6331896551724139, "recall_weighted": 0.8220338983050848, "accuracy": 0.8220338983050848, "class_scores": {"P0": 0.75, "P1": 0.8888888888888888, "P2": 0.9714285714285714, "P3": 0.0, "P4": 0.9629629629629629, "P5": 0.6666666666666666, "P6": 0.0, "P7": 0.75}, "skipped_nodes": 0, "memory_allocated_MB": 16.62158203125, "memory_reserved_MB": 44.0, "model_name": "GL_GCNConv_3l_128h_w"}