{"f1_macro": 0.8766065376272107, "f1_weighted": 0.9749474591448737, "precision_macro": 0.8781667321288296, "precision_weighted": 0.9746543959247996, "recall_macro": 0.876452291151862, "recall_weighted": 0.9754601226993865, "accuracy": 0.9754601226993865, "class_scores": {"Udmurts,Besermyan": 0.972972972972973, "Tatars,Volga-Tatars,Mishar-Tatars,Kryashens": 0.9978494623655914, "Chuvash": 0.9473684210526315, "Mari": 0.5882352941176471}, "skipped_nodes": 0, "memory_allocated_MB": 21.71630859375, "memory_reserved_MB": 212.0, "model_name": "GL_GINConv_3l_128h"}