{"f1_macro": 0.7124088621221378, "f1_weighted": 0.9267428164929451, "precision_macro": 0.7925579322638147, "precision_weighted": 0.9248283488479566, "recall_macro": 0.6747795823037239, "recall_weighted": 0.9351851851851852, "accuracy": 0.9351851851851852, "class_scores": {"P0": 0.8148148148148148, "P1": 0.9726315789473684, "P2": 0.8955223880597015, "P3": 0.16666666666666666}, "skipped_nodes": 1, "memory_allocated_MB": 41.15087890625, "memory_reserved_MB": 196.0, "f1_macro_score_only_mask_connect": -100.0, "f1_macro_score_only_not_mask_connect": -100.0, "f1_macro_score_mixed_connect": -100.0, "only_mask_connect_sum": -100.0, "only_not_mask_connect_sum": -100.0, "mixed_connect_sum": -100.0, "model_name": "GL_TAGConv_3l_512h_w_k3_gnorm"}