{"f1_macro": 0.46925287356321843, "f1_weighted": 0.8752027360552853, "accuracy": 0.9141104294478528, "class_scores": {"Udmurts,Besermyan": 0.0, "Tatars,Volga-Tatars,Mishar-Tatars,Kryashens": 0.9666666666666667, "Chuvash": 0.9103448275862069, "Mari": 0.0}, "skipped_nodes": 0, "model_name": "GL_SAGEConv_9l_128h"}