{"f1_macro": 0.7732940347191508, "f1_weighted": 0.9392205766322123, "precision_macro": 0.8172903892295388, "precision_weighted": 0.9397803589824607, "recall_macro": 0.7394573416569126, "recall_weighted": 0.941358024691358, "accuracy": 0.941358024691358, "class_scores": {"P0": 0.8571428571428571, "P1": 0.9768421052631578, "P2": 0.90625, "P3": 0.35294117647058826}, "skipped_nodes": 1, "memory_allocated_MB": 38.9453125, "memory_reserved_MB": 132.0, "model_name": "GL_TAGConv_3l_512h_w_k3_gnorm"}