{"f1_macro": 0.5876411359024605, "f1_weighted": 0.6358984955568223, "precision_macro": 0.5867135870936282, "precision_weighted": 0.6442424082433561, "recall_macro": 0.5917267076747398, "recall_weighted": 0.6302702702702703, "accuracy": 0.6302702702702703, "class_scores": {"Southern Russians": 0.6502463054187192, "Ukranians": 0.4584527220630373, "Northen Russians": 0.7869918699186992, "Belarusians": 0.4548736462093863}, "skipped_nodes": 925, "memory_allocated_MB": 198.40478515625, "memory_reserved_MB": 2716.0, "model_name": "GL_MLP_3l_512h"}