{"f1_macro": 0.6987200201733413, "f1_weighted": 0.9016390549761838, "precision_macro": 0.9506048387096774, "precision_weighted": 0.9163744740532959, "recall_macro": 0.6446149474282467, "recall_weighted": 0.9130434782608695, "accuracy": 0.9130434782608695, "class_scores": {"P0": 0.7857142857142857, "P1": 0.9497907949790795, "P2": 0.859375, "P3": 0.2}, "skipped_nodes": 3, "memory_allocated_MB": 36.6591796875, "memory_reserved_MB": 190.0, "model_name": "GL_TAGConv_3l_512h_w_k3_gnorm"}