{"f1_macro": 0.5320448315813608, "f1_weighted": 0.5989418819303658, "precision_macro": 0.5974422772261698, "precision_weighted": 0.6098938886757607, "recall_macro": 0.5214387513962289, "recall_weighted": 0.6203389830508474, "accuracy": 0.6203389830508474, "class_scores": {"Northen Russians": 0.7221095334685599, "Ukranians": 0.24242424242424243, "Belarusians": 0.5492957746478874, "Southern Russians": 0.6143497757847534}, "skipped_nodes": 148, "memory_allocated_MB": 51.44384765625, "memory_reserved_MB": 184.0, "model_name": "GL_GCNConv_9l_512h_w"}