{"f1_macro": 0.8859757431685876, "f1_weighted": 0.9274936271154308, "precision_macro": 0.8980107278525914, "precision_weighted": 0.9279223297228144, "recall_macro": 0.8758867767946896, "recall_weighted": 0.928374655647383, "accuracy": 0.928374655647383, "class_scores": {"English": 0.9698924731182795, "Germans": 0.8455284552845529, "French": 0.8111888111888111, "Belgium": 0.9172932330827067}, "skipped_nodes": 43, "memory_allocated_MB": 27.5185546875, "memory_reserved_MB": 128.0, "f1_macro_score_only_mask_connect": 0.792651088567612, "f1_macro_score_only_not_mask_connect": 1.0, "f1_macro_score_mixed_connect": 0.9403217534758426, "only_mask_connect_sum": 191.0, "only_not_mask_connect_sum": 26.0, "mixed_connect_sum": 509.0, "model_name": "GL_SAGEConv_3l_512h_de"}