{"f1_macro": 0.637324972553735, "f1_weighted": 0.640464824063221, "precision_macro": 0.6442646536290765, "precision_weighted": 0.6465036477489194, "recall_macro": 0.6502921029861709, "recall_weighted": 0.6536796536796536, "accuracy": 0.6536796536796536, "class_scores": {"P0": 0.6257197696737045, "P1": 0.4649859943977591, "P2": 0.8134328358208955, "P3": 0.6451612903225806}, "skipped_nodes": 0, "model_name": "MaxEdgeCountPerClassSize"}