{"f1_macro": 0.468330539791214, "f1_weighted": 0.5692590161687838, "accuracy": 0.5153374233128835, "class_scores": {"P0": 0.6181818181818182, "P1": 0.5945945945945946, "P2": 0.5257142857142857, "P3": 0.1348314606741573}, "skipped_nodes": 0, "model_name": "MaxEdgeCountPerClassSize"}