{"f1_macro": 0.7729718914592864, "f1_weighted": 0.8922698125537882, "accuracy": 0.896551724137931, "class_scores": {"Chechens": 0.8648648648648649, "Kabardians, Circassians, Adyghes": 0.9, "Karachays, Balkars": 0.9142857142857143, "Ingush": 0.8571428571428571, "Dagestan peoples": 0.9333333333333333, "Ossetians": 0.9411764705882353, "Kumyks": 0.0, "Nogais": 0.0}, "skipped_nodes": 31, "model_name": "GL_TAGConv_3l_128h_w_k3"}