{"f1_macro": 0.9660599419035484, "f1_weighted": 0.9755324543701779, "precision_macro": 0.973154490106545, "precision_weighted": 0.9762998545872486, "recall_macro": 0.9609364101371775, "recall_weighted": 0.9757085020242915, "accuracy": 0.9757085020242915, "class_scores": {"P0": 0.9849137931034483, "P1": 0.9624060150375939, "P2": 0.9523809523809523, "P3": 0.9645390070921985}, "skipped_nodes": 21, "memory_allocated_MB": 22.25634765625, "memory_reserved_MB": 348.0, "model_name": "GL_GATConv_3l_128h"}