{"f1_macro": 0.7833889818821723, "f1_weighted": 0.9061220744933822, "precision_macro": 0.8658158527258822, "precision_weighted": 0.9141201933387557, "recall_macro": 0.7503515574196905, "recall_weighted": 0.9074074074074074, "accuracy": 0.9074074074074074, "class_scores": {"P0": 0.896551724137931, "P1": 0.9455337690631809, "P2": 0.8299319727891157, "P3": 0.46153846153846156}, "skipped_nodes": 1, "model_name": "MaxIbdSum"}