{"f1_macro": 0.982297182175913, "f1_weighted": 0.981292790277469, "accuracy": 0.9813084112149533, "class_scores": {"Swedes": 0.9803921568627451, "Norwegians": 0.9801980198019802, "Danes": 0.9863013698630136}, "skipped_nodes": 1, "model_name": "GL_TAGConv_3l_512h_w_k3_gnorm"}