{"f1_macro": 0.45258405727155726, "f1_weighted": 0.5813387937174345, "precision_macro": 0.48471963085933667, "precision_weighted": 0.6500204060169794, "recall_macro": 0.47292058270676696, "recall_weighted": 0.5436893203883495, "accuracy": 0.5436893203883495, "class_scores": {"Chechens": 0.5625, "Kabardians, Circassians, Adyghes": 0.5777777777777777, "Karachays, Balkars": 0.6666666666666666, "Ingush": 0.47619047619047616, "Dagestan peoples": 0.6486486486486487, "Ossetians": 0.5555555555555556, "Kumyks": 0.13333333333333333, "Nogais": 0.0}, "skipped_nodes": 15, "memory_allocated_MB": 21.81298828125, "memory_reserved_MB": 76.0, "model_name": "GL_GINConv_9l_128h"}