{"f1_macro": 0.28256890168654875, "f1_weighted": 0.33570453913115245, "precision_macro": 0.2807192807192807, "precision_weighted": 0.34200427404310896, "recall_macro": 0.3565058479532164, "recall_weighted": 0.42718446601941745, "accuracy": 0.42718446601941745, "class_scores": {"Chechens": 0.6274509803921569, "Kabardians, Circassians, Adyghes": 0.0, "Karachays, Balkars": 0.5818181818181818, "Ingush": 0.0, "Dagestan peoples": 0.38461538461538464, "Ossetians": 0.6666666666666666, "Kumyks": 0.0, "Nogais": 0.0}, "skipped_nodes": 15, "memory_allocated_MB": 21.75439453125, "memory_reserved_MB": 44.0, "model_name": "GL_GINConv_9l_128h"}