{"f1_macro": 0.9528133504899966, "f1_weighted": 0.9690680786873943, "precision_macro": 0.9658865622266377, "precision_weighted": 0.9694604429483545, "recall_macro": 0.9412050675892628, "recall_weighted": 0.9695290858725761, "accuracy": 0.9695290858725761, "class_scores": {"English": 0.9849137931034483, "Germans": 0.9397590361445783, "French": 0.9230769230769231, "Belgium": 0.9635036496350365}, "skipped_nodes": 47, "memory_allocated_MB": 28.060546875, "memory_reserved_MB": 92.0, "f1_macro_score_only_mask_connect": -100.0, "f1_macro_score_only_not_mask_connect": -100.0, "f1_macro_score_mixed_connect": -100.0, "only_mask_connect_sum": -100.0, "only_not_mask_connect_sum": -100.0, "mixed_connect_sum": -100.0, "model_name": "GL_SAGEConv_9l_128h_de"}