{"f1_macro": 0.7778510116492949, "f1_weighted": 0.951032967032967, "precision_macro": 0.9653027491010324, "precision_weighted": 0.9629937629937629, "recall_macro": 0.7696980534963368, "recall_weighted": 0.96, "accuracy": 0.96, "class_scores": {"P0": 1.0, "P1": 0.9828326180257511, "P2": 0.9285714285714286, "P3": 0.2}, "skipped_nodes": 0, "memory_allocated_MB": 0.00048828125, "memory_reserved_MB": 26.0, "f1_macro_score_only_mask_connect": -100.0, "f1_macro_score_only_not_mask_connect": -100.0, "f1_macro_score_mixed_connect": -100.0, "only_mask_connect_sum": -100.0, "only_not_mask_connect_sum": -100.0, "mixed_connect_sum": -100.0, "model_name": "GL_LR"}