{"f1_macro": 0.9457333248106363, "f1_weighted": 0.9899263682114905, "accuracy": 0.99079754601227, "class_scores": {"P0": 1.0, "P1": 0.9978586723768736, "P2": 0.9850746268656716, "P3": 0.8}, "skipped_nodes": 0, "model_name": "GL_TAGConv_3l_512h_w_k3"}