{"f1_macro": 0.23619524697110905, "f1_weighted": 0.05597373341185485, "precision_macro": 0.22820228281547242, "precision_weighted": 0.05306145473077326, "recall_macro": 0.24747474747474746, "recall_weighted": 0.06134969325153374, "accuracy": 0.06134969325153374, "class_scores": {"P0": 0.918918918918919, "P1": 0.0, "P2": 0.02586206896551724, "P3": 0.0}, "skipped_nodes": 0, "model_name": "MaxIbdSumPerClassSize"}