{"f1_macro": 0.9785750529613985, "f1_weighted": 0.9848430979902414, "precision_macro": 0.9641304347826087, "precision_weighted": 0.9856761803147506, "recall_macro": 0.9946351931330473, "recall_weighted": 0.9846625766871165, "accuracy": 0.9846625766871165, "class_scores": {"Udmurts,Besermyan": 0.9473684210526315, "Tatars,Volga-Tatars,Mishar-Tatars,Kryashens": 0.9891540130151844, "Chuvash": 0.9777777777777777, "Mari": 1.0}, "skipped_nodes": 0, "memory_allocated_MB": 37.88720703125, "memory_reserved_MB": 208.0, "model_name": "GL_TAGConv_3l_512h_w_k3_gnorm"}