{"f1_macro": 0.8341913247675454, "f1_weighted": 0.9092475323354035, "precision_macro": 0.8907927056176315, "precision_weighted": 0.9139282144709211, "recall_macro": 0.8080415973353647, "recall_weighted": 0.915954415954416, "accuracy": 0.915954415954416, "class_scores": {"English": 0.9687836383207751, "Germans": 0.8244897959183674, "French": 0.6170212765957447, "Belgium": 0.9264705882352942}, "skipped_nodes": 67, "memory_allocated_MB": 18.27392578125, "memory_reserved_MB": 182.0, "f1_macro_score_only_mask_connect": 0.6492375560995511, "f1_macro_score_only_not_mask_connect": 0.9222222222222223, "f1_macro_score_mixed_connect": 0.947474337225411, "only_mask_connect_sum": 167.0, "only_not_mask_connect_sum": 37.0, "mixed_connect_sum": 498.0, "model_name": "GL_SAGEConv_3l_128h"}