{"f1_macro": 0.35754748380969004, "f1_weighted": 0.46273105760630173, "precision_macro": 0.6347774875696305, "precision_weighted": 0.5988260519160422, "recall_macro": 0.4040466263934585, "recall_weighted": 0.5378787878787878, "accuracy": 0.5378787878787878, "class_scores": {"Southern Russians": 0.574468085106383, "Ukranians": 0.11956521739130435, "Northen Russians": 0.7067448680351907, "Belarusians": 0.029411764705882353}, "skipped_nodes": 1, "memory_allocated_MB": 24.04541015625, "memory_reserved_MB": 106.0, "f1_macro_score_only_mask_connect": 0.2095238095238095, "f1_macro_score_only_not_mask_connect": 0.0, "f1_macro_score_mixed_connect": 0.3630218626990224, "only_mask_connect_sum": 15.0, "only_not_mask_connect_sum": 7.0, "mixed_connect_sum": 902.0, "model_name": "GL_GCNConv_3l_128h_w"}