{"f1_macro": 0.6982389293296937, "f1_weighted": 0.9434424955946193, "precision_macro": 0.7143424937542585, "precision_weighted": 0.9327546472079132, "recall_macro": 0.6906565656565656, "recall_weighted": 0.9570552147239264, "accuracy": 0.9570552147239264, "class_scores": {"P0": 0.875, "P1": 0.9893842887473461, "P2": 0.9285714285714286, "P3": 0.0}, "skipped_nodes": 0, "model_name": "MaxIbdSum"}