{"f1_macro": 0.9514367027301118, "f1_weighted": 0.9653019849533703, "precision_macro": 0.9657805032885358, "precision_weighted": 0.9663388506243348, "recall_macro": 0.9402229873857741, "recall_weighted": 0.9659400544959128, "accuracy": 0.9659400544959128, "class_scores": {"P0": 0.9785867237687366, "P1": 0.9512195121951219, "P2": 0.9041095890410958, "P3": 0.971830985915493}, "skipped_nodes": 28, "model_name": "LongestIbd"}