{"f1_macro": 0.476418590166532, "f1_weighted": 0.5364193430497846, "precision_macro": 0.4926157907395817, "precision_weighted": 0.5313202548063435, "recall_macro": 0.47658076615683714, "recall_weighted": 0.5545945945945946, "accuracy": 0.5545945945945946, "class_scores": {"Southern Russians": 0.5959302325581395, "Ukranians": 0.26294820717131473, "Northen Russians": 0.6893491124260355, "Belarusians": 0.3574468085106383}, "skipped_nodes": 0, "memory_allocated_MB": 93.7998046875, "memory_reserved_MB": 326.0, "f1_macro_score_only_mask_connect": 0.375, "f1_macro_score_only_not_mask_connect": 0.25, "f1_macro_score_mixed_connect": 0.47426106557914155, "only_mask_connect_sum": 16.0, "only_not_mask_connect_sum": 3.0, "mixed_connect_sum": 906.0, "model_name": "GL_SAGEConv_9l_512h"}