{"f1_macro": 0.6904665314401622, "f1_weighted": 0.9151781381052527, "precision_macro": 0.688626774069812, "precision_weighted": 0.9071682892448598, "recall_macro": 0.697414054710192, "recall_weighted": 0.9263803680981595, "accuracy": 0.9263803680981595, "class_scores": {"P0": 0.9411764705882353, "P1": 0.9655172413793104, "P2": 0.8551724137931035, "P3": 0.0}, "skipped_nodes": 0, "model_name": "MaxIbdSum"}