{"f1_macro": 0.6246149068322981, "f1_weighted": 0.878087794840529, "precision_macro": 0.7181647940074907, "precision_weighted": 0.8813791043404333, "recall_macro": 0.5744949494949495, "recall_weighted": 0.8957055214723927, "accuracy": 0.8957055214723927, "class_scores": {"Udmurts,Besermyan": 0.7142857142857143, "Tatars,Volga-Tatars,Mishar-Tatars,Kryashens": 0.932, "Chuvash": 0.8521739130434782, "Mari": 0.0}, "skipped_nodes": 0, "memory_allocated_MB": 16.53759765625, "memory_reserved_MB": 26.0, "model_name": "GL_GCNConv_3l_128h_w"}