{"f1_macro": 0.8875767891111668, "f1_weighted": 0.9704399323368207, "accuracy": 0.9693251533742331, "class_scores": {"P0": 0.9411764705882353, "P1": 0.9893390191897654, "P2": 0.953125, "P3": 0.6666666666666666}, "skipped_nodes": 0, "model_name": "GL_TAGConv_3l_512h_w_k3_gnorm"}