{"f1_macro": 0.6776424639117334, "f1_weighted": 0.7094401763695934, "precision_macro": 0.6937037076480392, "precision_weighted": 0.7133630408210929, "recall_macro": 0.6707955690044618, "recall_weighted": 0.7121212121212122, "accuracy": 0.7121212121212122, "class_scores": {"P0": 0.7456140350877193, "P1": 0.6095238095238096, "P2": 0.8447937131630648, "P3": 0.5106382978723404}, "skipped_nodes": 0, "memory_allocated_MB": 38.08544921875, "memory_reserved_MB": 496.0, "model_name": "GL_TAGConv_3l_512h_w_k3_gnorm"}