{"f1_macro": 0.2715802537231109, "f1_weighted": 0.4485120689202322, "accuracy": 0.5428571428571428, "class_scores": {"Chechens": 0.8648648648648649, "Kabardians, Circassians, Adyghes": 0.5510204081632653, "Karachays, Balkars": 0.0, "Ingush": 0.0, "Dagestan peoples": 0.7567567567567568, "Ossetians": 0.0, "Kumyks": 0.0, "Nogais": 0.0}, "skipped_nodes": 13, "model_name": "GL_SAGEConv_3l_128h"}