{"f1_macro": 0.2723009446693657, "f1_weighted": 0.4522382880277618, "precision_macro": 0.2620579481792717, "precision_weighted": 0.42914165666266507, "recall_macro": 0.3213383838383838, "recall_weighted": 0.5523809523809524, "accuracy": 0.5523809523809524, "class_scores": {"Chechens": 0.8205128205128205, "Kabardians, Circassians, Adyghes": 0.5684210526315789, "Karachays, Balkars": 0.0, "Ingush": 0.0, "Dagestan peoples": 0.7894736842105263, "Ossetians": 0.0, "Kumyks": 0.0, "Nogais": 0.0}, "skipped_nodes": 13, "memory_allocated_MB": 16.96875, "memory_reserved_MB": 44.0, "model_name": "GL_SAGEConv_3l_128h"}