{"f1_macro": 0.9584417811739386, "f1_weighted": 0.9750365571222287, "precision_macro": 0.9670412568128431, "precision_weighted": 0.9756894657362246, "recall_macro": 0.9522760706113109, "recall_weighted": 0.9754098360655737, "accuracy": 0.9754098360655737, "class_scores": {"P0": 0.9902912621359223, "P1": 0.9541984732824428, "P2": 0.9242424242424242, "P3": 0.965034965034965}, "skipped_nodes": 30, "memory_allocated_MB": 18.51513671875, "memory_reserved_MB": 68.0, "model_name": "GL_GCNConv_9l_128h_w"}