{"f1_macro": 0.46609012383886655, "f1_weighted": 0.5036199259755794, "precision_macro": 0.468488774378369, "precision_weighted": 0.5209068799605482, "recall_macro": 0.4743348157586861, "recall_weighted": 0.4962162162162162, "accuracy": 0.4962162162162162, "class_scores": {"Southern Russians": 0.4778761061946903, "Ukranians": 0.359375, "Northen Russians": 0.6590538336052202, "Belarusians": 0.3680555555555556}, "skipped_nodes": 0, "memory_allocated_MB": 22.3291015625, "memory_reserved_MB": 74.0, "model_name": "GL_MLP_3l_512h"}