{"f1_macro": 0.5121152450175481, "f1_weighted": 0.5626034796660143, "precision_macro": 0.5146063345476022, "precision_weighted": 0.5792007641661702, "recall_macro": 0.5225002379790328, "recall_weighted": 0.5561613958560524, "accuracy": 0.5561613958560524, "class_scores": {"Ukranians": 0.33876221498371334, "Southern Russians": 0.5961199294532628, "Northen Russians": 0.7027027027027027, "Belarusians": 0.4108761329305136}, "skipped_nodes": 6, "memory_allocated_MB": 37.71875, "memory_reserved_MB": 238.0, "model_name": "GL_TAGConv_3l_512h_nw_k3_gnorm_gelu"}