{"f1_macro": 0.9950854700854701, "f1_weighted": 0.9938309475119291, "precision_macro": 0.9978723404255319, "precision_weighted": 0.9939172431797416, "recall_macro": 0.9924242424242424, "recall_weighted": 0.9938650306748467, "accuracy": 0.9938650306748467, "class_scores": {"Udmurts,Besermyan": 1.0, "Tatars,Volga-Tatars,Mishar-Tatars,Kryashens": 0.9957264957264957, "Chuvash": 0.9846153846153847, "Mari": 1.0}, "skipped_nodes": 0, "memory_allocated_MB": 36.64697265625, "memory_reserved_MB": 186.0, "model_name": "GL_TAGConv_3l_512h_w_k3_gnorm"}