{"f1_macro": 0.713778762437811, "f1_weighted": 0.7866954052589813, "precision_macro": 0.7054597701149425, "precision_weighted": 0.9091918764544108, "recall_macro": 0.9120171673819742, "recall_weighted": 0.7484662576687117, "accuracy": 0.7484662576687117, "class_scores": {"P0": 1.0, "P1": 0.7864583333333334, "P2": 0.8, "P3": 0.26865671641791045}, "skipped_nodes": 0, "model_name": "MaxEdgeCountPerClassSize"}