{"f1_macro": 0.05211267605633803, "f1_weighted": 0.14898470578069645, "precision_macro": 0.07581967213114754, "precision_weighted": 0.21676053504978374, "recall_macro": 0.03969957081545064, "recall_weighted": 0.11349693251533742, "accuracy": 0.11349693251533742, "class_scores": {"P0": 0.0, "P1": 0.2084507042253521, "P2": 0.0, "P3": 0.0}, "skipped_nodes": 0, "model_name": "MaxSegmentCount"}