{"f1_macro": 0.25067083285382613, "f1_weighted": 0.30867948471262424, "accuracy": 0.36476868327402134, "class_scores": {"krasnodar": 0.42317380352644834, "yaroslavl": 0.023255813953488372, "ryazan": 0.4689655172413793, "kaluga": 0.020202020202020204, "vologda": 0.3177570093457944}, "skipped_nodes": 14, "model_name": "GL_MLP_3l_512h"}