{"f1_macro": 0.6916549394877568, "f1_weighted": 0.8123450044806487, "precision_macro": 0.7028757355344885, "precision_weighted": 0.8773328587621023, "recall_macro": 0.8049873737373737, "recall_weighted": 0.794392523364486, "accuracy": 0.794392523364486, "class_scores": {"Chechens": 0.8947368421052632, "Kabardians, Circassians, Adyghes": 0.8235294117647058, "Karachays, Balkars": 0.9142857142857143, "Ingush": 0.7777777777777778, "Dagestan peoples": 0.7058823529411765, "Ossetians": 0.9090909090909091, "Kumyks": 0.2857142857142857, "Nogais": 0.2222222222222222}, "skipped_nodes": 11, "memory_allocated_MB": 38.32861328125, "memory_reserved_MB": 74.0, "model_name": "GL_TAGConv_3l_512h_w_k3_gnorm"}