{"f1_macro": 0.707694756224168, "f1_weighted": 0.8171559916474704, "precision_macro": 0.7082328783916312, "precision_weighted": 0.8713025961897837, "recall_macro": 0.810669191919192, "recall_weighted": 0.8037383177570093, "accuracy": 0.8037383177570093, "class_scores": {"Chechens": 0.8717948717948718, "Kabardians, Circassians, Adyghes": 0.8235294117647058, "Karachays, Balkars": 0.9142857142857143, "Ingush": 0.7777777777777778, "Dagestan peoples": 0.7428571428571429, "Ossetians": 0.9090909090909091, "Kumyks": 0.4, "Nogais": 0.2222222222222222}, "skipped_nodes": 11, "memory_allocated_MB": 37.67529296875, "memory_reserved_MB": 72.0, "model_name": "GL_TAGConv_3l_512h_w_k3_gnorm"}