{"f1_macro": 0.5855805983616806, "f1_weighted": 0.6290219408289449, "precision_macro": 0.5824788456602601, "precision_weighted": 0.6318845356837417, "recall_macro": 0.5919694302607781, "recall_weighted": 0.6294691224268689, "accuracy": 0.6294691224268689, "class_scores": {"Southern Russians": 0.6296296296296297, "Ukranians": 0.40514469453376206, "Northen Russians": 0.783410138248848, "Belarusians": 0.5241379310344828}, "skipped_nodes": 2, "memory_allocated_MB": 22.36767578125, "memory_reserved_MB": 260.0, "model_name": "GL_SAGEConv_9l_128h"}