{"f1_macro": 0.9023610925917696, "f1_weighted": 0.9380109236393237, "accuracy": 0.9355828220858896, "class_scores": {"P0": 1.0, "P1": 0.9574944071588367, "P2": 0.8741721854304636, "P3": 0.7777777777777778}, "skipped_nodes": 0, "model_name": "LongestIbd"}