{"f1_macro": 0.971571684806979, "f1_weighted": 0.9717066939944299, "accuracy": 0.9716981132075472, "class_scores": {"Swedes": 0.972972972972973, "Norwegians": 0.9711538461538461, "Danes": 0.9705882352941176}, "skipped_nodes": 3, "model_name": "GL_TAGConv_3l_512h_w_k3"}