{"f1_macro": 0.6337895467116946, "f1_weighted": 0.6778577003610516, "precision_macro": 0.6354142416669033, "precision_weighted": 0.6809588137230923, "recall_macro": 0.6334909180090841, "recall_weighted": 0.6756756756756757, "accuracy": 0.6756756756756757, "class_scores": {"Southern Russians": 0.7070063694267515, "Ukranians": 0.47477744807121663, "Northen Russians": 0.805111821086262, "Belarusians": 0.5482625482625483}, "skipped_nodes": 0, "memory_allocated_MB": 53.1259765625, "memory_reserved_MB": 294.0, "model_name": "GL_MLP_9l_512h"}