{"f1_macro": 0.9452281060412574, "f1_weighted": 0.9650987804026137, "accuracy": 0.9657534246575342, "class_scores": {"English": 0.983957219251337, "Germans": 0.936, "French": 0.9172932330827067, "Belgium": 0.9436619718309859}, "skipped_nodes": 39, "model_name": "GL_SAGEConv_3l_512h"}