{"f1_macro": 0.6377308218891834, "f1_weighted": 0.6825389279089036, "precision_macro": 0.6354051018676846, "precision_weighted": 0.690001980744869, "recall_macro": 0.6438697082808614, "recall_weighted": 0.6789189189189189, "accuracy": 0.6789189189189189, "class_scores": {"Southern Russians": 0.7038917089678511, "Ukranians": 0.5058823529411764, "Northen Russians": 0.8163265306122449, "Belarusians": 0.524822695035461}, "skipped_nodes": 0, "memory_allocated_MB": 20.34765625, "memory_reserved_MB": 78.0, "model_name": "GL_MLP_9l_128h"}