{"f1_macro": 0.5605305060054175, "f1_weighted": 0.6007334645297272, "precision_macro": 0.5573716717341931, "precision_weighted": 0.6054901859558838, "recall_macro": 0.566480007937066, "recall_weighted": 0.5984848484848485, "accuracy": 0.5984848484848485, "class_scores": {"Southern Russians": 0.5986622073578596, "Ukranians": 0.42592592592592593, "Northen Russians": 0.7433070866141732, "Belarusians": 0.4742268041237113}, "skipped_nodes": 1, "memory_allocated_MB": 98.8994140625, "memory_reserved_MB": 4514.0, "model_name": "GL_GATConv_3l_512h"}