{"f1_macro": 0.5684756851087778, "f1_weighted": 0.6078737320899947, "precision_macro": 0.566083846612711, "precision_weighted": 0.6154804365259486, "recall_macro": 0.575801002872075, "recall_weighted": 0.6054054054054054, "accuracy": 0.6054054054054054, "class_scores": {"Southern Russians": 0.596551724137931, "Ukranians": 0.44314868804664725, "Northen Russians": 0.7570093457943925, "Belarusians": 0.47719298245614034}, "skipped_nodes": 0, "memory_allocated_MB": 99.380859375, "memory_reserved_MB": 3624.0, "model_name": "GL_GATConv_3l_512h"}