{"f1_macro": 0.9343439927294691, "f1_weighted": 0.9607031033685774, "accuracy": 0.9622377622377623, "class_scores": {"English": 0.9796791443850268, "Germans": 0.9543568464730291, "French": 0.847457627118644, "Belgium": 0.9558823529411765}, "skipped_nodes": 54, "model_name": "GL_SAGEConv_3l_128h"}