{"f1_macro": 0.6205227532264012, "f1_weighted": 0.6631366531768276, "precision_macro": 0.6178738661455987, "precision_weighted": 0.6670318577929365, "recall_macro": 0.6246039647626977, "recall_weighted": 0.6605405405405406, "accuracy": 0.6605405405405406, "class_scores": {"Southern Russians": 0.6754098360655738, "Ukranians": 0.48338368580060426, "Northen Russians": 0.8, "Belarusians": 0.5232974910394266}, "skipped_nodes": 0, "memory_allocated_MB": 20.36376953125, "memory_reserved_MB": 76.0, "model_name": "GL_MLP_9l_128h"}