{"f1_macro": 0.42870408044955594, "f1_weighted": 0.48646593408721783, "precision_macro": 0.4292649792649793, "precision_weighted": 0.48487971023182297, "recall_macro": 0.42881622397355335, "recall_weighted": 0.4886240520043337, "accuracy": 0.4886240520043337, "class_scores": {"Southern Russians": 0.5384615384615384, "Ukranians": 0.2684563758389262, "Northen Russians": 0.6307448494453248, "Belarusians": 0.27715355805243447}, "skipped_nodes": 2, "memory_allocated_MB": 27.20361328125, "memory_reserved_MB": 82.0, "model_name": "GL_SAGEConv_3l_512h"}