{"f1_macro": 0.758958017338547, "f1_weighted": 0.9537033016726015, "precision_macro": 0.9683833304433269, "precision_weighted": 0.9657504105404737, "recall_macro": 0.7323232323232324, "recall_weighted": 0.9631901840490797, "accuracy": 0.9631901840490797, "class_scores": {"P0": 0.9090909090909091, "P1": 0.9914893617021276, "P2": 0.935251798561151, "P3": 0.2}, "skipped_nodes": 0, "model_name": "MaxIbdSum"}