{"f1_macro": 0.7173877748286684, "f1_weighted": 0.8024962348196624, "accuracy": 0.7668711656441718, "class_scores": {"P0": 0.972972972972973, "P1": 0.8112244897959183, "P2": 0.7950310559006211, "P3": 0.2903225806451613}, "skipped_nodes": 0, "model_name": "MaxIbdSumPerClassSize"}