{"f1_macro": 0.7244464344467213, "f1_weighted": 0.8087225735745251, "precision_macro": 0.7011129385964913, "precision_weighted": 0.9090801582176301, "recall_macro": 0.918958902328001, "recall_weighted": 0.7760736196319018, "accuracy": 0.7760736196319018, "class_scores": {"P0": 0.972972972972973, "P1": 0.817258883248731, "P2": 0.8024691358024691, "P3": 0.3050847457627119}, "skipped_nodes": 0, "model_name": "MaxIbdSumPerClassSize"}