{"f1_macro": 0.7712316968130922, "f1_weighted": 0.8282833228243264, "precision_macro": 0.8961384335154827, "precision_weighted": 0.8607341752294299, "recall_macro": 0.7407258934474719, "recall_weighted": 0.8421052631578947, "accuracy": 0.8421052631578947, "class_scores": {"Swedes": 0.8933333333333333, "Norwegians": 0.8622222222222222, "Danes": 0.5581395348837209}, "skipped_nodes": 6, "memory_allocated_MB": 21.7568359375, "memory_reserved_MB": 78.0, "model_name": "GL_GINConv_9l_128h"}