{"f1_macro": 0.7068410333965113, "f1_weighted": 0.8309536007108937, "accuracy": 0.8314606741573034, "class_scores": {"Chechens": 0.8, "Kabardians, Circassians, Adyghes": 0.8947368421052632, "Karachays, Balkars": 0.8205128205128205, "Ingush": 0.7058823529411765, "Dagestan peoples": 0.9032258064516129, "Ossetians": 0.8235294117647058, "Kumyks": 0.0, "Nogais": 0.0}, "skipped_nodes": 29, "model_name": "GL_GCNConv_9l_512h_w"}