{"f1_macro": 0.9034580498866214, "f1_weighted": 0.9396174701764763, "precision_macro": 0.9496560846560846, "precision_weighted": 0.9491198527720267, "recall_macro": 0.8874161877394636, "recall_weighted": 0.9391304347826087, "accuracy": 0.9391304347826087, "class_scores": {"Chechens": 0.9714285714285714, "Kabardians, Circassians, Adyghes": 0.9285714285714286, "Karachays, Balkars": 1.0, "Ingush": 1.0, "Dagestan peoples": 0.9387755102040817, "Ossetians": 0.8333333333333334, "Kumyks": 0.6666666666666666, "Nogais": 0.8888888888888888}, "skipped_nodes": 3, "memory_allocated_MB": 32.8271484375, "memory_reserved_MB": 44.0, "model_name": "GL_TAGConv_3l_512h_nw_k3_gnorm_relu"}