{"f1_macro": 0.7366900522339719, "f1_weighted": 0.8560860510036777, "precision_macro": 0.8060949788263763, "precision_weighted": 0.8918069549617206, "recall_macro": 0.7306896551724138, "recall_weighted": 0.8706896551724138, "accuracy": 0.8706896551724138, "class_scores": {"Chechens": 0.7659574468085106, "Kabardians, Circassians, Adyghes": 0.9491525423728814, "Karachays, Balkars": 0.9444444444444444, "Ingush": 0.46153846153846156, "Dagestan peoples": 0.9361702127659575, "Ossetians": 0.9473684210526315, "Kumyks": 0.0, "Nogais": 0.8888888888888888}, "skipped_nodes": 2, "memory_allocated_MB": 16.5498046875, "memory_reserved_MB": 22.0, "model_name": "GL_GCNConv_3l_128h_w"}