{"f1_macro": 0.9168628374136849, "f1_weighted": 0.970253864896209, "precision_macro": 0.986904761904762, "precision_weighted": 0.9760694108151735, "recall_macro": 0.8916666666666666, "recall_weighted": 0.9745762711864406, "accuracy": 0.9745762711864406, "class_scores": {"P0": 1.0, "P1": 0.9830508474576272, "P2": 1.0, "P3": 1.0, "P4": 0.9629629629629629, "P5": 1.0, "P6": 0.5, "P7": 0.8888888888888888}, "skipped_nodes": 0, "memory_allocated_MB": 18.72021484375, "memory_reserved_MB": 26.0, "model_name": "GL_GINConv_3l_128h"}