{"f1_macro": 0.9050996204933586, "f1_weighted": 0.9803287117340506, "precision_macro": 0.9404761904761906, "precision_weighted": 0.9809377738825591, "recall_macro": 0.8840280487276195, "recall_weighted": 0.9815950920245399, "accuracy": 0.9815950920245399, "class_scores": {"P0": 1.0, "P1": 0.9978494623655914, "P2": 0.9558823529411765, "P3": 0.6666666666666666}, "skipped_nodes": 0, "memory_allocated_MB": 43.71142578125, "memory_reserved_MB": 204.0, "model_name": "GL_TAGConv_3l_512h_w_k3_gnorm"}