{"f1_macro": 0.6134788888733123, "f1_weighted": 0.664556497068223, "precision_macro": 0.6455179031837529, "precision_weighted": 0.6678836206473133, "recall_macro": 0.6027126253292099, "recall_weighted": 0.6767567567567567, "accuracy": 0.6767567567567567, "class_scores": {"Southern Russians": 0.7238912732474965, "Ukranians": 0.4697508896797153, "Northen Russians": 0.781010719754977, "Belarusians": 0.4792626728110599}, "skipped_nodes": 0, "memory_allocated_MB": 21.1025390625, "memory_reserved_MB": 76.0, "f1_macro_score_only_mask_connect": -100.0, "f1_macro_score_only_not_mask_connect": -100.0, "f1_macro_score_mixed_connect": -100.0, "only_mask_connect_sum": -100.0, "only_not_mask_connect_sum": -100.0, "mixed_connect_sum": -100.0, "model_name": "GL_MLP_3l_128h"}