{"f1_macro": 0.6562159137654204, "f1_weighted": 0.8330450196032532, "accuracy": 0.8246153846153846, "class_scores": {"P0": 0.8, "P1": 0.8904109589041096, "P2": 0.7239263803680982, "P3": 0.21052631578947367}, "skipped_nodes": 0, "model_name": "LongestIbd"}