{"f1_macro": 0.47975499216909673, "f1_weighted": 0.5514684135469181, "precision_macro": 0.5536661181528714, "precision_weighted": 0.5767935795386652, "recall_macro": 0.48154342441448467, "recall_weighted": 0.5848648648648649, "accuracy": 0.5848648648648649, "class_scores": {"Southern Russians": 0.6243781094527363, "Ukranians": 0.23148148148148148, "Northen Russians": 0.7315541601255887, "Belarusians": 0.3316062176165803}, "skipped_nodes": 0, "memory_allocated_MB": 88.0830078125, "memory_reserved_MB": 336.0, "model_name": "GL_SAGEConv_9l_512h"}