{"f1_macro": 0.8697140789311246, "f1_weighted": 0.9177169551157347, "precision_macro": 0.8729077721812057, "precision_weighted": 0.9182767581683187, "recall_macro": 0.866912703283635, "recall_weighted": 0.9173553719008265, "accuracy": 0.9173553719008265, "class_scores": {"English": 0.9704918032786886, "Germans": 0.7984790874524715, "French": 0.7913669064748201, "Belgium": 0.9185185185185185}, "skipped_nodes": 43, "memory_allocated_MB": 102.009765625, "memory_reserved_MB": 326.0, "f1_macro_score_only_mask_connect": 0.7901096331293401, "f1_macro_score_only_not_mask_connect": 0.8842780026990553, "f1_macro_score_mixed_connect": 0.9233248618996197, "only_mask_connect_sum": 191.0, "only_not_mask_connect_sum": 26.0, "mixed_connect_sum": 509.0, "model_name": "GL_GINConv_9l_512h"}