{"f1_macro": 0.9547005313243337, "f1_weighted": 0.9640355518320077, "precision_macro": 0.9767748202174432, "precision_weighted": 0.9653772062538989, "recall_macro": 0.9354673550057929, "recall_weighted": 0.9646739130434783, "accuracy": 0.9646739130434783, "class_scores": {"P0": 0.975557917109458, "P1": 0.9375, "P2": 0.9130434782608695, "P3": 0.9927007299270073}, "skipped_nodes": 26, "model_name": "MaxSegmentCount"}