{"f1_macro": 0.4920796137500943, "f1_weighted": 0.5521955081601865, "precision_macro": 0.5173525761003953, "precision_weighted": 0.8244672259535964, "recall_macro": 0.7352657476048033, "recall_weighted": 0.50920245398773, "accuracy": 0.50920245398773, "class_scores": {"P0": 0.6956521739130435, "P1": 0.56, "P2": 0.5368421052631579, "P3": 0.17582417582417584}, "skipped_nodes": 0, "model_name": "MaxEdgeCountPerClassSize"}