{"f1_macro": 0.4594717781020158, "f1_weighted": 0.5310479793789215, "precision_macro": 0.46985191230279655, "precision_weighted": 0.5254119876070302, "recall_macro": 0.455196186942695, "recall_weighted": 0.5409309791332263, "accuracy": 0.5409309791332263, "class_scores": {"Northen Russians": 0.6574257425742575, "Ukranians": 0.22058823529411764, "Belarusians": 0.4050632911392405, "Southern Russians": 0.5548098434004475}, "skipped_nodes": 115, "memory_allocated_MB": 37.29248046875, "memory_reserved_MB": 158.0, "model_name": "GL_TAGConv_3l_512h_nw_k3_gnorm_relu"}