{"f1_macro": 0.8834544418009518, "f1_weighted": 0.9698463951289266, "precision_macro": 0.8827025621017038, "precision_weighted": 0.9705521472392638, "recall_macro": 0.8854803398794815, "recall_weighted": 0.9693251533742331, "accuracy": 0.9693251533742331, "class_scores": {"P0": 0.9714285714285714, "P1": 0.9914163090128756, "P2": 0.9393939393939394, "P3": 0.631578947368421}, "skipped_nodes": 0, "memory_allocated_MB": 40.27783203125, "memory_reserved_MB": 198.0, "model_name": "GL_TAGConv_3l_512h_w_k3_gnorm"}