{"f1_macro": 0.9419083422842821, "f1_weighted": 0.9659251914891012, "precision_macro": 0.940625, "precision_weighted": 0.9671652421652421, "recall_macro": 0.9440229885057472, "recall_weighted": 0.9658119658119658, "accuracy": 0.9658119658119658, "class_scores": {"P0": 0.9473684210526315, "P1": 0.9824561403508771, "P2": 1.0, "P3": 1.0, "P4": 0.9387755102040817, "P5": 1.0, "P6": 0.6666666666666666, "P7": 1.0}, "skipped_nodes": 1, "memory_allocated_MB": 87.1494140625, "memory_reserved_MB": 144.0, "model_name": "GL_SAGEConv_9l_512h"}