{"f1_macro": 0.4836028293379978, "f1_weighted": 0.52968544998368, "precision_macro": 0.48223494108668236, "precision_weighted": 0.5286801675502644, "recall_macro": 0.4867137851254052, "recall_weighted": 0.532972972972973, "accuracy": 0.532972972972973, "class_scores": {"Southern Russians": 0.5224625623960066, "Ukranians": 0.3086816720257235, "Northen Russians": 0.7018072289156626, "Belarusians": 0.40145985401459855}, "skipped_nodes": 0, "memory_allocated_MB": 100.5986328125, "memory_reserved_MB": 3008.0, "model_name": "GL_GATConv_3l_512h"}