{"f1_macro": 0.8747370647969052, "f1_weighted": 0.9380169485110091, "precision_macro": 0.9135048678751849, "precision_weighted": 0.9399264384969906, "recall_macro": 0.8473640370192094, "recall_weighted": 0.939297124600639, "accuracy": 0.939297124600639, "class_scores": {"English": 0.9772727272727273, "Germans": 0.8404255319148937, "French": 0.78125, "Belgium": 0.9}, "skipped_nodes": 143, "memory_allocated_MB": 18.13916015625, "memory_reserved_MB": 78.0, "f1_macro_score_only_mask_connect": 0.6972222222222222, "f1_macro_score_only_not_mask_connect": 0.9114282708032708, "f1_macro_score_mixed_connect": 0.9502300338174321, "only_mask_connect_sum": 91.0, "only_not_mask_connect_sum": 140.0, "mixed_connect_sum": 395.0, "model_name": "GL_GINConv_3l_128h"}