{"f1_macro": 0.5021881054178253, "f1_weighted": 0.5418885249621687, "precision_macro": 0.5015574791102911, "precision_weighted": 0.5392994952340271, "recall_macro": 0.5075045921015853, "recall_weighted": 0.5481081081081081, "accuracy": 0.5481081081081081, "class_scores": {"Southern Russians": 0.5258064516129032, "Ukranians": 0.3142857142857143, "Northen Russians": 0.7049924357034796, "Belarusians": 0.46366782006920415}, "skipped_nodes": 0, "memory_allocated_MB": 23.37353515625, "memory_reserved_MB": 1642.0, "model_name": "GL_GATConv_3l_128h"}