{"f1_macro": 0.525471469393531, "f1_weighted": 0.5858473516215502, "precision_macro": 0.5807850353985369, "precision_weighted": 0.6042536932416828, "recall_macro": 0.5212956476055215, "recall_weighted": 0.6032432432432432, "accuracy": 0.6032432432432432, "class_scores": {"Southern Russians": 0.6390374331550802, "Ukranians": 0.436241610738255, "Northen Russians": 0.729903536977492, "Belarusians": 0.2967032967032967}, "skipped_nodes": 0, "memory_allocated_MB": 52.57568359375, "memory_reserved_MB": 208.0, "f1_macro_score_only_mask_connect": 0.3345588235294118, "f1_macro_score_only_not_mask_connect": 1.0, "f1_macro_score_mixed_connect": 0.5218979179516248, "only_mask_connect_sum": 16.0, "only_not_mask_connect_sum": 2.0, "mixed_connect_sum": 907.0, "model_name": "GL_GINConv_3l_512h"}