{"f1_macro": 0.5965137127798236, "f1_weighted": 0.6761728884127778, "precision_macro": 0.6031470152020764, "precision_weighted": 0.8721909824822398, "recall_macro": 0.827870984523345, "recall_weighted": 0.6165644171779141, "accuracy": 0.6165644171779141, "class_scores": {"Udmurts,Besermyan": 0.8571428571428571, "Tatars,Volga-Tatars,Mishar-Tatars,Kryashens": 0.6873239436619718, "Chuvash": 0.6540880503144654, "Mari": 0.1875}, "skipped_nodes": 0, "model_name": "MaxIbdSumPerClassSize"}