{"f1_macro": 0.4019687765032473, "f1_weighted": 0.2405391907823632, "precision_macro": 0.5726712149042246, "precision_weighted": 0.8186037189730083, "recall_macro": 0.6010046820132656, "recall_weighted": 0.2668711656441718, "accuracy": 0.2668711656441718, "class_scores": {"P0": 1.0, "P1": 0.15810276679841898, "P2": 0.3426294820717131, "P3": 0.10714285714285714}, "skipped_nodes": 0, "model_name": "MaxIbdSumPerClassSize"}