{"f1_macro": 0.5580426581052149, "f1_weighted": 0.6161547016794854, "precision_macro": 0.5886102710626304, "precision_weighted": 0.6164851414247735, "recall_macro": 0.5497016724182964, "recall_weighted": 0.6288135593220339, "accuracy": 0.6288135593220339, "class_scores": {"Northen Russians": 0.7303609341825902, "Ukranians": 0.30357142857142855, "Belarusians": 0.5769230769230769, "Southern Russians": 0.6213151927437641}, "skipped_nodes": 148, "memory_allocated_MB": 36.67822265625, "memory_reserved_MB": 158.0, "model_name": "GL_TAGConv_3l_512h_nw_k3_gnorm_relu"}