{"f1_macro": 0.8264181345564392, "f1_weighted": 0.9202715735343022, "precision_macro": 0.913214362956631, "precision_weighted": 0.9306169277263198, "recall_macro": 0.7855941852682092, "recall_weighted": 0.9238249594813615, "accuracy": 0.9238249594813615, "class_scores": {"English": 0.9731543624161074, "Germans": 0.8089887640449438, "French": 0.7, "Belgium": 0.8235294117647058}, "skipped_nodes": 152, "memory_allocated_MB": 16.60595703125, "memory_reserved_MB": 44.0, "model_name": "GL_GCNConv_3l_128h_w"}