{"f1_macro": 0.8669567557513229, "f1_weighted": 0.8828739254085343, "accuracy": 0.8846153846153846, "class_scores": {"Swedes": 0.9032258064516129, "Norwegians": 0.8899521531100478, "Danes": 0.8076923076923077}, "skipped_nodes": 7, "model_name": "GL_GINConv_3l_512h"}