{"f1_macro": 0.8564238952536825, "f1_weighted": 0.9646134768507827, "precision_macro": 0.8758641312537674, "precision_weighted": 0.9635996789218134, "recall_macro": 0.8410987557983267, "recall_weighted": 0.9662576687116564, "accuracy": 0.9662576687116564, "class_scores": {"Udmurts,Besermyan": 1.0, "Tatars,Volga-Tatars,Mishar-Tatars,Kryashens": 0.9872340425531915, "Chuvash": 0.9384615384615385, "Mari": 0.5}, "skipped_nodes": 0, "memory_allocated_MB": 158.90380859375, "memory_reserved_MB": 724.0, "model_name": "GL_TAGConv_9l_512h_w_k3"}