{"f1_macro": 0.9154513612041233, "f1_weighted": 0.9572211324122041, "precision_macro": 0.9629072874910063, "precision_weighted": 0.9587213291154367, "recall_macro": 0.8767139001349528, "recall_weighted": 0.9584120982986768, "accuracy": 0.9584120982986768, "class_scores": {"English": 0.976629766297663, "Germans": 0.8979591836734694, "French": 0.88, "Belgium": 0.9072164948453608}, "skipped_nodes": 240, "memory_allocated_MB": 21.80322265625, "memory_reserved_MB": 56.0, "model_name": "GL_GINConv_9l_128h"}