{"f1_macro": 0.5931186868686869, "f1_weighted": 0.849785448469659, "accuracy": 0.8627819548872181, "class_scores": {"English": 0.946969696969697, "Germans": 0.5972222222222222, "French": 0.0, "Belgium": 0.8282828282828283}, "skipped_nodes": 237, "model_name": "GL_GINConv_9l_128h"}