{"f1_macro": 0.6710414585414586, "f1_weighted": 0.7971261154747393, "accuracy": 0.8073394495412844, "class_scores": {"Chechens": 0.7727272727272727, "Kabardians, Circassians, Adyghes": 0.8571428571428571, "Karachays, Balkars": 0.8717948717948718, "Ingush": 0.9, "Dagestan peoples": 0.8, "Ossetians": 0.6666666666666666, "Kumyks": 0.0, "Nogais": 0.5}, "skipped_nodes": 9, "model_name": "GL_GINConv_3l_128h"}