{"f1_macro": 0.9467005996480742, "f1_weighted": 0.9844017690101751, "precision_macro": 0.9590374902874903, "precision_weighted": 0.9843053589219233, "recall_macro": 0.9357957254952963, "recall_weighted": 0.9846625766871165, "accuracy": 0.9846625766871165, "class_scores": {"Udmurts,Besermyan": 1.0, "Tatars,Volga-Tatars,Mishar-Tatars,Kryashens": 0.9935760171306209, "Chuvash": 0.9696969696969697, "Mari": 0.8235294117647058}, "skipped_nodes": 0, "memory_allocated_MB": 80.68994140625, "memory_reserved_MB": 544.0, "model_name": "GL_GATConv_3l_512h"}