{"f1_macro": 0.828907066474238, "f1_weighted": 0.9207062446444337, "accuracy": 0.9230769230769231, "class_scores": {"English": 0.972972972972973, "Germans": 0.7692307692307693, "French": 0.651685393258427, "Belgium": 0.9217391304347826}, "skipped_nodes": 158, "model_name": "GL_TAGConv_9l_128h_w_k3"}