{"f1_macro": 0.8247096668494048, "f1_weighted": 0.9539752511354836, "precision_macro": 0.8145833333333333, "precision_weighted": 0.9736963190184049, "recall_macro": 0.8916688342654008, "recall_weighted": 0.941717791411043, "accuracy": 0.941717791411043, "class_scores": {"Udmurts,Besermyan": 0.9714285714285714, "Tatars,Volga-Tatars,Mishar-Tatars,Kryashens": 0.982532751091703, "Chuvash": 0.9206349206349206, "Mari": 0.42424242424242425}, "skipped_nodes": 0, "memory_allocated_MB": 41.408203125, "memory_reserved_MB": 342.0, "model_name": "GL_GINConv_3l_512h"}