{"f1_macro": 0.5924466515527728, "f1_weighted": 0.7336798816998863, "accuracy": 0.8093023255813954, "class_scores": {"P0": 0.9044585987261147, "P1": 0.8728813559322034, "P2": 0.0}, "skipped_nodes": 0, "model_name": "GL_GATConv_3l_512h"}