{"f1_macro": 0.40889190410434195, "f1_weighted": 0.47716453636832784, "precision_macro": 0.4084702706993728, "precision_weighted": 0.47671069925665666, "recall_macro": 0.4094054589143089, "recall_weighted": 0.47774480712166173, "accuracy": 0.47774480712166173, "class_scores": {"Northen Russians": 0.6111111111111112, "Ukranians": 0.16753926701570682, "Belarusians": 0.3463687150837989, "Southern Russians": 0.510548523206751}, "skipped_nodes": 136, "memory_allocated_MB": 37.345703125, "memory_reserved_MB": 180.0, "model_name": "GL_TAGConv_3l_512h_w_k3_gnorm_relu"}