{"f1_macro": 0.5209484754129827, "f1_weighted": 0.583130073711336, "precision_macro": 0.5648907796464188, "precision_weighted": 0.5884460466599267, "recall_macro": 0.5140000782921864, "recall_weighted": 0.6014388489208633, "accuracy": 0.6014388489208633, "class_scores": {"Northen Russians": 0.7213114754098361, "Ukranians": 0.2773722627737226, "Belarusians": 0.4880952380952381, "Southern Russians": 0.5970149253731343}, "skipped_nodes": 115, "memory_allocated_MB": 156.681640625, "memory_reserved_MB": 442.0, "model_name": "GL_TAGConv_9l_512h_w_k3"}