{"f1_macro": 0.7323229109750657, "f1_weighted": 0.8371920524771426, "accuracy": 0.8290854572713643, "class_scores": {"English": 0.9191685912240185, "Germans": 0.6312056737588653, "French": 0.5641025641025641, "Belgium": 0.8148148148148148}, "skipped_nodes": 102, "model_name": "GL_MLP_9l_128h"}