{"f1_macro": 0.6016548127074444, "f1_weighted": 0.7807890208363302, "precision_macro": 0.6003787878787878, "precision_weighted": 0.7767449778685733, "recall_macro": 0.6127911690992186, "recall_weighted": 0.797752808988764, "accuracy": 0.797752808988764, "class_scores": {"Chechens": 0.8, "Kabardians, Circassians, Adyghes": 0.8648648648648649, "Karachays, Balkars": 0.8648648648648649, "Ingush": 0.6666666666666666, "Dagestan peoples": 0.88, "Ossetians": 0.7368421052631579, "Kumyks": 0.0, "Nogais": 0.0}, "skipped_nodes": 29, "memory_allocated_MB": 98.51513671875, "memory_reserved_MB": 144.0, "f1_macro_score_only_mask_connect": NaN, "f1_macro_score_only_not_mask_connect": 0.6016548127074444, "f1_macro_score_mixed_connect": NaN, "only_mask_connect_sum": 0.0, "only_not_mask_connect_sum": 89.0, "mixed_connect_sum": 0.0, "model_name": "GL_GATConv_3l_512h"}