{"f1_macro": 0.7370615339365338, "f1_weighted": 0.8631794489845337, "accuracy": 0.8813559322033898, "class_scores": {"Chechens": 0.918918918918919, "Kabardians, Circassians, Adyghes": 0.875, "Karachays, Balkars": 0.9090909090909091, "Ingush": 0.9090909090909091, "Dagestan peoples": 0.9629629629629629, "Ossetians": 0.75, "Kumyks": 0.0, "Nogais": 0.5714285714285714}, "skipped_nodes": 0, "model_name": "GL_MLP_3l_128h"}