{"f1_macro": 0.43544065936408666, "f1_weighted": 0.49215063236316986, "precision_macro": 0.46526849859202773, "precision_weighted": 0.5183345919704418, "recall_macro": 0.43348042113832863, "recall_weighted": 0.4875675675675676, "accuracy": 0.4875675675675676, "class_scores": {"Southern Russians": 0.5108225108225108, "Ukranians": 0.2928870292887029, "Northen Russians": 0.6666666666666666, "Belarusians": 0.2713864306784661}, "skipped_nodes": 0, "memory_allocated_MB": 53.3935546875, "memory_reserved_MB": 504.0, "model_name": "GL_GCNConv_9l_512h_w"}