{"f1_macro": 0.6494566455664854, "f1_weighted": 0.8430118169820687, "accuracy": 0.8518518518518519, "class_scores": {"Chechens": 0.8333333333333334, "Kabardians, Circassians, Adyghes": 0.8727272727272727, "Karachays, Balkars": 0.9142857142857143, "Ingush": 0.8695652173913043, "Dagestan peoples": 0.8636363636363636, "Ossetians": 0.8421052631578947, "Kumyks": 0.0, "Nogais": 0.0}, "skipped_nodes": 10, "model_name": "GL_SAGEConv_9l_512h"}