{"f1_macro": 0.5151132051026045, "f1_weighted": 0.5823868493253862, "precision_macro": 0.554896344569709, "precision_weighted": 0.5873927344601866, "recall_macro": 0.5121793362103961, "recall_weighted": 0.6037117903930131, "accuracy": 0.6037117903930131, "class_scores": {"Ukranians": 0.38345864661654133, "Southern Russians": 0.6445366528354081, "Northen Russians": 0.7392638036809815, "Belarusians": 0.2931937172774869}, "skipped_nodes": 7, "model_name": "MaxEdgeCount"}