{"f1_macro": 0.4925595777709858, "f1_weighted": 0.382389927542641, "precision_macro": 0.6088636363636364, "precision_weighted": 0.8423619631901841, "recall_macro": 0.7620464299648849, "recall_weighted": 0.3895705521472393, "accuracy": 0.3895705521472393, "class_scores": {"P0": 1.0, "P1": 0.3115942028985507, "P2": 0.4935064935064935, "P3": 0.1651376146788991}, "skipped_nodes": 0, "model_name": "MaxEdgeCountPerClassSize"}