{"f1_macro": 0.5197148665419637, "f1_weighted": 0.5830785034129593, "precision_macro": 0.5531395594331151, "precision_weighted": 0.5833447794716621, "recall_macro": 0.5119701208577355, "recall_weighted": 0.6005326231691078, "accuracy": 0.6005326231691078, "class_scores": {"Northen Russians": 0.7081174438687392, "Ukranians": 0.26666666666666666, "Belarusians": 0.4777777777777778, "Southern Russians": 0.6262975778546713}, "skipped_nodes": 106, "memory_allocated_MB": 36.68359375, "memory_reserved_MB": 198.0, "model_name": "GL_TAGConv_3l_512h_nw_k3_gnorm_leaky_relu"}