{"f1_macro": 0.9271198459063584, "f1_weighted": 0.9835904893691179, "precision_macro": 0.9, "precision_weighted": 0.9889570552147239, "recall_macro": 0.9799876446872156, "recall_weighted": 0.9815950920245399, "accuracy": 0.9815950920245399, "class_scores": {"Udmurts,Besermyan": 1.0, "Tatars,Volga-Tatars,Mishar-Tatars,Kryashens": 0.9978494623655914, "Chuvash": 0.9606299212598425, "Mari": 0.75}, "skipped_nodes": 0, "memory_allocated_MB": 25.86279296875, "memory_reserved_MB": 88.0, "model_name": "GL_TAGConv_9l_128h_w_k3"}