{"f1_macro": 0.9596041967581447, "f1_weighted": 0.9571474425109475, "precision_macro": 0.957780612244898, "precision_weighted": 0.9584426627793975, "recall_macro": 0.962485167206041, "recall_weighted": 0.9571428571428572, "accuracy": 0.9571428571428572, "class_scores": {"Swedes": 0.9548387096774194, "Norwegians": 0.9552238805970149, "Danes": 0.96875}, "skipped_nodes": 5, "memory_allocated_MB": 36.80419921875, "memory_reserved_MB": 270.0, "model_name": "GL_GATConv_9l_128h"}