{"f1_macro": 0.6311016673401029, "f1_weighted": 0.6706475810663209, "precision_macro": 0.6397768755077317, "precision_weighted": 0.6708591459575319, "recall_macro": 0.6278032753812697, "recall_weighted": 0.6745945945945946, "accuracy": 0.6745945945945946, "class_scores": {"Southern Russians": 0.6817447495961227, "Ukranians": 0.5292307692307693, "Northen Russians": 0.7946026986506747, "Belarusians": 0.5188284518828452}, "skipped_nodes": 0, "memory_allocated_MB": 41.34375, "memory_reserved_MB": 930.0, "model_name": "GL_TAGConv_3l_512h_w_k3_gnorm"}