{"f1_macro": 0.6226263907303856, "f1_weighted": 0.7964848842838087, "precision_macro": 0.7236117866926091, "precision_weighted": 0.7975136711003128, "recall_macro": 0.5895780464745982, "recall_weighted": 0.8047945205479452, "accuracy": 0.8047945205479452, "class_scores": {"P0": 0.8, "P1": 0.8771084337349397, "P2": 0.631578947368421, "P3": 0.18181818181818182}, "skipped_nodes": 22, "model_name": "MaxSegmentCount"}