{"f1_macro": 0.5364126780365548, "f1_weighted": 0.6785766878193066, "precision_macro": 0.590177587659602, "precision_weighted": 0.7332095463147379, "recall_macro": 0.5695771202236719, "recall_weighted": 0.6486486486486487, "accuracy": 0.6486486486486487, "class_scores": {"P0": 0.7142857142857143, "P1": 0.7804878048780488, "P2": 0.4842105263157895, "P3": 0.16666666666666666}, "skipped_nodes": 55, "memory_allocated_MB": 21.68603515625, "memory_reserved_MB": 48.0, "model_name": "GL_MLP_3l_512h"}