{"f1_macro": 0.8806317482977012, "f1_weighted": 0.9559502905044872, "precision_macro": 0.9240059457450762, "precision_weighted": 0.9566539681236934, "recall_macro": 0.8517687605670439, "recall_weighted": 0.9570552147239264, "accuracy": 0.9570552147239264, "class_scores": {"Udmurts,Besermyan": 0.9714285714285714, "Tatars,Volga-Tatars,Mishar-Tatars,Kryashens": 0.9807280513918629, "Chuvash": 0.9037037037037037, "Mari": 0.6666666666666666}, "skipped_nodes": 0, "memory_allocated_MB": 36.646484375, "memory_reserved_MB": 182.0, "model_name": "GL_TAGConv_3l_512h_w_k3_gnorm"}