{"f1_macro": 0.9347455372034016, "f1_weighted": 0.9424557403394167, "precision_macro": 0.9563423997386261, "precision_weighted": 0.944990134608305, "recall_macro": 0.9192224777604561, "recall_weighted": 0.943127962085308, "accuracy": 0.943127962085308, "class_scores": {"Swedes": 0.9536423841059603, "Norwegians": 0.9473684210526315, "Danes": 0.9032258064516129}, "skipped_nodes": 4, "memory_allocated_MB": 21.4599609375, "memory_reserved_MB": 56.0, "f1_macro_score_only_mask_connect": 0.8585858585858586, "f1_macro_score_only_not_mask_connect": 0.6910256410256409, "f1_macro_score_mixed_connect": 0.9414833261835652, "only_mask_connect_sum": 8.0, "only_not_mask_connect_sum": 13.0, "mixed_connect_sum": 190.0, "model_name": "GL_SAGEConv_9l_128h_de"}