{"f1_macro": 0.980214364488558, "f1_weighted": 0.9821778426595221, "precision_macro": 0.9886436824255225, "precision_weighted": 0.9825304096136074, "recall_macro": 0.9723915043602713, "recall_weighted": 0.9823369565217391, "accuracy": 0.9823369565217391, "class_scores": {"P0": 0.9870967741935484, "P1": 0.9615384615384616, "P2": 0.9722222222222222, "P3": 1.0}, "skipped_nodes": 26, "memory_allocated_MB": 21.38623046875, "memory_reserved_MB": 124.0, "model_name": "GL_GCNConv_3l_512h_w"}