{"f1_macro": 0.636198824733466, "f1_weighted": 0.7498387536928595, "precision_macro": 0.6668891230535067, "precision_weighted": 0.7401731729033418, "recall_macro": 0.6517857663488732, "recall_weighted": 0.7906976744186046, "accuracy": 0.7906976744186046, "class_scores": {"Swedes": 0.8783783783783784, "Norwegians": 0.8669527896995708, "Danes": 0.16326530612244897}, "skipped_nodes": 0, "memory_allocated_MB": 23.791015625, "memory_reserved_MB": 98.0, "f1_macro_score_only_mask_connect": -100.0, "f1_macro_score_only_not_mask_connect": -100.0, "f1_macro_score_mixed_connect": -100.0, "only_mask_connect_sum": -100.0, "only_not_mask_connect_sum": -100.0, "mixed_connect_sum": -100.0, "model_name": "GL_GINConv_9l_128h"}