{"f1_macro": 0.6921378841908643, "f1_weighted": 0.9221601675995695, "precision_macro": 0.6584033613445378, "precision_weighted": 0.9192503995463217, "recall_macro": 0.7360515021459227, "recall_weighted": 0.9325153374233128, "accuracy": 0.9325153374233128, "class_scores": {"Udmurts,Besermyan": 0.9230769230769231, "Tatars,Volga-Tatars,Mishar-Tatars,Kryashens": 0.9713024282560706, "Chuvash": 0.8741721854304636, "Mari": 0.0}, "skipped_nodes": 0, "memory_allocated_MB": 44.3759765625, "memory_reserved_MB": 342.0, "model_name": "GL_GINConv_3l_512h"}