{"f1_macro": 0.7605124583578756, "f1_weighted": 0.8063997066445047, "precision_macro": 0.8433560924369747, "precision_weighted": 0.8453947368421053, "recall_macro": 0.7581722689075631, "recall_weighted": 0.8070175438596491, "accuracy": 0.8070175438596491, "class_scores": {"Chechens": 0.7647058823529411, "Kabardians, Circassians, Adyghes": 0.8571428571428571, "Karachays, Balkars": 0.8484848484848485, "Ingush": 0.7692307692307693, "Dagestan peoples": 0.8372093023255814, "Ossetians": 0.7692307692307693, "Kumyks": 0.6666666666666666, "Nogais": 0.5714285714285714}, "skipped_nodes": 4, "memory_allocated_MB": 53.73291015625, "memory_reserved_MB": 220.0, "f1_macro_score_only_mask_connect": 0.3340686274509804, "f1_macro_score_only_not_mask_connect": 0.7333333333333333, "f1_macro_score_mixed_connect": 0.7816803691803692, "only_mask_connect_sum": 25.0, "only_not_mask_connect_sum": 7.0, "mixed_connect_sum": 82.0, "model_name": "GL_GCNConv_9l_512h_w"}