{"f1_macro": 0.5699545221441958, "f1_weighted": 0.6533542151721302, "precision_macro": 0.5550808161102279, "precision_weighted": 0.860691573926868, "recall_macro": 0.856093120041618, "recall_weighted": 0.6196319018404908, "accuracy": 0.6196319018404908, "class_scores": {"Udmurts,Besermyan": 0.6923076923076923, "Tatars,Volga-Tatars,Mishar-Tatars,Kryashens": 0.653179190751445, "Chuvash": 0.7005649717514124, "Mari": 0.23376623376623376}, "skipped_nodes": 0, "model_name": "MaxIbdSumPerClassSize"}