{"f1_macro": 0.6732629737493065, "f1_weighted": 0.6740321070665871, "precision_macro": 0.680173848774061, "precision_weighted": 0.6803357882303221, "recall_macro": 0.6817974189341882, "recall_weighted": 0.6829004329004329, "accuracy": 0.6829004329004329, "class_scores": {"P0": 0.6265060240963856, "P1": 0.5425531914893617, "P2": 0.8414872798434442, "P3": 0.6825053995680346}, "skipped_nodes": 0, "model_name": "MaxEdgeCountPerClassSize"}