{"f1_macro": 0.9515665390698572, "f1_weighted": 0.9579674123170395, "precision_macro": 0.9591198191997735, "precision_weighted": 0.9586235925497211, "recall_macro": 0.9453663372109974, "recall_weighted": 0.958139534883721, "accuracy": 0.958139534883721, "class_scores": {"Swedes": 0.954248366013072, "Norwegians": 0.970873786407767, "Danes": 0.9295774647887324}, "skipped_nodes": 0, "memory_allocated_MB": 17.85595703125, "memory_reserved_MB": 82.0, "model_name": "GL_GINConv_3l_128h"}