{"f1_macro": 0.9394297419390236, "f1_weighted": 0.9394094281384419, "precision_macro": 0.9558854629277165, "precision_weighted": 0.9421009610986683, "recall_macro": 0.9263803609434677, "recall_weighted": 0.9395348837209302, "accuracy": 0.9395348837209302, "class_scores": {"Swedes": 0.9315068493150684, "Norwegians": 0.9439252336448598, "Danes": 0.9428571428571428}, "skipped_nodes": 0, "memory_allocated_MB": 17.5341796875, "memory_reserved_MB": 24.0, "model_name": "GL_GINConv_3l_128h"}