{"f1_macro": 0.24685714285714286, "f1_weighted": 0.05687642418930762, "precision_macro": 0.25271739130434784, "precision_weighted": 0.057415310749533204, "recall_macro": 0.24368686868686867, "recall_weighted": 0.05828220858895705, "accuracy": 0.05828220858895705, "class_scores": {"P0": 0.9714285714285714, "P1": 0.0, "P2": 0.016, "P3": 0.0}, "skipped_nodes": 0, "model_name": "MaxIbdSumPerClassSize"}