{"f1_macro": 0.2054941838061604, "f1_weighted": 0.25761711833098744, "accuracy": 0.28125, "class_scores": {"krasnodar": 0.4215686274509804, "yaroslavl": 0.05405405405405406, "ryazan": 0.31805929919137466, "kaluga": 0.09917355371900827, "vologda": 0.1346153846153846}, "skipped_nodes": 0, "model_name": "GL_GATConv_3l_128h"}