{"f1_macro": 0.48190047228000066, "f1_weighted": 0.5369256602604436, "precision_macro": 0.47999051207627147, "precision_weighted": 0.5482265986857316, "recall_macro": 0.49581825897175147, "recall_weighted": 0.5333333333333333, "accuracy": 0.5333333333333333, "class_scores": {"Northen Russians": 0.6969147005444646, "Ukranians": 0.2767857142857143, "Belarusians": 0.42962962962962964, "Southern Russians": 0.5242718446601942}, "skipped_nodes": 77, "memory_allocated_MB": 22.09130859375, "memory_reserved_MB": 80.0, "model_name": "GL_GINConv_9l_128h"}