{"f1_macro": 0.9207494249050746, "f1_weighted": 0.9322823487663126, "precision_macro": 0.9416239316239317, "precision_weighted": 0.9340878419825789, "recall_macro": 0.9047611093711939, "recall_weighted": 0.9330143540669856, "accuracy": 0.9330143540669856, "class_scores": {"Swedes": 0.9466666666666667, "Norwegians": 0.9383886255924171, "Danes": 0.8771929824561403}, "skipped_nodes": 6, "memory_allocated_MB": 86.64794921875, "memory_reserved_MB": 138.0, "model_name": "GL_SAGEConv_9l_512h"}