{"f1_macro": 0.13369727738067086, "f1_weighted": 0.18290611316594038, "accuracy": 0.3185053380782918, "class_scores": {"krasnodar": 0.06417112299465241, "yaroslavl": 0.125, "ryazan": 0.4793152639087018, "kaluga": 0.0, "vologda": 0.0}, "skipped_nodes": 14, "model_name": "GL_GCNConv_9l_512h_w"}