{"f1_macro": 0.9315917680337892, "f1_weighted": 0.9527547163339681, "precision_macro": 0.9591193077554533, "precision_weighted": 0.9547379058194753, "recall_macro": 0.9103851334767591, "recall_weighted": 0.9542302357836339, "accuracy": 0.9542302357836339, "class_scores": {"English": 0.973432518597237, "Germans": 0.9191489361702128, "French": 0.8636363636363636, "Belgium": 0.9701492537313433}, "skipped_nodes": 48, "memory_allocated_MB": 23.583984375, "memory_reserved_MB": 82.0, "f1_macro_score_only_mask_connect": -100.0, "f1_macro_score_only_not_mask_connect": -100.0, "f1_macro_score_mixed_connect": -100.0, "only_mask_connect_sum": -100.0, "only_not_mask_connect_sum": -100.0, "mixed_connect_sum": -100.0, "model_name": "GL_GCNConv_3l_128h_w"}