{"f1_macro": 0.7824589264663635, "f1_weighted": 0.8949613120272755, "accuracy": 0.9043478260869565, "class_scores": {"Chechens": 0.8947368421052632, "Kabardians, Circassians, Adyghes": 0.9122807017543859, "Karachays, Balkars": 0.9714285714285714, "Ingush": 0.9090909090909091, "Dagestan peoples": 0.9130434782608695, "Ossetians": 0.9090909090909091, "Kumyks": 0.0, "Nogais": 0.75}, "skipped_nodes": 3, "model_name": "GL_TAGConv_3l_128h_w_k3"}