{"f1_macro": 0.7329695918180988, "f1_weighted": 0.9564025584127399, "precision_macro": 0.7189270386266094, "precision_weighted": 0.9450306748466257, "recall_macro": 0.7489270386266095, "recall_weighted": 0.9693251533742331, "accuracy": 0.9693251533742331, "class_scores": {"Udmurts,Besermyan": 1.0, "Tatars,Volga-Tatars,Mishar-Tatars,Kryashens": 0.9957081545064378, "Chuvash": 0.9361702127659575, "Mari": 0.0}, "skipped_nodes": 0, "memory_allocated_MB": 86.49462890625, "memory_reserved_MB": 182.0, "model_name": "GL_SAGEConv_9l_512h"}