{"f1_macro": 0.40031052549467455, "f1_weighted": 0.4903327871772753, "precision_macro": 0.4332318017055586, "precision_weighted": 0.4868096835223266, "recall_macro": 0.41657596310215583, "recall_weighted": 0.5290023201856149, "accuracy": 0.5290023201856149, "class_scores": {"Ukranians": 0.10126582278481013, "Southern Russians": 0.5826086956521739, "Northen Russians": 0.6626506024096386, "Belarusians": 0.25471698113207547}, "skipped_nodes": 43, "memory_allocated_MB": 21.68017578125, "memory_reserved_MB": 80.0, "model_name": "GL_GINConv_9l_128h"}