{"f1_macro": 0.5107505531401945, "f1_weighted": 0.5600759376258682, "precision_macro": 0.5245008192828715, "precision_weighted": 0.5583674513826188, "recall_macro": 0.5041181125138102, "recall_weighted": 0.5671296296296297, "accuracy": 0.5671296296296297, "class_scores": {"Ukranians": 0.344, "Southern Russians": 0.6003159557661928, "Northen Russians": 0.6687797147385103, "Belarusians": 0.42990654205607476}, "skipped_nodes": 41, "model_name": "LongestIbd"}