{"f1_macro": 0.5744778047092416, "f1_weighted": 0.7477836336535071, "accuracy": 0.7647058823529411, "class_scores": {"Chechens": 0.7567567567567568, "Kabardians, Circassians, Adyghes": 0.7540983606557377, "Karachays, Balkars": 0.8888888888888888, "Ingush": 0.7058823529411765, "Dagestan peoples": 0.8235294117647058, "Ossetians": 0.6666666666666666, "Kumyks": 0.0, "Nogais": 0.0}, "skipped_nodes": 16, "model_name": "GL_MLP_3l_128h"}