{"f1_macro": 0.8609309443772194, "f1_weighted": 0.9294398721082983, "precision_macro": 0.9050638550638551, "precision_weighted": 0.9310665184858734, "recall_macro": 0.8327138139638139, "recall_weighted": 0.932258064516129, "accuracy": 0.932258064516129, "class_scores": {"English": 0.9675977653631285, "Germans": 0.8157894736842105, "French": 0.7384615384615385, "Belgium": 0.921875}, "skipped_nodes": 149, "memory_allocated_MB": 21.84130859375, "memory_reserved_MB": 60.0, "model_name": "GL_GINConv_9l_128h"}