{"f1_macro": 0.4882818813641506, "f1_weighted": 0.6918925592053792, "precision_macro": 0.6909836065573771, "precision_weighted": 0.8036709242683295, "recall_macro": 0.5113636363636364, "recall_weighted": 0.7791411042944786, "accuracy": 0.7791411042944786, "class_scores": {"Udmurts,Besermyan": 1.0, "Tatars,Volga-Tatars,Mishar-Tatars,Kryashens": 0.8661710037174721, "Chuvash": 0.08695652173913043, "Mari": 0.0}, "skipped_nodes": 0, "memory_allocated_MB": 51.41943359375, "memory_reserved_MB": 280.0, "model_name": "GL_GCNConv_9l_512h_w"}