{"f1_macro": 0.6524007686302769, "f1_weighted": 0.7225257856057352, "accuracy": 0.683076923076923, "class_scores": {"Udmurts,Besermyan": 0.9230769230769231, "Tatars,Volga-Tatars,Mishar-Tatars,Kryashens": 0.73224043715847, "Chuvash": 0.6971428571428572, "Mari": 0.2571428571428571}, "skipped_nodes": 1, "model_name": "MaxIbdSumPerClassSize"}