{"f1_macro": 0.8044932573231722, "f1_weighted": 0.843321607345864, "precision_macro": 0.8033935413245759, "precision_weighted": 0.8602709875969473, "recall_macro": 0.8209737872421696, "recall_weighted": 0.839622641509434, "accuracy": 0.839622641509434, "class_scores": {"Chechens": 0.8125, "Kabardians, Circassians, Adyghes": 0.8771929824561403, "Karachays, Balkars": 0.8823529411764706, "Ingush": 0.75, "Dagestan peoples": 0.8717948717948718, "Ossetians": 0.8421052631578947, "Kumyks": 1.0, "Nogais": 0.4}, "skipped_nodes": 12, "memory_allocated_MB": 87.0546875, "memory_reserved_MB": 130.0, "model_name": "GL_SAGEConv_9l_512h"}