{"f1_macro": 0.6609607843137255, "f1_weighted": 0.6971868262456496, "precision_macro": 0.6780419050211177, "precision_weighted": 0.7013202160300473, "recall_macro": 0.6537368576706628, "recall_weighted": 0.7012987012987013, "accuracy": 0.7012987012987013, "class_scores": {"P0": 0.7404255319148936, "P1": 0.6078431372549019, "P2": 0.836, "P3": 0.4595744680851064}, "skipped_nodes": 0, "memory_allocated_MB": 38.08056640625, "memory_reserved_MB": 496.0, "model_name": "GL_TAGConv_3l_512h_w_k3_gnorm"}