{"f1_macro": 0.4652516094409607, "f1_weighted": 0.5032061358068464, "precision_macro": 0.467716896305606, "precision_weighted": 0.5206156004321414, "recall_macro": 0.47343785534588273, "recall_weighted": 0.49567099567099565, "accuracy": 0.49567099567099565, "class_scores": {"Southern Russians": 0.4778761061946903, "Ukranians": 0.35602094240837695, "Northen Russians": 0.6590538336052202, "Belarusians": 0.3680555555555556}, "skipped_nodes": 1, "memory_allocated_MB": 22.33984375, "memory_reserved_MB": 74.0, "model_name": "GL_MLP_3l_512h"}