{"f1_macro": 0.5821682606243992, "f1_weighted": 0.747474924348665, "accuracy": 0.7830188679245284, "class_scores": {"Chechens": 0.7346938775510204, "Kabardians, Circassians, Adyghes": 0.9019607843137255, "Karachays, Balkars": 0.8648648648648649, "Ingush": 0.0, "Dagestan peoples": 0.8780487804878049, "Ossetians": 0.7777777777777778, "Kumyks": 0.0, "Nogais": 0.5}, "skipped_nodes": 12, "model_name": "GL_TAGConv_9l_128h_w_k3"}