{"f1_macro": 0.6463946727339585, "f1_weighted": 0.7713763128821044, "precision_macro": 0.6867803598200899, "precision_weighted": 0.7755208882045463, "recall_macro": 0.6395152505446623, "recall_weighted": 0.7927927927927928, "accuracy": 0.7927927927927928, "class_scores": {"Chechens": 0.75, "Kabardians, Circassians, Adyghes": 0.8928571428571429, "Karachays, Balkars": 0.8648648648648649, "Ingush": 0.5333333333333333, "Dagestan peoples": 0.8979591836734694, "Ossetians": 0.375, "Kumyks": 0.0, "Nogais": 0.8571428571428571}, "skipped_nodes": 7, "memory_allocated_MB": 43.71142578125, "memory_reserved_MB": 210.0, "f1_macro_score_only_mask_connect": 0.5074829931972789, "f1_macro_score_only_not_mask_connect": 0.76, "f1_macro_score_mixed_connect": 0.625186351017553, "only_mask_connect_sum": 22.0, "only_not_mask_connect_sum": 6.0, "mixed_connect_sum": 83.0, "model_name": "GL_GINConv_3l_512h"}