{"f1_macro": 0.9647983986699206, "f1_weighted": 0.9674527752292126, "accuracy": 0.9674418604651163, "class_scores": {"Swedes": 0.961038961038961, "Norwegians": 0.975609756097561, "Danes": 0.9577464788732394}, "skipped_nodes": 0, "model_name": "GL_SAGEConv_3l_128h"}