{"f1_macro": 0.35073508191155245, "f1_weighted": 0.4971277240617704, "precision_macro": 0.3693135764944276, "precision_weighted": 0.5080037968335841, "recall_macro": 0.40475895621406455, "recall_weighted": 0.5858585858585859, "accuracy": 0.5858585858585859, "class_scores": {"Chechens": 0.72, "Kabardians, Circassians, Adyghes": 0.6388888888888888, "Karachays, Balkars": 0.2727272727272727, "Ingush": 0.0, "Dagestan peoples": 0.8235294117647058, "Ossetians": 0.0, "Kumyks": 0.0, "Nogais": 0.0}, "skipped_nodes": 19, "memory_allocated_MB": 16.966796875, "memory_reserved_MB": 44.0, "model_name": "GL_SAGEConv_3l_128h"}