{"f1_macro": 0.582500752835681, "f1_weighted": 0.7446240030272472, "accuracy": 0.726457399103139, "class_scores": {"P0": 0.5263157894736842, "P1": 0.8251748251748252, "P2": 0.5785123966942148, "P3": 0.4}, "skipped_nodes": 54, "model_name": "MaxIbdSumPerClassSize"}