{"f1_macro": 0.7983686059551351, "f1_weighted": 0.8873005574137525, "precision_macro": 0.8630297615527376, "precision_weighted": 0.9048862483277151, "recall_macro": 0.7922421063325105, "recall_weighted": 0.8928067700987306, "accuracy": 0.8928067700987306, "class_scores": {"English": 0.9649890590809628, "Germans": 0.746268656716418, "French": 0.5591397849462365, "Belgium": 0.9230769230769231}, "skipped_nodes": 60, "memory_allocated_MB": 22.9541015625, "memory_reserved_MB": 222.0, "f1_macro_score_only_mask_connect": 0.6580131040270359, "f1_macro_score_only_not_mask_connect": 0.9307813911472448, "f1_macro_score_mixed_connect": 0.8807221014117566, "only_mask_connect_sum": 174.0, "only_not_mask_connect_sum": 43.0, "mixed_connect_sum": 492.0, "model_name": "GL_GINConv_9l_128h"}