{"f1_macro": 0.2576386486798109, "f1_weighted": 0.05902175781407499, "precision_macro": 0.2547527706734868, "precision_weighted": 0.057796588894293385, "recall_macro": 0.28535353535353536, "recall_weighted": 0.06441717791411043, "accuracy": 0.06441717791411043, "class_scores": {"P0": 1.0, "P1": 0.0, "P2": 0.01694915254237288, "P3": 0.013605442176870748}, "skipped_nodes": 0, "model_name": "MaxEdgeCountPerClassSize"}