{"f1_macro": 0.5753154527955266, "f1_weighted": 0.7448296446860441, "precision_macro": 0.6345529878618114, "precision_weighted": 0.841909652749989, "recall_macro": 0.641745890275302, "recall_weighted": 0.6857142857142857, "accuracy": 0.6857142857142857, "class_scores": {"Chechens": 0.8, "Kabardians, Circassians, Adyghes": 0.723404255319149, "Karachays, Balkars": 0.8235294117647058, "Ingush": 0.6666666666666666, "Dagestan peoples": 0.7777777777777778, "Ossetians": 0.7058823529411765, "Kumyks": 0.0, "Nogais": 0.10526315789473684}, "skipped_nodes": 13, "memory_allocated_MB": 51.740234375, "memory_reserved_MB": 86.0, "model_name": "GL_MLP_9l_512h"}