{"f1_macro": 0.9047444365199955, "f1_weighted": 0.9552262107058236, "accuracy": 0.9566854990583804, "class_scores": {"English": 0.9790897908979089, "Germans": 0.8571428571428571, "French": 0.8627450980392157, "Belgium": 0.92}, "skipped_nodes": 238, "model_name": "GL_SAGEConv_3l_128h"}