{"f1_macro": 0.4788852022619537, "f1_weighted": 0.6294763238784127, "precision_macro": 0.4771620794066614, "precision_weighted": 0.7835942150139408, "recall_macro": 0.5892591306073839, "recall_weighted": 0.580952380952381, "accuracy": 0.580952380952381, "class_scores": {"P0": 0.6206896551724138, "P1": 0.6961325966850829, "P2": 0.45918367346938777, "P3": 0.13953488372093023}, "skipped_nodes": 8, "model_name": "MaxIbdSumPerClassSize"}