{"f1_macro": 0.889635630926363, "f1_weighted": 0.9333747579429806, "precision_macro": 0.90546918767507, "precision_weighted": 0.9341447495782516, "recall_macro": 0.8770538529801626, "recall_weighted": 0.9351198871650211, "accuracy": 0.9351198871650211, "class_scores": {"English": 0.9732047159699893, "Germans": 0.8532110091743119, "French": 0.796875, "Belgium": 0.935251798561151}, "skipped_nodes": 60, "memory_allocated_MB": 22.0419921875, "memory_reserved_MB": 208.0, "f1_macro_score_only_mask_connect": 0.7994944732568495, "f1_macro_score_only_not_mask_connect": 1.0, "f1_macro_score_mixed_connect": 0.9321423189528977, "only_mask_connect_sum": 174.0, "only_not_mask_connect_sum": 43.0, "mixed_connect_sum": 492.0, "model_name": "GL_SAGEConv_9l_128h"}