{"f1_macro": 0.7611267752715121, "f1_weighted": 0.8836685917692783, "precision_macro": 0.8018270107085896, "precision_weighted": 0.8875003714820648, "recall_macro": 0.7567993576741041, "recall_weighted": 0.8956521739130435, "accuracy": 0.8956521739130435, "class_scores": {"Chechens": 0.9, "Kabardians, Circassians, Adyghes": 0.9122807017543859, "Karachays, Balkars": 0.8888888888888888, "Ingush": 0.9473684210526315, "Dagestan peoples": 0.9166666666666666, "Ossetians": 0.9523809523809523, "Kumyks": 0.0, "Nogais": 0.5714285714285714}, "skipped_nodes": 3, "memory_allocated_MB": 17.50927734375, "memory_reserved_MB": 48.0, "f1_macro_score_only_mask_connect": -100.0, "f1_macro_score_only_not_mask_connect": -100.0, "f1_macro_score_mixed_connect": -100.0, "only_mask_connect_sum": -100.0, "only_not_mask_connect_sum": -100.0, "mixed_connect_sum": -100.0, "model_name": "GL_SAGEConv_3l_128h_de"}