{"f1_macro": 0.8960164305773408, "f1_weighted": 0.9361118741613036, "precision_macro": 0.9114635151303795, "precision_weighted": 0.936976647716756, "recall_macro": 0.8844360065103747, "recall_weighted": 0.9380165289256198, "accuracy": 0.9380165289256198, "class_scores": {"English": 0.9743589743589743, "Germans": 0.875, "French": 0.7910447761194029, "Belgium": 0.9436619718309859}, "skipped_nodes": 43, "memory_allocated_MB": 21.5419921875, "memory_reserved_MB": 90.0, "f1_macro_score_only_mask_connect": 0.8108426290222489, "f1_macro_score_only_not_mask_connect": 1.0, "f1_macro_score_mixed_connect": 0.9439337077007217, "only_mask_connect_sum": 191.0, "only_not_mask_connect_sum": 26.0, "mixed_connect_sum": 509.0, "model_name": "GL_SAGEConv_9l_128h_de"}