{"f1_macro": 0.942444041137326, "f1_weighted": 0.9697769848349688, "precision_macro": 0.9331896551724138, "precision_weighted": 0.9788135593220338, "recall_macro": 0.9735742705570292, "recall_weighted": 0.9661016949152542, "accuracy": 0.9661016949152542, "class_scores": {"P0": 1.0, "P1": 0.9655172413793104, "P2": 1.0, "P3": 1.0, "P4": 0.96, "P5": 0.9473684210526315, "P6": 0.6666666666666666, "P7": 1.0}, "skipped_nodes": 0, "memory_allocated_MB": 37.77294921875, "memory_reserved_MB": 84.0, "model_name": "GL_TAGConv_3l_512h_w_k3_gnorm"}