{"f1_macro": 0.3910753216847491, "f1_weighted": 0.6134397322509625, "precision_macro": 0.3532066052227342, "precision_weighted": 0.558037140119542, "recall_macro": 0.4461111111111111, "recall_weighted": 0.693069306930693, "accuracy": 0.693069306930693, "class_scores": {"Chechens": 0.6530612244897959, "Kabardians, Circassians, Adyghes": 0.8301886792452831, "Karachays, Balkars": 0.8648648648648649, "Ingush": 0.0, "Dagestan peoples": 0.7804878048780488, "Ossetians": 0.0, "Kumyks": 0.0, "Nogais": 0.0}, "skipped_nodes": 17, "memory_allocated_MB": 21.4345703125, "memory_reserved_MB": 40.0, "model_name": "GL_GCNConv_3l_512h_w"}