{"f1_macro": 0.752944563768953, "f1_weighted": 0.8644207717426857, "precision_macro": 0.7977613446506489, "precision_weighted": 0.8681887133649066, "recall_macro": 0.7452281028094231, "recall_weighted": 0.8760330578512396, "accuracy": 0.8760330578512396, "class_scores": {"English": 0.9667738478027867, "Germans": 0.7214285714285714, "French": 0.39603960396039606, "Belgium": 0.927536231884058}, "skipped_nodes": 43, "memory_allocated_MB": 22.1318359375, "memory_reserved_MB": 92.0, "f1_macro_score_only_mask_connect": 0.7458416583416583, "f1_macro_score_only_not_mask_connect": 0.6950280112044818, "f1_macro_score_mixed_connect": 0.6618207566098093, "only_mask_connect_sum": 191.0, "only_not_mask_connect_sum": 26.0, "mixed_connect_sum": 509.0, "model_name": "GL_GINConv_9l_128h"}