{"f1_macro": 0.6424979724249797, "f1_weighted": 0.7178229883867405, "precision_macro": 0.6186688311688312, "precision_weighted": 0.7389140646587454, "recall_macro": 0.6767857142857143, "recall_weighted": 0.7063829787234043, "accuracy": 0.7063829787234043, "class_scores": {"P0": 0.8, "P1": 0.8, "P2": 0.5255474452554745, "P3": 0.4444444444444444}, "skipped_nodes": 42, "memory_allocated_MB": 37.43994140625, "memory_reserved_MB": 88.0, "model_name": "GL_TAGConv_3l_512h_w_k3_gnorm"}