{"f1_macro": 0.5285145358340507, "f1_weighted": 0.5763624860934232, "precision_macro": 0.5625405225544777, "precision_weighted": 0.5796423266614813, "recall_macro": 0.5189019273335499, "recall_weighted": 0.5910112359550562, "accuracy": 0.5910112359550562, "class_scores": {"Ukranians": 0.3504273504273504, "Southern Russians": 0.625, "Northen Russians": 0.6858006042296072, "Belarusians": 0.4528301886792453}, "skipped_nodes": 25, "memory_allocated_MB": 36.6865234375, "memory_reserved_MB": 228.0, "model_name": "GL_TAGConv_3l_512h_w_k3_gnorm_gelu"}