{"f1_macro": 0.8287896314212103, "f1_weighted": 0.8790359952268961, "accuracy": 0.8813559322033898, "class_scores": {"P0": 1.0, "P1": 0.8421052631578947, "P2": 1.0, "P3": 1.0, "P4": 0.8076923076923077, "P5": 0.9090909090909091, "P6": 0.5714285714285714, "P7": 0.5}, "skipped_nodes": 0, "model_name": "GL_TAGConv_3l_512h_w_k3"}