{"f1_macro": 0.3206946287286844, "f1_weighted": 0.43307012417105295, "precision_macro": 0.5185147537174721, "precision_weighted": 0.5122890083391942, "recall_macro": 0.3860188088428202, "recall_weighted": 0.5254054054054054, "accuracy": 0.5254054054054054, "class_scores": {"Southern Russians": 0.5847953216374269, "Ukranians": 0.0, "Northen Russians": 0.6685714285714286, "Belarusians": 0.029411764705882353}, "skipped_nodes": 0, "memory_allocated_MB": 23.4619140625, "memory_reserved_MB": 84.0, "model_name": "GL_TAGConv_3l_128h_w_k3"}