{"f1_macro": 0.6545114687128084, "f1_weighted": 0.8195609554702685, "accuracy": 0.8534246575342466, "class_scores": {"English": 0.9611752360965372, "Germans": 0.6944444444444444, "French": 0.04938271604938271, "Belgium": 0.9130434782608695}, "skipped_nodes": 39, "model_name": "GL_GINConv_9l_512h"}