{"f1_macro": 0.8576318641336282, "f1_weighted": 0.9243661374091227, "precision_macro": 0.8646309948324901, "precision_weighted": 0.928310383726331, "recall_macro": 0.861066141727268, "recall_weighted": 0.9262048192771084, "accuracy": 0.9262048192771084, "class_scores": {"English": 0.97669256381798, "Germans": 0.7914438502673797, "French": 0.7572815533980582, "Belgium": 0.9051094890510949}, "skipped_nodes": 105, "memory_allocated_MB": 37.08251953125, "memory_reserved_MB": 384.0, "f1_macro_score_only_mask_connect": 0.6986324830780362, "f1_macro_score_only_not_mask_connect": 0.9192857142857144, "f1_macro_score_mixed_connect": 0.935127957018351, "only_mask_connect_sum": 129.0, "only_not_mask_connect_sum": 66.0, "mixed_connect_sum": 469.0, "model_name": "GL_GATConv_9l_128h"}