{"f1_macro": 0.9620313979327119, "f1_weighted": 0.962772240330281, "accuracy": 0.9627906976744186, "class_scores": {"Swedes": 0.9664429530201343, "Norwegians": 0.9619047619047619, "Danes": 0.9577464788732394}, "skipped_nodes": 0, "model_name": "GL_GATConv_9l_128h"}