{"f1_macro": 0.8546855059828412, "f1_weighted": 0.9682164783804792, "accuracy": 0.9723926380368099, "class_scores": {"Udmurts,Besermyan": 0.972972972972973, "Tatars,Volga-Tatars,Mishar-Tatars,Kryashens": 0.989247311827957, "Chuvash": 0.9565217391304348, "Mari": 0.5}, "skipped_nodes": 0, "model_name": "GL_SAGEConv_3l_128h"}