{"f1_macro": 0.09994952651059943, "f1_weighted": 0.20214551405250952, "accuracy": 0.17791411042944785, "class_scores": {"P0": 0.1267605633802817, "P1": 0.27303754266211605, "P2": 0.0, "P3": 0.0}, "skipped_nodes": 0, "model_name": "LongestIbd"}