{"f1_macro": 0.5105643283874295, "f1_weighted": 0.5748166332549307, "precision_macro": 0.5326511286332715, "precision_weighted": 0.5798030811070509, "recall_macro": 0.5046413512127486, "recall_weighted": 0.5841784989858012, "accuracy": 0.5841784989858012, "class_scores": {"Southern Russians": 0.6174142480211082, "Ukranians": 0.2975206611570248, "Northen Russians": 0.6939890710382514, "Belarusians": 0.43333333333333335}, "skipped_nodes": 164, "model_name": "MaxEdgeCount"}