{"f1_macro": 0.9085152196405393, "f1_weighted": 0.929829224627401, "precision_macro": 0.9332970467355142, "precision_weighted": 0.9366160727144709, "recall_macro": 0.9001089324618736, "recall_weighted": 0.9304347826086956, "accuracy": 0.9304347826086956, "class_scores": {"Chechens": 0.972972972972973, "Kabardians, Circassians, Adyghes": 0.9019607843137255, "Karachays, Balkars": 0.8823529411764706, "Ingush": 0.9523809523809523, "Dagestan peoples": 1.0, "Ossetians": 0.8695652173913043, "Kumyks": 0.8, "Nogais": 0.8888888888888888}, "skipped_nodes": 3, "memory_allocated_MB": 22.5751953125, "memory_reserved_MB": 86.0, "f1_macro_score_only_mask_connect": -100.0, "f1_macro_score_only_not_mask_connect": -100.0, "f1_macro_score_mixed_connect": -100.0, "only_mask_connect_sum": -100.0, "only_not_mask_connect_sum": -100.0, "mixed_connect_sum": -100.0, "model_name": "GL_MLP_3l_512h"}