{"f1_macro": 0.5851254480286738, "f1_weighted": 0.6390083298850368, "accuracy": 0.6042944785276073, "class_scores": {"Udmurts,Besermyan": 0.8181818181818182, "Tatars,Volga-Tatars,Mishar-Tatars,Kryashens": 0.6334310850439883, "Chuvash": 0.6666666666666666, "Mari": 0.2222222222222222}, "skipped_nodes": 0, "model_name": "MaxEdgeCountPerClassSize"}