{"f1_macro": 0.4787784888099058, "f1_weighted": 0.5314725123694638, "precision_macro": 0.4796767623214861, "precision_weighted": 0.5302340455154205, "recall_macro": 0.47929870907059235, "recall_weighted": 0.5345838218053928, "accuracy": 0.5345838218053928, "class_scores": {"Ukranians": 0.34375, "Southern Russians": 0.5379310344827586, "Northen Russians": 0.6697965571205008, "Belarusians": 0.36363636363636365}, "skipped_nodes": 52, "memory_allocated_MB": 157.484375, "memory_reserved_MB": 504.0, "model_name": "GL_TAGConv_9l_512h_w_k3"}