{"f1_macro": 0.4845126968856982, "f1_weighted": 0.5227690902965285, "precision_macro": 0.48243442735643, "precision_weighted": 0.5310477405384403, "recall_macro": 0.4906408161149744, "recall_weighted": 0.5176613885505481, "accuracy": 0.5176613885505481, "class_scores": {"Ukranians": 0.3674911660777385, "Southern Russians": 0.5274725274725275, "Northen Russians": 0.6267605633802817, "Belarusians": 0.4163265306122449}, "skipped_nodes": 62, "memory_allocated_MB": 102.0673828125, "memory_reserved_MB": 368.0, "model_name": "GL_GINConv_9l_512h"}