{"f1_macro": 0.8265970740898216, "f1_weighted": 0.8999148166422319, "precision_macro": 0.837423494471535, "precision_weighted": 0.9038963481401374, "recall_macro": 0.827614572927073, "recall_weighted": 0.9006024096385542, "accuracy": 0.9006024096385542, "class_scores": {"English": 0.953880764904387, "Germans": 0.7751196172248804, "French": 0.6736842105263158, "Belgium": 0.9037037037037037}, "skipped_nodes": 105, "memory_allocated_MB": 18.29052734375, "memory_reserved_MB": 60.0, "model_name": "GL_GINConv_3l_128h"}