{"f1_macro": 0.46806454298427796, "f1_weighted": 0.5537298371225752, "precision_macro": 0.48921341168330046, "precision_weighted": 0.8158060651513122, "recall_macro": 0.7410745384883316, "recall_weighted": 0.49846153846153846, "accuracy": 0.49846153846153846, "class_scores": {"Udmurts,Besermyan": 0.6296296296296297, "Tatars,Volga-Tatars,Mishar-Tatars,Kryashens": 0.5835866261398176, "Chuvash": 0.47904191616766467, "Mari": 0.18}, "skipped_nodes": 1, "model_name": "MaxEdgeCountPerClassSize"}