{"f1_macro": 0.7215102026101377, "f1_weighted": 0.9498552847923625, "precision_macro": 0.7099811676082862, "precision_weighted": 0.9373115316626807, "recall_macro": 0.73396518836433, "recall_weighted": 0.9631901840490797, "accuracy": 0.9631901840490797, "class_scores": {"Udmurts,Besermyan": 0.9444444444444444, "Tatars,Volga-Tatars,Mishar-Tatars,Kryashens": 0.9850746268656716, "Chuvash": 0.9565217391304348, "Mari": 0.0}, "skipped_nodes": 0, "memory_allocated_MB": 107.32373046875, "memory_reserved_MB": 1614.0, "f1_macro_score_only_mask_connect": NaN, "f1_macro_score_only_not_mask_connect": NaN, "f1_macro_score_mixed_connect": 0.7215102026101377, "only_mask_connect_sum": 0.0, "only_not_mask_connect_sum": 0.0, "mixed_connect_sum": 326.0, "model_name": "GL_GATConv_3l_512h"}