{"f1_macro": 0.49331510380595534, "f1_weighted": 0.5479586134683933, "precision_macro": 0.492850827333586, "precision_weighted": 0.5471084618299473, "recall_macro": 0.4953175329071465, "recall_weighted": 0.5500725689404935, "accuracy": 0.5500725689404935, "class_scores": {"Northen Russians": 0.6290018832391714, "Ukranians": 0.2807017543859649, "Belarusians": 0.4723618090452261, "Southern Russians": 0.5911949685534591}, "skipped_nodes": 121, "memory_allocated_MB": 18.8876953125, "memory_reserved_MB": 58.0, "model_name": "GL_GCNConv_9l_128h_w"}