{"f1_macro": 0.4581938538859015, "f1_weighted": 0.5100124051399397, "precision_macro": 0.46726726127074125, "precision_weighted": 0.5100602334437503, "recall_macro": 0.46336132297844435, "recall_weighted": 0.5229257641921398, "accuracy": 0.5229257641921398, "class_scores": {"Ukranians": 0.26506024096385544, "Southern Russians": 0.5512605042016807, "Northen Russians": 0.6534653465346535, "Belarusians": 0.36298932384341637}, "skipped_nodes": 7, "memory_allocated_MB": 17.3759765625, "memory_reserved_MB": 104.0, "model_name": "GL_GCNConv_3l_128h_w"}