{"f1_macro": 0.6690556675338223, "f1_weighted": 0.6978226690809026, "precision_macro": 0.6853247197903838, "precision_weighted": 0.701249315542027, "recall_macro": 0.6650564321870808, "recall_weighted": 0.7023809523809523, "accuracy": 0.7023809523809523, "class_scores": {"P0": 0.7357032457496137, "P1": 0.6004728132387707, "P2": 0.8160291438979964, "P3": 0.5240174672489083}, "skipped_nodes": 0, "memory_allocated_MB": 38.07666015625, "memory_reserved_MB": 496.0, "model_name": "GL_TAGConv_3l_512h_w_k3_gnorm"}