{"f1_macro": 0.7868747400366645, "f1_weighted": 0.9661881277810347, "precision_macro": 0.9749590211918979, "precision_weighted": 0.9775322281625333, "recall_macro": 0.7777777777777778, "recall_weighted": 0.9754601226993865, "accuracy": 0.9754601226993865, "class_scores": {"Udmurts,Besermyan": 1.0, "Tatars,Volga-Tatars,Mishar-Tatars,Kryashens": 0.9978586723768736, "Chuvash": 0.9496402877697842, "Mari": 0.2}, "skipped_nodes": 0, "memory_allocated_MB": 26.4443359375, "memory_reserved_MB": 570.0, "model_name": "GL_SAGEConv_3l_512h"}