{"f1_macro": 0.5404159590023926, "f1_weighted": 0.586335353191756, "precision_macro": 0.5444137426900585, "precision_weighted": 0.5968648388648389, "recall_macro": 0.5521518589529768, "recall_weighted": 0.5898268398268398, "accuracy": 0.5898268398268398, "class_scores": {"Southern Russians": 0.5865724381625441, "Ukranians": 0.3745583038869258, "Northen Russians": 0.7485207100591716, "Belarusians": 0.4520123839009288}, "skipped_nodes": 1, "model_name": "MaxEdgeCountPerClassSize"}