{"f1_macro": 0.9815853575559639, "f1_weighted": 0.981309365062105, "precision_macro": 0.9847008547008547, "precision_weighted": 0.9813982746225737, "recall_macro": 0.9786156058971592, "recall_weighted": 0.9813084112149533, "accuracy": 0.9813084112149533, "class_scores": {"Swedes": 0.9733333333333334, "Norwegians": 0.9855072463768116, "Danes": 0.9859154929577465}, "skipped_nodes": 1, "memory_allocated_MB": 23.3232421875, "memory_reserved_MB": 38.0, "model_name": "GL_TAGConv_9l_128h_w_k3"}