{"f1_macro": 0.9162084677585759, "f1_weighted": 0.9249180339807591, "accuracy": 0.925, "class_scores": {"Swedes": 0.9315068493150684, "Norwegians": 0.9282296650717703, "Danes": 0.8888888888888888}, "skipped_nodes": 15, "model_name": "GL_MLP_3l_512h"}