{"f1_macro": 0.9393980878604739, "f1_weighted": 0.9497183506534754, "precision_macro": 0.928821560050796, "precision_weighted": 0.9529543406388032, "recall_macro": 0.953795737485058, "recall_weighted": 0.9488372093023256, "accuracy": 0.9488372093023256, "class_scores": {"Swedes": 0.9530201342281879, "Norwegians": 0.9651741293532339, "Danes": 0.9}, "skipped_nodes": 0, "memory_allocated_MB": 37.41064453125, "memory_reserved_MB": 146.0, "model_name": "GL_TAGConv_3l_512h_w_k3_gnorm_gelu"}