{"f1_macro": 0.7394070205267346, "f1_weighted": 0.8047280986236939, "precision_macro": 0.8908002723721463, "precision_weighted": 0.8545438851796944, "recall_macro": 0.7160671906302974, "recall_weighted": 0.8262910798122066, "accuracy": 0.8262910798122066, "class_scores": {"Swedes": 0.8767123287671232, "Norwegians": 0.8632478632478633, "Danes": 0.4782608695652174}, "skipped_nodes": 2, "memory_allocated_MB": 101.6962890625, "memory_reserved_MB": 166.0, "model_name": "GL_GINConv_9l_512h"}