{"f1_macro": 0.9254887704372551, "f1_weighted": 0.9509475252644569, "precision_macro": 0.9574033406252037, "precision_weighted": 0.9532900232660151, "recall_macro": 0.9016544894775833, "recall_weighted": 0.9527777777777777, "accuracy": 0.9527777777777777, "class_scores": {"English": 0.971307120085016, "Germans": 0.9327731092436975, "French": 0.8264462809917356, "Belgium": 0.9714285714285714}, "skipped_nodes": 49, "memory_allocated_MB": 17.39111328125, "memory_reserved_MB": 68.0, "model_name": "GL_GCNConv_3l_128h_w"}