{"f1_macro": 0.9168245081563551, "f1_weighted": 0.9450721744801385, "precision_macro": 0.9515022566793792, "precision_weighted": 0.9485883209498394, "recall_macro": 0.8922003410059676, "recall_weighted": 0.9472222222222222, "accuracy": 0.9472222222222222, "class_scores": {"English": 0.9693121693121693, "Germans": 0.9137931034482759, "French": 0.8264462809917356, "Belgium": 0.9577464788732394}, "skipped_nodes": 49, "memory_allocated_MB": 17.158203125, "memory_reserved_MB": 22.0, "model_name": "GL_GCNConv_3l_128h_w"}