{"f1_macro": 0.8104347406978986, "f1_weighted": 0.8799387317977372, "precision_macro": 0.7982954545454546, "precision_weighted": 0.9002502085070893, "recall_macro": 0.8606150793650793, "recall_weighted": 0.8807339449541285, "accuracy": 0.8807339449541285, "class_scores": {"Chechens": 0.8947368421052632, "Kabardians, Circassians, Adyghes": 0.9230769230769231, "Karachays, Balkars": 0.8421052631578947, "Ingush": 0.9523809523809523, "Dagestan peoples": 0.8571428571428571, "Ossetians": 0.9473684210526315, "Kumyks": 0.6666666666666666, "Nogais": 0.4}, "skipped_nodes": 9, "memory_allocated_MB": 21.72314453125, "memory_reserved_MB": 64.0, "model_name": "GL_GCNConv_3l_512h_w"}