{"f1_macro": 0.6332697498060128, "f1_weighted": 0.6997012597963143, "precision_macro": 0.645852240842992, "precision_weighted": 0.8761005281004784, "recall_macro": 0.8227554515108163, "recall_weighted": 0.647239263803681, "accuracy": 0.647239263803681, "class_scores": {"P0": 0.972972972972973, "P1": 0.712707182320442, "P2": 0.6473988439306358, "P3": 0.2}, "skipped_nodes": 0, "model_name": "MaxIbdSumPerClassSize"}