{"f1_macro": 0.9898614128457925, "f1_weighted": 0.9906367710502664, "accuracy": 0.9906542056074766, "class_scores": {"Swedes": 0.9933774834437086, "Norwegians": 0.9902912621359223, "Danes": 0.9859154929577465}, "skipped_nodes": 1, "model_name": "GL_TAGConv_3l_512h_w_k3"}