{"f1_macro": 0.9204756430783828, "f1_weighted": 0.9277679291279606, "accuracy": 0.9282296650717703, "class_scores": {"Swedes": 0.9370629370629371, "Norwegians": 0.9315068493150684, "Danes": 0.8928571428571429}, "skipped_nodes": 6, "model_name": "GL_SAGEConv_9l_128h"}