{"f1_macro": 0.4488402490829549, "f1_weighted": 0.5324422240040397, "precision_macro": 0.5375416583148559, "precision_weighted": 0.5616853637388711, "recall_macro": 0.46599862352335986, "recall_weighted": 0.5732009925558312, "accuracy": 0.5732009925558312, "class_scores": {"Ukranians": 0.10294117647058823, "Southern Russians": 0.6034214618973561, "Northen Russians": 0.7047619047619048, "Belarusians": 0.3842364532019704}, "skipped_nodes": 77, "memory_allocated_MB": 339.98193359375, "memory_reserved_MB": 1736.0, "model_name": "GL_GATConv_9l_512h"}