{"f1_macro": 0.9626222956500262, "f1_weighted": 0.9670804869892902, "precision_macro": 0.976976976976977, "precision_weighted": 0.9685245993657208, "recall_macro": 0.9508378281193816, "recall_weighted": 0.9672897196261683, "accuracy": 0.9672897196261683, "class_scores": {"Swedes": 0.9798657718120806, "Norwegians": 0.966824644549763, "Danes": 0.9411764705882353}, "skipped_nodes": 1, "memory_allocated_MB": 18.76904296875, "memory_reserved_MB": 184.0, "model_name": "GL_GCNConv_9l_128h_w"}