{"f1_macro": 0.44703244700716893, "f1_weighted": 0.519205027866976, "precision_macro": 0.5621453132727481, "precision_weighted": 0.5617756390575448, "recall_macro": 0.45479933166777353, "recall_weighted": 0.5634118967452301, "accuracy": 0.5634118967452301, "class_scores": {"Ukranians": 0.16666666666666666, "Southern Russians": 0.5972972972972973, "Northen Russians": 0.6869565217391305, "Belarusians": 0.3372093023255814}, "skipped_nodes": 24, "memory_allocated_MB": 16.96484375, "memory_reserved_MB": 56.0, "model_name": "GL_SAGEConv_3l_128h"}