{"f1_macro": 0.7222243486530872, "f1_weighted": 0.7904451278930521, "accuracy": 0.7889908256880734, "class_scores": {"Chechens": 0.8108108108108109, "Kabardians, Circassians, Adyghes": 0.8214285714285714, "Karachays, Balkars": 0.8235294117647058, "Ingush": 0.7368421052631579, "Dagestan peoples": 0.7906976744186046, "Ossetians": 0.8421052631578947, "Kumyks": 0.6666666666666666, "Nogais": 0.2857142857142857}, "skipped_nodes": 9, "model_name": "GL_GATConv_3l_512h"}