{"f1_macro": 0.7538537146248284, "f1_weighted": 0.8246950658256285, "precision_macro": 0.8187524281274281, "precision_weighted": 0.8603424862599174, "recall_macro": 0.760610853536817, "recall_weighted": 0.8165137614678899, "accuracy": 0.8165137614678899, "class_scores": {"Chechens": 0.8947368421052632, "Kabardians, Circassians, Adyghes": 0.8363636363636363, "Karachays, Balkars": 0.8484848484848485, "Ingush": 0.6666666666666666, "Dagestan peoples": 0.8372093023255814, "Ossetians": 0.9473684210526315, "Kumyks": 0.6666666666666666, "Nogais": 0.3333333333333333}, "skipped_nodes": 9, "memory_allocated_MB": 98.38818359375, "memory_reserved_MB": 250.0, "model_name": "GL_GATConv_3l_512h"}