{"f1_macro": 0.8006367894828461, "f1_weighted": 0.7886189557401841, "accuracy": 0.7894736842105263, "class_scores": {"Chechens": 0.8333333333333334, "Kabardians, Circassians, Adyghes": 0.7391304347826086, "Karachays, Balkars": 0.8095238095238095, "Ingush": 0.7692307692307693, "Dagestan peoples": 0.8372093023255814, "Ossetians": 0.6666666666666666, "Kumyks": 1.0, "Nogais": 0.75}, "skipped_nodes": 4, "model_name": "MaxIbdSumPerClassSize"}