{"f1_macro": 0.9566008171797993, "f1_weighted": 0.9661105927853479, "precision_macro": 0.9798108427069695, "precision_weighted": 0.968022345227913, "recall_macro": 0.9376293995859213, "recall_weighted": 0.9668508287292817, "accuracy": 0.9668508287292817, "class_scores": {"P0": 0.9776833156216791, "P1": 0.9327731092436975, "P2": 0.9302325581395349, "P3": 0.9857142857142858}, "skipped_nodes": 38, "model_name": "RelationalNeighborClassifier"}