{"f1_macro": 0.9415792748019765, "f1_weighted": 0.9862648633425166, "precision_macro": 0.9107142857142857, "precision_weighted": 0.9901402278702892, "recall_macro": 0.991920275718559, "recall_weighted": 0.9846625766871165, "accuracy": 0.9846625766871165, "class_scores": {"Udmurts,Besermyan": 1.0, "Tatars,Volga-Tatars,Mishar-Tatars,Kryashens": 0.9913419913419913, "Chuvash": 0.9923664122137404, "Mari": 0.782608695652174}, "skipped_nodes": 0, "memory_allocated_MB": 20.30908203125, "memory_reserved_MB": 28.0, "model_name": "GL_TAGConv_3l_128h_w_k3"}