{"f1_macro": 0.8831954208572999, "f1_weighted": 0.9792424010734736, "accuracy": 0.9815950920245399, "class_scores": {"Udmurts,Besermyan": 1.0, "Tatars,Volga-Tatars,Mishar-Tatars,Kryashens": 0.9978494623655914, "Chuvash": 0.9635036496350365, "Mari": 0.5714285714285714}, "skipped_nodes": 0, "model_name": "GL_TAGConv_3l_128h_w_k3"}