{"f1_macro": 0.6562734962406015, "f1_weighted": 0.8232468189705032, "precision_macro": 0.6500631313131313, "precision_weighted": 0.8242521367521368, "recall_macro": 0.665422322775264, "recall_weighted": 0.8269230769230769, "accuracy": 0.8269230769230769, "class_scores": {"Chechens": 0.9142857142857143, "Kabardians, Circassians, Adyghes": 0.875, "Karachays, Balkars": 0.9142857142857143, "Ingush": 0.9, "Dagestan peoples": 0.7894736842105263, "Ossetians": 0.8571428571428571, "Kumyks": 0.0, "Nogais": 0.0}, "skipped_nodes": 14, "memory_allocated_MB": 38.69091796875, "memory_reserved_MB": 94.0, "f1_macro_score_only_mask_connect": 0.3987878787878788, "f1_macro_score_only_not_mask_connect": 0.5175824175824176, "f1_macro_score_mixed_connect": 0.9357088989441932, "only_mask_connect_sum": 15.0, "only_not_mask_connect_sum": 22.0, "mixed_connect_sum": 67.0, "model_name": "GL_TAGConv_3l_512h_w_k3_gnorm"}