{"f1_macro": 0.9319163292847503, "f1_weighted": 0.9422382880277618, "precision_macro": 0.9542124542124543, "precision_weighted": 0.9450200593057735, "recall_macro": 0.9161716880163482, "recall_weighted": 0.9428571428571428, "accuracy": 0.9428571428571428, "class_scores": {"Swedes": 0.9342105263157895, "Norwegians": 0.9615384615384616, "Danes": 0.9}, "skipped_nodes": 5, "memory_allocated_MB": 37.5048828125, "memory_reserved_MB": 102.0, "f1_macro_score_only_mask_connect": 1.0, "f1_macro_score_only_not_mask_connect": 0.8285714285714286, "f1_macro_score_mixed_connect": 0.9420214768935115, "only_mask_connect_sum": 7.0, "only_not_mask_connect_sum": 29.0, "mixed_connect_sum": 174.0, "model_name": "GL_TAGConv_3l_512h_w_k3_gnorm"}