{"f1_macro": 0.9487050152317746, "f1_weighted": 0.9665105875766443, "precision_macro": 0.963075519988099, "precision_weighted": 0.9676484609863505, "recall_macro": 0.9372315333185653, "recall_weighted": 0.9669876203576341, "accuracy": 0.9669876203576341, "class_scores": {"English": 0.9828693790149893, "Germans": 0.9426229508196722, "French": 0.9264705882352942, "Belgium": 0.9428571428571428}, "skipped_nodes": 42, "memory_allocated_MB": 98.923828125, "memory_reserved_MB": 1170.0, "model_name": "GL_GATConv_3l_512h"}