{"f1_macro": 0.9809546857852554, "f1_weighted": 0.9808306137505849, "precision_macro": 0.980465027634839, "precision_weighted": 0.9815009937651448, "recall_macro": 0.9822222222222222, "recall_weighted": 0.9809523809523809, "accuracy": 0.9809523809523809, "class_scores": {"Swedes": 0.9726027397260274, "Norwegians": 0.9856459330143541, "Danes": 0.9846153846153847}, "skipped_nodes": 5, "memory_allocated_MB": 157.20263671875, "memory_reserved_MB": 252.0, "model_name": "GL_TAGConv_9l_512h_w_k3"}