{"f1_macro": 0.6896013239348696, "f1_weighted": 0.8272628503878757, "precision_macro": 0.6832100045810852, "precision_weighted": 0.9015907287516652, "recall_macro": 0.7559500585251658, "recall_weighted": 0.7914110429447853, "accuracy": 0.7914110429447853, "class_scores": {"Udmurts,Besermyan": 1.0, "Tatars,Volga-Tatars,Mishar-Tatars,Kryashens": 0.8557457212713936, "Chuvash": 0.775, "Mari": 0.1276595744680851}, "skipped_nodes": 0, "memory_allocated_MB": 38.55224609375, "memory_reserved_MB": 4842.0, "model_name": "GL_GATConv_9l_128h"}