{"f1_macro": 0.7426599016258627, "f1_weighted": 0.843883458767496, "precision_macro": 0.8583923948055763, "precision_weighted": 0.9015933902859058, "recall_macro": 0.7370757650139094, "recall_weighted": 0.8345864661654135, "accuracy": 0.8345864661654135, "class_scores": {"English": 0.9220023282887078, "Germans": 0.6408450704225352, "French": 0.5714285714285714, "Belgium": 0.8363636363636363}, "skipped_nodes": 104, "memory_allocated_MB": 51.9609375, "memory_reserved_MB": 124.0, "model_name": "GL_MLP_9l_512h"}