{"f1_macro": 0.4869992596056426, "f1_weighted": 0.6964028177426113, "accuracy": 0.7524752475247525, "class_scores": {"Chechens": 0.7659574468085106, "Kabardians, Circassians, Adyghes": 0.8333333333333334, "Karachays, Balkars": 0.8717948717948718, "Ingush": 0.0, "Dagestan peoples": 0.8095238095238095, "Ossetians": 0.6153846153846154, "Kumyks": 0.0, "Nogais": 0.0}, "skipped_nodes": 17, "model_name": "GL_GCNConv_9l_512h_w"}