{"f1_macro": 0.5773714946039082, "f1_weighted": 0.9039042589810059, "accuracy": 0.9263803680981595, "class_scores": {"Udmurts,Besermyan": 0.43478260869565216, "Tatars,Volga-Tatars,Mishar-Tatars,Kryashens": 0.9767441860465116, "Chuvash": 0.8979591836734694, "Mari": 0.0}, "skipped_nodes": 0, "model_name": "GL_SAGEConv_9l_128h"}