{"f1_macro": 0.5256806736779976, "f1_weighted": 0.5716826779989327, "precision_macro": 0.5251491723111377, "precision_weighted": 0.5865870460755332, "recall_macro": 0.5365266622778143, "recall_weighted": 0.5641891891891891, "accuracy": 0.5641891891891891, "class_scores": {"Ukranians": 0.36789297658862874, "Southern Russians": 0.5948717948717949, "Northen Russians": 0.6998284734133791, "Belarusians": 0.4401294498381877}, "skipped_nodes": 27, "memory_allocated_MB": 19.109375, "memory_reserved_MB": 58.0, "model_name": "GL_MLP_9l_128h"}