{"f1_macro": 0.9296856923917698, "f1_weighted": 0.9585316802496577, "accuracy": 0.9591549295774648, "class_scores": {"English": 0.9826839826839827, "Germans": 0.9218106995884774, "French": 0.8739495798319328, "Belgium": 0.9402985074626866}, "skipped_nodes": 59, "model_name": "GL_MLP_9l_512h"}