{"f1_macro": 0.9634615384615385, "f1_weighted": 0.9876487861150437, "precision_macro": 0.9661883126477541, "precision_weighted": 0.9876864149588827, "recall_macro": 0.9608585858585859, "recall_weighted": 0.9877300613496932, "accuracy": 0.9877300613496932, "class_scores": {"Udmurts,Besermyan": 1.0, "Tatars,Volga-Tatars,Mishar-Tatars,Kryashens": 0.9957264957264957, "Chuvash": 0.9692307692307692, "Mari": 0.8888888888888888}, "skipped_nodes": 0, "memory_allocated_MB": 53.55859375, "memory_reserved_MB": 160.0, "f1_macro_score_only_mask_connect": -100.0, "f1_macro_score_only_not_mask_connect": -100.0, "f1_macro_score_mixed_connect": -100.0, "only_mask_connect_sum": -100.0, "only_not_mask_connect_sum": -100.0, "mixed_connect_sum": -100.0, "model_name": "GL_MLP_3l_512h"}