{"f1_macro": 0.22843172447247148, "f1_weighted": 0.31652984948931473, "accuracy": 0.4114583333333333, "class_scores": {"krasnodar": 0.42857142857142855, "yaroslavl": 0.0, "ryazan": 0.5639097744360902, "kaluga": 0.043010752688172046, "vologda": 0.10666666666666667}, "skipped_nodes": 0, "model_name": "GL_SAGEConv_3l_128h"}