{"f1_macro": 0.9238496509591124, "f1_weighted": 0.9322127666273873, "precision_macro": 0.923918252772833, "precision_weighted": 0.934863274049653, "recall_macro": 0.9268608414239482, "recall_weighted": 0.9326923076923077, "accuracy": 0.9326923076923077, "class_scores": {"Swedes": 0.9154929577464789, "Norwegians": 0.9528301886792453, "Danes": 0.9032258064516129}, "skipped_nodes": 7, "memory_allocated_MB": 41.376953125, "memory_reserved_MB": 80.0, "model_name": "GL_GINConv_3l_512h"}