{"f1_macro": 0.9643901520889857, "f1_weighted": 0.9672921007694697, "precision_macro": 0.9723670058740795, "precision_weighted": 0.968381106139368, "recall_macro": 0.9580690399137001, "recall_weighted": 0.9672897196261683, "accuracy": 0.9672897196261683, "class_scores": {"Swedes": 0.961038961038961, "Norwegians": 0.975609756097561, "Danes": 0.9565217391304348}, "skipped_nodes": 1, "memory_allocated_MB": 37.88232421875, "memory_reserved_MB": 88.0, "f1_macro_score_only_mask_connect": 1.0, "f1_macro_score_only_not_mask_connect": 0.9153439153439153, "f1_macro_score_mixed_connect": 0.9649015992299574, "only_mask_connect_sum": 11.0, "only_not_mask_connect_sum": 9.0, "mixed_connect_sum": 194.0, "model_name": "GL_TAGConv_3l_512h_w_k3"}