{"f1_macro": 0.5519007374381549, "f1_weighted": 0.7105156734085095, "precision_macro": 0.625685736677116, "precision_weighted": 0.7069612608207989, "recall_macro": 0.5621237000547344, "recall_weighted": 0.7614678899082569, "accuracy": 0.7614678899082569, "class_scores": {"Chechens": 0.7659574468085106, "Kabardians, Circassians, Adyghes": 0.8620689655172413, "Karachays, Balkars": 0.8717948717948718, "Ingush": 0.0, "Dagestan peoples": 0.8, "Ossetians": 0.6153846153846154, "Kumyks": 0.0, "Nogais": 0.5}, "skipped_nodes": 9, "memory_allocated_MB": 51.4951171875, "memory_reserved_MB": 86.0, "model_name": "GL_GCNConv_9l_512h_w"}