{"f1_macro": 0.9610260299903582, "f1_weighted": 0.9627200384918825, "precision_macro": 0.9645288145288146, "precision_weighted": 0.9628273123621961, "recall_macro": 0.9577317122948191, "recall_weighted": 0.9627906976744186, "accuracy": 0.9627906976744186, "class_scores": {"Swedes": 0.9530201342281879, "Norwegians": 0.9711538461538461, "Danes": 0.958904109589041}, "skipped_nodes": 0, "memory_allocated_MB": 38.74951171875, "memory_reserved_MB": 540.0, "f1_macro_score_only_mask_connect": -100.0, "f1_macro_score_only_not_mask_connect": -100.0, "f1_macro_score_mixed_connect": -100.0, "only_mask_connect_sum": -100.0, "only_not_mask_connect_sum": -100.0, "mixed_connect_sum": -100.0, "model_name": "GL_GATConv_9l_128h"}