{"f1_macro": 0.2661624039601918, "f1_weighted": 0.3456062435075481, "precision_macro": 0.3292818322981367, "precision_weighted": 0.49183495248712644, "recall_macro": 0.3437147847644805, "recall_weighted": 0.4017094017094017, "accuracy": 0.4017094017094017, "class_scores": {"Chechens": 0.5, "Kabardians, Circassians, Adyghes": 0.37209302325581395, "Karachays, Balkars": 0.43902439024390244, "Ingush": 0.0, "Dagestan peoples": 0.3333333333333333, "Ossetians": 0.48484848484848486, "Kumyks": 0.0, "Nogais": 0.0}, "skipped_nodes": 1, "memory_allocated_MB": 101.94384765625, "memory_reserved_MB": 202.0, "model_name": "GL_GINConv_9l_512h"}