{"f1_macro": 0.5148490883105956, "f1_weighted": 0.5889125742948879, "precision_macro": 0.5729889271796628, "precision_weighted": 0.6021548016663355, "recall_macro": 0.5100944701457044, "recall_weighted": 0.6074450084602369, "accuracy": 0.6074450084602369, "class_scores": {"Northen Russians": 0.7112970711297071, "Ukranians": 0.2830188679245283, "Belarusians": 0.43137254901960786, "Southern Russians": 0.6337078651685393}, "skipped_nodes": 147, "memory_allocated_MB": 156.67822265625, "memory_reserved_MB": 402.0, "model_name": "GL_TAGConv_9l_512h_w_k3"}