{"f1_macro": 0.5546794986937928, "f1_weighted": 0.6256785965566755, "precision_macro": 0.5536077235772358, "precision_weighted": 0.8405749663324853, "recall_macro": 0.7893635930116617, "recall_weighted": 0.5828220858895705, "accuracy": 0.5828220858895705, "class_scores": {"P0": 0.8, "P1": 0.6492753623188405, "P2": 0.5502645502645502, "P3": 0.2191780821917808}, "skipped_nodes": 0, "model_name": "MaxIbdSumPerClassSize"}