{"f1_macro": 0.5060428807346921, "f1_weighted": 0.5491158749613199, "precision_macro": 0.508167406842102, "precision_weighted": 0.5683079618863953, "recall_macro": 0.5175581340131683, "recall_weighted": 0.5423913043478261, "accuracy": 0.5423913043478261, "class_scores": {"Ukranians": 0.3772455089820359, "Southern Russians": 0.5355191256830601, "Northen Russians": 0.7101910828025477, "Belarusians": 0.4012158054711246}, "skipped_nodes": 3, "memory_allocated_MB": 37.7158203125, "memory_reserved_MB": 240.0, "model_name": "GL_TAGConv_3l_512h_w_k3_gnorm_gelu"}