{"f1_macro": 0.5473800403407646, "f1_weighted": 0.6215509151288907, "precision_macro": 0.5871421430448697, "precision_weighted": 0.6228646829760325, "recall_macro": 0.5352238290603779, "recall_weighted": 0.6372980910425844, "accuracy": 0.6372980910425844, "class_scores": {"Northen Russians": 0.7608695652173914, "Ukranians": 0.35294117647058826, "Belarusians": 0.4370860927152318, "Southern Russians": 0.638623326959847}, "skipped_nodes": 129, "memory_allocated_MB": 41.4306640625, "memory_reserved_MB": 144.0, "model_name": "GL_GINConv_3l_512h"}