{"f1_macro": 0.8534780516082112, "f1_weighted": 0.9162691414154367, "accuracy": 0.9230769230769231, "class_scores": {"English": 0.9629629629629629, "Germans": 0.8680851063829788, "French": 0.6526315789473685, "Belgium": 0.9302325581395349}, "skipped_nodes": 67, "model_name": "GL_GATConv_9l_128h"}