{"f1_macro": 0.8982991279260376, "f1_weighted": 0.9019861054001668, "precision_macro": 0.8910801673959569, "precision_weighted": 0.9029458476703927, "recall_macro": 0.9067206040992448, "recall_weighted": 0.9018691588785047, "accuracy": 0.9018691588785047, "class_scores": {"Swedes": 0.9139072847682119, "Norwegians": 0.900990099009901, "Danes": 0.88}, "skipped_nodes": 1, "memory_allocated_MB": 18.72998046875, "memory_reserved_MB": 64.0, "model_name": "GL_MLP_9l_128h"}