{"f1_macro": 0.47019595178687335, "f1_weighted": 0.3524151663739293, "precision_macro": 0.5795080573876386, "precision_weighted": 0.8308835865897505, "recall_macro": 0.7402674816837906, "recall_weighted": 0.3803680981595092, "accuracy": 0.3803680981595092, "class_scores": {"P0": 0.9473684210526315, "P1": 0.28044280442804426, "P2": 0.4669260700389105, "P3": 0.18604651162790697}, "skipped_nodes": 0, "model_name": "MaxEdgeCountPerClassSize"}