{"f1_macro": 0.9056013742838798, "f1_weighted": 0.9759730030039694, "precision_macro": 0.8901345674374124, "precision_weighted": 0.9767548172573697, "recall_macro": 0.9224758312741145, "recall_weighted": 0.9754601226993865, "accuracy": 0.9754601226993865, "class_scores": {"P0": 0.918918918918919, "P1": 0.9892008639308856, "P2": 0.9774436090225563, "P3": 0.7368421052631579}, "skipped_nodes": 0, "memory_allocated_MB": 22.0654296875, "memory_reserved_MB": 52.0, "model_name": "GL_MLP_3l_512h"}