{"f1_macro": 0.7317888599748344, "f1_weighted": 0.8131570165668296, "precision_macro": 0.679375771287536, "precision_weighted": 0.8956878559909957, "recall_macro": 0.9281115879828326, "recall_weighted": 0.7944785276073619, "accuracy": 0.7944785276073619, "class_scores": {"Udmurts,Besermyan": 0.9, "Tatars,Volga-Tatars,Mishar-Tatars,Kryashens": 0.8320802005012531, "Chuvash": 0.7764705882352941, "Mari": 0.4186046511627907}, "skipped_nodes": 0, "model_name": "MaxIbdSumPerClassSize"}