{"f1_macro": 0.3338224275724276, "f1_weighted": 0.49957985939294347, "precision_macro": 0.3399343711843712, "precision_weighted": 0.5005077995732201, "recall_macro": 0.3812383021390374, "recall_weighted": 0.5794392523364486, "accuracy": 0.5794392523364486, "class_scores": {"Chechens": 0.6818181818181818, "Kabardians, Circassians, Adyghes": 0.6233766233766234, "Karachays, Balkars": 0.6153846153846154, "Ingush": 0.0, "Dagestan peoples": 0.75, "Ossetians": 0.0, "Kumyks": 0.0, "Nogais": 0.0}, "skipped_nodes": 11, "memory_allocated_MB": 17.48388671875, "memory_reserved_MB": 46.0, "f1_macro_score_only_mask_connect": 0.2564102564102564, "f1_macro_score_only_not_mask_connect": 0.5777777777777778, "f1_macro_score_mixed_connect": 0.33289912583390846, "only_mask_connect_sum": 18.0, "only_not_mask_connect_sum": 9.0, "mixed_connect_sum": 80.0, "model_name": "GL_SAGEConv_3l_128h_de"}