{"f1_macro": 0.709404450970716, "f1_weighted": 0.7833223764926034, "precision_macro": 0.7001785714285714, "precision_weighted": 0.9039460999123575, "recall_macro": 0.9055143711796072, "recall_weighted": 0.745398773006135, "accuracy": 0.745398773006135, "class_scores": {"P0": 1.0, "P1": 0.7896103896103897, "P2": 0.7710843373493976, "P3": 0.27692307692307694}, "skipped_nodes": 0, "model_name": "MaxIbdSumPerClassSize"}