{"f1_macro": 0.5785173645533368, "f1_weighted": 0.7534310553199759, "precision_macro": 0.5908481254297399, "precision_weighted": 0.756555028034817, "recall_macro": 0.5827737077737077, "recall_weighted": 0.7533632286995515, "accuracy": 0.7533632286995515, "class_scores": {"P0": 0.6666666666666666, "P1": 0.8338762214983714, "P2": 0.591304347826087, "P3": 0.2222222222222222}, "skipped_nodes": 54, "model_name": "MaxIbdSum"}