{"f1_macro": 0.44086229092010887, "f1_weighted": 0.5358726598341401, "precision_macro": 0.668944971917868, "precision_weighted": 0.6453730840997065, "recall_macro": 0.4699079896011696, "recall_weighted": 0.6043243243243244, "accuracy": 0.6043243243243244, "class_scores": {"Southern Russians": 0.6441495778045838, "Ukranians": 0.11494252873563218, "Northen Russians": 0.7623188405797101, "Belarusians": 0.24203821656050956}, "skipped_nodes": 0, "memory_allocated_MB": 16.96484375, "memory_reserved_MB": 254.0, "model_name": "GL_SAGEConv_3l_128h"}