{"f1_macro": 0.7240661330283972, "f1_weighted": 0.8847367051769568, "accuracy": 0.8703703703703703, "class_scores": {"Chechens": 0.9142857142857143, "Kabardians, Circassians, Adyghes": 0.9056603773584906, "Karachays, Balkars": 0.9090909090909091, "Ingush": 0.9523809523809523, "Dagestan peoples": 0.8888888888888888, "Ossetians": 0.8888888888888888, "Kumyks": 0.0, "Nogais": 0.3333333333333333}, "skipped_nodes": 10, "model_name": "GL_TAGConv_3l_512h_w_k3_gnorm"}