{"f1_macro": 0.7078184723178259, "f1_weighted": 0.7769736994120127, "precision_macro": 0.7005578093306288, "precision_weighted": 0.9052221904204879, "recall_macro": 0.9087982832618026, "recall_weighted": 0.7392638036809815, "accuracy": 0.7392638036809815, "class_scores": {"P0": 1.0, "P1": 0.7769028871391076, "P2": 0.7857142857142857, "P3": 0.26865671641791045}, "skipped_nodes": 0, "model_name": "MaxIbdSumPerClassSize"}