{"f1_macro": 0.408022699454768, "f1_weighted": 0.5267775675976409, "precision_macro": 0.45699786324786323, "precision_weighted": 0.6293400488400489, "recall_macro": 0.43121803069053705, "recall_weighted": 0.54, "accuracy": 0.54, "class_scores": {"Chechens": 0.6976744186046512, "Kabardians, Circassians, Adyghes": 0.3333333333333333, "Karachays, Balkars": 0.6666666666666666, "Ingush": 0.42105263157894735, "Dagestan peoples": 0.6, "Ossetians": 0.5454545454545454, "Kumyks": 0.0, "Nogais": 0.0}, "skipped_nodes": 18, "memory_allocated_MB": 21.814453125, "memory_reserved_MB": 76.0, "model_name": "GL_GINConv_9l_128h"}