{"f1_macro": 0.45832618598090746, "f1_weighted": 0.5105950593542841, "precision_macro": 0.4687495874995875, "precision_weighted": 0.5056324706054436, "recall_macro": 0.45740650707648517, "recall_weighted": 0.5232432432432432, "accuracy": 0.5232432432432432, "class_scores": {"Southern Russians": 0.5612998522895125, "Ukranians": 0.26717557251908397, "Northen Russians": 0.6456456456456456, "Belarusians": 0.35918367346938773}, "skipped_nodes": 0, "memory_allocated_MB": 18.57666015625, "memory_reserved_MB": 82.0, "model_name": "GL_TAGConv_3l_128h_w_k3"}