{"f1_macro": 0.9098109517601043, "f1_weighted": 0.9179287203421324, "precision_macro": 0.9051719238420005, "precision_weighted": 0.923615075099563, "recall_macro": 0.9190015995238626, "recall_weighted": 0.9178743961352657, "accuracy": 0.9178743961352657, "class_scores": {"Swedes": 0.925, "Norwegians": 0.9230769230769231, "Danes": 0.8813559322033898}, "skipped_nodes": 8, "memory_allocated_MB": 41.58251953125, "memory_reserved_MB": 104.0, "model_name": "GL_GINConv_3l_512h"}