{"f1_macro": 0.5277422792646762, "f1_weighted": 0.5792575784683262, "precision_macro": 0.5816786702046696, "precision_weighted": 0.592117689228348, "recall_macro": 0.5192200733032692, "recall_weighted": 0.5965770171149144, "accuracy": 0.5965770171149144, "class_scores": {"Ukranians": 0.31952662721893493, "Southern Russians": 0.6103896103896104, "Northen Russians": 0.6927899686520376, "Belarusians": 0.48826291079812206}, "skipped_nodes": 65, "memory_allocated_MB": 36.68505859375, "memory_reserved_MB": 208.0, "model_name": "GL_TAGConv_3l_512h_nw_k3_gnorm_gelu"}