{"f1_macro": 0.2635954658709896, "f1_weighted": 0.07156230638915094, "precision_macro": 0.24301470588235294, "precision_weighted": 0.06299621075424035, "recall_macro": 0.3194444444444445, "recall_weighted": 0.09202453987730061, "accuracy": 0.09202453987730061, "class_scores": {"P0": 0.9473684210526315, "P1": 0.0, "P2": 0.09322033898305085, "P3": 0.013793103448275862}, "skipped_nodes": 0, "model_name": "MaxEdgeCountPerClassSize"}