{"f1_macro": 0.851015034945682, "f1_weighted": 0.9264115409133883, "accuracy": 0.9300813008130081, "class_scores": {"English": 0.9707865168539326, "Germans": 0.8051948051948052, "French": 0.7142857142857143, "Belgium": 0.9137931034482759}, "skipped_nodes": 154, "model_name": "GL_SAGEConv_3l_128h"}