{"f1_macro": 0.5287539723360092, "f1_weighted": 0.5816608808381225, "precision_macro": 0.5281871770484282, "precision_weighted": 0.5905529814509048, "recall_macro": 0.5323943656191079, "recall_weighted": 0.5752979414951246, "accuracy": 0.5752979414951246, "class_scores": {"Southern Russians": 0.5973597359735974, "Ukranians": 0.4, "Northen Russians": 0.7435064935064936, "Belarusians": 0.3741496598639456}, "skipped_nodes": 2, "memory_allocated_MB": 38.0166015625, "memory_reserved_MB": 304.0, "model_name": "GL_TAGConv_3l_512h_nw_k3_gnorm_gelu"}