{"f1_macro": 0.6008266190331408, "f1_weighted": 0.7698808803551888, "precision_macro": 0.6380252100840336, "precision_weighted": 0.8373496873496873, "recall_macro": 0.6720999212775528, "recall_weighted": 0.7272727272727273, "accuracy": 0.7272727272727273, "class_scores": {"Chechens": 0.8, "Kabardians, Circassians, Adyghes": 0.7391304347826086, "Karachays, Balkars": 0.8484848484848485, "Ingush": 0.6666666666666666, "Dagestan peoples": 0.8484848484848485, "Ossetians": 0.75, "Kumyks": 0.0, "Nogais": 0.15384615384615385}, "skipped_nodes": 19, "memory_allocated_MB": 51.703125, "memory_reserved_MB": 78.0, "model_name": "GL_MLP_9l_512h"}