{"f1_macro": 0.5474804276364981, "f1_weighted": 0.640708210219298, "precision_macro": 0.543168901006994, "precision_weighted": 0.8457862491071249, "recall_macro": 0.8097135144548937, "recall_weighted": 0.5938461538461538, "accuracy": 0.5938461538461538, "class_scores": {"Udmurts,Besermyan": 0.6938775510204082, "Tatars,Volga-Tatars,Mishar-Tatars,Kryashens": 0.6570605187319885, "Chuvash": 0.6272189349112426, "Mari": 0.21176470588235294}, "skipped_nodes": 1, "model_name": "MaxIbdSumPerClassSize"}