{"f1_macro": 0.6825803075803076, "f1_weighted": 0.8281215558993337, "precision_macro": 0.6906039562289562, "precision_weighted": 0.8483983352038907, "recall_macro": 0.679958372237784, "recall_weighted": 0.8148148148148148, "accuracy": 0.8148148148148148, "class_scores": {"Chechens": 0.9090909090909091, "Kabardians, Circassians, Adyghes": 0.8518518518518519, "Karachays, Balkars": 0.9142857142857143, "Ingush": 0.9523809523809523, "Dagestan peoples": 0.8108108108108109, "Ossetians": 0.8, "Kumyks": 0.0, "Nogais": 0.2222222222222222}, "skipped_nodes": 10, "memory_allocated_MB": 28.04345703125, "memory_reserved_MB": 60.0, "f1_macro_score_only_mask_connect": 0.3196248196248196, "f1_macro_score_only_not_mask_connect": 0.6333333333333333, "f1_macro_score_mixed_connect": 0.6653144747972335, "only_mask_connect_sum": 19.0, "only_not_mask_connect_sum": 11.0, "mixed_connect_sum": 78.0, "model_name": "GL_SAGEConv_3l_512h"}