{"f1_macro": 0.7423813698921302, "f1_weighted": 0.8510463426056288, "precision_macro": 0.7507641211445559, "precision_weighted": 0.8951253225531973, "recall_macro": 0.8322240259740259, "recall_weighted": 0.8411214953271028, "accuracy": 0.8411214953271028, "class_scores": {"Chechens": 0.8780487804878049, "Kabardians, Circassians, Adyghes": 0.8518518518518519, "Karachays, Balkars": 0.9411764705882353, "Ingush": 0.8235294117647058, "Dagestan peoples": 0.7777777777777778, "Ossetians": 1.0, "Kumyks": 0.3333333333333333, "Nogais": 0.3333333333333333}, "skipped_nodes": 11, "memory_allocated_MB": 25.42919921875, "memory_reserved_MB": 58.0, "model_name": "GL_TAGConv_9l_128h_w_k3"}