{"f1_macro": 0.9303015623955035, "f1_weighted": 0.9540795195190731, "accuracy": 0.9549295774647887, "class_scores": {"English": 0.9762931034482759, "Germans": 0.9083333333333333, "French": 0.8813559322033898, "Belgium": 0.9552238805970149}, "skipped_nodes": 59, "model_name": "GL_GINConv_3l_128h"}