{"f1_macro": 0.8365357336549267, "f1_weighted": 0.823120994633949, "accuracy": 0.8317757009345794, "class_scores": {"Swedes": 0.7213114754098361, "Norwegians": 0.8607594936708861, "Danes": 0.927536231884058}, "skipped_nodes": 1, "model_name": "GL_GATConv_9l_128h"}