{"f1_macro": 0.29877029220779217, "f1_weighted": 0.4850738802014312, "precision_macro": 0.29878205128205126, "precision_weighted": 0.47473574045002614, "recall_macro": 0.3372624269005848, "recall_weighted": 0.5612244897959183, "accuracy": 0.5612244897959183, "class_scores": {"Chechens": 0.7142857142857143, "Kabardians, Circassians, Adyghes": 0.6233766233766234, "Karachays, Balkars": 0.24, "Ingush": 0.0, "Dagestan peoples": 0.8125, "Ossetians": 0.0, "Kumyks": 0.0, "Nogais": 0.0}, "skipped_nodes": 20, "memory_allocated_MB": 343.4462890625, "memory_reserved_MB": 558.0, "model_name": "GL_GATConv_9l_512h"}