{"f1_macro": 0.7339004084492066, "f1_weighted": 0.8322117437181279, "precision_macro": 0.9007691046638091, "precision_weighted": 0.8596701989041572, "recall_macro": 0.6645252896238193, "recall_weighted": 0.8491379310344828, "accuracy": 0.8491379310344828, "class_scores": {"English": 0.9144008056394763, "Germans": 0.68, "French": 0.5238095238095238, "Belgium": 0.8173913043478261}, "skipped_nodes": 73, "memory_allocated_MB": 16.951171875, "memory_reserved_MB": 64.0, "model_name": "GL_SAGEConv_3l_128h"}