{"f1_macro": 0.9338599368693852, "f1_weighted": 0.9567164473543821, "precision_macro": 0.9417531277692881, "precision_weighted": 0.9567642497199152, "recall_macro": 0.9274049237934835, "recall_weighted": 0.9573002754820936, "accuracy": 0.9573002754820936, "class_scores": {"English": 0.9772972972972973, "Germans": 0.9354838709677419, "French": 0.8591549295774648, "Belgium": 0.9635036496350365}, "skipped_nodes": 43, "memory_allocated_MB": 36.6796875, "memory_reserved_MB": 212.0, "model_name": "GL_TAGConv_3l_512h_w_k3_gnorm"}