{"f1_macro": 0.47522956313158654, "f1_weighted": 0.5147574717394273, "precision_macro": 0.5570235096960637, "precision_weighted": 0.594284103321012, "recall_macro": 0.46767830009076117, "recall_weighted": 0.5265438786565547, "accuracy": 0.5265438786565547, "class_scores": {"Southern Russians": 0.5866364665911665, "Ukranians": 0.42748091603053434, "Northen Russians": 0.569620253164557, "Belarusians": 0.31718061674008813}, "skipped_nodes": 2, "memory_allocated_MB": 52.54150390625, "memory_reserved_MB": 470.0, "model_name": "GL_GCNConv_9l_512h_w"}