{"f1_macro": 0.7051547287427848, "f1_weighted": 0.9349487576604666, "accuracy": 0.9478527607361963, "class_scores": {"P0": 0.9411764705882353, "P1": 0.9808917197452229, "P2": 0.8985507246376812, "P3": 0.0}, "skipped_nodes": 0, "model_name": "MaxIbdSum"}