{"f1_macro": 0.6540190077319588, "f1_weighted": 0.9019327920435142, "precision_macro": 0.7019329237071172, "precision_weighted": 0.8928108086034071, "recall_macro": 0.6239270386266095, "recall_weighted": 0.9171779141104295, "accuracy": 0.9171779141104295, "class_scores": {"P0": 0.8, "P1": 0.9567010309278351, "P2": 0.859375, "P3": 0.0}, "skipped_nodes": 0, "model_name": "MaxEdgeCount"}