{"f1_macro": 0.4531657134382951, "f1_weighted": 0.5042583213009711, "precision_macro": 0.4660033335996825, "precision_weighted": 0.5032967574595775, "recall_macro": 0.45408565178341015, "recall_weighted": 0.5178378378378379, "accuracy": 0.5178378378378379, "class_scores": {"Southern Russians": 0.5240464344941956, "Ukranians": 0.33986928104575165, "Northen Russians": 0.6565096952908587, "Belarusians": 0.2922374429223744}, "skipped_nodes": 0, "memory_allocated_MB": 340.9892578125, "memory_reserved_MB": 3540.0, "model_name": "GL_GATConv_9l_512h"}