{"f1_macro": 0.4718187918194114, "f1_weighted": 0.4806365662928003, "accuracy": 0.4809027777777778, "class_scores": {"krasnodar": 0.47651006711409394, "vologda-yaroslavl": 0.5273972602739726, "ryazan": 0.49206349206349204, "kaluga": 0.391304347826087}, "skipped_nodes": 0, "model_name": "LongestIbd"}