{"f1_macro": 0.7184816716588218, "f1_weighted": 0.8109639156215033, "accuracy": 0.7981366459627329, "class_scores": {"Udmurts,Besermyan": 0.8, "Tatars,Volga-Tatars,Mishar-Tatars,Kryashens": 0.848780487804878, "Chuvash": 0.7251461988304093, "Mari": 0.5}, "skipped_nodes": 4, "model_name": "LongestIbd"}