{"f1_macro": 0.584881055323848, "f1_weighted": 0.6298495283274551, "precision_macro": 0.5820512907321549, "precision_weighted": 0.6337567658002287, "recall_macro": 0.58995489232994, "recall_weighted": 0.6277056277056277, "accuracy": 0.6277056277056277, "class_scores": {"Southern Russians": 0.6348684210526315, "Ukranians": 0.43670886075949367, "Northen Russians": 0.7816455696202531, "Belarusians": 0.4863013698630137}, "skipped_nodes": 1, "memory_allocated_MB": 23.3525390625, "memory_reserved_MB": 1036.0, "model_name": "GL_GATConv_3l_128h"}