{"f1_macro": 0.521937393531027, "f1_weighted": 0.576181146219704, "precision_macro": 0.5314099426610687, "precision_weighted": 0.5748677179659231, "recall_macro": 0.5166702053722603, "recall_weighted": 0.580829756795422, "accuracy": 0.580829756795422, "class_scores": {"Northen Russians": 0.6866791744840526, "Ukranians": 0.34444444444444444, "Belarusians": 0.45901639344262296, "Southern Russians": 0.5976095617529881}, "skipped_nodes": 111, "model_name": "LongestIbd"}