{"f1_macro": 0.7201067138567139, "f1_weighted": 0.8625182722404946, "precision_macro": 0.7866910369575977, "precision_weighted": 0.869551000018332, "recall_macro": 0.7166335978835978, "recall_weighted": 0.8796296296296297, "accuracy": 0.8796296296296297, "class_scores": {"Chechens": 0.918918918918919, "Kabardians, Circassians, Adyghes": 0.8928571428571429, "Karachays, Balkars": 0.918918918918919, "Ingush": 0.9523809523809523, "Dagestan peoples": 0.9, "Ossetians": 0.7777777777777778, "Kumyks": 0.0, "Nogais": 0.4}, "skipped_nodes": 10, "memory_allocated_MB": 17.52099609375, "memory_reserved_MB": 48.0, "f1_macro_score_only_mask_connect": 0.7314285714285714, "f1_macro_score_only_not_mask_connect": 0.688888888888889, "f1_macro_score_mixed_connect": 0.6716153127917833, "only_mask_connect_sum": 19.0, "only_not_mask_connect_sum": 11.0, "mixed_connect_sum": 78.0, "model_name": "GL_GCNConv_3l_128h_w"}