{"f1_macro": 0.7516540053304759, "f1_weighted": 0.8712420953415665, "accuracy": 0.8764044943820225, "class_scores": {"Chechens": 0.8888888888888888, "Kabardians, Circassians, Adyghes": 0.8717948717948718, "Karachays, Balkars": 0.8648648648648649, "Ingush": 0.875, "Dagestan peoples": 0.9375, "Ossetians": 0.8235294117647058, "Kumyks": 0.0, "Nogais": 0.0}, "skipped_nodes": 29, "model_name": "GL_GCNConv_3l_512h_w"}