{"f1_macro": 0.9686438758292306, "f1_weighted": 0.9718255503558868, "accuracy": 0.9719626168224299, "class_scores": {"Swedes": 0.9733333333333334, "Norwegians": 0.9760765550239234, "Danes": 0.9565217391304348}, "skipped_nodes": 1, "model_name": "GL_GATConv_3l_512h"}