{"f1_macro": 0.11570420248491789, "f1_weighted": 0.14425925292954841, "accuracy": 0.2569444444444444, "class_scores": {"krasnodar": 0.41368584758942456, "yaroslavl": 0.0, "ryazan": 0.0, "kaluga": 0.16483516483516483, "vologda": 0.0}, "skipped_nodes": 0, "model_name": "GL_GINConv_9l_128h"}