{"f1_macro": 0.7813167799902866, "f1_weighted": 0.9605760807706404, "precision_macro": 0.9671052631578947, "precision_weighted": 0.9733613174039393, "recall_macro": 0.7756318550309967, "recall_weighted": 0.9693251533742331, "accuracy": 0.9693251533742331, "class_scores": {"Udmurts,Besermyan": 1.0, "Tatars,Volga-Tatars,Mishar-Tatars,Kryashens": 0.9956896551724138, "Chuvash": 0.9295774647887324, "Mari": 0.2}, "skipped_nodes": 0, "model_name": "LabelPropagation"}