{"f1_macro": 0.9339911292595843, "f1_weighted": 0.9567808810556514, "precision_macro": 0.9462682035602807, "precision_weighted": 0.9583367914760973, "recall_macro": 0.9254022516776397, "recall_weighted": 0.957592339261286, "accuracy": 0.957592339261286, "class_scores": {"English": 0.9806451612903225, "Germans": 0.9126984126984127, "French": 0.9130434782608695, "Belgium": 0.9295774647887324}, "skipped_nodes": 38, "memory_allocated_MB": 105.3466796875, "memory_reserved_MB": 1426.0, "f1_macro_score_only_mask_connect": -100.0, "f1_macro_score_only_not_mask_connect": -100.0, "f1_macro_score_mixed_connect": -100.0, "only_mask_connect_sum": -100.0, "only_not_mask_connect_sum": -100.0, "mixed_connect_sum": -100.0, "model_name": "GL_GATConv_3l_512h"}