{"f1_macro": 0.9796794452447629, "f1_weighted": 0.9814608468680159, "precision_macro": 0.9741340530814216, "precision_weighted": 0.9819947901955246, "recall_macro": 0.985846817691478, "recall_weighted": 0.9813953488372092, "accuracy": 0.9813953488372092, "class_scores": {"Swedes": 0.9801324503311258, "Norwegians": 0.9852216748768473, "Danes": 0.9736842105263158}, "skipped_nodes": 0, "memory_allocated_MB": 39.16748046875, "memory_reserved_MB": 154.0, "f1_macro_score_only_mask_connect": -100.0, "f1_macro_score_only_not_mask_connect": -100.0, "f1_macro_score_mixed_connect": -100.0, "only_mask_connect_sum": -100.0, "only_not_mask_connect_sum": -100.0, "mixed_connect_sum": -100.0, "model_name": "GL_TAGConv_3l_512h_nw_k3_gnorm_gelu"}