{"f1_macro": 0.7125692462648985, "f1_weighted": 0.9396056709073514, "accuracy": 0.950920245398773, "class_scores": {"Udmurts,Besermyan": 0.9714285714285714, "Tatars,Volga-Tatars,Mishar-Tatars,Kryashens": 0.9869565217391304, "Chuvash": 0.8918918918918919, "Mari": 0.0}, "skipped_nodes": 0, "model_name": "GL_GINConv_3l_512h"}