{"f1_macro": 0.9055502290401619, "f1_weighted": 0.9185455129282858, "precision_macro": 0.9223074444086369, "precision_weighted": 0.9197707156963221, "recall_macro": 0.8926687967236225, "recall_weighted": 0.919431279620853, "accuracy": 0.919431279620853, "class_scores": {"Swedes": 0.9261744966442953, "Norwegians": 0.9333333333333333, "Danes": 0.8571428571428571}, "skipped_nodes": 4, "memory_allocated_MB": 17.45849609375, "memory_reserved_MB": 72.0, "f1_macro_score_only_mask_connect": 0.4090909090909091, "f1_macro_score_only_not_mask_connect": 0.7937736498108016, "f1_macro_score_mixed_connect": 0.9464285714285715, "only_mask_connect_sum": 8.0, "only_not_mask_connect_sum": 30.0, "mixed_connect_sum": 173.0, "model_name": "GL_SAGEConv_3l_128h"}