{"f1_macro": 0.9027006228992983, "f1_weighted": 0.9227989968942859, "precision_macro": 0.9173209931830621, "precision_weighted": 0.9234590435440246, "recall_macro": 0.891873884164004, "recall_weighted": 0.9241706161137441, "accuracy": 0.9241706161137441, "class_scores": {"Swedes": 0.9403973509933775, "Norwegians": 0.9423076923076923, "Danes": 0.8253968253968254}, "skipped_nodes": 4, "memory_allocated_MB": 21.93603515625, "memory_reserved_MB": 76.0, "f1_macro_score_only_mask_connect": 0.7111111111111111, "f1_macro_score_only_not_mask_connect": 0.7628303495311167, "f1_macro_score_mixed_connect": 0.9345005910165485, "only_mask_connect_sum": 8.0, "only_not_mask_connect_sum": 30.0, "mixed_connect_sum": 173.0, "model_name": "GL_GCNConv_3l_512h_w"}