{"f1_macro": 0.7024196670538135, "f1_weighted": 0.8321216085724076, "accuracy": 0.8390804597701149, "class_scores": {"Chechens": 0.8, "Kabardians, Circassians, Adyghes": 0.8780487804878049, "Karachays, Balkars": 0.8888888888888888, "Ingush": 0.75, "Dagestan peoples": 0.9333333333333333, "Ossetians": 0.6666666666666666, "Kumyks": 0.0, "Nogais": 0.0}, "skipped_nodes": 31, "model_name": "GL_MLP_3l_128h"}