{"f1_macro": 0.5029714687536413, "f1_weighted": 0.5261561525507328, "accuracy": 0.5399305555555556, "class_scores": {"krasnodar": 0.4921135646687697, "vologda-yaroslavl": 0.6164383561643836, "ryazan": 0.5956416464891041, "kaluga": 0.3076923076923077}, "skipped_nodes": 0, "model_name": "GL_TAGConv_3l_512h_w_k3"}