{"f1_macro": 0.6930579836829837, "f1_weighted": 0.9247242660202782, "precision_macro": 0.7123924595141701, "precision_weighted": 0.9129019087951119, "recall_macro": 0.6780303030303031, "recall_weighted": 0.9386503067484663, "accuracy": 0.9386503067484663, "class_scores": {"P0": 0.9090909090909091, "P1": 0.9708333333333333, "P2": 0.8923076923076924, "P3": 0.0}, "skipped_nodes": 0, "model_name": "MaxEdgeCount"}