{"f1_macro": 0.8251758552030292, "f1_weighted": 0.847294978044406, "precision_macro": 0.8172510079546693, "precision_weighted": 0.8866158531339792, "recall_macro": 0.8684324994365562, "recall_weighted": 0.8421052631578947, "accuracy": 0.8421052631578947, "class_scores": {"Chechens": 0.918918918918919, "Kabardians, Circassians, Adyghes": 0.7916666666666666, "Karachays, Balkars": 0.8, "Ingush": 0.8333333333333334, "Dagestan peoples": 0.9130434782608695, "Ossetians": 0.9, "Kumyks": 1.0, "Nogais": 0.4444444444444444}, "skipped_nodes": 4, "model_name": "MaxEdgeCountPerClassSize"}