{"f1_macro": 0.8749180699645096, "f1_weighted": 0.920882805106627, "precision_macro": 0.8465011961722488, "precision_weighted": 0.9358976428802068, "recall_macro": 0.9149054926951923, "recall_weighted": 0.9171779141104295, "accuracy": 0.9171779141104295, "class_scores": {"P0": 0.972972972972973, "P1": 0.9457013574660633, "P2": 0.8441558441558441, "P3": 0.7368421052631579}, "skipped_nodes": 0, "model_name": "LongestIbd"}