{"f1_macro": 0.851673417557008, "f1_weighted": 0.8985451395001469, "precision_macro": 0.8169856459330143, "precision_weighted": 0.9231220829541786, "recall_macro": 0.9063218017080678, "recall_weighted": 0.8926380368098159, "accuracy": 0.8926380368098159, "class_scores": {"P0": 0.972972972972973, "P1": 0.9262672811059908, "P2": 0.8074534161490683, "P3": 0.7}, "skipped_nodes": 0, "model_name": "LongestIbd"}