{"f1_macro": 0.515050244864496, "f1_weighted": 0.5686365463013754, "precision_macro": 0.5165249303831165, "precision_weighted": 0.5757211083491074, "recall_macro": 0.5188902618630095, "recall_weighted": 0.566017316017316, "accuracy": 0.566017316017316, "class_scores": {"Southern Russians": 0.6146788990825688, "Ukranians": 0.31186440677966104, "Northen Russians": 0.7126050420168067, "Belarusians": 0.42105263157894735}, "skipped_nodes": 1, "memory_allocated_MB": 99.40283203125, "memory_reserved_MB": 3684.0, "model_name": "GL_GATConv_3l_512h"}