{"f1_macro": 0.5654706368458934, "f1_weighted": 0.8907899249323629, "precision_macro": 0.6799892703862661, "precision_weighted": 0.9003067484662577, "recall_macro": 0.5619337148307105, "recall_weighted": 0.911042944785276, "accuracy": 0.911042944785276, "class_scores": {"Udmurts,Besermyan": 0.43478260869565216, "Tatars,Volga-Tatars,Mishar-Tatars,Kryashens": 0.9699570815450643, "Chuvash": 0.8571428571428571, "Mari": 0.0}, "skipped_nodes": 0, "memory_allocated_MB": 37.50439453125, "memory_reserved_MB": 118.0, "f1_macro_score_only_mask_connect": NaN, "f1_macro_score_only_not_mask_connect": NaN, "f1_macro_score_mixed_connect": 0.5654706368458934, "only_mask_connect_sum": 0.0, "only_not_mask_connect_sum": 0.0, "mixed_connect_sum": 326.0, "model_name": "GL_SAGEConv_9l_128h_de"}