{"f1_macro": 0.5902298574008957, "f1_weighted": 0.6288337204472478, "precision_macro": 0.6139660031260864, "precision_weighted": 0.6317500407989528, "recall_macro": 0.579155820033935, "recall_weighted": 0.6359696641386782, "accuracy": 0.6359696641386782, "class_scores": {"Southern Russians": 0.6571018651362984, "Ukranians": 0.47058823529411764, "Northen Russians": 0.733229329173167, "Belarusians": 0.5}, "skipped_nodes": 2, "memory_allocated_MB": 17.8955078125, "memory_reserved_MB": 150.0, "model_name": "GL_GINConv_3l_128h"}