{"f1_macro": 0.5169843829888807, "f1_weighted": 0.617042124958167, "accuracy": 0.5753846153846154, "class_scores": {"P0": 0.6363636363636364, "P1": 0.6494252873563219, "P2": 0.5502645502645502, "P3": 0.2318840579710145}, "skipped_nodes": 0, "model_name": "MaxIbdSumPerClassSize"}