{"f1_macro": 0.8169931384806497, "f1_weighted": 0.8615958288243372, "precision_macro": 0.8104166666666667, "precision_weighted": 0.8845029239766081, "recall_macro": 0.8661049132296597, "recall_weighted": 0.8596491228070176, "accuracy": 0.8596491228070176, "class_scores": {"Chechens": 0.8947368421052632, "Kabardians, Circassians, Adyghes": 0.8813559322033898, "Karachays, Balkars": 0.8648648648648649, "Ingush": 0.9, "Dagestan peoples": 0.8095238095238095, "Ossetians": 0.9473684210526315, "Kumyks": 0.5714285714285714, "Nogais": 0.6666666666666666}, "skipped_nodes": 4, "memory_allocated_MB": 18.21630859375, "memory_reserved_MB": 48.0, "model_name": "GL_TAGConv_3l_128h_w_k3"}