{"f1_macro": 0.48936439269289145, "f1_weighted": 0.5683029070554632, "precision_macro": 0.6243087887168107, "precision_weighted": 0.6220424165116551, "recall_macro": 0.49641440659701974, "recall_weighted": 0.6147186147186147, "accuracy": 0.6147186147186147, "class_scores": {"Southern Russians": 0.65625, "Ukranians": 0.2955665024630542, "Northen Russians": 0.7468175388967468, "Belarusians": 0.25882352941176473}, "skipped_nodes": 1, "model_name": "MaxSegmentCount"}