{"f1_macro": 0.7246699767042379, "f1_weighted": 0.8671904940876904, "accuracy": 0.8699690402476781, "class_scores": {"P0": 0.7692307692307693, "P1": 0.9250535331905781, "P2": 0.7428571428571429, "P3": 0.46153846153846156}, "skipped_nodes": 2, "model_name": "MaxIbdSum"}