{"f1_macro": 0.39535421050116093, "f1_weighted": 0.630124030574852, "accuracy": 0.7070707070707071, "class_scores": {"Chechens": 0.7391304347826086, "Kabardians, Circassians, Adyghes": 0.7796610169491526, "Karachays, Balkars": 0.8235294117647058, "Ingush": 0.0, "Dagestan peoples": 0.8205128205128205, "Ossetians": 0.0, "Kumyks": 0.0, "Nogais": 0.0}, "skipped_nodes": 19, "model_name": "GL_SAGEConv_9l_128h"}