{"f1_macro": 0.8584765330413964, "f1_weighted": 0.9237765699035712, "precision_macro": 0.8756616563513114, "precision_weighted": 0.9279446638406502, "recall_macro": 0.8509822535234133, "recall_weighted": 0.9254843517138599, "accuracy": 0.9254843517138599, "class_scores": {"English": 0.970620239390642, "Germans": 0.8228571428571428, "French": 0.7207207207207207, "Belgium": 0.9197080291970803}, "skipped_nodes": 98, "memory_allocated_MB": 21.02880859375, "memory_reserved_MB": 70.0, "model_name": "GL_SAGEConv_9l_128h"}