{"f1_macro": 0.570851373016135, "f1_weighted": 0.6209838221713171, "accuracy": 0.5766871165644172, "class_scores": {"Udmurts,Besermyan": 0.8372093023255814, "Tatars,Volga-Tatars,Mishar-Tatars,Kryashens": 0.6172106824925816, "Chuvash": 0.6333333333333333, "Mari": 0.1956521739130435}, "skipped_nodes": 0, "model_name": "MaxEdgeCountPerClassSize"}