{"f1_macro": 0.8402535901599237, "f1_weighted": 0.90698998341143, "precision_macro": 0.9017507410889763, "precision_weighted": 0.9176779541692034, "recall_macro": 0.8207149722009688, "recall_weighted": 0.9132231404958677, "accuracy": 0.9132231404958677, "class_scores": {"English": 0.9678800856531049, "Germans": 0.8235294117647058, "French": 0.6476190476190476, "Belgium": 0.9219858156028369}, "skipped_nodes": 43, "memory_allocated_MB": 22.318359375, "memory_reserved_MB": 348.0, "f1_macro_score_only_mask_connect": 0.6941741294733064, "f1_macro_score_only_not_mask_connect": 1.0, "f1_macro_score_mixed_connect": 0.9403446056237731, "only_mask_connect_sum": 191.0, "only_not_mask_connect_sum": 26.0, "mixed_connect_sum": 509.0, "model_name": "GL_GATConv_3l_128h"}