{"f1_macro": 0.4323063973063973, "f1_weighted": 0.6266603138301252, "precision_macro": 0.6012047163362952, "precision_weighted": 0.731150345847466, "recall_macro": 0.4686543848308555, "recall_weighted": 0.6886792452830188, "accuracy": 0.6886792452830188, "class_scores": {"Chechens": 0.68, "Kabardians, Circassians, Adyghes": 0.8148148148148148, "Karachays, Balkars": 0.8888888888888888, "Ingush": 0.18181818181818182, "Dagestan peoples": 0.7111111111111111, "Ossetians": 0.18181818181818182, "Kumyks": 0.0, "Nogais": 0.0}, "skipped_nodes": 12, "memory_allocated_MB": 17.220703125, "memory_reserved_MB": 46.0, "f1_macro_score_only_mask_connect": 0.5375457875457875, "f1_macro_score_only_not_mask_connect": 0.5816239316239317, "f1_macro_score_mixed_connect": 0.40326888024256446, "only_mask_connect_sum": 17.0, "only_not_mask_connect_sum": 19.0, "mixed_connect_sum": 70.0, "model_name": "GL_SAGEConv_3l_128h_de"}