{"f1_macro": 0.7251728998722523, "f1_weighted": 0.9499544762088532, "precision_macro": 0.7204201828410689, "precision_weighted": 0.9376310476042556, "recall_macro": 0.7312502709498417, "recall_weighted": 0.9631901840490797, "accuracy": 0.9631901840490797, "class_scores": {"P0": 0.9714285714285714, "P1": 0.9872340425531915, "P2": 0.9420289855072463, "P3": 0.0}, "skipped_nodes": 0, "model_name": "MaxIbdSum"}