{"f1_macro": 0.9786066202549116, "f1_weighted": 0.9810996567651241, "precision_macro": 0.9731799025916672, "precision_weighted": 0.9814737833137611, "recall_macro": 0.9846386192017261, "recall_weighted": 0.981042654028436, "accuracy": 0.981042654028436, "class_scores": {"Swedes": 0.9798657718120806, "Norwegians": 0.9853658536585366, "Danes": 0.9705882352941176}, "skipped_nodes": 4, "memory_allocated_MB": 36.57080078125, "memory_reserved_MB": 80.0, "model_name": "GL_TAGConv_3l_512h_w_k3_gnorm"}