{"f1_macro": 0.8494104016779607, "f1_weighted": 0.912098806872653, "precision_macro": 0.9124184642158499, "precision_weighted": 0.9199653460695253, "recall_macro": 0.8214544855123976, "recall_weighted": 0.918732782369146, "accuracy": 0.918732782369146, "class_scores": {"English": 0.9682203389830508, "Germans": 0.8409090909090909, "French": 0.6542056074766355, "Belgium": 0.9343065693430657}, "skipped_nodes": 43, "memory_allocated_MB": 17.77734375, "memory_reserved_MB": 68.0, "f1_macro_score_only_mask_connect": 0.712629067423588, "f1_macro_score_only_not_mask_connect": 1.0, "f1_macro_score_mixed_connect": 0.9523244131556474, "only_mask_connect_sum": 191.0, "only_not_mask_connect_sum": 26.0, "mixed_connect_sum": 509.0, "model_name": "GL_SAGEConv_3l_128h_de"}