{"f1_macro": 0.976488284051141, "f1_weighted": 0.9810684288933934, "precision_macro": 0.9875389408099688, "precision_weighted": 0.981922688780659, "recall_macro": 0.966984126984127, "recall_weighted": 0.9812206572769953, "accuracy": 0.9812206572769953, "class_scores": {"Swedes": 0.9932885906040269, "Norwegians": 0.9809523809523809, "Danes": 0.9552238805970149}, "skipped_nodes": 2, "memory_allocated_MB": 157.04052734375, "memory_reserved_MB": 276.0, "model_name": "GL_TAGConv_9l_512h_w_k3"}