{"f1_macro": 0.7595530543773719, "f1_weighted": 0.8618448264388351, "accuracy": 0.8728813559322034, "class_scores": {"P0": 0.8372093023255814, "P1": 0.9090909090909091, "P2": 0.9714285714285714, "P3": 0.8695652173913043, "P4": 0.8695652173913043, "P5": 0.8695652173913043, "P6": 0.0, "P7": 0.75}, "skipped_nodes": 0, "model_name": "GL_GINConv_3l_512h"}