{"f1_macro": 0.9871323529411764, "f1_weighted": 0.9828880270056741, "precision_macro": 0.9838286713286714, "precision_weighted": 0.9840117147809455, "recall_macro": 0.9913793103448276, "recall_weighted": 0.9829059829059829, "accuracy": 0.9829059829059829, "class_scores": {"P0": 1.0, "P1": 0.9642857142857143, "P2": 1.0, "P3": 1.0, "P4": 0.9803921568627451, "P5": 0.9523809523809523, "P6": 1.0, "P7": 1.0}, "skipped_nodes": 1, "memory_allocated_MB": 36.96826171875, "memory_reserved_MB": 84.0, "model_name": "GL_TAGConv_3l_512h_w_k3_gnorm"}