{"f1_macro": 0.8629105531628829, "f1_weighted": 0.9283512812790036, "precision_macro": 0.9153691113799667, "precision_weighted": 0.9331685637207073, "recall_macro": 0.8349080606893107, "recall_weighted": 0.9322289156626506, "accuracy": 0.9322289156626506, "class_scores": {"English": 0.973741794310722, "Germans": 0.8442211055276382, "French": 0.7045454545454546, "Belgium": 0.9291338582677166}, "skipped_nodes": 105, "memory_allocated_MB": 26.45166015625, "memory_reserved_MB": 68.0, "model_name": "GL_SAGEConv_3l_512h"}