{"f1_macro": 0.5049139602977161, "f1_weighted": 0.5798689192833506, "precision_macro": 0.6047557890248152, "precision_weighted": 0.6121671199182377, "recall_macro": 0.5035547088608949, "recall_weighted": 0.61375, "accuracy": 0.61375, "class_scores": {"Ukranians": 0.23841059602649006, "Southern Russians": 0.638095238095238, "Northen Russians": 0.7340590979782271, "Belarusians": 0.4090909090909091}, "skipped_nodes": 83, "memory_allocated_MB": 21.39208984375, "memory_reserved_MB": 100.0, "model_name": "GL_GCNConv_3l_512h_w"}