{"f1_macro": 0.6033197217180882, "f1_weighted": 0.732102836280758, "precision_macro": 0.8728378172974617, "precision_weighted": 0.8356271010297034, "recall_macro": 0.650605557013324, "recall_weighted": 0.8, "accuracy": 0.8, "class_scores": {"Swedes": 0.9125, "Norwegians": 0.8448275862068966, "Danes": 0.05263157894736842}, "skipped_nodes": 0, "memory_allocated_MB": 103.72314453125, "memory_reserved_MB": 200.0, "f1_macro_score_only_mask_connect": 0.2738095238095238, "f1_macro_score_only_not_mask_connect": 0.38888888888888884, "f1_macro_score_mixed_connect": 0.6037204625439919, "only_mask_connect_sum": 12.0, "only_not_mask_connect_sum": 5.0, "mixed_connect_sum": 198.0, "model_name": "GL_GINConv_9l_512h"}