{"f1_macro": 0.5652236374386259, "f1_weighted": 0.6088913777321943, "precision_macro": 0.578273390637043, "precision_weighted": 0.6066713767147899, "recall_macro": 0.5590196505714725, "recall_weighted": 0.6164680390032503, "accuracy": 0.6164680390032503, "class_scores": {"Southern Russians": 0.631578947368421, "Ukranians": 0.42028985507246375, "Northen Russians": 0.7374810318664643, "Belarusians": 0.4715447154471545}, "skipped_nodes": 2, "memory_allocated_MB": 36.6865234375, "memory_reserved_MB": 302.0, "model_name": "GL_TAGConv_3l_512h_nw_k3_gnorm"}