{"f1_macro": 0.26260504201680673, "f1_weighted": 0.06542248801361035, "precision_macro": 0.25872093023255816, "precision_weighted": 0.06227707233556855, "recall_macro": 0.2727272727272727, "recall_weighted": 0.0736196319018405, "accuracy": 0.0736196319018405, "class_scores": {"P0": 1.0, "P1": 0.0, "P2": 0.05042016806722689, "P3": 0.0}, "skipped_nodes": 0, "model_name": "MaxEdgeCountPerClassSize"}