{"f1_macro": 0.6853059706927529, "f1_weighted": 0.7553436687162534, "precision_macro": 0.6784722336690457, "precision_weighted": 0.8968367850604745, "recall_macro": 0.8947847574457016, "recall_weighted": 0.7147239263803681, "accuracy": 0.7147239263803681, "class_scores": {"P0": 0.972972972972973, "P1": 0.7573333333333333, "P2": 0.757396449704142, "P3": 0.2535211267605634}, "skipped_nodes": 0, "model_name": "MaxEdgeCountPerClassSize"}