{"f1_macro": 0.9237921475802768, "f1_weighted": 0.9498091214322623, "precision_macro": 0.9362473516949152, "precision_weighted": 0.95121345266526, "recall_macro": 0.9154980436876843, "recall_weighted": 0.9507523939808481, "accuracy": 0.9507523939808481, "class_scores": {"English": 0.9773950484391819, "Germans": 0.8976377952755905, "French": 0.8970588235294118, "Belgium": 0.9230769230769231}, "skipped_nodes": 38, "memory_allocated_MB": 28.51123046875, "memory_reserved_MB": 350.0, "f1_macro_score_only_mask_connect": -100.0, "f1_macro_score_only_not_mask_connect": -100.0, "f1_macro_score_mixed_connect": -100.0, "only_mask_connect_sum": -100.0, "only_not_mask_connect_sum": -100.0, "mixed_connect_sum": -100.0, "model_name": "GL_GATConv_3l_128h"}