{"f1_macro": 0.6905044275774825, "f1_weighted": 0.7484846897397391, "precision_macro": 0.688135593220339, "precision_weighted": 0.8956223354476448, "recall_macro": 0.8991416309012875, "recall_weighted": 0.7116564417177914, "accuracy": 0.7116564417177914, "class_scores": {"P0": 1.0, "P1": 0.7473118279569892, "P2": 0.75, "P3": 0.2647058823529412}, "skipped_nodes": 0, "model_name": "MaxEdgeCountPerClassSize"}