{"f1_macro": 0.7986743693139042, "f1_weighted": 0.8805151912863053, "precision_macro": 0.7964283523494049, "precision_weighted": 0.9068755959337675, "recall_macro": 0.8574808429118774, "recall_weighted": 0.8771929824561403, "accuracy": 0.8771929824561403, "class_scores": {"Chechens": 0.918918918918919, "Kabardians, Circassians, Adyghes": 0.9090909090909091, "Karachays, Balkars": 0.8717948717948718, "Ingush": 0.9523809523809523, "Dagestan peoples": 0.8372093023255814, "Ossetians": 1.0, "Kumyks": 0.5, "Nogais": 0.4}, "skipped_nodes": 4, "memory_allocated_MB": 52.03955078125, "memory_reserved_MB": 100.0, "model_name": "GL_GCNConv_9l_512h_w"}