{"f1_macro": 0.29096857900377954, "f1_weighted": 0.35558007133346325, "accuracy": 0.5047169811320755, "class_scores": {"Swedes": 0.0, "Norwegians": 0.662379421221865, "Danes": 0.21052631578947367}, "skipped_nodes": 3, "model_name": "GL_GATConv_9l_128h"}