{"f1_macro": 0.8549630789470297, "f1_weighted": 0.9272275011364463, "precision_macro": 0.8995442198262155, "precision_weighted": 0.9305042720392066, "recall_macro": 0.8333132580862534, "recall_weighted": 0.9311377245508982, "accuracy": 0.9311377245508982, "class_scores": {"English": 0.976897689768977, "Germans": 0.8294930875576036, "French": 0.675, "Belgium": 0.9384615384615385}, "skipped_nodes": 101, "memory_allocated_MB": 18.294921875, "memory_reserved_MB": 60.0, "f1_macro_score_only_mask_connect": 0.6763660950273527, "f1_macro_score_only_not_mask_connect": 0.9270955165692008, "f1_macro_score_mixed_connect": 0.9446479482741065, "only_mask_connect_sum": 133.0, "only_not_mask_connect_sum": 74.0, "mixed_connect_sum": 461.0, "model_name": "GL_GINConv_3l_128h"}