{"f1_macro": 0.28769129501606444, "f1_weighted": 0.3880177593362497, "precision_macro": 0.3370138468523003, "precision_weighted": 0.3822848308356783, "recall_macro": 0.3473727800124085, "recall_weighted": 0.47243243243243244, "accuracy": 0.47243243243243244, "class_scores": {"Southern Russians": 0.5120405576679341, "Ukranians": 0.0, "Northen Russians": 0.6099476439790575, "Belarusians": 0.02877697841726619}, "skipped_nodes": 0, "memory_allocated_MB": 347.62646484375, "memory_reserved_MB": 3488.0, "f1_macro_score_only_mask_connect": 0.13157894736842105, "f1_macro_score_only_not_mask_connect": 0.0, "f1_macro_score_mixed_connect": 0.28961485659138264, "only_mask_connect_sum": 16.0, "only_not_mask_connect_sum": 4.0, "mixed_connect_sum": 905.0, "model_name": "GL_GATConv_9l_512h"}