{"f1_macro": 0.6090412982409268, "f1_weighted": 0.7665751567315289, "precision_macro": 0.6374844803048465, "precision_weighted": 0.7765479081268555, "recall_macro": 0.5999932631723354, "recall_weighted": 0.7837837837837838, "accuracy": 0.7837837837837838, "class_scores": {"Chechens": 0.8108108108108109, "Kabardians, Circassians, Adyghes": 0.7605633802816901, "Karachays, Balkars": 0.7142857142857143, "Ingush": 0.8421052631578947, "Dagestan peoples": 0.8695652173913043, "Ossetians": 0.875, "Kumyks": 0.0, "Nogais": 0.0}, "skipped_nodes": 7, "memory_allocated_MB": 41.48046875, "memory_reserved_MB": 92.0, "model_name": "GL_GINConv_3l_512h"}