{"f1_macro": 0.7029717398088309, "f1_weighted": 0.9378634504343903, "precision_macro": 0.7103107344632769, "precision_weighted": 0.9272278257252782, "recall_macro": 0.7013265704252829, "recall_weighted": 0.950920245398773, "accuracy": 0.950920245398773, "class_scores": {"Udmurts,Besermyan": 0.9090909090909091, "Tatars,Volga-Tatars,Mishar-Tatars,Kryashens": 0.9808102345415778, "Chuvash": 0.9219858156028369, "Mari": 0.0}, "skipped_nodes": 0, "memory_allocated_MB": 35.06103515625, "memory_reserved_MB": 114.0, "f1_macro_score_only_mask_connect": NaN, "f1_macro_score_only_not_mask_connect": NaN, "f1_macro_score_mixed_connect": 0.7029717398088309, "only_mask_connect_sum": 0.0, "only_not_mask_connect_sum": 0.0, "mixed_connect_sum": 326.0, "model_name": "GL_SAGEConv_3l_512h_de"}