{"f1_macro": 0.5786436223100268, "f1_weighted": 0.7333141333466898, "precision_macro": 0.7003105590062112, "precision_weighted": 0.803848075962019, "recall_macro": 0.5936791383219955, "recall_weighted": 0.7701149425287356, "accuracy": 0.7701149425287356, "class_scores": {"Chechens": 0.7692307692307693, "Kabardians, Circassians, Adyghes": 0.8780487804878049, "Karachays, Balkars": 0.8, "Ingush": 0.5, "Dagestan peoples": 0.9032258064516129, "Ossetians": 0.2, "Kumyks": 0.0, "Nogais": 0.0}, "skipped_nodes": 31, "memory_allocated_MB": 17.42529296875, "memory_reserved_MB": 42.0, "model_name": "GL_GCNConv_3l_128h_w"}