{"f1_macro": 0.4570221218258296, "f1_weighted": 0.783603747310754, "precision_macro": 0.7001718213058419, "precision_weighted": 0.8299390719541248, "recall_macro": 0.4128787878787879, "recall_weighted": 0.8220858895705522, "accuracy": 0.8220858895705522, "class_scores": {"Udmurts,Besermyan": 0.2857142857142857, "Tatars,Volga-Tatars,Mishar-Tatars,Kryashens": 0.8893129770992366, "Chuvash": 0.6530612244897959, "Mari": 0.0}, "skipped_nodes": 0, "memory_allocated_MB": 21.36328125, "memory_reserved_MB": 386.0, "model_name": "GL_GCNConv_3l_512h_w"}