{"f1_macro": 0.6270476861355061, "f1_weighted": 0.82275929131307, "accuracy": 0.8269230769230769, "class_scores": {"Chechens": 0.8421052631578947, "Kabardians, Circassians, Adyghes": 0.8461538461538461, "Karachays, Balkars": 0.8571428571428571, "Ingush": 0.8181818181818182, "Dagestan peoples": 0.8292682926829268, "Ossetians": 0.8235294117647058, "Kumyks": 0.0, "Nogais": 0.0}, "skipped_nodes": 14, "model_name": "GL_TAGConv_3l_512h_w_k3_gnorm"}