{"f1_macro": 0.9616231513517771, "f1_weighted": 0.9625896942121318, "accuracy": 0.9626168224299065, "class_scores": {"Swedes": 0.9664429530201343, "Norwegians": 0.9619047619047619, "Danes": 0.9565217391304348}, "skipped_nodes": 1, "model_name": "GL_SAGEConv_3l_512h"}