{"f1_macro": 0.5786223115610877, "f1_weighted": 0.6439813024098429, "precision_macro": 0.579874431954078, "precision_weighted": 0.8545841030780494, "recall_macro": 0.8268630511119782, "recall_weighted": 0.598159509202454, "accuracy": 0.598159509202454, "class_scores": {"P0": 0.8372093023255814, "P1": 0.6570605187319885, "P2": 0.6033519553072626, "P3": 0.21686746987951808}, "skipped_nodes": 0, "model_name": "MaxEdgeCountPerClassSize"}