{"f1_macro": 0.5838191434166331, "f1_weighted": 0.647253519361775, "precision_macro": 0.5829891304347826, "precision_weighted": 0.8565157375300081, "recall_macro": 0.8344388086877358, "recall_weighted": 0.6042944785276073, "accuracy": 0.6042944785276073, "class_scores": {"P0": 0.8372093023255814, "P1": 0.6570605187319885, "P2": 0.6187845303867403, "P3": 0.2222222222222222}, "skipped_nodes": 0, "model_name": "MaxEdgeCountPerClassSize"}