{"f1_macro": 0.701027161938782, "f1_weighted": 0.7025576661817705, "precision_macro": 0.7013160044646123, "precision_weighted": 0.7032098540711207, "recall_macro": 0.7012031368477658, "recall_weighted": 0.7023809523809523, "accuracy": 0.7023809523809523, "class_scores": {"P0": 0.6750524109014675, "P1": 0.6336206896551724, "P2": 0.8456659619450317, "P3": 0.6497695852534562}, "skipped_nodes": 0, "memory_allocated_MB": 23.23193359375, "memory_reserved_MB": 100.0, "model_name": "GL_MLP_3l_512h"}