{"f1_macro": 0.21794549698999294, "f1_weighted": 0.3117978487993785, "accuracy": 0.4097222222222222, "class_scores": {"krasnodar": 0.4846938775510204, "yaroslavl": 0.0, "ryazan": 0.5267175572519084, "kaluga": 0.02197802197802198, "vologda": 0.056338028169014086}, "skipped_nodes": 0, "model_name": "GL_SAGEConv_3l_128h"}