{"f1_macro": 0.39308574162607324, "f1_weighted": 0.5602306103344199, "precision_macro": 0.4541238584474886, "precision_weighted": 0.5854220942936381, "recall_macro": 0.3580385399054927, "recall_weighted": 0.5429447852760736, "accuracy": 0.5429447852760736, "class_scores": {"P0": 0.7586206896551724, "P1": 0.6902654867256637, "P2": 0.12345679012345678, "P3": 0.0}, "skipped_nodes": 0, "model_name": "MaxIbdSum"}