{"f1_macro": 0.44991042581647855, "f1_weighted": 0.49586312151118317, "precision_macro": 0.45182317529581684, "precision_weighted": 0.4948458965964055, "recall_macro": 0.46087880360930716, "recall_weighted": 0.5070422535211268, "accuracy": 0.5070422535211268, "class_scores": {"Southern Russians": 0.5024793388429752, "Ukranians": 0.23529411764705882, "Northen Russians": 0.6578947368421053, "Belarusians": 0.40397350993377484}, "skipped_nodes": 2, "memory_allocated_MB": 100.87158203125, "memory_reserved_MB": 862.0, "model_name": "GL_GATConv_3l_512h"}