{"f1_macro": 0.9030533658138022, "f1_weighted": 0.9097290780893011, "accuracy": 0.91, "class_scores": {"Swedes": 0.9103448275862069, "Norwegians": 0.9150943396226415, "Danes": 0.8837209302325582}, "skipped_nodes": 15, "model_name": "GL_GATConv_3l_512h"}