{"f1_macro": 0.7741383874123812, "f1_weighted": 0.8619641796112384, "precision_macro": 0.765798611111111, "precision_weighted": 0.8924674674674673, "recall_macro": 0.8382090336134453, "recall_weighted": 0.8468468468468469, "accuracy": 0.8468468468468469, "class_scores": {"Chechens": 0.8823529411764706, "Kabardians, Circassians, Adyghes": 0.8727272727272727, "Karachays, Balkars": 0.8484848484848485, "Ingush": 0.9473684210526315, "Dagestan peoples": 0.8636363636363636, "Ossetians": 0.9473684210526315, "Kumyks": 0.2857142857142857, "Nogais": 0.5454545454545454}, "skipped_nodes": 7, "memory_allocated_MB": 37.72802734375, "memory_reserved_MB": 90.0, "model_name": "GL_TAGConv_3l_512h_w_k3_gnorm"}