{"f1_macro": 0.31823631229717075, "f1_weighted": 0.4124752408749432, "precision_macro": 0.3719446826758147, "precision_weighted": 0.5905052668132886, "recall_macro": 0.34019378332683053, "recall_weighted": 0.37116564417177916, "accuracy": 0.37116564417177916, "class_scores": {"P0": 0.5294117647058824, "P1": 0.45427728613569324, "P2": 0.2892561983471074, "P3": 0.0}, "skipped_nodes": 0, "model_name": "LongestIbd"}