{"f1_macro": 0.9440749677496975, "f1_weighted": 0.947921357815608, "accuracy": 0.9481132075471698, "class_scores": {"Swedes": 0.961038961038961, "Norwegians": 0.9458128078817734, "Danes": 0.9253731343283582}, "skipped_nodes": 3, "model_name": "GL_TAGConv_9l_128h_w_k3"}