{"f1_macro": 0.8724384891837721, "f1_weighted": 0.8927294684201693, "precision_macro": 0.9350996596985901, "precision_weighted": 0.9084253536125194, "recall_macro": 0.8389441747572816, "recall_weighted": 0.8952380952380953, "accuracy": 0.8952380952380953, "class_scores": {"Swedes": 0.9230769230769231, "Norwegians": 0.9017857142857143, "Danes": 0.7924528301886793}, "skipped_nodes": 5, "memory_allocated_MB": 16.91748046875, "memory_reserved_MB": 44.0, "model_name": "GL_SAGEConv_3l_128h"}