{"f1_macro": 0.678121799925097, "f1_weighted": 0.8030279093307259, "precision_macro": 0.7915081448789811, "precision_weighted": 0.8998082228589186, "recall_macro": 0.7146517964235078, "recall_weighted": 0.7795389048991355, "accuracy": 0.7795389048991355, "class_scores": {"English": 0.9128440366972477, "Germans": 0.5419354838709678, "French": 0.4435483870967742, "Belgium": 0.8141592920353983}, "skipped_nodes": 75, "memory_allocated_MB": 17.06494140625, "memory_reserved_MB": 62.0, "model_name": "GL_MLP_3l_128h"}