{"f1_macro": 0.15133190394943025, "f1_weighted": 0.2062432619648193, "accuracy": 0.3217391304347826, "class_scores": {"krasnodar": 0.14285714285714285, "yaroslavl": 0.07407407407407407, "ryazan": 0.4734576757532281, "kaluga": 0.039603960396039604, "vologda": 0.02666666666666667}, "skipped_nodes": 1, "model_name": "GL_GCNConv_9l_128h_w"}