{"f1_macro": 0.10976870316054621, "f1_weighted": 0.11688373201828288, "accuracy": 0.17881944444444445, "class_scores": {"krasnodar": 0.30201342281879195, "yaroslavl": 0.0, "ryazan": 0.0, "kaluga": 0.02197802197802198, "vologda": 0.22485207100591717}, "skipped_nodes": 0, "model_name": "GL_GATConv_9l_512h"}