{"f1_macro": 0.4747618778436557, "f1_weighted": 0.5201967743993109, "precision_macro": 0.49183194575518396, "precision_weighted": 0.5288095596051299, "recall_macro": 0.4832011328574553, "recall_weighted": 0.5286486486486487, "accuracy": 0.5286486486486487, "class_scores": {"Southern Russians": 0.5093167701863354, "Ukranians": 0.28936170212765955, "Northen Russians": 0.6953846153846154, "Belarusians": 0.40498442367601245}, "skipped_nodes": 0, "memory_allocated_MB": 19.33544921875, "memory_reserved_MB": 94.0, "model_name": "GL_GCNConv_9l_128h_w"}