{"f1_macro": 0.5584798892688486, "f1_weighted": 0.6379376572828909, "precision_macro": 0.562767857142857, "precision_weighted": 0.8535297984224364, "recall_macro": 0.7729494515975203, "recall_weighted": 0.588957055214724, "accuracy": 0.588957055214724, "class_scores": {"P0": 0.8, "P1": 0.6492753623188405, "P2": 0.6179775280898876, "P3": 0.16666666666666666}, "skipped_nodes": 0, "model_name": "MaxIbdSumPerClassSize"}