{"f1_macro": 0.5496973438169844, "f1_weighted": 0.6117721305242573, "precision_macro": 0.5563589571532447, "precision_weighted": 0.6115249653171025, "recall_macro": 0.549826782652213, "recall_weighted": 0.6211453744493393, "accuracy": 0.6211453744493393, "class_scores": {"Northen Russians": 0.7627416520210897, "Ukranians": 0.34523809523809523, "Belarusians": 0.5, "Southern Russians": 0.5908096280087527}, "skipped_nodes": 129, "model_name": "MaxSegmentCount"}