{"f1_macro": 0.8623689763810731, "f1_weighted": 0.9686944129329843, "precision_macro": 0.8430846183118446, "precision_weighted": 0.9726169789260779, "recall_macro": 0.8917934711926128, "recall_weighted": 0.9662576687116564, "accuracy": 0.9662576687116564, "class_scores": {"P0": 0.972972972972973, "P1": 0.9935483870967742, "P2": 0.9375, "P3": 0.5454545454545454}, "skipped_nodes": 0, "memory_allocated_MB": 22.2177734375, "memory_reserved_MB": 52.0, "model_name": "GL_MLP_3l_512h"}