{"f1_macro": 0.6190720423393691, "f1_weighted": 0.6229099779485493, "accuracy": 0.5920245398773006, "class_scores": {"P0": 1.0, "P1": 0.6006006006006006, "P2": 0.6534653465346535, "P3": 0.2222222222222222}, "skipped_nodes": 0, "model_name": "MaxEdgeCountPerClassSize"}