{"f1_macro": 0.9029803940066042, "f1_weighted": 0.9055142936100774, "precision_macro": 0.9034321711741068, "precision_weighted": 0.9149243632497222, "recall_macro": 0.9091011587848419, "recall_weighted": 0.9043062200956937, "accuracy": 0.9043062200956937, "class_scores": {"Swedes": 0.8834355828220859, "Norwegians": 0.9222797927461139, "Danes": 0.9032258064516129}, "skipped_nodes": 6, "memory_allocated_MB": 101.5, "memory_reserved_MB": 158.0, "model_name": "GL_GINConv_9l_512h"}