{"f1_macro": 0.7806794055201699, "f1_weighted": 0.9568298750862935, "precision_macro": 0.9730087687248813, "precision_weighted": 0.9673800968773746, "recall_macro": 0.7664141414141414, "recall_weighted": 0.9662576687116564, "accuracy": 0.9662576687116564, "class_scores": {"Udmurts,Besermyan": 1.0, "Tatars,Volga-Tatars,Mishar-Tatars,Kryashens": 0.9893842887473461, "Chuvash": 0.9333333333333333, "Mari": 0.2}, "skipped_nodes": 0, "memory_allocated_MB": 157.54296875, "memory_reserved_MB": 422.0, "model_name": "GL_TAGConv_9l_512h_w_k3"}