{"f1_macro": 0.491936760810933, "f1_weighted": 0.5581136757301383, "precision_macro": 0.491739160844334, "precision_weighted": 0.5743352245518036, "recall_macro": 0.49845277200549315, "recall_weighted": 0.5472103004291845, "accuracy": 0.5472103004291845, "class_scores": {"Southern Russians": 0.5584415584415584, "Ukranians": 0.26666666666666666, "Northen Russians": 0.6923076923076923, "Belarusians": 0.4503311258278146}, "skipped_nodes": 191, "model_name": "MaxEdgeCountPerClassSize"}