{"f1_macro": 0.6645128446115288, "f1_weighted": 0.9176704222211971, "accuracy": 0.9325153374233128, "class_scores": {"P0": 0.8, "P1": 0.9708333333333333, "P2": 0.8872180451127819, "P3": 0.0}, "skipped_nodes": 0, "model_name": "MaxSegmentCount"}