{"f1_macro": 0.5353533555097479, "f1_weighted": 0.5789018063150642, "accuracy": 0.5245398773006135, "class_scores": {"P0": 0.85, "P1": 0.5749235474006116, "P2": 0.5792349726775956, "P3": 0.13725490196078433}, "skipped_nodes": 0, "model_name": "MaxEdgeCountPerClassSize"}