{"f1_macro": 0.9180318991044215, "f1_weighted": 0.9350843348420997, "accuracy": 0.9348837209302325, "class_scores": {"P0": 0.9395973154362416, "P1": 0.9611650485436893, "P2": 0.8533333333333334}, "skipped_nodes": 0, "model_name": "GL_TAGConv_3l_512h_w_k3_gnorm"}