{"f1_macro": 0.4893399212933228, "f1_weighted": 0.5933341695410269, "accuracy": 0.5460122699386503, "class_scores": {"P0": 0.6037735849056604, "P1": 0.6172106824925816, "P2": 0.56353591160221, "P3": 0.1728395061728395}, "skipped_nodes": 0, "model_name": "MaxEdgeCountPerClassSize"}