{"f1_macro": 0.8929678050848515, "f1_weighted": 0.9616294192123472, "precision_macro": 0.9610984624898108, "precision_weighted": 0.963653061509547, "recall_macro": 0.8566296007283132, "recall_weighted": 0.9631901840490797, "accuracy": 0.9631901840490797, "class_scores": {"P0": 0.9444444444444444, "P1": 0.9808102345415778, "P2": 0.9323308270676691, "P3": 0.7142857142857143}, "skipped_nodes": 0, "memory_allocated_MB": 36.6591796875, "memory_reserved_MB": 190.0, "model_name": "GL_TAGConv_3l_512h_w_k3_gnorm"}