{"f1_macro": 0.6065205242836822, "f1_weighted": 0.7797130511132497, "precision_macro": 0.6121236628709454, "precision_weighted": 0.7933395021940962, "recall_macro": 0.6130413703943116, "recall_weighted": 0.7830188679245284, "accuracy": 0.7830188679245284, "class_scores": {"Chechens": 0.8, "Kabardians, Circassians, Adyghes": 0.8571428571428571, "Karachays, Balkars": 0.8421052631578947, "Ingush": 0.8421052631578947, "Dagestan peoples": 0.8108108108108109, "Ossetians": 0.7, "Kumyks": 0.0, "Nogais": 0.0}, "skipped_nodes": 12, "memory_allocated_MB": 158.70458984375, "memory_reserved_MB": 242.0, "f1_macro_score_only_mask_connect": 0.2792207792207792, "f1_macro_score_only_not_mask_connect": 0.4045954045954046, "f1_macro_score_mixed_connect": 0.6516982323232323, "only_mask_connect_sum": 17.0, "only_not_mask_connect_sum": 19.0, "mixed_connect_sum": 70.0, "model_name": "GL_TAGConv_9l_512h_w_k3"}