{"f1_macro": 0.5164535212463945, "f1_weighted": 0.5674731833889615, "precision_macro": 0.5407770260875663, "precision_weighted": 0.5679900464992655, "recall_macro": 0.5106072307028546, "recall_weighted": 0.5795755968169761, "accuracy": 0.5795755968169761, "class_scores": {"Northen Russians": 0.6411149825783972, "Ukranians": 0.313953488372093, "Belarusians": 0.4791666666666667, "Southern Russians": 0.631578947368421}, "skipped_nodes": 103, "memory_allocated_MB": 36.68359375, "memory_reserved_MB": 198.0, "model_name": "GL_TAGConv_3l_512h_nw_k3_gnorm"}