{"f1_macro": 0.5789835164835164, "f1_weighted": 0.7808424908424908, "precision_macro": 0.6111281207827259, "precision_weighted": 0.8098773279352227, "recall_macro": 0.5836226851851851, "recall_weighted": 0.79, "accuracy": 0.79, "class_scores": {"Chechens": 0.7619047619047619, "Kabardians, Circassians, Adyghes": 0.8461538461538461, "Karachays, Balkars": 0.8571428571428571, "Ingush": 0.6666666666666666, "Dagestan peoples": 0.8333333333333334, "Ossetians": 0.6666666666666666, "Kumyks": 0.0, "Nogais": 0.0}, "skipped_nodes": 18, "memory_allocated_MB": 26.5908203125, "memory_reserved_MB": 48.0, "model_name": "GL_SAGEConv_3l_512h"}