{"f1_macro": 0.909950771970347, "f1_weighted": 0.9182439268378633, "precision_macro": 0.9396396396396396, "precision_weighted": 0.9223809523809523, "recall_macro": 0.8893209184471319, "recall_weighted": 0.919047619047619, "accuracy": 0.919047619047619, "class_scores": {"Swedes": 0.918918918918919, "Norwegians": 0.9295774647887324, "Danes": 0.8813559322033898}, "skipped_nodes": 5, "memory_allocated_MB": 26.755859375, "memory_reserved_MB": 60.0, "f1_macro_score_only_mask_connect": 1.0, "f1_macro_score_only_not_mask_connect": 0.8195937873357227, "f1_macro_score_mixed_connect": 0.8800822790612394, "only_mask_connect_sum": 7.0, "only_not_mask_connect_sum": 29.0, "mixed_connect_sum": 174.0, "model_name": "GL_SAGEConv_3l_512h_de"}