{"f1_macro": 0.42602462775463235, "f1_weighted": 0.5110273712677343, "precision_macro": 0.49697877906435, "precision_weighted": 0.5279751140505299, "recall_macro": 0.4420455806772834, "recall_weighted": 0.5573593073593074, "accuracy": 0.5573593073593074, "class_scores": {"Southern Russians": 0.6069142125480154, "Ukranians": 0.2009132420091324, "Northen Russians": 0.7069219440353461, "Belarusians": 0.1893491124260355}, "skipped_nodes": 1, "memory_allocated_MB": 28.18115234375, "memory_reserved_MB": 90.0, "f1_macro_score_only_mask_connect": 0.44166666666666665, "f1_macro_score_only_not_mask_connect": 0.0, "f1_macro_score_mixed_connect": 0.42574534524368624, "only_mask_connect_sum": 15.0, "only_not_mask_connect_sum": 7.0, "mixed_connect_sum": 902.0, "model_name": "GL_SAGEConv_9l_128h"}