{"f1_macro": 0.5837050804829869, "f1_weighted": 0.6328908729074236, "precision_macro": 0.6011659724910031, "precision_weighted": 0.6314518199335271, "recall_macro": 0.5759626507459565, "recall_weighted": 0.6418400876232202, "accuracy": 0.6418400876232202, "class_scores": {"Ukranians": 0.42424242424242425, "Southern Russians": 0.6587887740029542, "Northen Russians": 0.7727975270479135, "Belarusians": 0.4789915966386555}, "skipped_nodes": 10, "memory_allocated_MB": 36.6865234375, "memory_reserved_MB": 236.0, "model_name": "GL_TAGConv_3l_512h_w_k3_gnorm_gelu"}