{"f1_macro": 0.8814407404461051, "f1_weighted": 0.9259360889309457, "precision_macro": 0.8887557446909181, "precision_weighted": 0.9281589108529253, "recall_macro": 0.8789008843588477, "recall_weighted": 0.9269972451790633, "accuracy": 0.9269972451790633, "class_scores": {"English": 0.9698924731182795, "Germans": 0.847457627118644, "French": 0.8163265306122449, "Belgium": 0.8920863309352518}, "skipped_nodes": 43, "memory_allocated_MB": 98.1826171875, "memory_reserved_MB": 1318.0, "f1_macro_score_only_mask_connect": 0.7992991415486067, "f1_macro_score_only_not_mask_connect": 1.0, "f1_macro_score_mixed_connect": 0.9240417213985028, "only_mask_connect_sum": 191.0, "only_not_mask_connect_sum": 26.0, "mixed_connect_sum": 509.0, "model_name": "GL_GATConv_3l_512h"}