{"f1_macro": 0.49409612363804006, "f1_weighted": 0.5413490712541373, "precision_macro": 0.4924878630141788, "precision_weighted": 0.5496341666762131, "recall_macro": 0.5015219427666918, "recall_weighted": 0.5374301675977654, "accuracy": 0.5374301675977654, "class_scores": {"Ukranians": 0.32752613240418116, "Southern Russians": 0.5582191780821918, "Northen Russians": 0.6775244299674267, "Belarusians": 0.4131147540983607}, "skipped_nodes": 20, "memory_allocated_MB": 37.57177734375, "memory_reserved_MB": 230.0, "model_name": "GL_TAGConv_3l_512h_nw_k3_gnorm_gelu"}