{"f1_macro": 0.9505880084827453, "f1_weighted": 0.9533804995494102, "accuracy": 0.9534883720930233, "class_scores": {"Swedes": 0.9473684210526315, "Norwegians": 0.9615384615384616, "Danes": 0.9428571428571428}, "skipped_nodes": 0, "model_name": "GL_SAGEConv_9l_128h"}