{"f1_macro": 0.8825755367725638, "f1_weighted": 0.8942228213348877, "accuracy": 0.895, "class_scores": {"Swedes": 0.8936170212765957, "Norwegians": 0.9041095890410958, "Danes": 0.85}, "skipped_nodes": 15, "model_name": "GL_SAGEConv_9l_512h"}