{"f1_macro": 0.35266751826453324, "f1_weighted": 0.5186878859633729, "accuracy": 0.6016949152542372, "class_scores": {"P0": 0.72, "P1": 0.6268656716417911, "P2": 0.918918918918919, "P3": 0.0, "P4": 0.5555555555555556, "P5": 0.0, "P6": 0.0, "P7": 0.0}, "skipped_nodes": 0, "model_name": "GL_GATConv_3l_512h"}