{"f1_macro": 0.8855144045420292, "f1_weighted": 0.974886241225583, "precision_macro": 0.8929100474024726, "precision_weighted": 0.9744471660104386, "recall_macro": 0.8791672085663502, "recall_weighted": 0.9754601226993865, "accuracy": 0.9754601226993865, "class_scores": {"Udmurts,Besermyan": 1.0, "Tatars,Volga-Tatars,Mishar-Tatars,Kryashens": 0.9914163090128756, "Chuvash": 0.9624060150375939, "Mari": 0.5882352941176471}, "skipped_nodes": 0, "memory_allocated_MB": 361.97021484375, "memory_reserved_MB": 11822.0, "f1_macro_score_only_mask_connect": NaN, "f1_macro_score_only_not_mask_connect": NaN, "f1_macro_score_mixed_connect": 0.8855144045420292, "only_mask_connect_sum": 0.0, "only_not_mask_connect_sum": 0.0, "mixed_connect_sum": 326.0, "model_name": "GL_GATConv_9l_512h"}