{"f1_macro": 0.9515926849431068, "f1_weighted": 0.9679704556089292, "accuracy": 0.9687074829931973, "class_scores": {"P0": 0.983957219251337, "P1": 0.9482071713147411, "P2": 0.9027777777777778, "P3": 0.9714285714285714}, "skipped_nodes": 27, "model_name": "GL_GCNConv_3l_512h_w"}