{"f1_macro": 0.7555787617191126, "f1_weighted": 0.8445389775278916, "precision_macro": 0.734375, "precision_weighted": 0.9269555214723927, "recall_macro": 0.9345493562231759, "recall_weighted": 0.8128834355828221, "accuracy": 0.8128834355828221, "class_scores": {"P0": 1.0, "P1": 0.8493827160493828, "P2": 0.8571428571428571, "P3": 0.3157894736842105}, "skipped_nodes": 0, "model_name": "MaxIbdSumPerClassSize"}