{"f1_macro": 0.9369334614584283, "f1_weighted": 0.9475827156520241, "precision_macro": 0.9678362573099415, "precision_weighted": 0.9533399225763941, "recall_macro": 0.9155555555555557, "recall_weighted": 0.9483568075117371, "accuracy": 0.9483568075117371, "class_scores": {"Swedes": 0.9726027397260274, "Norwegians": 0.9493087557603687, "Danes": 0.8888888888888888}, "skipped_nodes": 2, "memory_allocated_MB": 17.23583984375, "memory_reserved_MB": 180.0, "model_name": "GL_SAGEConv_3l_128h"}