{"f1_macro": 0.5331923316193516, "f1_weighted": 0.5909568481728351, "precision_macro": 0.5588731488094589, "precision_weighted": 0.5909329953709387, "recall_macro": 0.5308249547691055, "recall_weighted": 0.6063829787234043, "accuracy": 0.6063829787234043, "class_scores": {"Northen Russians": 0.6936619718309859, "Ukranians": 0.26582278481012656, "Belarusians": 0.5353535353535354, "Southern Russians": 0.6379310344827587}, "skipped_nodes": 105, "memory_allocated_MB": 36.68359375, "memory_reserved_MB": 198.0, "model_name": "GL_TAGConv_3l_512h_w_k3_gnorm_gelu"}