{"f1_macro": 0.4274172542028925, "f1_weighted": 0.46370579957153146, "accuracy": 0.4756944444444444, "class_scores": {"krasnodar": 0.5468354430379747, "yaroslavl": 0.3511450381679389, "ryazan": 0.5444444444444444, "kaluga": 0.2875816993464052, "vologda": 0.40707964601769914}, "skipped_nodes": 0, "model_name": "GL_TAGConv_3l_512h_w_k3"}