{"f1_macro": 0.6584895281515023, "f1_weighted": 0.6584895281515024, "precision_macro": 0.6652861475442121, "precision_weighted": 0.6652861475442121, "recall_macro": 0.6677489177489178, "recall_weighted": 0.6677489177489178, "accuracy": 0.6677489177489178, "class_scores": {"P0": 0.6549019607843137, "P1": 0.49740932642487046, "P2": 0.7896825396825397, "P3": 0.6919642857142857}, "skipped_nodes": 0, "model_name": "MaxEdgeCountPerClassSize"}