{"f1_macro": 0.2494073611977542, "f1_weighted": 0.05894163167986405, "precision_macro": 0.254601226993865, "precision_weighted": 0.058940870939817085, "recall_macro": 0.24747474747474746, "recall_weighted": 0.06134969325153374, "accuracy": 0.06134969325153374, "class_scores": {"P0": 0.9714285714285714, "P1": 0.0, "P2": 0.026200873362445413, "P3": 0.0}, "skipped_nodes": 0, "model_name": "MaxEdgeCountPerClassSize"}