{"f1_macro": 0.7326401898338953, "f1_weighted": 0.9528962771072245, "accuracy": 0.9662576687116564, "class_scores": {"Udmurts,Besermyan": 1.0, "Tatars,Volga-Tatars,Mishar-Tatars,Kryashens": 0.9893842887473461, "Chuvash": 0.9411764705882353, "Mari": 0.0}, "skipped_nodes": 0, "model_name": "MaxIbdSum"}