{"f1_macro": 0.2521873027893475, "f1_weighted": 0.27909097283576645, "accuracy": 0.3888888888888889, "class_scores": {"krasnodar": 0.0, "vologda-yaroslavl": 0.5371702637889688, "ryazan": 0.47157894736842104, "kaluga": 0.0}, "skipped_nodes": 0, "model_name": "GL_GINConv_9l_512h"}