{"f1_macro": 0.9534789150957164, "f1_weighted": 0.9703541056302738, "precision_macro": 0.9655730601159646, "precision_weighted": 0.9704681695517473, "recall_macro": 0.9425204026550814, "recall_weighted": 0.9708333333333333, "accuracy": 0.9708333333333333, "class_scores": {"English": 0.9848812095032398, "Germans": 0.9512195121951219, "French": 0.8923076923076924, "Belgium": 0.9855072463768116}, "skipped_nodes": 49, "memory_allocated_MB": 36.6796875, "memory_reserved_MB": 250.0, "model_name": "GL_TAGConv_3l_512h_w_k3_gnorm"}