{"f1_macro": 0.6237668034497755, "f1_weighted": 0.6380519959945385, "precision_macro": 0.682355006437709, "precision_weighted": 0.6755518732421895, "recall_macro": 0.62767199234381, "recall_weighted": 0.6599808978032474, "accuracy": 0.6599808978032474, "class_scores": {"P0": 0.6860759493670886, "P1": 0.4594594594594595, "P2": 0.8157894736842105, "P3": 0.5337423312883436}, "skipped_nodes": 0, "model_name": "MaxSegmentCount"}