{"f1_macro": 0.6977986495060273, "f1_weighted": 0.9281807723682101, "precision_macro": 0.7099702380952381, "precision_weighted": 0.9163809523809524, "recall_macro": 0.6899490595611285, "recall_weighted": 0.9415384615384615, "accuracy": 0.9415384615384615, "class_scores": {"Udmurts,Besermyan": 0.9090909090909091, "Tatars,Volga-Tatars,Mishar-Tatars,Kryashens": 0.9703389830508474, "Chuvash": 0.9117647058823529, "Mari": 0.0}, "skipped_nodes": 1, "model_name": "MaxEdgeCount"}