{"f1_macro": 0.9093931369073684, "f1_weighted": 0.9669595166182524, "precision_macro": 0.9034893597997139, "precision_weighted": 0.9691044899306701, "recall_macro": 0.9249825844653431, "recall_weighted": 0.9661538461538461, "accuracy": 0.9661538461538461, "class_scores": {"Udmurts,Besermyan": 0.9411764705882353, "Tatars,Volga-Tatars,Mishar-Tatars,Kryashens": 0.9806451612903225, "Chuvash": 0.9538461538461539, "Mari": 0.7619047619047619}, "skipped_nodes": 1, "memory_allocated_MB": 36.68359375, "memory_reserved_MB": 264.0, "model_name": "GL_TAGConv_3l_512h_w_k3_gnorm"}