{"f1_macro": 0.48133394834319154, "f1_weighted": 0.5245547157433872, "precision_macro": 0.478811634372841, "precision_weighted": 0.5377021887727137, "recall_macro": 0.4935650173006484, "recall_weighted": 0.5205673758865248, "accuracy": 0.5205673758865248, "class_scores": {"Northen Russians": 0.6428571428571429, "Ukranians": 0.30701754385964913, "Belarusians": 0.46511627906976744, "Southern Russians": 0.5103448275862069}, "skipped_nodes": 105, "memory_allocated_MB": 22.04833984375, "memory_reserved_MB": 80.0, "model_name": "GL_GINConv_9l_128h"}