{"f1_macro": 0.7205765300150367, "f1_weighted": 0.9528664317177599, "precision_macro": 0.7218079879775735, "precision_weighted": 0.9409163908749557, "recall_macro": 0.7222222222222222, "recall_weighted": 0.9662576687116564, "accuracy": 0.9662576687116564, "class_scores": {"Udmurts,Besermyan": 0.9411764705882353, "Tatars,Volga-Tatars,Mishar-Tatars,Kryashens": 0.9914893617021276, "Chuvash": 0.9496402877697842, "Mari": 0.0}, "skipped_nodes": 0, "memory_allocated_MB": 49.09033203125, "memory_reserved_MB": 208.0, "f1_macro_score_only_mask_connect": -100.0, "f1_macro_score_only_not_mask_connect": -100.0, "f1_macro_score_mixed_connect": -100.0, "only_mask_connect_sum": -100.0, "only_not_mask_connect_sum": -100.0, "mixed_connect_sum": -100.0, "model_name": "GL_SAGEConv_3l_128h_de"}