{"f1_macro": 0.5656755071734388, "f1_weighted": 0.643125766157089, "precision_macro": 0.5750861883214825, "precision_weighted": 0.8652559277604388, "recall_macro": 0.7960560541032644, "recall_weighted": 0.5920245398773006, "accuracy": 0.5920245398773006, "class_scores": {"Udmurts,Besermyan": 0.7727272727272727, "Tatars,Volga-Tatars,Mishar-Tatars,Kryashens": 0.641399416909621, "Chuvash": 0.6783625730994152, "Mari": 0.1702127659574468}, "skipped_nodes": 0, "model_name": "MaxIbdSumPerClassSize"}