{"f1_macro": 0.4910681034197657, "f1_weighted": 0.5805299046376275, "precision_macro": 0.5121641778945151, "precision_weighted": 0.8342162727631812, "recall_macro": 0.6973219317639918, "recall_weighted": 0.5245398773006135, "accuracy": 0.5245398773006135, "class_scores": {"P0": 0.6666666666666666, "P1": 0.5903614457831325, "P2": 0.5847953216374269, "P3": 0.12244897959183673}, "skipped_nodes": 0, "model_name": "MaxEdgeCountPerClassSize"}