{"f1_macro": 0.6913542947729098, "f1_weighted": 0.7961286379417718, "accuracy": 0.8372093023255814, "class_scores": {"P0": 0.9146341463414634, "P1": 0.9041095890410958, "P2": 0.2553191489361702}, "skipped_nodes": 0, "model_name": "GL_GINConv_3l_512h"}