{"f1_macro": 0.26428852201257863, "f1_weighted": 0.34931466652040366, "accuracy": 0.413953488372093, "class_scores": {"P0": 0.234375, "P1": 0.5584905660377358, "P2": 0.0}, "skipped_nodes": 0, "model_name": "GL_SAGEConv_3l_512h"}