{"f1_macro": 0.9695842385373775, "f1_weighted": 0.9719103131507993, "accuracy": 0.9719626168224299, "class_scores": {"Swedes": 0.9801324503311258, "Norwegians": 0.970873786407767, "Danes": 0.9577464788732394}, "skipped_nodes": 1, "model_name": "GL_TAGConv_3l_512h_w_k3"}