{"f1_macro": 0.45607353132292533, "f1_weighted": 0.5153150488862317, "precision_macro": 0.4793074938694537, "precision_weighted": 0.5142143066649799, "recall_macro": 0.4581159152999319, "recall_weighted": 0.5362946912242686, "accuracy": 0.5362946912242686, "class_scores": {"Southern Russians": 0.5664739884393064, "Ukranians": 0.25, "Northen Russians": 0.6744868035190615, "Belarusians": 0.3333333333333333}, "skipped_nodes": 2, "memory_allocated_MB": 30.30029296875, "memory_reserved_MB": 102.0, "f1_macro_score_only_mask_connect": 0.37916666666666665, "f1_macro_score_only_not_mask_connect": 0.35043691389599313, "f1_macro_score_mixed_connect": 0.4536882460170105, "only_mask_connect_sum": 14.0, "only_not_mask_connect_sum": 37.0, "mixed_connect_sum": 872.0, "model_name": "GL_SAGEConv_3l_512h"}