{"f1_macro": 0.6105227602189531, "f1_weighted": 0.7579230062693554, "precision_macro": 0.6673458485958486, "precision_weighted": 0.8440573744697455, "recall_macro": 0.6691857298474946, "recall_weighted": 0.7216494845360825, "accuracy": 0.7216494845360825, "class_scores": {"Chechens": 0.7741935483870968, "Kabardians, Circassians, Adyghes": 0.723404255319149, "Karachays, Balkars": 0.8235294117647058, "Ingush": 0.7777777777777778, "Dagestan peoples": 0.9032258064516129, "Ossetians": 0.6153846153846154, "Kumyks": 0.0, "Nogais": 0.26666666666666666}, "skipped_nodes": 21, "memory_allocated_MB": 18.65625, "memory_reserved_MB": 70.0, "model_name": "GL_MLP_9l_128h"}