{"f1_macro": 0.18784114721401704, "f1_weighted": 0.4444886345299687, "accuracy": 0.5851755526657998, "class_scores": {"P0": 0.7390946502057614, "P1": 0.012269938650306749, "P2": 0.0, "P3": 0.0}, "skipped_nodes": 0, "model_name": "GL_TAGConv_3l_512h_w_k3"}