{"f1_macro": 0.8077410679773701, "f1_weighted": 0.9096685765418158, "precision_macro": 0.7946630161160564, "precision_weighted": 0.9245807394156136, "recall_macro": 0.8780346382277712, "recall_weighted": 0.901840490797546, "accuracy": 0.901840490797546, "class_scores": {"Udmurts,Besermyan": 0.9411764705882353, "Tatars,Volga-Tatars,Mishar-Tatars,Kryashens": 0.9455337690631809, "Chuvash": 0.828125, "Mari": 0.5161290322580645}, "skipped_nodes": 0, "memory_allocated_MB": 22.0302734375, "memory_reserved_MB": 48.0, "model_name": "GL_MLP_3l_512h"}