{"f1_macro": 0.39195978812118837, "f1_weighted": 0.4922391067872055, "precision_macro": 0.529017850247675, "precision_weighted": 0.5527686828427889, "recall_macro": 0.42786202507805976, "recall_weighted": 0.56, "accuracy": 0.56, "class_scores": {"Southern Russians": 0.6045454545454545, "Ukranians": 0.06936416184971098, "Northen Russians": 0.7304075235109718, "Belarusians": 0.16352201257861634}, "skipped_nodes": 0, "memory_allocated_MB": 32.66943359375, "memory_reserved_MB": 272.0, "f1_macro_score_only_mask_connect": 0.256578947368421, "f1_macro_score_only_not_mask_connect": 1.0, "f1_macro_score_mixed_connect": 0.39135142575359555, "only_mask_connect_sum": 16.0, "only_not_mask_connect_sum": 1.0, "mixed_connect_sum": 908.0, "model_name": "GL_GCNConv_3l_512h_w"}