{"f1_macro": 0.8783715240482158, "f1_weighted": 0.9184753440715432, "precision_macro": 0.8555555555555556, "precision_weighted": 0.9354805725971371, "recall_macro": 0.9138325313218016, "recall_weighted": 0.9141104294478528, "accuracy": 0.9141104294478528, "class_scores": {"P0": 1.0, "P1": 0.9433106575963719, "P2": 0.8333333333333334, "P3": 0.7368421052631579}, "skipped_nodes": 0, "model_name": "LongestIbd"}