{"f1_macro": 0.911219882768325, "f1_weighted": 0.9273962321213186, "precision_macro": 0.9366471734892787, "precision_weighted": 0.9301848618386407, "recall_macro": 0.8938418715688847, "recall_weighted": 0.9289099526066351, "accuracy": 0.9289099526066351, "class_scores": {"Swedes": 0.9333333333333333, "Norwegians": 0.9478672985781991, "Danes": 0.8524590163934426}, "skipped_nodes": 4, "memory_allocated_MB": 17.4677734375, "memory_reserved_MB": 70.0, "f1_macro_score_only_mask_connect": 0.5, "f1_macro_score_only_not_mask_connect": 0.7722222222222221, "f1_macro_score_mixed_connect": 0.9020156461024896, "only_mask_connect_sum": 8.0, "only_not_mask_connect_sum": 24.0, "mixed_connect_sum": 179.0, "model_name": "GL_SAGEConv_3l_128h"}