{"f1_macro": 0.9636133279971268, "f1_weighted": 0.9798237157880969, "precision_macro": 0.9571474546201943, "precision_weighted": 0.980631127814103, "recall_macro": 0.9713216131694393, "recall_weighted": 0.9796195652173914, "accuracy": 0.9796195652173914, "class_scores": {"P0": 0.9967284623773174, "P1": 0.952755905511811, "P2": 0.9192546583850931, "P3": 0.9857142857142858}, "skipped_nodes": 26, "memory_allocated_MB": 22.9072265625, "memory_reserved_MB": 68.0, "model_name": "GL_MLP_3l_512h"}