{"f1_macro": 0.5543342093617847, "f1_weighted": 0.6441305099005076, "precision_macro": 0.5648874577153266, "precision_weighted": 0.8365886744922247, "recall_macro": 0.737720553171197, "recall_weighted": 0.598159509202454, "accuracy": 0.598159509202454, "class_scores": {"P0": 0.7692307692307693, "P1": 0.6685552407932012, "P2": 0.5851063829787234, "P3": 0.19444444444444445}, "skipped_nodes": 0, "model_name": "MaxIbdSumPerClassSize"}