{"f1_macro": 0.5578886274660926, "f1_weighted": 0.6078615154743174, "precision_macro": 0.5871203068352894, "precision_weighted": 0.6101311802751787, "recall_macro": 0.5473140349947914, "recall_weighted": 0.6195286195286195, "accuracy": 0.6195286195286195, "class_scores": {"Ukranians": 0.4180327868852459, "Southern Russians": 0.6608187134502924, "Northen Russians": 0.7113884555382215, "Belarusians": 0.4413145539906103}, "skipped_nodes": 24, "memory_allocated_MB": 36.6865234375, "memory_reserved_MB": 228.0, "model_name": "GL_TAGConv_3l_512h_w_k3_gnorm"}