{"f1_macro": 0.7414679529570416, "f1_weighted": 0.8698829230571556, "accuracy": 0.8818181818181818, "class_scores": {"Chechens": 0.8780487804878049, "Kabardians, Circassians, Adyghes": 0.9122807017543859, "Karachays, Balkars": 0.8888888888888888, "Ingush": 0.8888888888888888, "Dagestan peoples": 0.8636363636363636, "Ossetians": 1.0, "Kumyks": 0.0, "Nogais": 0.5}, "skipped_nodes": 8, "model_name": "GL_TAGConv_3l_512h_w_k3"}