{"f1_macro": 0.5445009294803148, "f1_weighted": 0.5957629067280859, "precision_macro": 0.5754595607306765, "precision_weighted": 0.6046053053748163, "recall_macro": 0.5368775280988662, "recall_weighted": 0.6052060737527115, "accuracy": 0.6052060737527115, "class_scores": {"Southern Russians": 0.6456043956043956, "Ukranians": 0.4414715719063545, "Northen Russians": 0.715927750410509, "Belarusians": 0.375}, "skipped_nodes": 3, "memory_allocated_MB": 42.52685546875, "memory_reserved_MB": 178.0, "model_name": "GL_GINConv_3l_512h"}