{"f1_macro": 0.4658977058359573, "f1_weighted": 0.5208169362373171, "precision_macro": 0.46936122192991014, "precision_weighted": 0.5240275367957394, "recall_macro": 0.4668704834482668, "recall_weighted": 0.5222101841820151, "accuracy": 0.5222101841820151, "class_scores": {"Southern Russians": 0.566813509544787, "Ukranians": 0.2605633802816901, "Northen Russians": 0.6700167504187605, "Belarusians": 0.36619718309859156}, "skipped_nodes": 2, "memory_allocated_MB": 42.02001953125, "memory_reserved_MB": 118.0, "model_name": "GL_GINConv_3l_512h"}