{"f1_macro": 0.8888527937104151, "f1_weighted": 0.9128781827394509, "precision_macro": 0.9342567155067155, "precision_weighted": 0.9287220454983613, "recall_macro": 0.8699433656957929, "recall_weighted": 0.9138755980861244, "accuracy": 0.9138755980861244, "class_scores": {"Swedes": 0.896969696969697, "Norwegians": 0.9547738693467337, "Danes": 0.8148148148148148}, "skipped_nodes": 6, "memory_allocated_MB": 37.470703125, "memory_reserved_MB": 96.0, "f1_macro_score_only_mask_connect": 1.0, "f1_macro_score_only_not_mask_connect": 0.8881118881118882, "f1_macro_score_mixed_connect": 0.85388252409529, "only_mask_connect_sum": 6.0, "only_not_mask_connect_sum": 25.0, "mixed_connect_sum": 178.0, "model_name": "GL_TAGConv_3l_512h_w_k3"}