{"f1_macro": 0.43018227485156746, "f1_weighted": 0.5103423833746742, "precision_macro": 0.46507073763373175, "precision_weighted": 0.5236857297287971, "recall_macro": 0.45833483572434514, "recall_weighted": 0.5416216216216216, "accuracy": 0.5416216216216216, "class_scores": {"Southern Russians": 0.5868945868945868, "Ukranians": 0.0782122905027933, "Northen Russians": 0.7264296754250387, "Belarusians": 0.32919254658385094}, "skipped_nodes": 0, "memory_allocated_MB": 168.29541015625, "memory_reserved_MB": 572.0, "f1_macro_score_only_mask_connect": 0.25, "f1_macro_score_only_not_mask_connect": 1.0, "f1_macro_score_mixed_connect": 0.42513288180382264, "only_mask_connect_sum": 16.0, "only_not_mask_connect_sum": 2.0, "mixed_connect_sum": 907.0, "model_name": "GL_TAGConv_9l_512h_w_k3"}