{"f1_macro": 0.8421223513328777, "f1_weighted": 0.9462359602710481, "accuracy": 0.9475308641975309, "class_scores": {"Udmurts,Besermyan": 0.9142857142857143, "Tatars,Volga-Tatars,Mishar-Tatars,Kryashens": 0.9736842105263158, "Chuvash": 0.9090909090909091, "Mari": 0.5714285714285714}, "skipped_nodes": 2, "model_name": "GL_TAGConv_3l_512h_w_k3_gnorm"}