{"f1_macro": 0.318425274936842, "f1_weighted": 0.4335815788491649, "precision_macro": 0.5215201465201466, "precision_weighted": 0.5423185823185823, "recall_macro": 0.3846808489398235, "recall_weighted": 0.5254054054054054, "accuracy": 0.5254054054054054, "class_scores": {"Southern Russians": 0.5608342989571263, "Ukranians": 0.012578616352201259, "Northen Russians": 0.7002881844380403, "Belarusians": 0.0}, "skipped_nodes": 0, "memory_allocated_MB": 29.98681640625, "memory_reserved_MB": 116.0, "f1_macro_score_only_mask_connect": 0.25, "f1_macro_score_only_not_mask_connect": 0.0, "f1_macro_score_mixed_connect": 0.3193666347395442, "only_mask_connect_sum": 16.0, "only_not_mask_connect_sum": 1.0, "mixed_connect_sum": 908.0, "model_name": "GL_SAGEConv_9l_128h_de"}