{"f1_macro": 0.7552859465079462, "f1_weighted": 0.8473917577459533, "accuracy": 0.8390977443609022, "class_scores": {"English": 0.9181084198385236, "Germans": 0.6596491228070176, "French": 0.6285714285714286, "Belgium": 0.8148148148148148}, "skipped_nodes": 104, "model_name": "GL_MLP_9l_128h"}