{"f1_macro": 0.7588206060693765, "f1_weighted": 0.8505469057024582, "precision_macro": 0.8427044463544505, "precision_weighted": 0.8941873020356432, "recall_macro": 0.7530588499760298, "recall_weighted": 0.8421052631578947, "accuracy": 0.8421052631578947, "class_scores": {"English": 0.919674039580908, "Germans": 0.6713286713286714, "French": 0.6197183098591549, "Belgium": 0.8245614035087719}, "skipped_nodes": 104, "memory_allocated_MB": 18.8046875, "memory_reserved_MB": 58.0, "model_name": "GL_MLP_9l_128h"}