{"f1_macro": 0.5965476190476191, "f1_weighted": 0.6673142857142857, "precision_macro": 0.6000816993464052, "precision_weighted": 0.8679638009049773, "recall_macro": 0.8354885057471264, "recall_weighted": 0.6153846153846154, "accuracy": 0.6153846153846154, "class_scores": {"Udmurts,Besermyan": 0.8571428571428571, "Tatars,Volga-Tatars,Mishar-Tatars,Kryashens": 0.6742857142857143, "Chuvash": 0.6547619047619048, "Mari": 0.2}, "skipped_nodes": 1, "model_name": "MaxIbdSumPerClassSize"}