{"f1_macro": 0.9170800913009279, "f1_weighted": 0.9229288819675745, "precision_macro": 0.9242336610757663, "precision_weighted": 0.9231394870311875, "recall_macro": 0.9106796116504855, "recall_weighted": 0.9230769230769231, "accuracy": 0.9230769230769231, "class_scores": {"Swedes": 0.9271523178807947, "Norwegians": 0.927536231884058, "Danes": 0.896551724137931}, "skipped_nodes": 7, "memory_allocated_MB": 339.69873046875, "memory_reserved_MB": 690.0, "model_name": "GL_GATConv_9l_512h"}