{"f1_macro": 0.77490939194166, "f1_weighted": 0.8379909239092881, "precision_macro": 0.9296082657200812, "precision_weighted": 0.9004122938530734, "recall_macro": 0.7520867139959432, "recall_weighted": 0.8608695652173913, "accuracy": 0.8608695652173913, "class_scores": {"Chechens": 0.7659574468085106, "Kabardians, Circassians, Adyghes": 0.9180327868852459, "Karachays, Balkars": 0.9411764705882353, "Ingush": 0.18181818181818182, "Dagestan peoples": 0.9795918367346939, "Ossetians": 0.8888888888888888, "Kumyks": 0.6666666666666666, "Nogais": 0.8571428571428571}, "skipped_nodes": 3, "memory_allocated_MB": 16.5498046875, "memory_reserved_MB": 22.0, "model_name": "GL_GCNConv_3l_128h_w"}