{"f1_macro": 0.8504041150192947, "f1_weighted": 0.9677369890484999, "precision_macro": 0.8723380377792143, "precision_weighted": 0.9669705647374495, "recall_macro": 0.8330495133740843, "recall_weighted": 0.9691358024691358, "accuracy": 0.9691358024691358, "class_scores": {"P0": 0.967741935483871, "P1": 0.9935760171306209, "P2": 0.9402985074626866, "P3": 0.5}, "skipped_nodes": 1, "memory_allocated_MB": 0.00048828125, "memory_reserved_MB": 24.0, "f1_macro_score_only_mask_connect": -100.0, "f1_macro_score_only_not_mask_connect": -100.0, "f1_macro_score_mixed_connect": -100.0, "only_mask_connect_sum": -100.0, "only_not_mask_connect_sum": -100.0, "mixed_connect_sum": -100.0, "model_name": "GL_LR"}