{"f1_macro": 0.44939774131390897, "f1_weighted": 0.5637537114145449, "precision_macro": 0.4657139770063379, "precision_weighted": 0.5383243131606147, "recall_macro": 0.46739367123150344, "recall_weighted": 0.6155143338954469, "accuracy": 0.6155143338954469, "class_scores": {"Northen Russians": 0.7225548902195609, "Ukranians": 0.0, "Belarusians": 0.42857142857142855, "Southern Russians": 0.6464646464646465}, "skipped_nodes": 145, "memory_allocated_MB": 36.56591796875, "memory_reserved_MB": 280.0, "model_name": "GL_GATConv_9l_128h"}