{"f1_macro": 0.9381848276195965, "f1_weighted": 0.9481826978483752, "precision_macro": 0.951638349514563, "precision_weighted": 0.9498546511627907, "recall_macro": 0.9285565176827313, "recall_weighted": 0.9488372093023256, "accuracy": 0.9488372093023256, "class_scores": {"Swedes": 0.9548387096774194, "Norwegians": 0.9611650485436893, "Danes": 0.8985507246376812}, "skipped_nodes": 0, "memory_allocated_MB": 20.3544921875, "memory_reserved_MB": 30.0, "model_name": "GL_GATConv_3l_128h"}