{"f1_macro": 0.391471174209408, "f1_weighted": 0.48485542105960683, "precision_macro": 0.48431347437043404, "precision_weighted": 0.5124925852307007, "recall_macro": 0.4205307542668401, "recall_weighted": 0.5448648648648649, "accuracy": 0.5448648648648649, "class_scores": {"Southern Russians": 0.5895522388059702, "Ukranians": 0.12307692307692308, "Northen Russians": 0.7023121387283237, "Belarusians": 0.1509433962264151}, "skipped_nodes": 0, "memory_allocated_MB": 31.05859375, "memory_reserved_MB": 114.0, "f1_macro_score_only_mask_connect": 0.43333333333333335, "f1_macro_score_only_not_mask_connect": 0.0, "f1_macro_score_mixed_connect": 0.38384957521642604, "only_mask_connect_sum": 16.0, "only_not_mask_connect_sum": 1.0, "mixed_connect_sum": 908.0, "model_name": "GL_SAGEConv_9l_128h_de"}