{"f1_macro": 0.3197751188396376, "f1_weighted": 0.4375984126164925, "precision_macro": 0.2809531388956262, "precision_weighted": 0.38440322689898243, "recall_macro": 0.3877905003394162, "recall_weighted": 0.5308108108108108, "accuracy": 0.5308108108108108, "class_scores": {"Southern Russians": 0.5827814569536424, "Ukranians": 0.0, "Northen Russians": 0.696319018404908, "Belarusians": 0.0}, "skipped_nodes": 0, "memory_allocated_MB": 27.2607421875, "memory_reserved_MB": 486.0, "model_name": "GL_GATConv_3l_128h"}