{"f1_macro": 0.9231794096048485, "f1_weighted": 0.9630802745300905, "accuracy": 0.9641509433962264, "class_scores": {"English": 0.9815043156596794, "Germans": 0.8865979381443299, "French": 0.8846153846153846, "Belgium": 0.94}, "skipped_nodes": 239, "model_name": "GL_SAGEConv_9l_128h"}