{"f1_macro": 0.5645023653952226, "f1_weighted": 0.700597440751881, "precision_macro": 0.6620039682539682, "precision_weighted": 0.8345416845416845, "recall_macro": 0.6036928839501818, "recall_weighted": 0.6396396396396397, "accuracy": 0.6396396396396397, "class_scores": {"Chechens": 0.75, "Kabardians, Circassians, Adyghes": 0.6938775510204082, "Karachays, Balkars": 0.8, "Ingush": 0.7, "Dagestan peoples": 0.7567567567567568, "Ossetians": 0.6153846153846154, "Kumyks": 0.0, "Nogais": 0.2}, "skipped_nodes": 7, "memory_allocated_MB": 18.751953125, "memory_reserved_MB": 182.0, "model_name": "GL_MLP_9l_128h"}