{"f1_macro": 0.9590780375921688, "f1_weighted": 0.9671169918967656, "precision_macro": 0.967514374170721, "precision_weighted": 0.9674808430103987, "recall_macro": 0.9518388291203825, "recall_weighted": 0.9674418604651163, "accuracy": 0.9674418604651163, "class_scores": {"Swedes": 0.9668874172185431, "Norwegians": 0.9807692307692307, "Danes": 0.9295774647887324}, "skipped_nodes": 0, "memory_allocated_MB": 23.72900390625, "memory_reserved_MB": 38.0, "model_name": "GL_TAGConv_9l_128h_w_k3"}