{"f1_macro": 0.6909746503496503, "f1_weighted": 0.918768233300442, "precision_macro": 0.7103681680161944, "precision_weighted": 0.9071146705248255, "recall_macro": 0.6758843802835219, "recall_weighted": 0.9325153374233128, "accuracy": 0.9325153374233128, "class_scores": {"Udmurts,Besermyan": 0.9090909090909091, "Tatars,Volga-Tatars,Mishar-Tatars,Kryashens": 0.9625, "Chuvash": 0.8923076923076924, "Mari": 0.0}, "skipped_nodes": 0, "model_name": "MaxEdgeCount"}