{"f1_macro": 0.4333821248714866, "f1_weighted": 0.663087031413005, "precision_macro": 0.496682224025974, "precision_weighted": 0.6858378256963163, "recall_macro": 0.4820616883116883, "recall_weighted": 0.7358490566037735, "accuracy": 0.7358490566037735, "class_scores": {"Chechens": 0.723404255319149, "Kabardians, Circassians, Adyghes": 0.8333333333333334, "Karachays, Balkars": 0.8648648648648649, "Ingush": 0.0, "Dagestan peoples": 0.8636363636363636, "Ossetians": 0.18181818181818182, "Kumyks": 0.0, "Nogais": 0.0}, "skipped_nodes": 12, "memory_allocated_MB": 21.4365234375, "memory_reserved_MB": 50.0, "model_name": "GL_GCNConv_3l_512h_w"}