{"f1_macro": 0.7070858246823912, "f1_weighted": 0.919702092876053, "precision_macro": 0.7676952837140752, "precision_weighted": 0.9190887448719803, "recall_macro": 0.671806379007466, "recall_weighted": 0.9252336448598131, "accuracy": 0.9252336448598131, "class_scores": {"Udmurts,Besermyan": 0.6923076923076923, "Tatars,Volga-Tatars,Mishar-Tatars,Kryashens": 0.9656652360515021, "Chuvash": 0.9037037037037037, "Mari": 0.26666666666666666}, "skipped_nodes": 5, "memory_allocated_MB": 0.00048828125, "memory_reserved_MB": 2.0, "f1_macro_score_only_mask_connect": NaN, "f1_macro_score_only_not_mask_connect": 0.7070858246823912, "f1_macro_score_mixed_connect": NaN, "only_mask_connect_sum": 0.0, "only_not_mask_connect_sum": 321.0, "mixed_connect_sum": 0.0, "model_name": "GL_LR"}