{"f1_macro": 0.71192738791423, "f1_weighted": 0.839222585654343, "precision_macro": 0.6910714285714286, "precision_weighted": 0.8130750605326876, "recall_macro": 0.7456896551724138, "recall_weighted": 0.8813559322033898, "accuracy": 0.8813559322033898, "class_scores": {"P0": 0.75, "P1": 0.9824561403508771, "P2": 1.0, "P3": 0.0, "P4": 0.9629629629629629, "P5": 1.0, "P6": 0.0, "P7": 1.0}, "skipped_nodes": 0, "memory_allocated_MB": 18.51123046875, "memory_reserved_MB": 48.0, "model_name": "GL_GCNConv_9l_128h_w"}