{"f1_macro": 0.3909427523237708, "f1_weighted": 0.4490560735764284, "precision_macro": 0.40360395597741466, "precision_weighted": 0.4546822399348437, "recall_macro": 0.3913704994573513, "recall_weighted": 0.45297297297297295, "accuracy": 0.45297297297297295, "class_scores": {"Southern Russians": 0.35081967213114756, "Ukranians": 0.2992125984251969, "Northen Russians": 0.7387387387387387, "Belarusians": 0.175}, "skipped_nodes": 0, "memory_allocated_MB": 106.13525390625, "memory_reserved_MB": 530.0, "f1_macro_score_only_mask_connect": -100.0, "f1_macro_score_only_not_mask_connect": -100.0, "f1_macro_score_mixed_connect": -100.0, "only_mask_connect_sum": -100.0, "only_not_mask_connect_sum": -100.0, "mixed_connect_sum": -100.0, "model_name": "GL_GINConv_9l_512h"}