{"f1_macro": 0.4700527786950983, "f1_weighted": 0.5541664744661631, "accuracy": 0.49691358024691357, "class_scores": {"Udmurts,Besermyan": 0.68, "Tatars,Volga-Tatars,Mishar-Tatars,Kryashens": 0.5853658536585366, "Chuvash": 0.4659090909090909, "Mari": 0.14893617021276595}, "skipped_nodes": 2, "model_name": "MaxEdgeCountPerClassSize"}