{"f1_macro": 0.9473537477121742, "f1_weighted": 0.9652932273511141, "precision_macro": 0.9561623931623933, "precision_weighted": 0.9655571478749561, "recall_macro": 0.9401008313672621, "recall_weighted": 0.9657534246575342, "accuracy": 0.9657534246575342, "class_scores": {"English": 0.9827586206896551, "Germans": 0.937007874015748, "French": 0.9051094890510949, "Belgium": 0.9645390070921985}, "skipped_nodes": 39, "memory_allocated_MB": 42.31396484375, "memory_reserved_MB": 156.0, "model_name": "GL_GINConv_3l_512h"}