{"f1_macro": 0.6531926980760491, "f1_weighted": 0.7866585169474883, "accuracy": 0.7870370370370371, "class_scores": {"Chechens": 0.8, "Kabardians, Circassians, Adyghes": 0.8571428571428571, "Karachays, Balkars": 0.7391304347826086, "Ingush": 0.75, "Dagestan peoples": 0.8292682926829268, "Ossetians": 0.75, "Kumyks": 0.0, "Nogais": 0.5}, "skipped_nodes": 10, "model_name": "GL_GINConv_3l_512h"}