{"f1_macro": 0.7941409109752763, "f1_weighted": 0.8785537712972817, "precision_macro": 0.83843094968578, "precision_weighted": 0.8909446250692982, "recall_macro": 0.7962667623645538, "recall_weighted": 0.8839160839160839, "accuracy": 0.8839160839160839, "class_scores": {"English": 0.9520697167755992, "Germans": 0.7692307692307693, "French": 0.6, "Belgium": 0.8552631578947368}, "skipped_nodes": 54, "memory_allocated_MB": 102.4453125, "memory_reserved_MB": 324.0, "model_name": "GL_GINConv_9l_512h"}