{"f1_macro": 0.9628992065053446, "f1_weighted": 0.9714766656448688, "precision_macro": 0.9776556776556777, "precision_weighted": 0.9728954766164069, "recall_macro": 0.9517187090002625, "recall_weighted": 0.9720930232558139, "accuracy": 0.9720930232558139, "class_scores": {"Swedes": 0.9803921568627451, "Norwegians": 0.9807692307692307, "Danes": 0.927536231884058}, "skipped_nodes": 0, "memory_allocated_MB": 156.57373046875, "memory_reserved_MB": 292.0, "model_name": "GL_TAGConv_9l_512h_w_k3"}