{"f1_macro": 0.662690402166788, "f1_weighted": 0.666228160493445, "precision_macro": 0.6876252804129086, "precision_weighted": 0.6842199878896484, "recall_macro": 0.6682834526841183, "recall_weighted": 0.6785714285714286, "accuracy": 0.6785714285714286, "class_scores": {"P0": 0.6777408637873754, "P1": 0.4956772334293948, "P2": 0.8053435114503816, "P3": 0.672}, "skipped_nodes": 0, "model_name": "MaxIbdSum"}