{"f1_macro": 0.8596010021113973, "f1_weighted": 0.9257663073795821, "accuracy": 0.9278195488721804, "class_scores": {"English": 0.9727965179542981, "Germans": 0.8187134502923976, "French": 0.7155963302752294, "Belgium": 0.9312977099236641}, "skipped_nodes": 104, "model_name": "GL_SAGEConv_9l_128h"}