{"f1_macro": 0.46169498252271984, "f1_weighted": 0.5460880024337809, "precision_macro": 0.46217533345697903, "precision_weighted": 0.5530860897547232, "recall_macro": 0.4718133859031933, "recall_weighted": 0.5457627118644067, "accuracy": 0.5457627118644067, "class_scores": {"Northen Russians": 0.6808510638297872, "Ukranians": 0.20155038759689922, "Belarusians": 0.3877551020408163, "Southern Russians": 0.5766233766233766}, "skipped_nodes": 148, "memory_allocated_MB": 37.291015625, "memory_reserved_MB": 158.0, "model_name": "GL_TAGConv_3l_512h_w_k3_gnorm_leaky_relu"}