{"f1_macro": 0.49964391065510605, "f1_weighted": 0.5571192001072689, "precision_macro": 0.49987801765763396, "precision_weighted": 0.5579340525575589, "recall_macro": 0.5048200602079913, "recall_weighted": 0.5591766723842195, "accuracy": 0.5591766723842195, "class_scores": {"Northen Russians": 0.6711111111111111, "Ukranians": 0.30985915492957744, "Belarusians": 0.44970414201183434, "Southern Russians": 0.5679012345679012}, "skipped_nodes": 155, "memory_allocated_MB": 100.14990234375, "memory_reserved_MB": 468.0, "model_name": "GL_GATConv_3l_512h"}