{"f1_macro": 0.8433014354066987, "f1_weighted": 0.8952446649250009, "accuracy": 0.8895705521472392, "class_scores": {"Udmurts,Besermyan": 0.9090909090909091, "Tatars,Volga-Tatars,Mishar-Tatars,Kryashens": 0.9272727272727272, "Chuvash": 0.8, "Mari": 0.7368421052631579}, "skipped_nodes": 0, "model_name": "LongestIbd"}