{"f1_macro": 0.4905014118632103, "f1_weighted": 0.5445548243124311, "precision_macro": 0.4933729477783402, "precision_weighted": 0.5427741329715331, "recall_macro": 0.4894510546337911, "recall_weighted": 0.5481081081081081, "accuracy": 0.5481081081081081, "class_scores": {"Southern Russians": 0.5718562874251497, "Ukranians": 0.2945205479452055, "Northen Russians": 0.7092651757188498, "Belarusians": 0.38636363636363635}, "skipped_nodes": 0, "memory_allocated_MB": 17.91748046875, "memory_reserved_MB": 186.0, "model_name": "GL_GCNConv_3l_128h_w"}