{"f1_macro": 0.5763068205631134, "f1_weighted": 0.7810069636021983, "accuracy": 0.7941176470588235, "class_scores": {"Chechens": 0.7894736842105263, "Kabardians, Circassians, Adyghes": 0.84, "Karachays, Balkars": 0.8421052631578947, "Ingush": 0.6956521739130435, "Dagestan peoples": 0.8717948717948718, "Ossetians": 0.5714285714285714, "Kumyks": 0.0, "Nogais": 0.0}, "skipped_nodes": 16, "model_name": "GL_TAGConv_9l_512h_w_k3"}