{"f1_macro": 0.6460841263955835, "f1_weighted": 0.8864206799360066, "precision_macro": 0.6550314636985305, "precision_weighted": 0.8787013863644656, "recall_macro": 0.6455846013785927, "recall_weighted": 0.8978328173374613, "accuracy": 0.8978328173374613, "class_scores": {"P0": 0.8148148148148148, "P1": 0.9419354838709677, "P2": 0.8275862068965517, "P3": 0.0}, "skipped_nodes": 2, "model_name": "MaxIbdSum"}