{"f1_macro": 0.4593395155654462, "f1_weighted": 0.5167597802252071, "precision_macro": 0.5472726175090418, "precision_weighted": 0.5489394098553967, "recall_macro": 0.46392667298813206, "recall_weighted": 0.5535135135135135, "accuracy": 0.5535135135135135, "class_scores": {"Southern Russians": 0.5842985842985843, "Ukranians": 0.14736842105263157, "Northen Russians": 0.6666666666666666, "Belarusians": 0.43902439024390244}, "skipped_nodes": 0, "memory_allocated_MB": 159.283203125, "memory_reserved_MB": 350.0, "model_name": "GL_TAGConv_9l_512h_w_k3"}