{"f1_macro": 0.4741035234896549, "f1_weighted": 0.5181580865922374, "precision_macro": 0.4840187792175474, "precision_weighted": 0.5505158861593099, "recall_macro": 0.48343935304601765, "recall_weighted": 0.5037919826652221, "accuracy": 0.5037919826652221, "class_scores": {"Southern Russians": 0.4927536231884058, "Ukranians": 0.3491271820448878, "Northen Russians": 0.6938775510204082, "Belarusians": 0.36065573770491804}, "skipped_nodes": 2, "memory_allocated_MB": 19.51416015625, "memory_reserved_MB": 258.0, "model_name": "GL_GINConv_3l_128h"}