{"f1_macro": 0.9144338755210614, "f1_weighted": 0.9458452559325327, "precision_macro": 0.930397586480325, "precision_weighted": 0.9468328034340523, "recall_macro": 0.9025920959691902, "recall_weighted": 0.9468531468531468, "accuracy": 0.9468531468531468, "class_scores": {"English": 0.9698924731182795, "Germans": 0.9282700421940928, "French": 0.8387096774193549, "Belgium": 0.920863309352518}, "skipped_nodes": 54, "memory_allocated_MB": 37.05615234375, "memory_reserved_MB": 42.0, "model_name": "GL_GINConv_3l_512h"}