{"f1_macro": 0.9512402830844181, "f1_weighted": 0.9574998669210942, "precision_macro": 0.9618827355392776, "precision_weighted": 0.9582324978328336, "recall_macro": 0.9420989366620435, "recall_weighted": 0.9577464788732394, "accuracy": 0.9577464788732394, "class_scores": {"Swedes": 0.9664429530201343, "Norwegians": 0.9619047619047619, "Danes": 0.9253731343283582}, "skipped_nodes": 2, "memory_allocated_MB": 17.84375, "memory_reserved_MB": 48.0, "model_name": "GL_TAGConv_3l_128h_w_k3"}