{"f1_macro": 0.9032207529216983, "f1_weighted": 0.9142301261025938, "accuracy": 0.915, "class_scores": {"Swedes": 0.9154929577464789, "Norwegians": 0.9223744292237442, "Danes": 0.8717948717948718}, "skipped_nodes": 15, "model_name": "GL_SAGEConv_3l_128h"}