{"f1_macro": 0.6236613995602389, "f1_weighted": 0.6251203860651462, "precision_macro": 0.6259961054179097, "precision_weighted": 0.6272992438027386, "recall_macro": 0.6305493596287928, "recall_weighted": 0.6320346320346321, "accuracy": 0.6320346320346321, "class_scores": {"P0": 0.6086956521739131, "P1": 0.5038167938931297, "P2": 0.7734375, "P3": 0.6086956521739131}, "skipped_nodes": 0, "model_name": "MaxIbdSumPerClassSize"}