{"f1_macro": 0.698789196863298, "f1_weighted": 0.8075309523643899, "precision_macro": 0.6867906683480454, "precision_weighted": 0.8808554916872327, "recall_macro": 0.7575920145662636, "recall_weighted": 0.7883435582822086, "accuracy": 0.7883435582822086, "class_scores": {"P0": 1.0, "P1": 0.8522167487684729, "P2": 0.6702127659574468, "P3": 0.2727272727272727}, "skipped_nodes": 0, "model_name": "LongestIbd"}