{"f1_macro": 0.762158620510351, "f1_weighted": 0.8891754831681358, "precision_macro": 0.7525920974450386, "precision_weighted": 0.8828108672936259, "recall_macro": 0.7729186387198558, "recall_weighted": 0.896551724137931, "accuracy": 0.896551724137931, "class_scores": {"Chechens": 0.9444444444444444, "Kabardians, Circassians, Adyghes": 0.8813559322033898, "Karachays, Balkars": 0.8823529411764706, "Ingush": 0.9523809523809523, "Dagestan peoples": 0.9795918367346939, "Ossetians": 0.8571428571428571, "Kumyks": 0.0, "Nogais": 0.6}, "skipped_nodes": 2, "memory_allocated_MB": 97.39794921875, "memory_reserved_MB": 458.0, "model_name": "GL_GATConv_3l_512h"}