{"f1_macro": 0.5416403851075372, "f1_weighted": 0.5973096033593697, "precision_macro": 0.5610005357771272, "precision_weighted": 0.5966929767174352, "recall_macro": 0.5342141635649553, "recall_weighted": 0.6072684642438453, "accuracy": 0.6072684642438453, "class_scores": {"Ukranians": 0.34579439252336447, "Southern Russians": 0.6556390977443609, "Northen Russians": 0.6950819672131148, "Belarusians": 0.4700460829493088}, "skipped_nodes": 52, "memory_allocated_MB": 36.68603515625, "memory_reserved_MB": 218.0, "model_name": "GL_TAGConv_3l_512h_nw_k3_gnorm_gelu"}