{"f1_macro": 0.5686826780548226, "f1_weighted": 0.6408643432331326, "precision_macro": 0.5648924731182795, "precision_weighted": 0.8518286166633683, "recall_macro": 0.7918888455369142, "recall_weighted": 0.6042944785276073, "accuracy": 0.6042944785276073, "class_scores": {"P0": 0.8, "P1": 0.6492753623188405, "P2": 0.6282722513089005, "P3": 0.19718309859154928}, "skipped_nodes": 0, "model_name": "MaxIbdSumPerClassSize"}