{"f1_macro": 0.6263287564805764, "f1_weighted": 0.6356221354327225, "precision_macro": 0.6254713879304414, "precision_weighted": 0.6392680710704242, "recall_macro": 0.6322819286379525, "recall_weighted": 0.6374458874458875, "accuracy": 0.6374458874458875, "class_scores": {"P0": 0.6274509803921569, "P1": 0.5023474178403756, "P2": 0.8208092485549133, "P3": 0.55470737913486}, "skipped_nodes": 0, "memory_allocated_MB": 39.01025390625, "memory_reserved_MB": 488.0, "model_name": "GL_TAGConv_3l_512h_w_k3_gnorm"}