{"f1_macro": 0.7869570301441354, "f1_weighted": 0.8522568759626279, "precision_macro": 0.8154928095289774, "precision_weighted": 0.8508714848851062, "recall_macro": 0.7772491909385114, "recall_weighted": 0.8644859813084113, "accuracy": 0.8644859813084113, "class_scores": {"P0": 0.954248366013072, "P1": 0.8981481481481481, "P2": 0.5084745762711864}, "skipped_nodes": 1, "memory_allocated_MB": 22.47705078125, "memory_reserved_MB": 62.0, "model_name": "GL_GINConv_9l_128h"}