{"f1_macro": 0.16597732843137253, "f1_weighted": 0.2817758813648159, "precision_macro": 0.3690031572462652, "precision_weighted": 0.3924540255244203, "recall_macro": 0.12163480296527507, "recall_weighted": 0.23006134969325154, "accuracy": 0.23006134969325154, "class_scores": {"P0": 0.2857142857142857, "P1": 0.3697916666666667, "P2": 0.008403361344537815, "P3": 0.0}, "skipped_nodes": 0, "model_name": "MaxIbdSum"}