{"f1_macro": 0.218804347826087, "f1_weighted": 0.2562136569751934, "precision_macro": 0.3574074074074074, "precision_weighted": 0.3622812997046126, "recall_macro": 0.15945398187887458, "recall_weighted": 0.19938650306748465, "accuracy": 0.19938650306748465, "class_scores": {"P0": 0.56, "P1": 0.31521739130434784, "P2": 0.0, "P3": 0.0}, "skipped_nodes": 0, "model_name": "MaxIbdSum"}