{"f1_macro": 0.7236249422793765, "f1_weighted": 0.7982085578544466, "accuracy": 0.8177570093457944, "class_scores": {"Swedes": 0.9102564102564102, "Norwegians": 0.8532110091743119, "Danes": 0.4074074074074074}, "skipped_nodes": 1, "model_name": "GL_GINConv_9l_128h"}