{"f1_macro": 0.3934418722904356, "f1_weighted": 0.4629856795350151, "precision_macro": 0.4009401162429736, "precision_weighted": 0.48432869854576754, "recall_macro": 0.40053635932710785, "recall_weighted": 0.4520743919885551, "accuracy": 0.4520743919885551, "class_scores": {"Northen Russians": 0.6044624746450304, "Ukranians": 0.1945945945945946, "Belarusians": 0.2846441947565543, "Southern Russians": 0.4900662251655629}, "skipped_nodes": 111, "memory_allocated_MB": 37.34423828125, "memory_reserved_MB": 178.0, "model_name": "GL_TAGConv_3l_512h_nw_k3_gnorm_relu"}