{"f1_macro": 0.35330658904586887, "f1_weighted": 0.40216591690320613, "accuracy": 0.4479166666666667, "class_scores": {"krasnodar": 0.5432835820895522, "vologda-yaroslavl": 0.3669724770642202, "ryazan": 0.502970297029703, "kaluga": 0.0}, "skipped_nodes": 0, "model_name": "GL_TAGConv_9l_128h_w_k3"}