{"f1_macro": 0.4668638585543967, "f1_weighted": 0.5427642375876177, "precision_macro": 0.530566681501261, "precision_weighted": 0.5782974857367381, "recall_macro": 0.48528262731385596, "recall_weighted": 0.5643243243243243, "accuracy": 0.5643243243243243, "class_scores": {"Southern Russians": 0.60431654676259, "Ukranians": 0.1702127659574468, "Northen Russians": 0.7535321821036107, "Belarusians": 0.3393939393939394}, "skipped_nodes": 0, "memory_allocated_MB": 172.36865234375, "memory_reserved_MB": 714.0, "f1_macro_score_only_mask_connect": 0.31136363636363634, "f1_macro_score_only_not_mask_connect": 1.0, "f1_macro_score_mixed_connect": 0.46350209940764053, "only_mask_connect_sum": 16.0, "only_not_mask_connect_sum": 1.0, "mixed_connect_sum": 908.0, "model_name": "GL_TAGConv_9l_512h_w_k3"}