{"f1_macro": 0.6376734784823019, "f1_weighted": 0.822044308632544, "precision_macro": 0.6409722222222223, "precision_weighted": 0.8290000000000001, "recall_macro": 0.6618356553147575, "recall_weighted": 0.84, "accuracy": 0.84, "class_scores": {"Chechens": 0.9090909090909091, "Kabardians, Circassians, Adyghes": 0.9166666666666666, "Karachays, Balkars": 0.9142857142857143, "Ingush": 0.8235294117647058, "Dagestan peoples": 0.8235294117647058, "Ossetians": 0.7142857142857143, "Kumyks": 0.0, "Nogais": 0.0}, "skipped_nodes": 18, "memory_allocated_MB": 27.73583984375, "memory_reserved_MB": 60.0, "f1_macro_score_only_mask_connect": 0.4147727272727273, "f1_macro_score_only_not_mask_connect": 0.6817460317460319, "f1_macro_score_mixed_connect": 0.6498532697536492, "only_mask_connect_sum": 11.0, "only_not_mask_connect_sum": 21.0, "mixed_connect_sum": 68.0, "model_name": "GL_SAGEConv_3l_512h_de"}