{"f1_macro": 0.9248736754254927, "f1_weighted": 0.9511144834730749, "accuracy": 0.952112676056338, "class_scores": {"English": 0.9752421959095802, "Germans": 0.9037656903765691, "French": 0.8793103448275862, "Belgium": 0.9411764705882353}, "skipped_nodes": 59, "model_name": "GL_GATConv_3l_128h"}