{"f1_macro": 0.5075529839880127, "f1_weighted": 0.545757593529028, "precision_macro": 0.5071375962010218, "precision_weighted": 0.5523789322181072, "recall_macro": 0.5100204804807515, "recall_weighted": 0.5411255411255411, "accuracy": 0.5411255411255411, "class_scores": {"Southern Russians": 0.5471698113207547, "Ukranians": 0.3586626139817629, "Northen Russians": 0.6822742474916388, "Belarusians": 0.4421052631578947}, "skipped_nodes": 1, "memory_allocated_MB": 98.15576171875, "memory_reserved_MB": 2168.0, "model_name": "GL_GATConv_3l_512h"}