{"f1_macro": 0.966332327802916, "f1_weighted": 0.9716902470630722, "accuracy": 0.971830985915493, "class_scores": {"Swedes": 0.9866666666666667, "Norwegians": 0.9711538461538461, "Danes": 0.9411764705882353}, "skipped_nodes": 2, "model_name": "GL_TAGConv_9l_512h_w_k3"}