{"f1_macro": 0.47545782514805324, "f1_weighted": 0.5554322101303174, "precision_macro": 0.6384251010259815, "precision_weighted": 0.6227198002168735, "recall_macro": 0.492773030396359, "recall_weighted": 0.5971631205673759, "accuracy": 0.5971631205673759, "class_scores": {"Northen Russians": 0.6993243243243243, "Ukranians": 0.07547169811320754, "Belarusians": 0.5113636363636364, "Southern Russians": 0.6156716417910447}, "skipped_nodes": 105, "memory_allocated_MB": 41.4306640625, "memory_reserved_MB": 144.0, "model_name": "GL_GINConv_3l_512h"}