{"f1_macro": 0.5687722960839282, "f1_weighted": 0.6200600297336013, "precision_macro": 0.5838743396353714, "precision_weighted": 0.6185701985036529, "recall_macro": 0.5602227016028802, "recall_weighted": 0.625974025974026, "accuracy": 0.625974025974026, "class_scores": {"Northen Russians": 0.7165217391304348, "Ukranians": 0.43243243243243246, "Belarusians": 0.47342995169082125, "Southern Russians": 0.6527050610820244}, "skipped_nodes": 87, "model_name": "MaxIbdSum"}