{"f1_macro": 0.493827438787048, "f1_weighted": 0.6166437244865546, "accuracy": 0.5740740740740741, "class_scores": {"P0": 0.5957446808510638, "P1": 0.6473988439306358, "P2": 0.5759162303664922, "P3": 0.15625}, "skipped_nodes": 1, "model_name": "MaxIbdSumPerClassSize"}