{"f1_macro": 0.4818529624333282, "f1_weighted": 0.6133120642252076, "precision_macro": 0.4842717212424978, "precision_weighted": 0.8222764246339874, "recall_macro": 0.65186332206182, "recall_weighted": 0.5679012345679012, "accuracy": 0.5679012345679012, "class_scores": {"P0": 0.5957446808510638, "P1": 0.6512968299711815, "P2": 0.5492227979274611, "P3": 0.13114754098360656}, "skipped_nodes": 1, "model_name": "MaxIbdSumPerClassSize"}