{"f1_macro": 0.6643194366020453, "f1_weighted": 0.8043141924238332, "accuracy": 0.8173913043478261, "class_scores": {"Chechens": 0.85, "Kabardians, Circassians, Adyghes": 0.8214285714285714, "Karachays, Balkars": 0.9696969696969697, "Ingush": 0.8, "Dagestan peoples": 0.8444444444444444, "Ossetians": 0.6956521739130435, "Kumyks": 0.0, "Nogais": 0.3333333333333333}, "skipped_nodes": 3, "model_name": "GL_GINConv_3l_128h"}