{"f1_macro": 0.496424009987824, "f1_weighted": 0.5816704115539276, "precision_macro": 0.5316074827673233, "precision_weighted": 0.5789903406742649, "recall_macro": 0.49026774807513507, "recall_weighted": 0.6035502958579881, "accuracy": 0.6035502958579881, "class_scores": {"Northen Russians": 0.7188612099644128, "Ukranians": 0.18181818181818182, "Belarusians": 0.46540880503144655, "Southern Russians": 0.6196078431372549}, "skipped_nodes": 134, "memory_allocated_MB": 86.525390625, "memory_reserved_MB": 278.0, "model_name": "GL_SAGEConv_9l_512h"}