{"f1_macro": 0.4539295195545196, "f1_weighted": 0.6551028601028601, "accuracy": 0.6952380952380952, "class_scores": {"Chechens": 0.7692307692307693, "Kabardians, Circassians, Adyghes": 0.7407407407407407, "Karachays, Balkars": 0.875, "Ingush": 0.5555555555555556, "Dagestan peoples": 0.6909090909090909, "Ossetians": 0.0, "Kumyks": 0.0, "Nogais": 0.0}, "skipped_nodes": 13, "model_name": "GL_MLP_9l_128h"}