{"f1_macro": 0.46488122162629253, "f1_weighted": 0.5129408958557629, "precision_macro": 0.474975644339222, "precision_weighted": 0.5345250903307414, "recall_macro": 0.48509607865968296, "recall_weighted": 0.5149082568807339, "accuracy": 0.5149082568807339, "class_scores": {"Ukranians": 0.28205128205128205, "Southern Russians": 0.5084745762711864, "Northen Russians": 0.6666666666666666, "Belarusians": 0.40233236151603496}, "skipped_nodes": 33, "memory_allocated_MB": 157.484375, "memory_reserved_MB": 504.0, "model_name": "GL_TAGConv_9l_512h_w_k3"}