{"f1_macro": 0.83146283635655, "f1_weighted": 0.9651046483558403, "precision_macro": 0.8222523744911805, "precision_weighted": 0.9673231722036776, "recall_macro": 0.8427407118394243, "recall_weighted": 0.9631901840490797, "accuracy": 0.9631901840490797, "class_scores": {"Udmurts,Besermyan": 1.0, "Tatars,Volga-Tatars,Mishar-Tatars,Kryashens": 0.9935205183585313, "Chuvash": 0.9323308270676691, "Mari": 0.4}, "skipped_nodes": 0, "memory_allocated_MB": 19.09765625, "memory_reserved_MB": 106.0, "model_name": "GL_GINConv_3l_128h"}