{"f1_macro": 0.4863114948519081, "f1_weighted": 0.5424285706467799, "precision_macro": 0.5473219117717484, "precision_weighted": 0.5615998136939996, "recall_macro": 0.4845171469724998, "recall_weighted": 0.5681818181818182, "accuracy": 0.5681818181818182, "class_scores": {"Southern Russians": 0.6035182679296346, "Ukranians": 0.27358490566037735, "Northen Russians": 0.6824925816023739, "Belarusians": 0.38565022421524664}, "skipped_nodes": 1, "memory_allocated_MB": 23.9208984375, "memory_reserved_MB": 68.0, "f1_macro_score_only_mask_connect": 0.5032467532467533, "f1_macro_score_only_not_mask_connect": 0.38888888888888884, "f1_macro_score_mixed_connect": 0.47957078346514453, "only_mask_connect_sum": 15.0, "only_not_mask_connect_sum": 7.0, "mixed_connect_sum": 902.0, "model_name": "GL_SAGEConv_3l_128h_de"}