{"f1_macro": 0.912932841755223, "f1_weighted": 0.9270702564261445, "precision_macro": 0.9461612747464994, "precision_weighted": 0.9316824170518039, "recall_macro": 0.8914651633098236, "recall_weighted": 0.9285714285714286, "accuracy": 0.9285714285714286, "class_scores": {"Swedes": 0.9333333333333333, "Norwegians": 0.9433962264150944, "Danes": 0.8620689655172413}, "skipped_nodes": 5, "memory_allocated_MB": 18.974609375, "memory_reserved_MB": 72.0, "f1_macro_score_only_mask_connect": 1.0, "f1_macro_score_only_not_mask_connect": 0.791812865497076, "f1_macro_score_mixed_connect": 0.8929126974944399, "only_mask_connect_sum": 7.0, "only_not_mask_connect_sum": 29.0, "mixed_connect_sum": 174.0, "model_name": "GL_GCNConv_9l_128h_w"}