{"f1_macro": 0.930892285299856, "f1_weighted": 0.9310734231397958, "accuracy": 0.9310344827586207, "class_scores": {"Chechens": 0.8648648648648649, "Kabardians, Circassians, Adyghes": 0.9655172413793104, "Karachays, Balkars": 0.9714285714285714, "Ingush": 0.9473684210526315, "Dagestan peoples": 0.8979591836734694, "Ossetians": 1.0, "Kumyks": 1.0, "Nogais": 0.8}, "skipped_nodes": 2, "model_name": "GL_TAGConv_3l_512h_nw_k3_gnorm_gelu"}