{"f1_macro": 0.5400501208447245, "f1_weighted": 0.6561545941784198, "accuracy": 0.6172839506172839, "class_scores": {"P0": 0.6666666666666666, "P1": 0.6871508379888268, "P2": 0.6063829787234043, "P3": 0.2}, "skipped_nodes": 1, "model_name": "MaxIbdSumPerClassSize"}