{"f1_macro": 0.7961457236370653, "f1_weighted": 0.8922003605258936, "accuracy": 0.8907185628742516, "class_scores": {"English": 0.9610678531701891, "Germans": 0.7608695652173914, "French": 0.6229508196721312, "Belgium": 0.8396946564885496}, "skipped_nodes": 101, "model_name": "GL_TAGConv_3l_512h_w_k3_gnorm"}