{"f1_macro": 0.5079185297168164, "f1_weighted": 0.7316824333498855, "precision_macro": 0.5603570166136445, "precision_weighted": 0.7271912076282673, "recall_macro": 0.47936446005115535, "recall_weighted": 0.7423312883435583, "accuracy": 0.7423312883435583, "class_scores": {"P0": 0.7586206896551724, "P1": 0.8434237995824635, "P2": 0.42962962962962964, "P3": 0.0}, "skipped_nodes": 0, "model_name": "MaxIbdSum"}