{"f1_macro": 0.3834445965993381, "f1_weighted": 0.34027342287719925, "accuracy": 0.43457943925233644, "class_scores": {"P0": 0.5905511811023622, "P1": 0.125, "P2": 0.43478260869565216}, "skipped_nodes": 1, "model_name": "LongestIbd"}