{"f1_macro": 0.9710049855680923, "f1_weighted": 0.971899469563021, "precision_macro": 0.9668512283501678, "precision_weighted": 0.9721984515763868, "recall_macro": 0.9757497303128372, "recall_weighted": 0.9719626168224299, "accuracy": 0.9719626168224299, "class_scores": {"Swedes": 0.9594594594594594, "Norwegians": 0.9805825242718447, "Danes": 0.972972972972973}, "skipped_nodes": 1, "memory_allocated_MB": 41.3798828125, "memory_reserved_MB": 86.0, "model_name": "GL_GINConv_3l_512h"}