{"f1_macro": 0.5465206171092988, "f1_weighted": 0.5957634903067561, "precision_macro": 0.5522019171451714, "precision_weighted": 0.6099377205671005, "recall_macro": 0.5492367610970402, "recall_weighted": 0.5888888888888889, "accuracy": 0.5888888888888889, "class_scores": {"Ukranians": 0.33793103448275863, "Southern Russians": 0.5912698412698413, "Northen Russians": 0.7377326565143824, "Belarusians": 0.5191489361702127}, "skipped_nodes": 73, "memory_allocated_MB": 51.95947265625, "memory_reserved_MB": 188.0, "model_name": "GL_MLP_9l_512h"}