{"f1_macro": 0.8216765590585517, "f1_weighted": 0.9634310109553761, "accuracy": 0.9692307692307692, "class_scores": {"Udmurts,Besermyan": 1.0, "Tatars,Volga-Tatars,Mishar-Tatars,Kryashens": 0.9934924078091106, "Chuvash": 0.9295774647887324, "Mari": 0.36363636363636365}, "skipped_nodes": 1, "model_name": "MaxSegmentCount"}