{"f1_macro": 0.8780250058986878, "f1_weighted": 0.965391918588336, "precision_macro": 0.9014069264069264, "precision_weighted": 0.9655997335997335, "recall_macro": 0.860403605015674, "recall_weighted": 0.9661538461538461, "accuracy": 0.9661538461538461, "class_scores": {"Udmurts,Besermyan": 0.9714285714285714, "Tatars,Volga-Tatars,Mishar-Tatars,Kryashens": 0.9892008639308856, "Chuvash": 0.9264705882352942, "Mari": 0.625}, "skipped_nodes": 1, "memory_allocated_MB": 0.00048828125, "memory_reserved_MB": 4.0, "f1_macro_score_only_mask_connect": NaN, "f1_macro_score_only_not_mask_connect": 0.8780250058986878, "f1_macro_score_mixed_connect": NaN, "only_mask_connect_sum": 0.0, "only_not_mask_connect_sum": 325.0, "mixed_connect_sum": 0.0, "model_name": "GL_LR"}