{"f1_macro": 0.9161210983871082, "f1_weighted": 0.960766222250387, "accuracy": 0.9621928166351607, "class_scores": {"English": 0.9802955665024631, "Germans": 0.8775510204081632, "French": 0.8571428571428571, "Belgium": 0.9494949494949495}, "skipped_nodes": 240, "model_name": "GL_GATConv_3l_512h"}