{"f1_macro": 0.49480002669134415, "f1_weighted": 0.5586356763261937, "precision_macro": 0.5569515686791793, "precision_weighted": 0.5769292848676238, "recall_macro": 0.49631380210330683, "recall_weighted": 0.5825747724317295, "accuracy": 0.5825747724317295, "class_scores": {"Northen Russians": 0.6842105263157895, "Ukranians": 0.2097902097902098, "Belarusians": 0.4752475247524752, "Southern Russians": 0.6099518459069021}, "skipped_nodes": 88, "memory_allocated_MB": 17.892578125, "memory_reserved_MB": 56.0, "model_name": "GL_GINConv_3l_128h"}