{"f1_macro": 0.7723233404710921, "f1_weighted": 0.9542232573327805, "precision_macro": 0.9663894663894664, "precision_weighted": 0.9662140904472194, "recall_macro": 0.757955087354229, "recall_weighted": 0.9631901840490797, "accuracy": 0.9631901840490797, "class_scores": {"P0": 0.9714285714285714, "P1": 0.9892933618843683, "P2": 0.9285714285714286, "P3": 0.2}, "skipped_nodes": 0, "model_name": "MaxIbdSum"}