{"f1_macro": 0.4635587277499409, "f1_weighted": 0.521154389987173, "precision_macro": 0.519422675722418, "precision_weighted": 0.546970249010725, "recall_macro": 0.45847250937343, "recall_weighted": 0.5405405405405406, "accuracy": 0.5405405405405406, "class_scores": {"Southern Russians": 0.5770171149144254, "Ukranians": 0.2608695652173913, "Northen Russians": 0.6689303904923599, "Belarusians": 0.3474178403755869}, "skipped_nodes": 0, "memory_allocated_MB": 87.63427734375, "memory_reserved_MB": 258.0, "model_name": "GL_SAGEConv_9l_512h"}