{"f1_macro": 0.8752125057630342, "f1_weighted": 0.929689686387906, "precision_macro": 0.9334995484584043, "precision_weighted": 0.9354365130447999, "recall_macro": 0.8434539598332702, "recall_weighted": 0.9343794579172611, "accuracy": 0.9343794579172611, "class_scores": {"English": 0.971307120085016, "Germans": 0.8793103448275862, "French": 0.72, "Belgium": 0.9302325581395349}, "skipped_nodes": 68, "memory_allocated_MB": 20.7158203125, "memory_reserved_MB": 88.0, "model_name": "GL_SAGEConv_9l_128h"}