{"f1_macro": 0.44263587309301855, "f1_weighted": 0.49568677072865813, "precision_macro": 0.4628779872000115, "precision_weighted": 0.5494082002678878, "recall_macro": 0.46075022159882334, "recall_weighted": 0.4755813953488372, "accuracy": 0.4755813953488372, "class_scores": {"Ukranians": 0.254071661237785, "Southern Russians": 0.49800796812749004, "Northen Russians": 0.6472727272727272, "Belarusians": 0.37119113573407203}, "skipped_nodes": 45, "memory_allocated_MB": 102.12744140625, "memory_reserved_MB": 388.0, "model_name": "GL_GINConv_9l_512h"}