{"f1_macro": 0.9303560709117186, "f1_weighted": 0.9651113235094657, "accuracy": 0.9660377358490566, "class_scores": {"English": 0.9815043156596794, "Germans": 0.8979591836734694, "French": 0.9019607843137255, "Belgium": 0.94}, "skipped_nodes": 239, "model_name": "GL_GCNConv_9l_512h_w"}