{"f1_macro": 0.9196978064110021, "f1_weighted": 0.9445731989620594, "precision_macro": 0.9539988613008828, "precision_weighted": 0.9489217509849859, "recall_macro": 0.8957529205908085, "recall_weighted": 0.9463548830811555, "accuracy": 0.9463548830811555, "class_scores": {"English": 0.968421052631579, "Germans": 0.905982905982906, "French": 0.8682170542635659, "Belgium": 0.9361702127659575}, "skipped_nodes": 42, "memory_allocated_MB": 87.572265625, "memory_reserved_MB": 282.0, "model_name": "GL_SAGEConv_9l_512h"}