{"f1_macro": 0.2776543436200391, "f1_weighted": 0.34764336594612716, "precision_macro": 0.4176630434782609, "precision_weighted": 0.5585644677661169, "recall_macro": 0.34506085192697766, "recall_weighted": 0.43103448275862066, "accuracy": 0.43103448275862066, "class_scores": {"Chechens": 0.5625, "Kabardians, Circassians, Adyghes": 0.4489795918367347, "Karachays, Balkars": 0.5614035087719298, "Ingush": 0.14285714285714285, "Dagestan peoples": 0.07692307692307693, "Ossetians": 0.42857142857142855, "Kumyks": 0.0, "Nogais": 0.0}, "skipped_nodes": 2, "memory_allocated_MB": 84.833984375, "memory_reserved_MB": 100.0, "model_name": "GL_GINConv_9l_512h"}