{"f1_macro": 0.3493964874683203, "f1_weighted": 0.46363637303308364, "precision_macro": 0.5342581336970271, "precision_weighted": 0.5350129467109425, "recall_macro": 0.41268455615114047, "recall_weighted": 0.5567685589519651, "accuracy": 0.5567685589519651, "class_scores": {"Ukranians": 0.0, "Southern Russians": 0.600715137067938, "Northen Russians": 0.7249283667621776, "Belarusians": 0.07194244604316546}, "skipped_nodes": 7, "memory_allocated_MB": 16.6328125, "memory_reserved_MB": 100.0, "model_name": "GL_GCNConv_3l_128h_w"}