{"f1_macro": 0.552714787900703, "f1_weighted": 0.6522356509394965, "precision_macro": 0.5581794294294294, "precision_weighted": 0.8530604377383518, "recall_macro": 0.7516094420600858, "recall_weighted": 0.6012269938650306, "accuracy": 0.6012269938650306, "class_scores": {"P0": 0.7441860465116279, "P1": 0.6723646723646723, "P2": 0.6214689265536724, "P3": 0.1728395061728395}, "skipped_nodes": 0, "model_name": "MaxIbdSumPerClassSize"}