{"f1_macro": 0.593663112425303, "f1_weighted": 0.641726901015492, "precision_macro": 0.5939851177728935, "precision_weighted": 0.6476005835697867, "recall_macro": 0.5950657034080487, "recall_weighted": 0.6378378378378379, "accuracy": 0.6378378378378379, "class_scores": {"Southern Russians": 0.6749226006191951, "Ukranians": 0.4892966360856269, "Northen Russians": 0.77, "Belarusians": 0.4404332129963899}, "skipped_nodes": 0, "memory_allocated_MB": 18.8310546875, "memory_reserved_MB": 106.0, "model_name": "GL_SAGEConv_3l_128h"}