{"f1_macro": 0.33098022077850575, "f1_weighted": 0.4558102199029007, "precision_macro": 0.29012966088691117, "precision_weighted": 0.3993603720054097, "recall_macro": 0.39897935455170463, "recall_weighted": 0.5498357064622125, "accuracy": 0.5498357064622125, "class_scores": {"Ukranians": 0.0, "Southern Russians": 0.5891647855530474, "Northen Russians": 0.7347560975609756, "Belarusians": 0.0}, "skipped_nodes": 10, "memory_allocated_MB": 337.5419921875, "memory_reserved_MB": 3212.0, "model_name": "GL_GATConv_9l_512h"}