{"f1_macro": 0.5426950127877237, "f1_weighted": 0.6758765730098169, "precision_macro": 0.5788657407407407, "precision_weighted": 0.694401942926533, "recall_macro": 0.5237294823232324, "recall_weighted": 0.6639344262295082, "accuracy": 0.6639344262295082, "class_scores": {"Udmurts,Besermyan": 0.9, "Tatars,Volga-Tatars,Mishar-Tatars,Kryashens": 0.8012422360248447, "Chuvash": 0.4107142857142857, "Mari": 0.058823529411764705}, "skipped_nodes": 82, "memory_allocated_MB": 36.64453125, "memory_reserved_MB": 182.0, "model_name": "GL_TAGConv_3l_512h_w_k3_gnorm"}