{"f1_macro": 0.05922865013774105, "f1_weighted": 0.16932853352262164, "precision_macro": 0.08269230769230769, "precision_weighted": 0.2364086833411987, "recall_macro": 0.046137339055793994, "recall_weighted": 0.13190184049079753, "accuracy": 0.13190184049079753, "class_scores": {"P0": 0.0, "P1": 0.2369146005509642, "P2": 0.0, "P3": 0.0}, "skipped_nodes": 0, "model_name": "MaxEdgeCount"}