{"f1_macro": 0.8284485751962422, "f1_weighted": 0.9647979878078029, "precision_macro": 0.8331702544031311, "precision_weighted": 0.9648109685087581, "recall_macro": 0.8279685264663806, "recall_weighted": 0.9662576687116564, "accuracy": 0.9662576687116564, "class_scores": {"Udmurts,Besermyan": 1.0, "Tatars,Volga-Tatars,Mishar-Tatars,Kryashens": 0.9891540130151844, "Chuvash": 0.9496402877697842, "Mari": 0.375}, "skipped_nodes": 0, "memory_allocated_MB": 338.77587890625, "memory_reserved_MB": 3586.0, "model_name": "GL_GATConv_9l_512h"}