{"f1_macro": 0.32950997165453916, "f1_weighted": 0.4367703594607398, "precision_macro": 0.7673819890801022, "precision_weighted": 0.6812514400159283, "recall_macro": 0.3858631254505267, "recall_weighted": 0.5211267605633803, "accuracy": 0.5211267605633803, "class_scores": {"Southern Russians": 0.5654692931633836, "Ukranians": 0.049689440993788817, "Northen Russians": 0.673469387755102, "Belarusians": 0.029411764705882353}, "skipped_nodes": 2, "memory_allocated_MB": 23.33984375, "memory_reserved_MB": 94.0, "model_name": "GL_SAGEConv_9l_128h"}