{"f1_macro": 0.351258581235698, "f1_weighted": 0.4806555754839508, "precision_macro": 0.30415999921942083, "precision_weighted": 0.4161526306573532, "recall_macro": 0.42575270534680354, "recall_weighted": 0.5827027027027027, "accuracy": 0.5827027027027027, "class_scores": {"Southern Russians": 0.6155606407322655, "Ukranians": 0.0, "Northen Russians": 0.7894736842105263, "Belarusians": 0.0}, "skipped_nodes": 0, "memory_allocated_MB": 25.55908203125, "memory_reserved_MB": 346.0, "model_name": "GL_GCNConv_3l_512h_w"}