{"f1_macro": 0.5161213601594137, "f1_weighted": 0.5899216851862003, "accuracy": 0.5368098159509203, "class_scores": {"P0": 0.7659574468085106, "P1": 0.5921450151057401, "P2": 0.6, "P3": 0.10638297872340426}, "skipped_nodes": 0, "model_name": "MaxEdgeCountPerClassSize"}