{"f1_macro": 0.11344435193788711, "f1_weighted": 0.126832467448696, "accuracy": 0.17881944444444445, "class_scores": {"krasnodar": 0.2807017543859649, "yaroslavl": 0.20918367346938777, "ryazan": 0.05434782608695652, "kaluga": 0.0, "vologda": 0.022988505747126436}, "skipped_nodes": 0, "model_name": "GL_GATConv_9l_128h"}