{"f1_macro": 0.9484839726827017, "f1_weighted": 0.9647946196863917, "precision_macro": 0.9690234544522035, "precision_weighted": 0.966095905634205, "recall_macro": 0.9316559877513114, "recall_weighted": 0.9655647382920111, "accuracy": 0.9655647382920111, "class_scores": {"English": 0.9785867237687366, "Germans": 0.9516129032258065, "French": 0.8923076923076924, "Belgium": 0.9714285714285714}, "skipped_nodes": 43, "memory_allocated_MB": 26.12939453125, "memory_reserved_MB": 94.0, "f1_macro_score_only_mask_connect": -100.0, "f1_macro_score_only_not_mask_connect": -100.0, "f1_macro_score_mixed_connect": -100.0, "only_mask_connect_sum": -100.0, "only_not_mask_connect_sum": -100.0, "mixed_connect_sum": -100.0, "model_name": "GL_SAGEConv_9l_128h_de"}