{"f1_macro": 0.6167753970940844, "f1_weighted": 0.749345872784669, "precision_macro": 0.6113440438871474, "precision_weighted": 0.7305188912720674, "recall_macro": 0.6416071428571428, "recall_weighted": 0.7894736842105263, "accuracy": 0.7894736842105263, "class_scores": {"Chechens": 0.7391304347826086, "Kabardians, Circassians, Adyghes": 0.8620689655172413, "Karachays, Balkars": 0.918918918918919, "Ingush": 0.0, "Dagestan peoples": 0.8936170212765957, "Ossetians": 0.631578947368421, "Kumyks": 0.0, "Nogais": 0.8888888888888888}, "skipped_nodes": 4, "memory_allocated_MB": 43.49462890625, "memory_reserved_MB": 84.0, "f1_macro_score_only_mask_connect": 0.512012987012987, "f1_macro_score_only_not_mask_connect": 1.0, "f1_macro_score_mixed_connect": 0.5900628544100566, "only_mask_connect_sum": 25.0, "only_not_mask_connect_sum": 4.0, "mixed_connect_sum": 85.0, "model_name": "GL_GINConv_3l_512h"}