{"f1_macro": 0.961231992877431, "f1_weighted": 0.966949685983861, "precision_macro": 0.9683113645377798, "precision_weighted": 0.9672562181198907, "recall_macro": 0.9548589921405455, "recall_weighted": 0.9671361502347418, "accuracy": 0.9671361502347418, "class_scores": {"Swedes": 0.9664429530201343, "Norwegians": 0.9760765550239234, "Danes": 0.9411764705882353}, "skipped_nodes": 2, "memory_allocated_MB": 18.5634765625, "memory_reserved_MB": 48.0, "f1_macro_score_only_mask_connect": 1.0, "f1_macro_score_only_not_mask_connect": 0.5777777777777778, "f1_macro_score_mixed_connect": 0.9599571160546772, "only_mask_connect_sum": 10.0, "only_not_mask_connect_sum": 11.0, "mixed_connect_sum": 192.0, "model_name": "GL_TAGConv_3l_128h_w_k3"}