{"f1_macro": 0.9043950506090238, "f1_weighted": 0.9786517355048325, "precision_macro": 0.9019607843137255, "precision_weighted": 0.9788884879105016, "recall_macro": 0.906944986344128, "recall_weighted": 0.9785276073619632, "accuracy": 0.9785276073619632, "class_scores": {"Udmurts,Besermyan": 1.0, "Tatars,Volga-Tatars,Mishar-Tatars,Kryashens": 0.9956896551724138, "Chuvash": 0.9552238805970149, "Mari": 0.6666666666666666}, "skipped_nodes": 0, "memory_allocated_MB": 127.07666015625, "memory_reserved_MB": 4960.0, "f1_macro_score_only_mask_connect": NaN, "f1_macro_score_only_not_mask_connect": NaN, "f1_macro_score_mixed_connect": 0.9043950506090238, "only_mask_connect_sum": 0.0, "only_not_mask_connect_sum": 0.0, "mixed_connect_sum": 326.0, "model_name": "GL_GATConv_3l_512h"}