{"f1_macro": 0.7664075725836121, "f1_weighted": 0.9251390019428309, "accuracy": 0.9283489096573209, "class_scores": {"P0": 0.8148148148148148, "P1": 0.9635974304068522, "P2": 0.8872180451127819, "P3": 0.4}, "skipped_nodes": 4, "model_name": "GL_TAGConv_3l_512h_w_k3_gnorm"}