{"f1_macro": 0.1046936160762893, "f1_weighted": 0.07360620457448873, "accuracy": 0.10663198959687907, "class_scores": {"P0": 0.06934306569343066, "P1": 0.0, "P2": 0.02702702702702703, "P3": 0.3224043715846995}, "skipped_nodes": 0, "model_name": "MaxIbdSumPerClassSize"}