{"f1_macro": 0.8009149890856173, "f1_weighted": 0.9034065670565185, "precision_macro": 0.8036186086024448, "precision_weighted": 0.9090050744588152, "recall_macro": 0.8102452629417825, "recall_weighted": 0.9025974025974026, "accuracy": 0.9025974025974026, "class_scores": {"English": 0.9631336405529954, "Germans": 0.75, "French": 0.6105263157894737, "Belgium": 0.88}, "skipped_nodes": 153, "memory_allocated_MB": 157.1396484375, "memory_reserved_MB": 302.0, "model_name": "GL_TAGConv_9l_512h_w_k3"}