{"f1_macro": 0.521368073767147, "f1_weighted": 0.5672821484539851, "precision_macro": 0.516328619525127, "precision_weighted": 0.576349425986548, "recall_macro": 0.5324625109928712, "recall_weighted": 0.5631205673758866, "accuracy": 0.5631205673758866, "class_scores": {"Northen Russians": 0.6948176583493282, "Ukranians": 0.35294117647058826, "Belarusians": 0.48826291079812206, "Southern Russians": 0.5494505494505495}, "skipped_nodes": 105, "memory_allocated_MB": 41.86181640625, "memory_reserved_MB": 144.0, "model_name": "GL_GINConv_3l_512h"}