{"f1_macro": 0.8521900223874057, "f1_weighted": 0.9185160643355837, "accuracy": 0.9265129682997119, "class_scores": {"English": 0.9669156883671292, "Germans": 0.8711111111111111, "French": 0.6304347826086957, "Belgium": 0.9402985074626866}, "skipped_nodes": 75, "model_name": "GL_GATConv_9l_128h"}