{"f1_macro": 0.39419033628224276, "f1_weighted": 0.21746376494540393, "precision_macro": 0.5555795280751584, "precision_weighted": 0.8163682174543027, "recall_macro": 0.6461449256513634, "recall_weighted": 0.27300613496932513, "accuracy": 0.27300613496932513, "class_scores": {"P0": 0.9473684210526315, "P1": 0.12096774193548387, "P2": 0.36981132075471695, "P3": 0.13861386138613863}, "skipped_nodes": 0, "model_name": "MaxIbdSumPerClassSize"}