{"f1_macro": 0.579552362531086, "f1_weighted": 0.7298140802426373, "accuracy": 0.7962085308056872, "class_scores": {"Swedes": 0.8961038961038961, "Norwegians": 0.8425531914893617, "Danes": 0.0}, "skipped_nodes": 4, "model_name": "GL_GINConv_9l_128h"}