{"f1_macro": 0.4993517829275865, "f1_weighted": 0.5584929474550124, "precision_macro": 0.5672748552341402, "precision_weighted": 0.575441073483349, "recall_macro": 0.4902953965453965, "recall_weighted": 0.5806878306878307, "accuracy": 0.5806878306878307, "class_scores": {"Northen Russians": 0.676818950930626, "Ukranians": 0.2684563758389262, "Belarusians": 0.449438202247191, "Southern Russians": 0.6026936026936027}, "skipped_nodes": 101, "memory_allocated_MB": 21.390625, "memory_reserved_MB": 94.0, "model_name": "GL_GCNConv_3l_512h_w"}