{"f1_macro": 0.8102538707712431, "f1_weighted": 0.8347081933405787, "precision_macro": 0.8809019419033862, "precision_weighted": 0.854057643292481, "recall_macro": 0.776946160635481, "recall_weighted": 0.8388625592417062, "accuracy": 0.8388625592417062, "class_scores": {"Swedes": 0.8591549295774648, "Norwegians": 0.8546255506607929, "Danes": 0.7169811320754716}, "skipped_nodes": 4, "memory_allocated_MB": 97.52001953125, "memory_reserved_MB": 472.0, "model_name": "GL_GATConv_3l_512h"}