{"f1_macro": 0.6628129039133185, "f1_weighted": 0.8782891811561758, "accuracy": 0.8764044943820225, "class_scores": {"Chechens": 0.8333333333333334, "Kabardians, Circassians, Adyghes": 0.8695652173913043, "Karachays, Balkars": 0.967741935483871, "Ingush": 0.8235294117647058, "Dagestan peoples": 0.9333333333333333, "Ossetians": 0.875, "Kumyks": 0.0, "Nogais": 0.0}, "skipped_nodes": 29, "model_name": "GL_TAGConv_3l_512h_w_k3_gnorm"}