{"f1_macro": 0.7907716655432139, "f1_weighted": 0.8470626059485389, "precision_macro": 0.9121264121264122, "precision_weighted": 0.8837258486791197, "recall_macro": 0.7651851851851852, "recall_weighted": 0.8644859813084113, "accuracy": 0.8644859813084113, "class_scores": {"Swedes": 0.912751677852349, "Norwegians": 0.8995633187772926, "Danes": 0.56}, "skipped_nodes": 1, "memory_allocated_MB": 21.64111328125, "memory_reserved_MB": 94.0, "model_name": "GL_GINConv_9l_128h"}