{"f1_macro": 0.8541721698002618, "f1_weighted": 0.9210545541896751, "accuracy": 0.9171779141104295, "class_scores": {"Udmurts,Besermyan": 1.0, "Tatars,Volga-Tatars,Mishar-Tatars,Kryashens": 0.9506726457399103, "Chuvash": 0.8344370860927153, "Mari": 0.631578947368421}, "skipped_nodes": 0, "model_name": "LongestIbd"}