{"f1_macro": 0.08005249343832022, "f1_weighted": 0.2288617297070995, "precision_macro": 0.10304054054054054, "precision_weighted": 0.29458215884596256, "recall_macro": 0.06545064377682404, "recall_weighted": 0.18711656441717794, "accuracy": 0.18711656441717792, "class_scores": {"P0": 0.0, "P1": 0.32020997375328086, "P2": 0.0, "P3": 0.0}, "skipped_nodes": 0, "model_name": "MaxSegmentCount"}