{"f1_macro": 0.33212787860489074, "f1_weighted": 0.39940007687225604, "accuracy": 0.453125, "class_scores": {"krasnodar": 0.5799457994579946, "yaroslavl": 0.16470588235294117, "ryazan": 0.508, "kaluga": 0.17142857142857143, "vologda": 0.23655913978494625}, "skipped_nodes": 0, "model_name": "GL_TAGConv_9l_512h_w_k3"}