{"f1_macro": 0.766185209488299, "f1_weighted": 0.8691149494842478, "precision_macro": 0.7455301714059968, "precision_weighted": 0.8938618786836808, "recall_macro": 0.8121938266788052, "recall_weighted": 0.8619631901840491, "accuracy": 0.8619631901840491, "class_scores": {"P0": 0.8235294117647058, "P1": 0.908256880733945, "P2": 0.7875, "P3": 0.5454545454545454}, "skipped_nodes": 0, "model_name": "LongestIbd"}