{"f1_macro": 0.2838297481154624, "f1_weighted": 0.41717773542384573, "precision_macro": 0.2637721417069243, "precision_weighted": 0.3930036192025, "recall_macro": 0.32010771413828687, "recall_weighted": 0.45544554455445546, "accuracy": 0.45544554455445546, "class_scores": {"Chechens": 0.0, "Kabardians, Circassians, Adyghes": 0.5306122448979592, "Karachays, Balkars": 0.8571428571428571, "Ingush": 0.21621621621621623, "Dagestan peoples": 0.6666666666666666, "Ossetians": 0.0, "Kumyks": 0.0, "Nogais": 0.0}, "skipped_nodes": 17, "memory_allocated_MB": 22.2333984375, "memory_reserved_MB": 78.0, "f1_macro_score_only_mask_connect": 0.26936026936026936, "f1_macro_score_only_not_mask_connect": 0.29831932773109243, "f1_macro_score_mixed_connect": 0.2783295136236313, "only_mask_connect_sum": 12.0, "only_not_mask_connect_sum": 20.0, "mixed_connect_sum": 69.0, "model_name": "GL_GINConv_9l_128h"}