{"f1_macro": 0.8313916246807685, "f1_weighted": 0.9164685462775639, "precision_macro": 0.9067779833479995, "precision_weighted": 0.9264670016299839, "recall_macro": 0.8063091300582049, "recall_weighted": 0.9235294117647059, "accuracy": 0.9235294117647059, "class_scores": {"English": 0.9750812567713976, "Germans": 0.8251121076233184, "French": 0.6, "Belgium": 0.9253731343283582}, "skipped_nodes": 89, "memory_allocated_MB": 86.71142578125, "memory_reserved_MB": 218.0, "f1_macro_score_only_mask_connect": 0.6328161332600516, "f1_macro_score_only_not_mask_connect": 0.900218716552655, "f1_macro_score_mixed_connect": 0.9612205250913379, "only_mask_connect_sum": 145.0, "only_not_mask_connect_sum": 74.0, "mixed_connect_sum": 461.0, "model_name": "GL_SAGEConv_9l_512h_de"}