{"f1_macro": 0.9652841511956639, "f1_weighted": 0.9780757214987689, "precision_macro": 0.9726501315562637, "precision_weighted": 0.9785683753520287, "recall_macro": 0.9595320291522823, "recall_weighted": 0.9783783783783784, "accuracy": 0.9783783783783784, "class_scores": {"P0": 0.9913793103448276, "P1": 0.9575289575289575, "P2": 0.9403973509933775, "P3": 0.971830985915493}, "skipped_nodes": 22, "memory_allocated_MB": 96.81591796875, "memory_reserved_MB": 1206.0, "model_name": "GL_GATConv_3l_512h"}