{"f1_macro": 0.2934840314717851, "f1_weighted": 0.39010124408932756, "precision_macro": 0.2718654779565125, "precision_weighted": 0.35786928048358646, "recall_macro": 0.3293684862037296, "recall_weighted": 0.4410810810810811, "accuracy": 0.4410810810810811, "class_scores": {"Southern Russians": 0.5315203955500618, "Ukranians": 0.06741573033707865, "Northen Russians": 0.575, "Belarusians": 0.0}, "skipped_nodes": 0, "memory_allocated_MB": 32.65478515625, "memory_reserved_MB": 190.0, "f1_macro_score_only_mask_connect": 0.256578947368421, "f1_macro_score_only_not_mask_connect": 0.0, "f1_macro_score_mixed_connect": 0.294548853472239, "only_mask_connect_sum": 16.0, "only_not_mask_connect_sum": 2.0, "mixed_connect_sum": 907.0, "model_name": "GL_GINConv_9l_128h"}