{"f1_macro": 0.46327164278560556, "f1_weighted": 0.6384515900796002, "accuracy": 0.6775032509752926, "class_scores": {"P0": 0.7872954764196343, "P1": 0.6236559139784946, "P2": 0.2446043165467626, "P3": 0.19753086419753085}, "skipped_nodes": 0, "model_name": "GL_SAGEConv_3l_512h"}