{"f1_macro": 0.8864033119155506, "f1_weighted": 0.9427291392665422, "precision_macro": 0.9467747468753477, "precision_weighted": 0.9467957822727203, "recall_macro": 0.8496808746808747, "recall_weighted": 0.9451612903225807, "accuracy": 0.9451612903225807, "class_scores": {"English": 0.9721293199554069, "Germans": 0.8607594936708861, "French": 0.7619047619047619, "Belgium": 0.9508196721311475}, "skipped_nodes": 149, "memory_allocated_MB": 17.60205078125, "memory_reserved_MB": 48.0, "model_name": "GL_TAGConv_3l_128h_w_k3"}