{"f1_macro": 0.8548566017316017, "f1_weighted": 0.9106573742349605, "precision_macro": 0.8358488733488734, "precision_weighted": 0.9237876108565763, "recall_macro": 0.9084612350687402, "recall_weighted": 0.9051724137931034, "accuracy": 0.9051724137931034, "class_scores": {"Chechens": 0.9714285714285714, "Kabardians, Circassians, Adyghes": 0.9090909090909091, "Karachays, Balkars": 0.9142857142857143, "Ingush": 0.8571428571428571, "Dagestan peoples": 0.9583333333333334, "Ossetians": 0.8571428571428571, "Kumyks": 0.5714285714285714, "Nogais": 0.8}, "skipped_nodes": 2, "memory_allocated_MB": 21.12548828125, "memory_reserved_MB": 54.0, "model_name": "GL_SAGEConv_9l_128h"}