{"f1_macro": 0.7766602192134107, "f1_weighted": 0.9578324690581577, "precision_macro": 0.8490414602825169, "precision_weighted": 0.9565287733550325, "recall_macro": 0.7664141414141414, "recall_weighted": 0.9662576687116564, "accuracy": 0.9662576687116564, "class_scores": {"P0": 1.0, "P1": 0.9914893617021276, "P2": 0.9333333333333333, "P3": 0.18181818181818182}, "skipped_nodes": 0, "memory_allocated_MB": 0.00048828125, "memory_reserved_MB": 24.0, "f1_macro_score_only_mask_connect": -100.0, "f1_macro_score_only_not_mask_connect": -100.0, "f1_macro_score_mixed_connect": -100.0, "only_mask_connect_sum": -100.0, "only_not_mask_connect_sum": -100.0, "mixed_connect_sum": -100.0, "model_name": "GL_LR"}