{"f1_macro": 0.6820044941967138, "f1_weighted": 0.7513852307193408, "accuracy": 0.7116564417177914, "class_scores": {"P0": 0.972972972972973, "P1": 0.7573333333333333, "P2": 0.7368421052631579, "P3": 0.2608695652173913}, "skipped_nodes": 0, "model_name": "MaxIbdSumPerClassSize"}