{"f1_macro": 0.9547289291574902, "f1_weighted": 0.9717529383338013, "accuracy": 0.9722607489597781, "class_scores": {"English": 0.9870967741935484, "Germans": 0.9477911646586346, "French": 0.90625, "Belgium": 0.9777777777777777}, "skipped_nodes": 48, "model_name": "GL_TAGConv_3l_512h_nw_k3_gnorm_gelu"}