{"f1_macro": 0.8830858508277863, "f1_weighted": 0.8893249742146175, "accuracy": 0.8899521531100478, "class_scores": {"Swedes": 0.9032258064516129, "Norwegians": 0.8888888888888888, "Danes": 0.8571428571428571}, "skipped_nodes": 6, "model_name": "GL_GATConv_9l_128h"}