{"f1_macro": 0.8588849697825467, "f1_weighted": 0.9008917061339079, "accuracy": 0.9009009009009009, "class_scores": {"Chechens": 0.8780487804878049, "Kabardians, Circassians, Adyghes": 0.9056603773584906, "Karachays, Balkars": 1.0, "Ingush": 1.0, "Dagestan peoples": 0.9047619047619048, "Ossetians": 0.782608695652174, "Kumyks": 1.0, "Nogais": 0.4}, "skipped_nodes": 7, "model_name": "GL_TAGConv_9l_512h_w_k3"}