{"f1_macro": 0.7868747400366645, "f1_weighted": 0.9661881277810347, "precision_macro": 0.9749590211918979, "precision_weighted": 0.9775322281625333, "recall_macro": 0.7777777777777778, "recall_weighted": 0.9754601226993865, "accuracy": 0.9754601226993865, "class_scores": {"P0": 1.0, "P1": 0.9978586723768736, "P2": 0.9496402877697842, "P3": 0.2}, "skipped_nodes": 0, "model_name": "MaxIbdSum"}