{"f1_macro": 0.8430337258283326, "f1_weighted": 0.9255427509580048, "precision_macro": 0.8541649383416571, "precision_weighted": 0.931655068456769, "recall_macro": 0.847549833679491, "recall_weighted": 0.9254457050243112, "accuracy": 0.9254457050243112, "class_scores": {"English": 0.9729119638826185, "Germans": 0.7832167832167832, "French": 0.6956521739130435, "Belgium": 0.9203539823008849}, "skipped_nodes": 152, "memory_allocated_MB": 18.0576171875, "memory_reserved_MB": 44.0, "model_name": "GL_GINConv_3l_128h"}