{"f1_macro": 0.47670355665333136, "f1_weighted": 0.538944590673105, "precision_macro": 0.4810556484315349, "precision_weighted": 0.5384486752647207, "recall_macro": 0.47534845311478324, "recall_weighted": 0.5430016863406408, "accuracy": 0.5430016863406408, "class_scores": {"Northen Russians": 0.6789366053169734, "Ukranians": 0.2893081761006289, "Belarusians": 0.4172661870503597, "Southern Russians": 0.5213032581453634}, "skipped_nodes": 145, "memory_allocated_MB": 16.943359375, "memory_reserved_MB": 34.0, "model_name": "GL_GCNConv_3l_128h_w"}