{"f1_macro": 0.5027757958208282, "f1_weighted": 0.5868397910329753, "precision_macro": 0.5336755906301334, "precision_weighted": 0.5841796217036199, "recall_macro": 0.5045344287949921, "recall_weighted": 0.6085470085470085, "accuracy": 0.6085470085470085, "class_scores": {"Northen Russians": 0.7295597484276729, "Ukranians": 0.18, "Belarusians": 0.4892086330935252, "Southern Russians": 0.6123348017621145}, "skipped_nodes": 153, "memory_allocated_MB": 20.72119140625, "memory_reserved_MB": 58.0, "model_name": "GL_SAGEConv_9l_128h"}