{"f1_macro": 0.9339742412307505, "f1_weighted": 0.958795453521786, "accuracy": 0.9597780859916782, "class_scores": {"English": 0.9807692307692307, "Germans": 0.9262295081967213, "French": 0.873015873015873, "Belgium": 0.9558823529411765}, "skipped_nodes": 48, "model_name": "GL_TAGConv_9l_128h_w_k3"}