{"f1_macro": 0.6416579357403825, "f1_weighted": 0.7905185901568881, "precision_macro": 0.7318935926773456, "precision_weighted": 0.8322883295194508, "recall_macro": 0.6378773219814242, "recall_weighted": 0.8, "accuracy": 0.8, "class_scores": {"Chechens": 0.75, "Kabardians, Circassians, Adyghes": 0.8936170212765957, "Karachays, Balkars": 0.8888888888888888, "Ingush": 0.7272727272727273, "Dagestan peoples": 0.8484848484848485, "Ossetians": 0.625, "Kumyks": 0.0, "Nogais": 0.4}, "skipped_nodes": 18, "memory_allocated_MB": 17.64306640625, "memory_reserved_MB": 70.0, "f1_macro_score_only_mask_connect": 0.4147727272727273, "f1_macro_score_only_not_mask_connect": 0.5128205128205129, "f1_macro_score_mixed_connect": 0.6168010752688172, "only_mask_connect_sum": 11.0, "only_not_mask_connect_sum": 21.0, "mixed_connect_sum": 68.0, "model_name": "GL_SAGEConv_3l_128h"}