{"f1_macro": 0.4809733761940823, "f1_weighted": 0.5760560315656821, "precision_macro": 0.5332339283316637, "precision_weighted": 0.5772074781540119, "recall_macro": 0.4798931690570315, "recall_weighted": 0.606508875739645, "accuracy": 0.606508875739645, "class_scores": {"Northen Russians": 0.7253521126760564, "Ukranians": 0.1509433962264151, "Belarusians": 0.4230769230769231, "Southern Russians": 0.6245210727969349}, "skipped_nodes": 134, "memory_allocated_MB": 20.724609375, "memory_reserved_MB": 58.0, "model_name": "GL_SAGEConv_9l_128h"}