{"f1_macro": 0.4109518960941035, "f1_weighted": 0.49827771806891363, "precision_macro": 0.49925422999951186, "precision_weighted": 0.5231811995143871, "recall_macro": 0.4267487468671679, "recall_weighted": 0.5452436194895591, "accuracy": 0.5452436194895591, "class_scores": {"Ukranians": 0.12987012987012986, "Southern Russians": 0.573049645390071, "Northen Russians": 0.6881405563689604, "Belarusians": 0.25274725274725274}, "skipped_nodes": 43, "memory_allocated_MB": 18.52197265625, "memory_reserved_MB": 78.0, "model_name": "GL_GCNConv_9l_128h_w"}