{"f1_macro": 0.4100200942885849, "f1_weighted": 0.8127170104933151, "precision_macro": 0.3838073691014867, "precision_weighted": 0.8045395600429884, "recall_macro": 0.45581349980491614, "recall_weighted": 0.8374233128834356, "accuracy": 0.8374233128834356, "class_scores": {"Udmurts,Besermyan": 0.0, "Tatars,Volga-Tatars,Mishar-Tatars,Kryashens": 0.9383259911894273, "Chuvash": 0.7017543859649122, "Mari": 0.0}, "skipped_nodes": 0, "memory_allocated_MB": 96.7958984375, "memory_reserved_MB": 7326.0, "model_name": "GL_GATConv_3l_512h"}