{"f1_macro": 0.5412149838522125, "f1_weighted": 0.5938740084294932, "accuracy": 0.5398773006134969, "class_scores": {"P0": 0.8372093023255814, "P1": 0.5921450151057401, "P2": 0.5955056179775281, "P3": 0.14}, "skipped_nodes": 0, "model_name": "MaxEdgeCountPerClassSize"}