{"f1_macro": 0.8482566815900149, "f1_weighted": 0.8804112986355979, "precision_macro": 0.9187151753523435, "precision_weighted": 0.8971686929672207, "recall_macro": 0.8223372887450558, "recall_weighted": 0.8878504672897196, "accuracy": 0.8878504672897196, "class_scores": {"Swedes": 0.9230769230769231, "Norwegians": 0.9074074074074074, "Danes": 0.7142857142857143}, "skipped_nodes": 1, "memory_allocated_MB": 18.75732421875, "memory_reserved_MB": 50.0, "f1_macro_score_only_mask_connect": 0.7857142857142857, "f1_macro_score_only_not_mask_connect": 0.6833333333333332, "f1_macro_score_mixed_connect": 0.8262108262108262, "only_mask_connect_sum": 11.0, "only_not_mask_connect_sum": 11.0, "mixed_connect_sum": 192.0, "model_name": "GL_GINConv_3l_128h"}