{"f1_macro": 0.6188440596162287, "f1_weighted": 0.8077599793682103, "precision_macro": 0.620639338731444, "precision_weighted": 0.806163095725485, "recall_macro": 0.637406015037594, "recall_weighted": 0.8314606741573034, "accuracy": 0.8314606741573034, "class_scores": {"Chechens": 0.8823529411764706, "Kabardians, Circassians, Adyghes": 0.9142857142857143, "Karachays, Balkars": 0.918918918918919, "Ingush": 0.782608695652174, "Dagestan peoples": 0.8275862068965517, "Ossetians": 0.625, "Kumyks": 0.0, "Nogais": 0.0}, "skipped_nodes": 29, "memory_allocated_MB": 42.03369140625, "memory_reserved_MB": 70.0, "f1_macro_score_only_mask_connect": NaN, "f1_macro_score_only_not_mask_connect": 0.6188440596162287, "f1_macro_score_mixed_connect": NaN, "only_mask_connect_sum": 0.0, "only_not_mask_connect_sum": 89.0, "mixed_connect_sum": 0.0, "model_name": "GL_GINConv_3l_512h"}