{"f1_macro": 0.6127548963591583, "f1_weighted": 0.6188191683290964, "precision_macro": 0.6466419768217007, "precision_weighted": 0.6435315919457707, "recall_macro": 0.6260496083883419, "recall_weighted": 0.6406926406926406, "accuracy": 0.6406926406926406, "class_scores": {"P0": 0.6548387096774193, "P1": 0.4024390243902439, "P2": 0.7948717948717948, "P3": 0.5988700564971752}, "skipped_nodes": 0, "model_name": "MaxEdgeCount"}