{"f1_macro": 0.22727272727272727, "f1_weighted": 0.0501952035694367, "precision_macro": 0.25, "precision_weighted": 0.05521472392638037, "recall_macro": 0.20833333333333334, "recall_weighted": 0.046012269938650305, "accuracy": 0.046012269938650305, "class_scores": {"P0": 0.9090909090909091, "P1": 0.0, "P2": 0.0, "P3": 0.0}, "skipped_nodes": 0, "model_name": "MaxEdgeCountPerClassSize"}