{"f1_macro": 0.39723148473148473, "f1_weighted": 0.6251362342271434, "accuracy": 0.7070707070707071, "class_scores": {"Chechens": 0.7272727272727273, "Kabardians, Circassians, Adyghes": 0.7857142857142857, "Karachays, Balkars": 0.8648648648648649, "Ingush": 0.0, "Dagestan peoples": 0.8, "Ossetians": 0.0, "Kumyks": 0.0, "Nogais": 0.0}, "skipped_nodes": 19, "model_name": "GL_GCNConv_3l_512h_w"}