{"f1_macro": 0.4364411132903708, "f1_weighted": 0.45904047391114844, "accuracy": 0.46875, "class_scores": {"krasnodar": 0.5697674418604651, "vologda-yaroslavl": 0.4418604651162791, "ryazan": 0.4674698795180723, "kaluga": 0.26666666666666666}, "skipped_nodes": 0, "model_name": "GL_TAGConv_9l_512h_w_k3"}