{"f1_macro": 0.7179944795134312, "f1_weighted": 0.9168388562446883, "precision_macro": 0.7032057416267943, "precision_weighted": 0.9253482842633634, "recall_macro": 0.7362411670351585, "recall_weighted": 0.911042944785276, "accuracy": 0.911042944785276, "class_scores": {"Udmurts,Besermyan": 0.972972972972973, "Tatars,Volga-Tatars,Mishar-Tatars,Kryashens": 0.9668874172185431, "Chuvash": 0.8368794326241135, "Mari": 0.09523809523809523}, "skipped_nodes": 0, "memory_allocated_MB": 36.9052734375, "memory_reserved_MB": 370.0, "model_name": "GL_GATConv_9l_128h"}