{"f1_macro": 0.5317782973846715, "f1_weighted": 0.5820027557751148, "precision_macro": 0.5338911076661317, "precision_weighted": 0.5971775436796913, "recall_macro": 0.540982381274383, "recall_weighted": 0.5768811341330425, "accuracy": 0.5768811341330425, "class_scores": {"Ukranians": 0.37942122186495175, "Southern Russians": 0.6060606060606061, "Northen Russians": 0.7278382581648523, "Belarusians": 0.41379310344827586}, "skipped_nodes": 6, "memory_allocated_MB": 37.71875, "memory_reserved_MB": 240.0, "model_name": "GL_TAGConv_3l_512h_w_k3_gnorm_gelu"}