{"f1_macro": 0.8725981937364051, "f1_weighted": 0.8886946544873373, "accuracy": 0.89, "class_scores": {"Swedes": 0.8811188811188811, "Norwegians": 0.9074074074074074, "Danes": 0.8292682926829268}, "skipped_nodes": 15, "model_name": "GL_GATConv_9l_512h"}