{"f1_macro": 0.8696665284502342, "f1_weighted": 0.8835216342773364, "precision_macro": 0.8804881640702535, "precision_weighted": 0.8856245537412566, "recall_macro": 0.8614179051072255, "recall_weighted": 0.8844221105527639, "accuracy": 0.8844221105527639, "class_scores": {"Swedes": 0.8652482269503546, "Norwegians": 0.9065420560747663, "Danes": 0.8372093023255814}, "skipped_nodes": 16, "memory_allocated_MB": 340.63818359375, "memory_reserved_MB": 500.0, "model_name": "GL_GATConv_9l_512h"}