{"f1_macro": 0.4585912547378381, "f1_weighted": 0.5318985276466984, "precision_macro": 0.48720005632065677, "precision_weighted": 0.5293519018853561, "recall_macro": 0.4516245722935761, "recall_weighted": 0.5498281786941581, "accuracy": 0.5498281786941581, "class_scores": {"Northen Russians": 0.6841046277665996, "Ukranians": 0.24193548387096775, "Belarusians": 0.37209302325581395, "Southern Russians": 0.5362318840579711}, "skipped_nodes": 156, "memory_allocated_MB": 18.83837890625, "memory_reserved_MB": 58.0, "model_name": "GL_GCNConv_9l_128h_w"}