{"f1_macro": 0.28680163161918376, "f1_weighted": 0.31049575641587174, "precision_macro": 0.34115386875899967, "precision_weighted": 0.3382036466511474, "recall_macro": 0.4222794256565275, "recall_weighted": 0.4064864864864865, "accuracy": 0.4064864864864865, "class_scores": {"Southern Russians": 0.0, "Ukranians": 0.08139534883720931, "Northen Russians": 0.7226890756302521, "Belarusians": 0.34312210200927357}, "skipped_nodes": 0, "memory_allocated_MB": 114.72216796875, "memory_reserved_MB": 538.0, "model_name": "GL_GINConv_9l_512h"}