{"f1_macro": 0.6044227939539779, "f1_weighted": 0.7850807481145561, "accuracy": 0.8115727002967359, "class_scores": {"English": 0.9238683127572016, "Germans": 0.5636363636363636, "French": 0.5205479452054794, "Belgium": 0.40963855421686746}, "skipped_nodes": 95, "model_name": "GL_GCNConv_3l_128h_w"}