{"f1_macro": 0.9314500761623064, "f1_weighted": 0.9565320048365876, "precision_macro": 0.9467936675945805, "precision_weighted": 0.9577105196613984, "recall_macro": 0.9202255007690541, "recall_weighted": 0.9571823204419889, "accuracy": 0.9571823204419889, "class_scores": {"English": 0.9816216216216216, "Germans": 0.9126984126984127, "French": 0.8920863309352518, "Belgium": 0.9393939393939394}, "skipped_nodes": 45, "memory_allocated_MB": 23.5947265625, "memory_reserved_MB": 80.0, "f1_macro_score_only_mask_connect": -100.0, "f1_macro_score_only_not_mask_connect": -100.0, "f1_macro_score_mixed_connect": -100.0, "only_mask_connect_sum": -100.0, "only_not_mask_connect_sum": -100.0, "mixed_connect_sum": -100.0, "model_name": "GL_GCNConv_3l_128h_w"}