{"f1_macro": 0.43807604096328484, "f1_weighted": 0.29596163324793945, "precision_macro": 0.5880952380952381, "precision_weighted": 0.8296231375985977, "recall_macro": 0.6638813022933194, "recall_weighted": 0.3159509202453988, "accuracy": 0.3159509202453988, "class_scores": {"P0": 1.0, "P1": 0.21455938697318008, "P2": 0.4149377593360996, "P3": 0.12280701754385964}, "skipped_nodes": 0, "model_name": "MaxIbdSumPerClassSize"}