{"f1_macro": 0.7096944948578343, "f1_weighted": 0.8357989501643538, "precision_macro": 0.6973684210526315, "precision_weighted": 0.8801044021095684, "recall_macro": 0.7484339099145967, "recall_weighted": 0.8220858895705522, "accuracy": 0.8220858895705522, "class_scores": {"P0": 0.9444444444444444, "P1": 0.8888888888888888, "P2": 0.6896551724137931, "P3": 0.3157894736842105}, "skipped_nodes": 0, "model_name": "LongestIbd"}