{"f1_macro": 0.6722877024008842, "f1_weighted": 0.7998377421187688, "accuracy": 0.7758620689655172, "class_scores": {"English": 0.9107551487414187, "Germans": 0.5419354838709678, "French": 0.44, "Belgium": 0.7964601769911505}, "skipped_nodes": 73, "model_name": "GL_MLP_3l_128h"}