{"f1_macro": 0.6700360672860586, "f1_weighted": 0.881603658496249, "precision_macro": 0.649692346685649, "precision_weighted": 0.859037499417241, "recall_macro": 0.6971660284160284, "recall_weighted": 0.9080645161290323, "accuracy": 0.9080645161290323, "class_scores": {"English": 0.9721913236929922, "Germans": 0.7486033519553073, "French": 0.0, "Belgium": 0.959349593495935}, "skipped_nodes": 149, "memory_allocated_MB": 36.54736328125, "memory_reserved_MB": 196.0, "model_name": "GL_GATConv_9l_128h"}