{"f1_macro": 0.48925783729246825, "f1_weighted": 0.5528386206522081, "precision_macro": 0.5239921819190612, "precision_weighted": 0.8370288126330943, "recall_macro": 0.690380196817965, "recall_weighted": 0.49693251533742333, "accuracy": 0.49693251533742333, "class_scores": {"P0": 0.7083333333333334, "P1": 0.546583850931677, "P2": 0.5930232558139535, "P3": 0.10909090909090909}, "skipped_nodes": 0, "model_name": "MaxEdgeCountPerClassSize"}