{"f1_macro": 0.36589215195505864, "f1_weighted": 0.5679524885372402, "precision_macro": 0.4592836257309941, "precision_weighted": 0.5909240124852007, "recall_macro": 0.3276704816404387, "recall_weighted": 0.558282208588957, "accuracy": 0.558282208588957, "class_scores": {"P0": 0.6153846153846154, "P1": 0.7071583514099783, "P2": 0.14102564102564102, "P3": 0.0}, "skipped_nodes": 0, "model_name": "MaxIbdSum"}