{"f1_macro": 0.2904160822814399, "f1_weighted": 0.5170864201779973, "precision_macro": 0.43041698953893837, "precision_weighted": 0.5479847124931365, "recall_macro": 0.25305089521827717, "recall_weighted": 0.50920245398773, "accuracy": 0.50920245398773, "class_scores": {"P0": 0.43478260869565216, "P1": 0.6752688172043011, "P2": 0.05161290322580645, "P3": 0.0}, "skipped_nodes": 0, "model_name": "MaxIbdSum"}