{"f1_macro": 0.8633680115584373, "f1_weighted": 0.9288980183594158, "precision_macro": 0.932958952811894, "precision_weighted": 0.9354772999421023, "recall_macro": 0.8293787937066539, "recall_weighted": 0.9344262295081968, "accuracy": 0.9344262295081968, "class_scores": {"English": 0.970873786407767, "Germans": 0.8613861386138614, "French": 0.6666666666666666, "Belgium": 0.9545454545454546}, "skipped_nodes": 98, "memory_allocated_MB": 156.66650390625, "memory_reserved_MB": 342.0, "model_name": "GL_TAGConv_9l_512h_w_k3"}