{"f1_macro": 0.9296150288787167, "f1_weighted": 0.9302113305054235, "precision_macro": 0.9436126539483216, "precision_weighted": 0.9332533990778545, "recall_macro": 0.9201760984285258, "recall_weighted": 0.9302325581395349, "accuracy": 0.9302325581395349, "class_scores": {"Swedes": 0.9299363057324841, "Norwegians": 0.9313725490196079, "Danes": 0.927536231884058}, "skipped_nodes": 0, "memory_allocated_MB": 43.60009765625, "memory_reserved_MB": 100.0, "f1_macro_score_only_mask_connect": 0.7805555555555556, "f1_macro_score_only_not_mask_connect": 0.48888888888888893, "f1_macro_score_mixed_connect": 0.9475514222866758, "only_mask_connect_sum": 12.0, "only_not_mask_connect_sum": 5.0, "mixed_connect_sum": 198.0, "model_name": "GL_GINConv_3l_512h"}