{"f1_macro": 0.9333033621270993, "f1_weighted": 0.9385797283566589, "accuracy": 0.9386792452830188, "class_scores": {"Swedes": 0.9530201342281879, "Norwegians": 0.937799043062201, "Danes": 0.9090909090909091}, "skipped_nodes": 3, "model_name": "GL_GATConv_3l_128h"}