{"f1_macro": 0.9502432551968156, "f1_weighted": 0.9905614812925494, "precision_macro": 0.9612873134328358, "precision_weighted": 0.9905056771357934, "recall_macro": 0.9406565656565656, "recall_weighted": 0.99079754601227, "accuracy": 0.99079754601227, "class_scores": {"Udmurts,Besermyan": 1.0, "Tatars,Volga-Tatars,Mishar-Tatars,Kryashens": 1.0, "Chuvash": 0.9774436090225563, "Mari": 0.8235294117647058}, "skipped_nodes": 0, "memory_allocated_MB": 51.4716796875, "memory_reserved_MB": 284.0, "f1_macro_score_only_mask_connect": -100.0, "f1_macro_score_only_not_mask_connect": -100.0, "f1_macro_score_mixed_connect": -100.0, "only_mask_connect_sum": -100.0, "only_not_mask_connect_sum": -100.0, "mixed_connect_sum": -100.0, "model_name": "GL_TAGConv_3l_128h_w_k3"}