{"f1_macro": 0.5752619492840249, "f1_weighted": 0.6255172175520637, "precision_macro": 0.5837323048341139, "precision_weighted": 0.623621607635078, "recall_macro": 0.5708948369552393, "recall_weighted": 0.6301518438177874, "accuracy": 0.6301518438177874, "class_scores": {"Southern Russians": 0.6605504587155964, "Ukranians": 0.4401294498381877, "Northen Russians": 0.7596899224806202, "Belarusians": 0.4406779661016949}, "skipped_nodes": 3, "memory_allocated_MB": 17.8955078125, "memory_reserved_MB": 150.0, "model_name": "GL_GINConv_3l_128h"}