{"f1_macro": 0.6716145765956272, "f1_weighted": 0.7301916691333395, "precision_macro": 0.6665706188374791, "precision_weighted": 0.8859081101482542, "recall_macro": 0.8872740278319677, "recall_weighted": 0.6932515337423313, "accuracy": 0.6932515337423313, "class_scores": {"P0": 0.972972972972973, "P1": 0.7336956521739131, "P2": 0.7150837988826816, "P3": 0.2647058823529412}, "skipped_nodes": 0, "model_name": "MaxEdgeCountPerClassSize"}