{"f1_macro": 0.8153168157588118, "f1_weighted": 0.9606911553986, "precision_macro": 0.8307594440532029, "precision_weighted": 0.9592727307261297, "recall_macro": 0.8086498027485153, "recall_weighted": 0.9631901840490797, "accuracy": 0.9631901840490797, "class_scores": {"P0": 0.918918918918919, "P1": 0.9871244635193133, "P2": 0.9552238805970149, "P3": 0.4}, "skipped_nodes": 0, "memory_allocated_MB": 42.69091796875, "memory_reserved_MB": 194.0, "f1_macro_score_only_mask_connect": -100.0, "f1_macro_score_only_not_mask_connect": -100.0, "f1_macro_score_mixed_connect": -100.0, "only_mask_connect_sum": -100.0, "only_not_mask_connect_sum": -100.0, "mixed_connect_sum": -100.0, "model_name": "GL_TAGConv_3l_512h_w_k3_gnorm"}