{"f1_macro": 0.4189478141099604, "f1_weighted": 0.5181956760492838, "precision_macro": 0.5739058441421636, "precision_weighted": 0.5786083347540577, "recall_macro": 0.4363757993939123, "recall_weighted": 0.5720984759671747, "accuracy": 0.5720984759671747, "class_scores": {"Ukranians": 0.07194244604316546, "Southern Russians": 0.6025641025641025, "Northen Russians": 0.7118110236220473, "Belarusians": 0.2894736842105263}, "skipped_nodes": 52, "memory_allocated_MB": 97.56494140625, "memory_reserved_MB": 916.0, "model_name": "GL_GATConv_3l_512h"}