{"f1_macro": 0.2236842105263158, "f1_weighted": 0.049402647723603484, "precision_macro": 0.2125, "precision_weighted": 0.04693251533742331, "recall_macro": 0.2361111111111111, "recall_weighted": 0.05214723926380368, "accuracy": 0.05214723926380368, "class_scores": {"P0": 0.8947368421052632, "P1": 0.0, "P2": 0.0, "P3": 0.0}, "skipped_nodes": 0, "model_name": "MaxEdgeCountPerClassSize"}