{"f1_macro": 0.5398612403689984, "f1_weighted": 0.5946868026990522, "precision_macro": 0.5451383002224517, "precision_weighted": 0.5909146734232382, "recall_macro": 0.5388942914078285, "recall_weighted": 0.6017262638717632, "accuracy": 0.6017262638717632, "class_scores": {"Ukranians": 0.34101382488479265, "Southern Russians": 0.6223021582733813, "Northen Russians": 0.724025974025974, "Belarusians": 0.4721030042918455}, "skipped_nodes": 72, "model_name": "LongestIbd"}