{"f1_macro": 0.6230800911579175, "f1_weighted": 0.6436857251023868, "precision_macro": 0.6903738575565075, "precision_weighted": 0.682573090582941, "recall_macro": 0.6255814938196828, "recall_weighted": 0.6699134199134199, "accuracy": 0.6699134199134199, "class_scores": {"P0": 0.7144827586206897, "P1": 0.4189189189189189, "P2": 0.7950089126559715, "P3": 0.5639097744360902}, "skipped_nodes": 0, "model_name": "MaxIbdSum"}