{"f1_macro": 0.5978108692662494, "f1_weighted": 0.6412615800320449, "precision_macro": 0.6002834133629644, "precision_weighted": 0.6535874053051292, "recall_macro": 0.6112038413332054, "recall_weighted": 0.6410810810810811, "accuracy": 0.6410810810810811, "class_scores": {"Southern Russians": 0.6608996539792388, "Ukranians": 0.4305555555555556, "Northen Russians": 0.7772657450076805, "Belarusians": 0.5225225225225225}, "skipped_nodes": 0, "model_name": "MaxIbdSumPerClassSize"}