{"f1_macro": 0.46327461607949416, "f1_weighted": 0.34384929145814974, "precision_macro": 0.5942307692307692, "precision_weighted": 0.8327984898537045, "recall_macro": 0.6886894698053496, "recall_weighted": 0.3558282208588957, "accuracy": 0.3558282208588957, "class_scores": {"P0": 1.0, "P1": 0.2740740740740741, "P2": 0.43902439024390244, "P3": 0.14}, "skipped_nodes": 0, "model_name": "MaxIbdSumPerClassSize"}