{"f1_macro": 0.828319162851537, "f1_weighted": 0.9722361541887515, "accuracy": 0.9785276073619632, "class_scores": {"Udmurts,Besermyan": 1.0, "Tatars,Volga-Tatars,Mishar-Tatars,Kryashens": 1.0, "Chuvash": 0.9496402877697842, "Mari": 0.36363636363636365}, "skipped_nodes": 0, "model_name": "GL_TAGConv_9l_128h_w_k3"}