{"f1_macro": 0.5893849206349207, "f1_weighted": 0.7875491480996069, "accuracy": 0.8073394495412844, "class_scores": {"Chechens": 0.8095238095238095, "Kabardians, Circassians, Adyghes": 0.8253968253968254, "Karachays, Balkars": 0.9142857142857143, "Ingush": 0.5714285714285714, "Dagestan peoples": 0.8444444444444444, "Ossetians": 0.75, "Kumyks": 0.0, "Nogais": 0.0}, "skipped_nodes": 9, "model_name": "GL_SAGEConv_3l_512h"}