{"f1_macro": 0.5952336582071487, "f1_weighted": 0.8015341163435451, "accuracy": 0.823146944083225, "class_scores": {"P0": 0.9836423118865867, "P1": 0.7526315789473684, "P2": 0.33093525179856115, "P3": 0.3137254901960784}, "skipped_nodes": 0, "model_name": "GL_GATConv_3l_512h"}