{"f1_macro": 0.7864760858725824, "f1_weighted": 0.8771463640719985, "precision_macro": 0.8804332046801926, "precision_weighted": 0.8959024339418644, "recall_macro": 0.7706293593275501, "recall_weighted": 0.8895104895104895, "accuracy": 0.8895104895104895, "class_scores": {"English": 0.9527806925498427, "Germans": 0.7829787234042553, "French": 0.5434782608695652, "Belgium": 0.8666666666666667}, "skipped_nodes": 54, "memory_allocated_MB": 102.4453125, "memory_reserved_MB": 324.0, "model_name": "GL_GINConv_9l_512h"}