{"f1_macro": 0.762144965513087, "f1_weighted": 0.8487154001385501, "precision_macro": 0.7475577731092438, "precision_weighted": 0.8808823529411764, "recall_macro": 0.8768977732793521, "recall_weighted": 0.8383838383838383, "accuracy": 0.8383838383838383, "class_scores": {"Chechens": 0.8387096774193549, "Kabardians, Circassians, Adyghes": 0.8888888888888888, "Karachays, Balkars": 0.8, "Ingush": 0.8571428571428571, "Dagestan peoples": 0.8888888888888888, "Ossetians": 0.8235294117647058, "Kumyks": 0.3333333333333333, "Nogais": 0.6666666666666666}, "skipped_nodes": 19, "memory_allocated_MB": 18.029296875, "memory_reserved_MB": 70.0, "model_name": "GL_GINConv_3l_128h"}