{"f1_macro": 0.6790351441667231, "f1_weighted": 0.8072936492441136, "accuracy": 0.8137254901960784, "class_scores": {"Chechens": 0.8421052631578947, "Kabardians, Circassians, Adyghes": 0.8444444444444444, "Karachays, Balkars": 0.8, "Ingush": 0.8571428571428571, "Dagestan peoples": 0.8108108108108109, "Ossetians": 0.7777777777777778, "Kumyks": 0.0, "Nogais": 0.5}, "skipped_nodes": 16, "model_name": "GL_GINConv_3l_128h"}