{"f1_macro": 0.4034206081081081, "f1_weighted": 0.6290385569055295, "precision_macro": 0.3616071428571429, "precision_weighted": 0.5659895150720838, "recall_macro": 0.4618588814836279, "recall_weighted": 0.7155963302752294, "accuracy": 0.7155963302752294, "class_scores": {"Chechens": 0.75, "Kabardians, Circassians, Adyghes": 0.8125, "Karachays, Balkars": 0.8648648648648649, "Ingush": 0.0, "Dagestan peoples": 0.8, "Ossetians": 0.0, "Kumyks": 0.0, "Nogais": 0.0}, "skipped_nodes": 9, "memory_allocated_MB": 20.7333984375, "memory_reserved_MB": 52.0, "model_name": "GL_SAGEConv_9l_128h"}