{"f1_macro": 0.511626811557564, "f1_weighted": 0.5587733263804716, "precision_macro": 0.5158458566228256, "precision_weighted": 0.5566384694933008, "recall_macro": 0.5137467214393491, "recall_weighted": 0.5676855895196506, "accuracy": 0.5676855895196506, "class_scores": {"Ukranians": 0.33935018050541516, "Southern Russians": 0.5747899159663865, "Northen Russians": 0.7101449275362319, "Belarusians": 0.4222222222222222}, "skipped_nodes": 7, "memory_allocated_MB": 97.859375, "memory_reserved_MB": 1724.0, "model_name": "GL_GATConv_3l_512h"}