{"f1_macro": 0.6553563178563179, "f1_weighted": 0.8233024233024234, "precision_macro": 0.6431552365762893, "precision_weighted": 0.8075365180628339, "recall_macro": 0.67375, "recall_weighted": 0.8476190476190476, "accuracy": 0.8476190476190476, "class_scores": {"Chechens": 0.8717948717948718, "Kabardians, Circassians, Adyghes": 0.8076923076923077, "Karachays, Balkars": 0.9444444444444444, "Ingush": 0.9, "Dagestan peoples": 0.918918918918919, "Ossetians": 0.8, "Kumyks": 0.0, "Nogais": 0.0}, "skipped_nodes": 13, "memory_allocated_MB": 21.6962890625, "memory_reserved_MB": 54.0, "f1_macro_score_only_mask_connect": 0.4956643356643357, "f1_macro_score_only_not_mask_connect": 0.6266666666666667, "f1_macro_score_mixed_connect": 0.6716974656431487, "only_mask_connect_sum": 16.0, "only_not_mask_connect_sum": 11.0, "mixed_connect_sum": 78.0, "model_name": "GL_SAGEConv_9l_128h_de"}