{"f1_macro": 0.766400598294286, "f1_weighted": 0.8066709586176716, "precision_macro": 0.8303735151080284, "precision_weighted": 0.8169004044805083, "recall_macro": 0.7380248903214254, "recall_weighted": 0.812807881773399, "accuracy": 0.812807881773399, "class_scores": {"Swedes": 0.8163265306122449, "Norwegians": 0.8465116279069768, "Danes": 0.6363636363636364}, "skipped_nodes": 12, "memory_allocated_MB": 21.85498046875, "memory_reserved_MB": 48.0, "f1_macro_score_only_mask_connect": NaN, "f1_macro_score_only_not_mask_connect": 0.766400598294286, "f1_macro_score_mixed_connect": NaN, "only_mask_connect_sum": 0.0, "only_not_mask_connect_sum": 203.0, "mixed_connect_sum": 0.0, "model_name": "GL_GINConv_9l_128h"}