{"f1_macro": 0.4529401702747988, "f1_weighted": 0.5068713610177816, "precision_macro": 0.45973940081082937, "precision_weighted": 0.5245645283635252, "recall_macro": 0.45842155670114343, "recall_weighted": 0.5019505851755527, "accuracy": 0.5019505851755527, "class_scores": {"Northen Russians": 0.6829268292682927, "Ukranians": 0.26666666666666666, "Belarusians": 0.3867924528301887, "Southern Russians": 0.4753747323340471}, "skipped_nodes": 88, "memory_allocated_MB": 18.10302734375, "memory_reserved_MB": 56.0, "model_name": "GL_TAGConv_3l_128h_w_k3"}