{"f1_macro": 0.9372023054949885, "f1_weighted": 0.9427074920014585, "accuracy": 0.9425837320574163, "class_scores": {"Swedes": 0.9324324324324325, "Norwegians": 0.9560975609756097, "Danes": 0.9230769230769231}, "skipped_nodes": 6, "model_name": "GL_TAGConv_3l_512h_w_k3_gnorm"}