{"f1_macro": 0.31467625621096995, "f1_weighted": 0.436602067070429, "precision_macro": 0.2707085445144115, "precision_weighted": 0.37556377160896887, "recall_macro": 0.3800487501296546, "recall_weighted": 0.5273743016759777, "accuracy": 0.5273743016759777, "class_scores": {"Ukranians": 0.0, "Southern Russians": 0.5602923264311814, "Northen Russians": 0.6984126984126984, "Belarusians": 0.0}, "skipped_nodes": 20, "memory_allocated_MB": 36.57421875, "memory_reserved_MB": 612.0, "model_name": "GL_GATConv_9l_128h"}