{"f1_macro": 0.7106729222229641, "f1_weighted": 0.7472358768604089, "precision_macro": 0.7248581095306297, "precision_weighted": 0.7494923321731168, "recall_macro": 0.7032225467717913, "recall_weighted": 0.7513513513513513, "accuracy": 0.7513513513513513, "class_scores": {"Southern Russians": 0.7906976744186046, "Ukranians": 0.5774647887323944, "Northen Russians": 0.8336025848142165, "Belarusians": 0.640926640926641}, "skipped_nodes": 0, "memory_allocated_MB": 151.990234375, "memory_reserved_MB": 58010.0, "model_name": "GL_TAGConv_3l_512h_w_k3_gnorm"}