{"f1_macro": 0.8551875664199841, "f1_weighted": 0.9746781810728791, "precision_macro": 0.9188214048237926, "precision_weighted": 0.9757733517670439, "recall_macro": 0.8322603719599428, "recall_weighted": 0.9785276073619632, "accuracy": 0.9785276073619632, "class_scores": {"Udmurts,Besermyan": 1.0, "Tatars,Volga-Tatars,Mishar-Tatars,Kryashens": 0.9957081545064378, "Chuvash": 0.9635036496350365, "Mari": 0.46153846153846156}, "skipped_nodes": 0, "memory_allocated_MB": 55.0966796875, "memory_reserved_MB": 240.0, "f1_macro_score_only_mask_connect": NaN, "f1_macro_score_only_not_mask_connect": NaN, "f1_macro_score_mixed_connect": 0.8551875664199841, "only_mask_connect_sum": 0.0, "only_not_mask_connect_sum": 0.0, "mixed_connect_sum": 326.0, "model_name": "GL_TAGConv_9l_128h_w_k3"}