{"f1_macro": 0.6545332355816227, "f1_weighted": 0.9027162081931525, "precision_macro": 0.6850233100233101, "precision_weighted": 0.8916941953751771, "recall_macro": 0.6347867082845624, "recall_weighted": 0.9171779141104295, "accuracy": 0.9171779141104295, "class_scores": {"Udmurts,Besermyan": 0.7741935483870968, "Tatars,Volga-Tatars,Mishar-Tatars,Kryashens": 0.95, "Chuvash": 0.8939393939393939, "Mari": 0.0}, "skipped_nodes": 0, "model_name": "MaxEdgeCount"}