{"f1_macro": 0.5643075565972058, "f1_weighted": 0.6314106867801594, "precision_macro": 0.5910795127186417, "precision_weighted": 0.6319308564262599, "recall_macro": 0.566443292164343, "recall_weighted": 0.654054054054054, "accuracy": 0.654054054054054, "class_scores": {"Southern Russians": 0.700139470013947, "Ukranians": 0.2857142857142857, "Northen Russians": 0.8055130168453293, "Belarusians": 0.46586345381526106}, "skipped_nodes": 0, "memory_allocated_MB": 90.28857421875, "memory_reserved_MB": 398.0, "model_name": "GL_SAGEConv_9l_512h"}