{"f1_macro": 0.5825496299255413, "f1_weighted": 0.6828844724080917, "accuracy": 0.6567796610169492, "class_scores": {"P0": 0.7058823529411765, "P1": 0.7383512544802867, "P2": 0.5526315789473685, "P3": 0.3333333333333333}, "skipped_nodes": 41, "model_name": "MaxEdgeCountPerClassSize"}