{"f1_macro": 0.8658461199926458, "f1_weighted": 0.8797797422834881, "accuracy": 0.88, "class_scores": {"Swedes": 0.8794326241134752, "Norwegians": 0.892018779342723, "Danes": 0.8260869565217391}, "skipped_nodes": 15, "model_name": "GL_GINConv_3l_512h"}