{"f1_macro": 0.8952231570198173, "f1_weighted": 0.9522130374553525, "precision_macro": 0.9047903947903948, "precision_weighted": 0.9538922247707293, "recall_macro": 0.8940049628749915, "recall_weighted": 0.9532710280373832, "accuracy": 0.9532710280373832, "class_scores": {"English": 0.9825, "Germans": 0.8571428571428571, "French": 0.8627450980392157, "Belgium": 0.8785046728971962}, "skipped_nodes": 234, "memory_allocated_MB": 16.7568359375, "memory_reserved_MB": 42.0, "f1_macro_score_only_mask_connect": NaN, "f1_macro_score_only_not_mask_connect": 0.8952231570198173, "f1_macro_score_mixed_connect": NaN, "only_mask_connect_sum": 0.0, "only_not_mask_connect_sum": 535.0, "mixed_connect_sum": 0.0, "model_name": "GL_GCNConv_3l_128h_w"}