{"f1_macro": 0.968816423444884, "f1_weighted": 0.9718228040985013, "accuracy": 0.9716981132075472, "class_scores": {"Swedes": 0.9733333333333334, "Norwegians": 0.9753694581280788, "Danes": 0.9577464788732394}, "skipped_nodes": 3, "model_name": "GL_TAGConv_3l_512h_w_k3_gnorm"}