{"f1_macro": 0.6260402112399505, "f1_weighted": 0.6737285093807222, "precision_macro": 0.6447585173118913, "precision_weighted": 0.6730206747280327, "recall_macro": 0.6173595967175264, "recall_weighted": 0.6821621621621622, "accuracy": 0.6821621621621622, "class_scores": {"Southern Russians": 0.7349926793557833, "Ukranians": 0.4878048780487805, "Northen Russians": 0.7770897832817337, "Belarusians": 0.5042735042735043}, "skipped_nodes": 0, "memory_allocated_MB": 0.00048828125, "memory_reserved_MB": 52.0, "f1_macro_score_only_mask_connect": -100.0, "f1_macro_score_only_not_mask_connect": -100.0, "f1_macro_score_mixed_connect": -100.0, "only_mask_connect_sum": -100.0, "only_not_mask_connect_sum": -100.0, "mixed_connect_sum": -100.0, "model_name": "GL_LR"}