{"f1_macro": 0.2963018951465678, "f1_weighted": 0.4052317075423622, "precision_macro": 0.24945887445887446, "precision_weighted": 0.34116911227300833, "recall_macro": 0.3648064693806019, "recall_weighted": 0.4989177489177489, "accuracy": 0.4989177489177489, "class_scores": {"Southern Russians": 0.5468549422336328, "Ukranians": 0.0, "Northen Russians": 0.6383526383526383, "Belarusians": 0.0}, "skipped_nodes": 1, "memory_allocated_MB": 22.6904296875, "memory_reserved_MB": 70.0, "f1_macro_score_only_mask_connect": 0.125, "f1_macro_score_only_not_mask_connect": 0.2222222222222222, "f1_macro_score_mixed_connect": 0.29772243763510964, "only_mask_connect_sum": 15.0, "only_not_mask_connect_sum": 5.0, "mixed_connect_sum": 904.0, "model_name": "GL_SAGEConv_3l_128h_de"}