{"f1_macro": 0.7617320931562418, "f1_weighted": 0.8138782237201659, "precision_macro": 0.7491318464144552, "precision_weighted": 0.8357000868442516, "recall_macro": 0.7948309668695064, "recall_weighted": 0.8157894736842105, "accuracy": 0.8157894736842105, "class_scores": {"Chechens": 0.8, "Kabardians, Circassians, Adyghes": 0.8235294117647058, "Karachays, Balkars": 0.8947368421052632, "Ingush": 0.9090909090909091, "Dagestan peoples": 0.8444444444444444, "Ossetians": 0.631578947368421, "Kumyks": 0.3333333333333333, "Nogais": 0.8571428571428571}, "skipped_nodes": 4, "memory_allocated_MB": 17.77294921875, "memory_reserved_MB": 22.0, "model_name": "GL_GINConv_3l_128h"}