{"f1_macro": 0.8646556083814716, "f1_weighted": 0.9353882180064614, "accuracy": 0.9388083735909822, "class_scores": {"English": 0.9732142857142857, "Germans": 0.864516129032258, "French": 0.704225352112676, "Belgium": 0.9166666666666666}, "skipped_nodes": 148, "model_name": "GL_GCNConv_9l_512h_w"}