{"f1_macro": 0.9319047619047619, "f1_weighted": 0.941826923076923, "precision_macro": 0.9489240354660916, "precision_weighted": 0.9430058618592047, "recall_macro": 0.9181661272923409, "recall_weighted": 0.9423076923076923, "accuracy": 0.9423076923076923, "class_scores": {"Swedes": 0.96, "Norwegians": 0.9428571428571428, "Danes": 0.8928571428571429}, "skipped_nodes": 7, "memory_allocated_MB": 26.3935546875, "memory_reserved_MB": 56.0, "model_name": "GL_SAGEConv_3l_512h"}