{"f1_macro": 0.7124201348610126, "f1_weighted": 0.8155316524943406, "precision_macro": 0.9023524689465925, "precision_weighted": 0.8498007023622518, "recall_macro": 0.6327488036157392, "recall_weighted": 0.8347701149425287, "accuracy": 0.8347701149425287, "class_scores": {"English": 0.9013806706114399, "Germans": 0.6524064171122995, "French": 0.5411764705882353, "Belgium": 0.7547169811320755}, "skipped_nodes": 73, "memory_allocated_MB": 16.951171875, "memory_reserved_MB": 64.0, "model_name": "GL_SAGEConv_3l_128h"}