{"f1_macro": 0.7062492133417243, "f1_weighted": 0.9273456401650235, "accuracy": 0.9382716049382716, "class_scores": {"Udmurts,Besermyan": 0.9714285714285714, "Tatars,Volga-Tatars,Mishar-Tatars,Kryashens": 0.973568281938326, "Chuvash": 0.88, "Mari": 0.0}, "skipped_nodes": 2, "model_name": "MaxIbdSum"}