{"f1_macro": 0.9511712924510977, "f1_weighted": 0.9711626811793123, "precision_macro": 0.9434682828370717, "precision_weighted": 0.971799096235991, "recall_macro": 0.9595743642435139, "recall_weighted": 0.9708333333333333, "accuracy": 0.9708333333333333, "class_scores": {"English": 0.9879253567508233, "Germans": 0.9516129032258065, "French": 0.8794326241134752, "Belgium": 0.9857142857142858}, "skipped_nodes": 49, "memory_allocated_MB": 22.04931640625, "memory_reserved_MB": 78.0, "model_name": "GL_MLP_3l_512h"}