{"f1_macro": 0.8941278823236977, "f1_weighted": 0.9096806795745627, "precision_macro": 0.8889596785765533, "precision_weighted": 0.9100276241301211, "recall_macro": 0.8996604724760066, "recall_weighted": 0.9095477386934674, "accuracy": 0.9095477386934674, "class_scores": {"Swedes": 0.9261744966442953, "Norwegians": 0.9117647058823529, "Danes": 0.8444444444444444}, "skipped_nodes": 16, "memory_allocated_MB": 16.65625, "memory_reserved_MB": 40.0, "model_name": "GL_MLP_3l_128h"}