{"f1_macro": 0.7314489827612983, "f1_weighted": 0.9530099842123868, "accuracy": 0.9662576687116564, "class_scores": {"P0": 1.0, "P1": 0.9914893617021276, "P2": 0.9343065693430657, "P3": 0.0}, "skipped_nodes": 0, "model_name": "MaxSegmentCount"}