{"f1_macro": 0.5171065443512186, "f1_weighted": 0.589379437015977, "precision_macro": 0.5718663646295226, "precision_weighted": 0.6011203547938786, "recall_macro": 0.5119818463833283, "recall_weighted": 0.6074450084602369, "accuracy": 0.6074450084602369, "class_scores": {"Northen Russians": 0.7142857142857143, "Ukranians": 0.2803738317757009, "Belarusians": 0.4473684210526316, "Southern Russians": 0.6263982102908278}, "skipped_nodes": 147, "memory_allocated_MB": 25.13525390625, "memory_reserved_MB": 84.0, "model_name": "GL_TAGConv_9l_128h_w_k3"}