{"f1_macro": 0.7805658920111128, "f1_weighted": 0.8803101476046513, "accuracy": 0.8707692307692307, "class_scores": {"Udmurts,Besermyan": 0.9090909090909091, "Tatars,Volga-Tatars,Mishar-Tatars,Kryashens": 0.9241379310344827, "Chuvash": 0.7672955974842768, "Mari": 0.5217391304347826}, "skipped_nodes": 1, "model_name": "LongestIbd"}