{"f1_macro": 0.6312534439132904, "f1_weighted": 0.8164870866558845, "precision_macro": 0.6307164898412038, "precision_weighted": 0.8506185424034395, "recall_macro": 0.6569444444444444, "recall_weighted": 0.82, "accuracy": 0.82, "class_scores": {"Chechens": 0.9142857142857143, "Kabardians, Circassians, Adyghes": 0.782608695652174, "Karachays, Balkars": 0.8205128205128205, "Ingush": 0.9090909090909091, "Dagestan peoples": 0.8235294117647058, "Ossetians": 0.8, "Kumyks": 0.0, "Nogais": 0.0}, "skipped_nodes": 18, "memory_allocated_MB": 16.70849609375, "memory_reserved_MB": 36.0, "model_name": "GL_GCNConv_3l_128h_w"}