{"f1_macro": 0.5880911807385344, "f1_weighted": 0.6520139424305742, "accuracy": 0.6042944785276073, "class_scores": {"Udmurts,Besermyan": 0.8571428571428571, "Tatars,Volga-Tatars,Mishar-Tatars,Kryashens": 0.6609195402298851, "Chuvash": 0.625, "Mari": 0.20930232558139536}, "skipped_nodes": 0, "model_name": "MaxEdgeCountPerClassSize"}