{"f1_macro": 0.6925045180059065, "f1_weighted": 0.8799506379625684, "precision_macro": 0.9117954911433173, "precision_weighted": 0.8989965408242381, "recall_macro": 0.6640194867126198, "recall_weighted": 0.8858024691358025, "accuracy": 0.8858024691358025, "class_scores": {"P0": 0.8571428571428571, "P1": 0.937365010799136, "P2": 0.7755102040816326, "P3": 0.2}, "skipped_nodes": 1, "model_name": "MaxIbdSum"}