{"f1_macro": 0.5400268575788068, "f1_weighted": 0.5939704305660445, "precision_macro": 0.5619065286537094, "precision_weighted": 0.5943453650401281, "recall_macro": 0.5332372589894615, "recall_weighted": 0.6056955093099672, "accuracy": 0.6056955093099672, "class_scores": {"Ukranians": 0.3745019920318725, "Southern Russians": 0.6381766381766382, "Northen Russians": 0.7304075235109718, "Belarusians": 0.41702127659574467}, "skipped_nodes": 10, "memory_allocated_MB": 41.435546875, "memory_reserved_MB": 166.0, "model_name": "GL_GINConv_3l_512h"}