{"f1_macro": 0.7589363376929719, "f1_weighted": 0.8802904010969179, "accuracy": 0.8879310344827587, "class_scores": {"Chechens": 0.9, "Kabardians, Circassians, Adyghes": 0.8771929824561403, "Karachays, Balkars": 0.9411764705882353, "Ingush": 0.8235294117647058, "Dagestan peoples": 0.9795918367346939, "Ossetians": 0.8, "Kumyks": 0.0, "Nogais": 0.75}, "skipped_nodes": 2, "model_name": "GL_GATConv_3l_512h"}