{"f1_macro": 0.1739602169981917, "f1_weighted": 0.3089029166065743, "precision_macro": 0.375, "precision_weighted": 0.4125766871165644, "recall_macro": 0.12857653791130186, "recall_weighted": 0.25766871165644173, "accuracy": 0.25766871165644173, "class_scores": {"P0": 0.2857142857142857, "P1": 0.41012658227848103, "P2": 0.0, "P3": 0.0}, "skipped_nodes": 0, "model_name": "MaxIbdSum"}