{"f1_macro": 0.9580952380952382, "f1_weighted": 0.9625249169435215, "precision_macro": 0.9710903426791276, "precision_weighted": 0.9636600738969789, "recall_macro": 0.947394384675938, "recall_weighted": 0.9627906976744186, "accuracy": 0.9627906976744186, "class_scores": {"Swedes": 0.96, "Norwegians": 0.9714285714285714, "Danes": 0.9428571428571428}, "skipped_nodes": 0, "memory_allocated_MB": 20.3232421875, "memory_reserved_MB": 26.0, "model_name": "GL_GCNConv_3l_512h_w"}