{"f1_macro": 0.7335049187828873, "f1_weighted": 0.9579330023734234, "precision_macro": 0.72, "precision_weighted": 0.9480981595092024, "recall_macro": 0.7489270386266095, "recall_weighted": 0.9693251533742331, "accuracy": 0.9693251533742331, "class_scores": {"Udmurts,Besermyan": 1.0, "Tatars,Volga-Tatars,Mishar-Tatars,Kryashens": 0.9978494623655914, "Chuvash": 0.9361702127659575, "Mari": 0.0}, "skipped_nodes": 0, "memory_allocated_MB": 18.55078125, "memory_reserved_MB": 226.0, "model_name": "GL_GCNConv_3l_128h_w"}