{"f1_macro": 0.865580497933439, "f1_weighted": 0.958184303366548, "accuracy": 0.9601226993865031, "class_scores": {"Udmurts,Besermyan": 0.9411764705882353, "Tatars,Volga-Tatars,Mishar-Tatars,Kryashens": 0.9826839826839827, "Chuvash": 0.9230769230769231, "Mari": 0.6153846153846154}, "skipped_nodes": 0, "model_name": "MaxSegmentCount"}