{"f1_macro": 0.8188179503721201, "f1_weighted": 0.9020988199652179, "accuracy": 0.909221902017291, "class_scores": {"English": 0.9678111587982833, "Germans": 0.8049792531120332, "French": 0.6153846153846154, "Belgium": 0.8870967741935484}, "skipped_nodes": 75, "model_name": "GL_GCNConv_3l_512h_w"}