{"f1_macro": 0.671913737045316, "f1_weighted": 0.8592133688468275, "precision_macro": 0.6569234006734007, "precision_weighted": 0.8470253126503126, "recall_macro": 0.6898467432950192, "recall_weighted": 0.875, "accuracy": 0.875, "class_scores": {"Chechens": 0.8421052631578947, "Kabardians, Circassians, Adyghes": 0.9285714285714286, "Karachays, Balkars": 0.918918918918919, "Ingush": 0.9523809523809523, "Dagestan peoples": 0.8333333333333334, "Ossetians": 0.9, "Kumyks": 0.0, "Nogais": 0.0}, "skipped_nodes": 6, "memory_allocated_MB": 36.9072265625, "memory_reserved_MB": 84.0, "model_name": "GL_TAGConv_3l_512h_w_k3"}