{"f1_macro": 0.9690199175493293, "f1_weighted": 0.9847411327021576, "precision_macro": 0.9725563909774435, "precision_weighted": 0.9855251625997509, "recall_macro": 0.96793037672866, "recall_weighted": 0.9846625766871165, "accuracy": 0.9846625766871165, "class_scores": {"Udmurts,Besermyan": 0.972972972972973, "Tatars,Volga-Tatars,Mishar-Tatars,Kryashens": 0.9913419913419913, "Chuvash": 0.9705882352941176, "Mari": 0.9411764705882353}, "skipped_nodes": 0, "memory_allocated_MB": 36.646484375, "memory_reserved_MB": 184.0, "model_name": "GL_TAGConv_3l_512h_w_k3_gnorm"}