{"f1_macro": 0.9477743531451971, "f1_weighted": 0.9531438584611726, "precision_macro": 0.9627594627594628, "precision_weighted": 0.954825794360678, "recall_macro": 0.9363573282019884, "recall_weighted": 0.9534883720930233, "accuracy": 0.9534883720930233, "class_scores": {"Swedes": 0.954248366013072, "Norwegians": 0.9615384615384616, "Danes": 0.927536231884058}, "skipped_nodes": 0, "memory_allocated_MB": 19.8291015625, "memory_reserved_MB": 180.0, "f1_macro_score_only_mask_connect": 0.8692810457516339, "f1_macro_score_only_not_mask_connect": 0.4296296296296296, "f1_macro_score_mixed_connect": 0.9592747461632786, "only_mask_connect_sum": 12.0, "only_not_mask_connect_sum": 8.0, "mixed_connect_sum": 195.0, "model_name": "GL_TAGConv_3l_128h_w_k3"}