{"f1_macro": 0.4823764431028115, "f1_weighted": 0.6779387126915862, "accuracy": 0.7543859649122807, "class_scores": {"Chechens": 0.72, "Kabardians, Circassians, Adyghes": 0.8709677419354839, "Karachays, Balkars": 0.8292682926829268, "Ingush": 0.0, "Dagestan peoples": 0.9387755102040817, "Ossetians": 0.0, "Kumyks": 0.0, "Nogais": 0.5}, "skipped_nodes": 4, "model_name": "GL_GCNConv_3l_128h_w"}