{"f1_macro": 0.5683845126900452, "f1_weighted": 0.6298364931137747, "precision_macro": 0.5852493015258973, "precision_weighted": 0.863041134751773, "recall_macro": 0.8122714211076281, "recall_weighted": 0.5723076923076923, "accuracy": 0.5723076923076923, "class_scores": {"Udmurts,Besermyan": 0.8372093023255814, "Tatars,Volga-Tatars,Mishar-Tatars,Kryashens": 0.6312684365781711, "Chuvash": 0.6303030303030303, "Mari": 0.17475728155339806}, "skipped_nodes": 1, "model_name": "MaxIbdSumPerClassSize"}