{"f1_macro": 0.5766668273201287, "f1_weighted": 0.6431533580982634, "precision_macro": 0.5877808988764045, "precision_weighted": 0.8641541918755402, "recall_macro": 0.820369644723093, "recall_weighted": 0.5876923076923077, "accuracy": 0.5876923076923077, "class_scores": {"Udmurts,Besermyan": 0.8372093023255814, "Tatars,Volga-Tatars,Mishar-Tatars,Kryashens": 0.6472303206997084, "Chuvash": 0.6385542168674698, "Mari": 0.1836734693877551}, "skipped_nodes": 1, "model_name": "MaxIbdSumPerClassSize"}