{"f1_macro": 0.9683214623716638, "f1_weighted": 0.9834721777436054, "accuracy": 0.9836512261580381, "class_scores": {"P0": 0.9978308026030369, "P1": 0.9652509652509652, "P2": 0.9387755102040817, "P3": 0.9714285714285714}, "skipped_nodes": 28, "model_name": "GL_MLP_3l_512h"}