{"f1_macro": 0.49957934257014164, "f1_weighted": 0.7262468328326593, "precision_macro": 0.5552149219052536, "precision_weighted": 0.7178456572542231, "recall_macro": 0.4685047903932025, "recall_weighted": 0.7423312883435583, "accuracy": 0.7423312883435583, "class_scores": {"P0": 0.7586206896551724, "P1": 0.8459958932238193, "P2": 0.3937007874015748, "P3": 0.0}, "skipped_nodes": 0, "model_name": "MaxIbdSum"}