{"f1_macro": 0.43772725514076327, "f1_weighted": 0.49117759966904245, "precision_macro": 0.4400720251653151, "precision_weighted": 0.4904032331717489, "recall_macro": 0.44439178249774025, "recall_weighted": 0.4983748645720476, "accuracy": 0.49837486457204766, "class_scores": {"Southern Russians": 0.5329341317365269, "Ukranians": 0.2109375, "Northen Russians": 0.6421725239616614, "Belarusians": 0.36486486486486486}, "skipped_nodes": 2, "memory_allocated_MB": 18.98095703125, "memory_reserved_MB": 84.0, "model_name": "GL_GCNConv_9l_128h_w"}