{"f1_macro": 0.2508768310295028, "f1_weighted": 0.05456540697490448, "precision_macro": 0.2409404659188956, "precision_weighted": 0.05276126552930652, "recall_macro": 0.3055555555555556, "recall_weighted": 0.06134969325153374, "accuracy": 0.06134969325153374, "class_scores": {"P0": 0.972972972972973, "P1": 0.0, "P2": 0.0, "P3": 0.030534351145038167}, "skipped_nodes": 0, "model_name": "MaxIbdSumPerClassSize"}