{"f1_macro": 0.5354254895942815, "f1_weighted": 0.6447050144513657, "precision_macro": 0.5340243118572293, "precision_weighted": 0.842026801520938, "recall_macro": 0.7274298781809511, "recall_weighted": 0.5950920245398773, "accuracy": 0.5950920245398773, "class_scores": {"P0": 0.723404255319149, "P1": 0.6761363636363636, "P2": 0.5777777777777777, "P3": 0.1643835616438356}, "skipped_nodes": 0, "model_name": "MaxIbdSumPerClassSize"}