{"f1_macro": 0.5114985516225082, "f1_weighted": 0.6231860120493269, "precision_macro": 0.5175070028011205, "precision_weighted": 0.8305665824612053, "recall_macro": 0.6951705900203754, "recall_weighted": 0.5705521472392638, "accuracy": 0.5705521472392638, "class_scores": {"P0": 0.6956521739130435, "P1": 0.664756446991404, "P2": 0.518918918918919, "P3": 0.16666666666666666}, "skipped_nodes": 0, "model_name": "MaxIbdSumPerClassSize"}