{"f1_macro": 0.8669185575842911, "f1_weighted": 0.8932178266798109, "precision_macro": 0.924924924924925, "precision_weighted": 0.9022766608973506, "recall_macro": 0.8359170152079097, "recall_weighted": 0.896551724137931, "accuracy": 0.896551724137931, "class_scores": {"Swedes": 0.8979591836734694, "Norwegians": 0.92018779342723, "Danes": 0.782608695652174}, "skipped_nodes": 12, "memory_allocated_MB": 20.8095703125, "memory_reserved_MB": 50.0, "f1_macro_score_only_mask_connect": NaN, "f1_macro_score_only_not_mask_connect": 0.8669185575842911, "f1_macro_score_mixed_connect": NaN, "only_mask_connect_sum": 0.0, "only_not_mask_connect_sum": 203.0, "mixed_connect_sum": 0.0, "model_name": "GL_SAGEConv_9l_128h_de"}