{"f1_macro": 0.9664939732201461, "f1_weighted": 0.9751962714570798, "precision_macro": 0.9785883197272809, "precision_weighted": 0.9757834141375532, "recall_macro": 0.9561748034574121, "recall_weighted": 0.9755434782608695, "accuracy": 0.9755434782608695, "class_scores": {"P0": 0.9860365198711063, "P1": 0.9490196078431372, "P2": 0.9452054794520548, "P3": 0.9857142857142858}, "skipped_nodes": 26, "memory_allocated_MB": 25.97216796875, "memory_reserved_MB": 112.0, "model_name": "GL_TAGConv_9l_128h_w_k3"}