{"f1_macro": 0.7484324984937479, "f1_weighted": 0.8338188171654691, "precision_macro": 0.7255434782608695, "precision_weighted": 0.9183782341957855, "recall_macro": 0.9286155546885161, "recall_weighted": 0.803680981595092, "accuracy": 0.803680981595092, "class_scores": {"P0": 1.0, "P1": 0.8436724565756824, "P2": 0.8227848101265823, "P3": 0.32727272727272727}, "skipped_nodes": 0, "model_name": "MaxIbdSumPerClassSize"}