{"f1_macro": 0.3558305805692565, "f1_weighted": 0.6775058805370255, "precision_macro": 0.565359477124183, "precision_weighted": 0.7006596094470507, "recall_macro": 0.33585858585858586, "recall_weighted": 0.7515337423312883, "accuracy": 0.7515337423312883, "class_scores": {"P0": 0.36363636363636365, "P1": 0.8645640074211502, "P2": 0.1951219512195122, "P3": 0.0}, "skipped_nodes": 0, "model_name": "MaxEdgeCount"}