{"f1_macro": 0.5928630466070726, "f1_weighted": 0.6395057417982013, "precision_macro": 0.5997417872417873, "precision_weighted": 0.640867348921403, "recall_macro": 0.5886575835831027, "recall_weighted": 0.6410810810810811, "accuracy": 0.6410810810810811, "class_scores": {"Southern Russians": 0.6676514032496307, "Ukranians": 0.477124183006536, "Northen Russians": 0.7699836867862969, "Belarusians": 0.4566929133858268}, "skipped_nodes": 0, "memory_allocated_MB": 46.05322265625, "memory_reserved_MB": 354.0, "f1_macro_score_only_mask_connect": -100.0, "f1_macro_score_only_not_mask_connect": -100.0, "f1_macro_score_mixed_connect": -100.0, "only_mask_connect_sum": -100.0, "only_not_mask_connect_sum": -100.0, "mixed_connect_sum": -100.0, "model_name": "GL_GINConv_3l_512h"}