{"f1_macro": 0.7418761484643959, "f1_weighted": 0.8687510200024215, "precision_macro": 0.8021133484988907, "precision_weighted": 0.9166296686178176, "recall_macro": 0.7712370849826491, "recall_weighted": 0.8527004909983633, "accuracy": 0.8527004909983633, "class_scores": {"English": 0.9386792452830188, "Germans": 0.6942148760330579, "French": 0.4827586206896552, "Belgium": 0.8518518518518519}, "skipped_nodes": 158, "memory_allocated_MB": 16.79052734375, "memory_reserved_MB": 46.0, "model_name": "GL_MLP_3l_128h"}