{"f1_macro": 0.6218243867756843, "f1_weighted": 0.8550682764765002, "accuracy": 0.8703703703703703, "class_scores": {"P0": 0.8275862068965517, "P1": 0.9237113402061856, "P2": 0.736, "P3": 0.0}, "skipped_nodes": 1, "model_name": "MaxEdgeCount"}