{"f1_macro": 0.502716432015612, "f1_weighted": 0.573521849180288, "precision_macro": 0.5400138673890609, "precision_weighted": 0.5738258440740985, "recall_macro": 0.5008109872765807, "recall_weighted": 0.5971631205673759, "accuracy": 0.5971631205673759, "class_scores": {"Northen Russians": 0.7066895368782161, "Ukranians": 0.2158273381294964, "Belarusians": 0.47058823529411764, "Southern Russians": 0.6177606177606177}, "skipped_nodes": 105, "memory_allocated_MB": 36.681640625, "memory_reserved_MB": 178.0, "model_name": "GL_TAGConv_3l_512h_nw_k3_gnorm_relu"}