{"f1_macro": 0.6630866192630899, "f1_weighted": 0.8311483012400444, "precision_macro": 0.662559498437056, "precision_weighted": 0.8508509506714532, "recall_macro": 0.6780550604080016, "recall_weighted": 0.8256880733944955, "accuracy": 0.8256880733944955, "class_scores": {"Chechens": 0.9411764705882353, "Kabardians, Circassians, Adyghes": 0.88, "Karachays, Balkars": 0.9142857142857143, "Ingush": 1.0, "Dagestan peoples": 0.8, "Ossetians": 0.7692307692307693, "Kumyks": 0.0, "Nogais": 0.0}, "skipped_nodes": 9, "memory_allocated_MB": 38.9501953125, "memory_reserved_MB": 70.0, "f1_macro_score_only_mask_connect": 0.36507936507936506, "f1_macro_score_only_not_mask_connect": 0.47777777777777775, "f1_macro_score_mixed_connect": 0.6946241350890308, "only_mask_connect_sum": 20.0, "only_not_mask_connect_sum": 12.0, "mixed_connect_sum": 77.0, "model_name": "GL_TAGConv_3l_512h_w_k3"}