{"f1_macro": 0.27260476978218917, "f1_weighted": 0.3737932163403103, "precision_macro": 0.23519509208985415, "precision_weighted": 0.32257360919400224, "recall_macro": 0.34855298885916225, "recall_weighted": 0.47778981581798485, "accuracy": 0.47778981581798485, "class_scores": {"Southern Russians": 0.43870967741935485, "Ukranians": 0.0, "Northen Russians": 0.6517094017094017, "Belarusians": 0.0}, "skipped_nodes": 2, "memory_allocated_MB": 51.4521484375, "memory_reserved_MB": 336.0, "model_name": "GL_GCNConv_9l_512h_w"}