{"f1_macro": 0.5909873708728979, "f1_weighted": 0.8099948843774835, "accuracy": 0.8462643678160919, "class_scores": {"English": 0.9661733615221987, "Germans": 0.6443514644351465, "French": 0.0, "Belgium": 0.7534246575342466}, "skipped_nodes": 73, "model_name": "GL_GATConv_9l_512h"}