{"f1_macro": 0.7977600299494603, "f1_weighted": 0.9447350805392445, "precision_macro": 0.8282220943613349, "precision_weighted": 0.9430601135594104, "recall_macro": 0.776137176485889, "recall_weighted": 0.9475308641975309, "accuracy": 0.9475308641975309, "class_scores": {"P0": 0.9032258064516129, "P1": 0.9787234042553191, "P2": 0.9090909090909091, "P3": 0.4}, "skipped_nodes": 1, "memory_allocated_MB": 41.4501953125, "memory_reserved_MB": 196.0, "f1_macro_score_only_mask_connect": -100.0, "f1_macro_score_only_not_mask_connect": -100.0, "f1_macro_score_mixed_connect": -100.0, "only_mask_connect_sum": -100.0, "only_not_mask_connect_sum": -100.0, "mixed_connect_sum": -100.0, "model_name": "GL_TAGConv_3l_512h_w_k3_gnorm"}