{"f1_macro": 0.9704157244387014, "f1_weighted": 0.9714493389020928, "precision_macro": 0.9698894908840728, "precision_weighted": 0.9715231706717774, "recall_macro": 0.9709857065803668, "recall_weighted": 0.9714285714285714, "accuracy": 0.9714285714285714, "class_scores": {"Swedes": 0.9668874172185431, "Norwegians": 0.975609756097561, "Danes": 0.96875}, "skipped_nodes": 5, "memory_allocated_MB": 36.57080078125, "memory_reserved_MB": 80.0, "model_name": "GL_TAGConv_3l_512h_w_k3_gnorm"}