{"f1_macro": 0.7569381903409803, "f1_weighted": 0.9353065069473037, "accuracy": 0.937888198757764, "class_scores": {"Udmurts,Besermyan": 0.85, "Tatars,Volga-Tatars,Mishar-Tatars,Kryashens": 0.9711751662971175, "Chuvash": 0.920863309352518, "Mari": 0.2857142857142857}, "skipped_nodes": 4, "model_name": "GL_TAGConv_3l_512h_w_k3_gnorm"}