{"f1_macro": 0.6428183226519655, "f1_weighted": 0.6500935962241279, "precision_macro": 0.652476296498243, "precision_weighted": 0.6599691197960369, "recall_macro": 0.6555168954735089, "recall_weighted": 0.6612554112554112, "accuracy": 0.6612554112554112, "class_scores": {"P0": 0.6580406654343808, "P1": 0.4885057471264368, "P2": 0.8021778584392014, "P3": 0.6225490196078431}, "skipped_nodes": 0, "model_name": "MaxEdgeCountPerClassSize"}