{"f1_macro": 0.8279573089989919, "f1_weighted": 0.9084782980412045, "precision_macro": 0.841344125438009, "precision_weighted": 0.9110453632155934, "recall_macro": 0.8239253393665159, "recall_weighted": 0.911504424778761, "accuracy": 0.911504424778761, "class_scores": {"English": 0.9697624190064795, "Germans": 0.770949720670391, "French": 0.672566371681416, "Belgium": 0.8985507246376812}, "skipped_nodes": 91, "memory_allocated_MB": 21.736328125, "memory_reserved_MB": 80.0, "model_name": "GL_GCNConv_3l_512h_w"}