{"f1_macro": 0.9167532802594722, "f1_weighted": 0.9624758556410967, "accuracy": 0.9661016949152542, "class_scores": {"P0": 0.9473684210526315, "P1": 0.9824561403508771, "P2": 0.9714285714285714, "P3": 0.9523809523809523, "P4": 0.9803921568627451, "P5": 1.0, "P6": 0.5, "P7": 1.0}, "skipped_nodes": 0, "model_name": "GL_GINConv_3l_512h"}