{"f1_macro": 0.7472666535901831, "f1_weighted": 0.8459906817070295, "precision_macro": 0.7154416106017306, "precision_weighted": 0.8846526529286113, "recall_macro": 0.8088503056314216, "recall_weighted": 0.8343558282208589, "accuracy": 0.8343558282208589, "class_scores": {"P0": 0.918918918918919, "P1": 0.8894117647058823, "P2": 0.7261904761904762, "P3": 0.45454545454545453}, "skipped_nodes": 0, "model_name": "LongestIbd"}