{"f1_macro": 0.8549113425274416, "f1_weighted": 0.9159519562661124, "precision_macro": 0.8194657239944877, "precision_weighted": 0.9320478539264911, "recall_macro": 0.910044652533923, "recall_weighted": 0.911042944785276, "accuracy": 0.911042944785276, "class_scores": {"P0": 1.0, "P1": 0.9411764705882353, "P2": 0.8421052631578947, "P3": 0.6363636363636364}, "skipped_nodes": 0, "model_name": "LongestIbd"}