{"f1_macro": 0.6373316096142183, "f1_weighted": 0.770052108289686, "precision_macro": 0.6960682957393484, "precision_weighted": 0.8100151649728717, "recall_macro": 0.6464285714285714, "recall_weighted": 0.7857142857142857, "accuracy": 0.7857142857142857, "class_scores": {"Chechens": 0.7555555555555555, "Kabardians, Circassians, Adyghes": 0.8518518518518519, "Karachays, Balkars": 0.9444444444444444, "Ingush": 0.46153846153846156, "Dagestan peoples": 0.8181818181818182, "Ossetians": 0.6956521739130435, "Kumyks": 0.0, "Nogais": 0.5714285714285714}, "skipped_nodes": 6, "memory_allocated_MB": 43.703125, "memory_reserved_MB": 212.0, "f1_macro_score_only_mask_connect": 0.4440386680988185, "f1_macro_score_only_not_mask_connect": 0.76, "f1_macro_score_mixed_connect": 0.590263709458756, "only_mask_connect_sum": 23.0, "only_not_mask_connect_sum": 7.0, "mixed_connect_sum": 82.0, "model_name": "GL_GINConv_3l_512h"}