{"f1_macro": 0.4317315993223882, "f1_weighted": 0.4873432783864019, "precision_macro": 0.43799268176634837, "precision_weighted": 0.4808839426435942, "recall_macro": 0.43172820762976144, "recall_weighted": 0.4989177489177489, "accuracy": 0.4989177489177489, "class_scores": {"Southern Russians": 0.5411061285500748, "Ukranians": 0.24, "Northen Russians": 0.6304675716440422, "Belarusians": 0.3153526970954357}, "skipped_nodes": 1, "memory_allocated_MB": 18.2080078125, "memory_reserved_MB": 78.0, "model_name": "GL_TAGConv_3l_128h_w_k3"}