{"f1_macro": 0.466622335550292, "f1_weighted": 0.5426979018719845, "precision_macro": 0.5815081823714331, "precision_weighted": 0.5886564403897104, "recall_macro": 0.47961540359294297, "recall_weighted": 0.5895196506550219, "accuracy": 0.5895196506550219, "class_scores": {"Ukranians": 0.16853932584269662, "Southern Russians": 0.6287262872628726, "Northen Russians": 0.7226890756302521, "Belarusians": 0.3465346534653465}, "skipped_nodes": 7, "memory_allocated_MB": 21.3935546875, "memory_reserved_MB": 150.0, "model_name": "GL_GCNConv_3l_512h_w"}