{"f1_macro": 0.9340131489536867, "f1_weighted": 0.9551134245756485, "accuracy": 0.956338028169014, "class_scores": {"English": 0.9754535752401281, "Germans": 0.9106382978723404, "French": 0.8947368421052632, "Belgium": 0.9552238805970149}, "skipped_nodes": 59, "model_name": "GL_SAGEConv_3l_128h"}