{"f1_macro": 0.5904217580375523, "f1_weighted": 0.6382495969260136, "precision_macro": 0.5884682476079339, "precision_weighted": 0.648493209186352, "recall_macro": 0.5985363011441217, "recall_weighted": 0.6335135135135135, "accuracy": 0.6335135135135135, "class_scores": {"Southern Russians": 0.6506849315068494, "Ukranians": 0.4376899696048632, "Northen Russians": 0.7930489731437599, "Belarusians": 0.48026315789473684}, "skipped_nodes": 0, "memory_allocated_MB": 39.09228515625, "memory_reserved_MB": 478.0, "model_name": "GL_TAGConv_3l_512h_w_k3_gnorm_leaky_relu"}