{"f1_macro": 0.6693127021624461, "f1_weighted": 0.7926809791096584, "accuracy": 0.7982456140350878, "class_scores": {"Chechens": 0.8235294117647058, "Kabardians, Circassians, Adyghes": 0.7931034482758621, "Karachays, Balkars": 0.7804878048780488, "Ingush": 0.9523809523809523, "Dagestan peoples": 0.88, "Ossetians": 0.625, "Kumyks": 0.0, "Nogais": 0.5}, "skipped_nodes": 4, "model_name": "GL_GINConv_3l_512h"}