{"f1_macro": 0.9761123643539564, "f1_weighted": 0.987649693947021, "precision_macro": 0.9902874902874903, "precision_weighted": 0.9877562791673221, "recall_macro": 0.9635735032730741, "recall_weighted": 0.9877300613496932, "accuracy": 0.9877300613496932, "class_scores": {"Udmurts,Besermyan": 1.0, "Tatars,Volga-Tatars,Mishar-Tatars,Kryashens": 0.9935760171306209, "Chuvash": 0.9696969696969697, "Mari": 0.9411764705882353}, "skipped_nodes": 0, "memory_allocated_MB": 340.74169921875, "memory_reserved_MB": 19330.0, "model_name": "GL_GATConv_9l_512h"}