{"f1_macro": 0.4244638188608777, "f1_weighted": 0.4866662689580337, "precision_macro": 0.4886249688317222, "precision_weighted": 0.5393885410831236, "recall_macro": 0.42410840667484767, "recall_weighted": 0.505945945945946, "accuracy": 0.505945945945946, "class_scores": {"Southern Russians": 0.5851428571428572, "Ukranians": 0.325, "Northen Russians": 0.592156862745098, "Belarusians": 0.19555555555555557}, "skipped_nodes": 0, "memory_allocated_MB": 53.39794921875, "memory_reserved_MB": 748.0, "model_name": "GL_GCNConv_9l_512h_w"}