{"f1_macro": 0.8630353514014466, "f1_weighted": 0.9252711008530075, "precision_macro": 0.9083506583506584, "precision_weighted": 0.9279627771007081, "recall_macro": 0.8358398633829947, "recall_weighted": 0.9295977011494253, "accuracy": 0.9295977011494253, "class_scores": {"English": 0.9712460063897763, "Germans": 0.8648648648648649, "French": 0.7, "Belgium": 0.916030534351145}, "skipped_nodes": 73, "memory_allocated_MB": 26.4580078125, "memory_reserved_MB": 88.0, "model_name": "GL_SAGEConv_3l_512h"}