{"f1_macro": 0.534809753700313, "f1_weighted": 0.6052912994261735, "precision_macro": 0.5915381702149571, "precision_weighted": 0.614586231502704, "recall_macro": 0.5337885248860611, "recall_weighted": 0.6320474777448071, "accuracy": 0.6320474777448071, "class_scores": {"Northen Russians": 0.7482014388489209, "Ukranians": 0.22580645161290322, "Belarusians": 0.5276073619631901, "Southern Russians": 0.6376237623762376}, "skipped_nodes": 136, "memory_allocated_MB": 17.6240234375, "memory_reserved_MB": 54.0, "model_name": "GL_TAGConv_3l_128h_w_k3"}