{"f1_macro": 0.3429550305111521, "f1_weighted": 0.4654193423919963, "precision_macro": 0.45439993553208013, "precision_weighted": 0.490817893779414, "recall_macro": 0.4109158828232274, "recall_weighted": 0.5616139585605234, "accuracy": 0.5616139585605234, "class_scores": {"Ukranians": 0.0, "Southern Russians": 0.5916167664670658, "Northen Russians": 0.7503526093088858, "Belarusians": 0.029850746268656716}, "skipped_nodes": 6, "memory_allocated_MB": 16.6328125, "memory_reserved_MB": 102.0, "model_name": "GL_GCNConv_3l_128h_w"}