{"f1_macro": 0.16816023523887988, "f1_weighted": 0.23447004975185737, "accuracy": 0.3167259786476868, "class_scores": {"krasnodar": 0.2935153583617747, "yaroslavl": 0.07317073170731707, "ryazan": 0.4463373083475298, "kaluga": 0.0, "vologda": 0.027777777777777776}, "skipped_nodes": 14, "model_name": "GL_GCNConv_9l_128h_w"}