{"f1_macro": 0.6771638907909401, "f1_weighted": 0.730914070562567, "accuracy": 0.6901840490797546, "class_scores": {"P0": 1.0, "P1": 0.726775956284153, "P2": 0.7386363636363636, "P3": 0.24324324324324326}, "skipped_nodes": 0, "model_name": "MaxEdgeCountPerClassSize"}