{"f1_macro": 0.5357198659398305, "f1_weighted": 0.5846970028400424, "precision_macro": 0.5356290207481255, "precision_weighted": 0.5965028366172922, "recall_macro": 0.5441554332518218, "recall_weighted": 0.5805405405405405, "accuracy": 0.5805405405405405, "class_scores": {"Southern Russians": 0.6038394415357766, "Ukranians": 0.367601246105919, "Northen Russians": 0.7383177570093458, "Belarusians": 0.43312101910828027}, "skipped_nodes": 0, "memory_allocated_MB": 38.013671875, "memory_reserved_MB": 304.0, "model_name": "GL_TAGConv_3l_512h_w_k3_gnorm_relu"}