{"f1_macro": 0.9041595947075415, "f1_weighted": 0.9184442627496043, "precision_macro": 0.9393939393939394, "precision_weighted": 0.9240290226205718, "recall_macro": 0.8823547541994143, "recall_weighted": 0.92018779342723, "accuracy": 0.92018779342723, "class_scores": {"Swedes": 0.9210526315789473, "Norwegians": 0.9389671361502347, "Danes": 0.8524590163934426}, "skipped_nodes": 2, "memory_allocated_MB": 18.15380859375, "memory_reserved_MB": 70.0, "f1_macro_score_only_mask_connect": 0.5888888888888889, "f1_macro_score_only_not_mask_connect": 0.7138888888888889, "f1_macro_score_mixed_connect": 0.9568395516602979, "only_mask_connect_sum": 10.0, "only_not_mask_connect_sum": 36.0, "mixed_connect_sum": 167.0, "model_name": "GL_TAGConv_3l_128h_w_k3"}