{"f1_macro": 0.9173949984423235, "f1_weighted": 0.9812256629333977, "precision_macro": 0.9253930020283976, "precision_weighted": 0.9810856593536506, "recall_macro": 0.9107328651320067, "recall_weighted": 0.9815950920245399, "accuracy": 0.9815950920245399, "class_scores": {"Udmurts,Besermyan": 1.0, "Tatars,Volga-Tatars,Mishar-Tatars,Kryashens": 0.9935483870967742, "Chuvash": 0.9701492537313433, "Mari": 0.7058823529411765}, "skipped_nodes": 0, "memory_allocated_MB": 95.974609375, "memory_reserved_MB": 198.0, "f1_macro_score_only_mask_connect": NaN, "f1_macro_score_only_not_mask_connect": NaN, "f1_macro_score_mixed_connect": 0.9173949984423235, "only_mask_connect_sum": 0.0, "only_not_mask_connect_sum": 0.0, "mixed_connect_sum": 326.0, "model_name": "GL_SAGEConv_9l_512h_de"}