{"f1_macro": 0.4823880346534205, "f1_weighted": 0.5510840798849403, "precision_macro": 0.622764521198358, "precision_weighted": 0.6080779624715388, "recall_macro": 0.48424811831200587, "recall_weighted": 0.5929878048780488, "accuracy": 0.5929878048780488, "class_scores": {"Southern Russians": 0.6269230769230769, "Ukranians": 0.23357664233576642, "Northen Russians": 0.7096774193548387, "Belarusians": 0.359375}, "skipped_nodes": 1, "model_name": "MaxEdgeCount"}