{"f1_macro": 0.6454000810850656, "f1_weighted": 0.787575897805516, "precision_macro": 0.7335107696778177, "precision_weighted": 0.8182459638091472, "recall_macro": 0.6453260869565217, "recall_weighted": 0.8055555555555556, "accuracy": 0.8055555555555556, "class_scores": {"Chechens": 0.8, "Kabardians, Circassians, Adyghes": 0.88, "Karachays, Balkars": 0.85, "Ingush": 0.7058823529411765, "Dagestan peoples": 0.8571428571428571, "Ossetians": 0.7368421052631579, "Kumyks": 0.0, "Nogais": 0.3333333333333333}, "skipped_nodes": 10, "memory_allocated_MB": 52.6416015625, "memory_reserved_MB": 90.0, "f1_macro_score_only_mask_connect": 0.3738095238095238, "f1_macro_score_only_not_mask_connect": 0.76, "f1_macro_score_mixed_connect": 0.6238999766573297, "only_mask_connect_sum": 19.0, "only_not_mask_connect_sum": 10.0, "mixed_connect_sum": 79.0, "model_name": "GL_GCNConv_9l_512h_w"}