{"f1_macro": 0.42888946638946646, "f1_weighted": 0.6032711032711032, "precision_macro": 0.42222222222222217, "precision_weighted": 0.5792368125701459, "recall_macro": 0.4704411764705882, "recall_weighted": 0.6666666666666666, "accuracy": 0.6666666666666666, "class_scores": {"Chechens": 0.6666666666666666, "Kabardians, Circassians, Adyghes": 0.8076923076923077, "Karachays, Balkars": 0.7567567567567568, "Ingush": 0.0, "Dagestan peoples": 0.8, "Ossetians": 0.4, "Kumyks": 0.0, "Nogais": 0.0}, "skipped_nodes": 19, "memory_allocated_MB": 37.38525390625, "memory_reserved_MB": 122.0, "f1_macro_score_only_mask_connect": 0.30476190476190473, "f1_macro_score_only_not_mask_connect": 0.6548701298701298, "f1_macro_score_mixed_connect": 0.4464073269399601, "only_mask_connect_sum": 10.0, "only_not_mask_connect_sum": 20.0, "mixed_connect_sum": 69.0, "model_name": "GL_GATConv_9l_128h"}