{"f1_macro": 0.1513023493360572, "f1_weighted": 0.1927361085870771, "precision_macro": 0.33739837398373984, "precision_weighted": 0.30507755997805375, "recall_macro": 0.10169289461134955, "recall_weighted": 0.1441717791411043, "accuracy": 0.1441717791411043, "class_scores": {"P0": 0.36363636363636365, "P1": 0.24157303370786518, "P2": 0.0, "P3": 0.0}, "skipped_nodes": 0, "model_name": "MaxIbdSum"}