{"f1_macro": 0.7192079352015417, "f1_weighted": 0.9058614027795663, "accuracy": 0.913312693498452, "class_scores": {"P0": 0.7692307692307693, "P1": 0.9561586638830898, "P2": 0.84375, "P3": 0.3076923076923077}, "skipped_nodes": 2, "model_name": "GL_TAGConv_3l_512h_w_k3_gnorm"}