{"f1_macro": 0.7762290412413614, "f1_weighted": 0.9585237947544716, "precision_macro": 0.8421052631578947, "precision_weighted": 0.9595576364223443, "recall_macro": 0.7745588936576061, "recall_weighted": 0.9662576687116564, "accuracy": 0.9662576687116564, "class_scores": {"Udmurts,Besermyan": 1.0, "Tatars,Volga-Tatars,Mishar-Tatars,Kryashens": 0.9935205183585313, "Chuvash": 0.9295774647887324, "Mari": 0.18181818181818182}, "skipped_nodes": 0, "memory_allocated_MB": 19.435546875, "memory_reserved_MB": 26.0, "model_name": "GL_GCNConv_3l_128h_w"}