{"f1_macro": 0.8563584690677865, "f1_weighted": 0.971807420172526, "precision_macro": 0.8573943661971831, "precision_weighted": 0.971938995938823, "recall_macro": 0.8568192656175488, "recall_weighted": 0.9723926380368099, "accuracy": 0.9723926380368099, "class_scores": {"Udmurts,Besermyan": 1.0, "Tatars,Volga-Tatars,Mishar-Tatars,Kryashens": 0.9913419913419913, "Chuvash": 0.9635036496350365, "Mari": 0.47058823529411764}, "skipped_nodes": 0, "memory_allocated_MB": 20.34033203125, "memory_reserved_MB": 334.0, "model_name": "GL_GCNConv_3l_128h_w"}