{"f1_macro": 0.37102893851122803, "f1_weighted": 0.41367233192226044, "accuracy": 0.4548611111111111, "class_scores": {"krasnodar": 0.40963855421686746, "yaroslavl": 0.12903225806451613, "ryazan": 0.6017699115044248, "kaluga": 0.22413793103448276, "vologda": 0.49056603773584906}, "skipped_nodes": 0, "model_name": "GL_SAGEConv_9l_512h"}