{"f1_macro": 0.4475155135480333, "f1_weighted": 0.551172641831452, "precision_macro": 0.49279537071119217, "precision_weighted": 0.6378442794851464, "recall_macro": 0.4881874013973405, "recall_weighted": 0.5877192982456141, "accuracy": 0.5877192982456141, "class_scores": {"Chechens": 0.6181818181818182, "Kabardians, Circassians, Adyghes": 0.6551724137931034, "Karachays, Balkars": 0.6857142857142857, "Ingush": 0.7058823529411765, "Dagestan peoples": 0.3225806451612903, "Ossetians": 0.5925925925925926, "Kumyks": 0.0, "Nogais": 0.0}, "skipped_nodes": 4, "memory_allocated_MB": 21.97509765625, "memory_reserved_MB": 58.0, "model_name": "GL_GINConv_9l_128h"}