{"f1_macro": 0.6877050811711323, "f1_weighted": 0.8420575031971638, "precision_macro": 0.6544475876159045, "precision_weighted": 0.8794130078491432, "recall_macro": 0.7485197240951716, "recall_weighted": 0.8322981366459627, "accuracy": 0.8322981366459627, "class_scores": {"Udmurts,Besermyan": 0.8108108108108109, "Tatars,Volga-Tatars,Mishar-Tatars,Kryashens": 0.8878281622911695, "Chuvash": 0.7664670658682635, "Mari": 0.2857142857142857}, "skipped_nodes": 4, "model_name": "LongestIbd"}