{"f1_macro": 0.13766312709267065, "f1_weighted": 0.1739439609396122, "accuracy": 0.296875, "class_scores": {"krasnodar": 0.011976047904191617, "yaroslavl": 0.11494252873563218, "ryazan": 0.4676470588235294, "kaluga": 0.0, "vologda": 0.09375}, "skipped_nodes": 0, "model_name": "GL_GATConv_9l_128h"}