{"f1_macro": 0.9189091667201232, "f1_weighted": 0.9464732971976408, "precision_macro": 0.9206153033259011, "precision_weighted": 0.9465735529918179, "recall_macro": 0.9179407841839556, "recall_weighted": 0.9467040673211781, "accuracy": 0.9467040673211781, "class_scores": {"English": 0.9661941112322792, "Germans": 0.9411764705882353, "French": 0.8396946564885496, "Belgium": 0.9285714285714286}, "skipped_nodes": 56, "memory_allocated_MB": 17.41015625, "memory_reserved_MB": 46.0, "model_name": "GL_MLP_3l_128h"}