{"f1_macro": 0.939838166567084, "f1_weighted": 0.9437212200971135, "precision_macro": 0.9500741182984175, "precision_weighted": 0.9444706499907828, "recall_macro": 0.9310320028766631, "recall_weighted": 0.9439252336448598, "accuracy": 0.9439252336448598, "class_scores": {"Swedes": 0.9395973154362416, "Norwegians": 0.9523809523809523, "Danes": 0.927536231884058}, "skipped_nodes": 1, "memory_allocated_MB": 23.60986328125, "memory_reserved_MB": 188.0, "f1_macro_score_only_mask_connect": 1.0, "f1_macro_score_only_not_mask_connect": 0.6746031746031745, "f1_macro_score_mixed_connect": 0.9391632546057819, "only_mask_connect_sum": 11.0, "only_not_mask_connect_sum": 7.0, "mixed_connect_sum": 196.0, "model_name": "GL_GATConv_3l_128h"}