{"f1_macro": 0.6909405123027414, "f1_weighted": 0.7653707043363067, "precision_macro": 0.6731275303643725, "precision_weighted": 0.8972566503564242, "recall_macro": 0.9055793991416309, "recall_weighted": 0.7300613496932515, "accuracy": 0.7300613496932515, "class_scores": {"Udmurts,Besermyan": 0.9473684210526315, "Tatars,Volga-Tatars,Mishar-Tatars,Kryashens": 0.7671957671957672, "Chuvash": 0.7764705882352941, "Mari": 0.2727272727272727}, "skipped_nodes": 0, "model_name": "MaxEdgeCountPerClassSize"}