{"f1_macro": 0.9636117330944918, "f1_weighted": 0.9569189431258397, "precision_macro": 0.9575033806626099, "precision_weighted": 0.9578262339418525, "recall_macro": 0.9718007662835249, "recall_weighted": 0.9568965517241379, "accuracy": 0.9568965517241379, "class_scores": {"Chechens": 0.9142857142857143, "Kabardians, Circassians, Adyghes": 0.9655172413793104, "Karachays, Balkars": 1.0, "Ingush": 1.0, "Dagestan peoples": 0.92, "Ossetians": 1.0, "Kumyks": 1.0, "Nogais": 0.9090909090909091}, "skipped_nodes": 2, "memory_allocated_MB": 32.8271484375, "memory_reserved_MB": 42.0, "model_name": "GL_TAGConv_3l_512h_w_k3_gnorm"}