{"f1_macro": 0.6747292888597236, "f1_weighted": 0.8103522851806606, "precision_macro": 0.6631764319844815, "precision_weighted": 0.8237245061208995, "recall_macro": 0.7019012605042017, "recall_weighted": 0.8157894736842105, "accuracy": 0.8157894736842105, "class_scores": {"Chechens": 0.8888888888888888, "Kabardians, Circassians, Adyghes": 0.9090909090909091, "Karachays, Balkars": 0.8648648648648649, "Ingush": 0.8571428571428571, "Dagestan peoples": 0.7619047619047619, "Ossetians": 0.782608695652174, "Kumyks": 0.0, "Nogais": 0.3333333333333333}, "skipped_nodes": 4, "memory_allocated_MB": 99.97607421875, "memory_reserved_MB": 546.0, "f1_macro_score_only_mask_connect": 0.3020833333333333, "f1_macro_score_only_not_mask_connect": 0.5, "f1_macro_score_mixed_connect": 0.6798618177488147, "only_mask_connect_sum": 25.0, "only_not_mask_connect_sum": 4.0, "mixed_connect_sum": 85.0, "model_name": "GL_GATConv_3l_512h"}