{"f1_macro": 0.558330545828533, "f1_weighted": 0.6072935698275643, "precision_macro": 0.5574657201048887, "precision_weighted": 0.6137467246459049, "recall_macro": 0.5611897045583046, "recall_weighted": 0.6026058631921825, "accuracy": 0.6026058631921825, "class_scores": {"Ukranians": 0.4094955489614243, "Southern Russians": 0.6490939044481054, "Northen Russians": 0.7342995169082126, "Belarusians": 0.4404332129963899}, "skipped_nodes": 2, "memory_allocated_MB": 52.24267578125, "memory_reserved_MB": 172.0, "model_name": "GL_MLP_9l_512h"}