{"f1_macro": 0.35822382991288937, "f1_weighted": 0.7482869096801719, "precision_macro": 0.3864674707602339, "precision_weighted": 0.7274081324220572, "recall_macro": 0.3560606060606061, "recall_weighted": 0.8006134969325154, "accuracy": 0.8006134969325154, "class_scores": {"Udmurts,Besermyan": 0.0, "Tatars,Volga-Tatars,Mishar-Tatars,Kryashens": 0.8944337811900192, "Chuvash": 0.5384615384615384, "Mari": 0.0}, "skipped_nodes": 0, "memory_allocated_MB": 21.3974609375, "memory_reserved_MB": 1884.0, "model_name": "GL_GATConv_3l_128h"}