{"f1_macro": 0.9602056857870811, "f1_weighted": 0.9578900560426317, "accuracy": 0.9579439252336449, "class_scores": {"Swedes": 0.951048951048951, "Norwegians": 0.958139534883721, "Danes": 0.9714285714285714}, "skipped_nodes": 1, "model_name": "GL_GINConv_3l_512h"}