{"f1_macro": 0.8576030224213212, "f1_weighted": 0.9324742094003062, "precision_macro": 0.9212802920350092, "precision_weighted": 0.9353805506726992, "recall_macro": 0.8160919540229885, "recall_weighted": 0.9354838709677419, "accuracy": 0.9354838709677419, "class_scores": {"English": 0.9752808988764045, "Germans": 0.8333333333333334, "French": 0.7368421052631579, "Belgium": 0.8849557522123894}, "skipped_nodes": 149, "memory_allocated_MB": 101.9208984375, "memory_reserved_MB": 208.0, "f1_macro_score_only_mask_connect": 0.6592838685861941, "f1_macro_score_only_not_mask_connect": 0.9088644688644689, "f1_macro_score_mixed_connect": 0.81615063377698, "only_mask_connect_sum": 85.0, "only_not_mask_connect_sum": 170.0, "mixed_connect_sum": 365.0, "model_name": "GL_GINConv_9l_512h"}