{"f1_macro": 0.7484858336644632, "f1_weighted": 0.8321337333213483, "precision_macro": 0.8845, "precision_weighted": 0.872839534883721, "recall_macro": 0.7445115017930553, "recall_weighted": 0.8651162790697674, "accuracy": 0.8651162790697674, "class_scores": {"P0": 0.967741935483871, "P1": 0.8947368421052632, "P2": 0.3829787234042553}, "skipped_nodes": 0, "memory_allocated_MB": 21.64111328125, "memory_reserved_MB": 62.0, "model_name": "GL_GINConv_9l_128h"}