{"f1_macro": 0.5078626799557032, "f1_weighted": 0.7606712341106466, "precision_macro": 0.6214706275926669, "precision_weighted": 0.7598269239757546, "recall_macro": 0.46328314715881497, "recall_weighted": 0.7751196172248804, "accuracy": 0.7751196172248804, "class_scores": {"P0": 0.5714285714285714, "P1": 0.8504983388704319, "P2": 0.6095238095238096, "P3": 0.0}, "skipped_nodes": 68, "memory_allocated_MB": 36.6572265625, "memory_reserved_MB": 190.0, "model_name": "GL_TAGConv_3l_512h_w_k3_gnorm"}