{"f1_macro": 0.9636819494481614, "f1_weighted": 0.9878084061393897, "precision_macro": 0.9611928104575164, "precision_weighted": 0.9880007217610972, "recall_macro": 0.9662884206875623, "recall_weighted": 0.9877300613496932, "accuracy": 0.9877300613496932, "class_scores": {"Udmurts,Besermyan": 1.0, "Tatars,Volga-Tatars,Mishar-Tatars,Kryashens": 0.9956896551724138, "Chuvash": 0.9701492537313433, "Mari": 0.8888888888888888}, "skipped_nodes": 0, "memory_allocated_MB": 35.916015625, "memory_reserved_MB": 120.0, "f1_macro_score_only_mask_connect": NaN, "f1_macro_score_only_not_mask_connect": NaN, "f1_macro_score_mixed_connect": 0.9636819494481614, "only_mask_connect_sum": 0.0, "only_not_mask_connect_sum": 0.0, "mixed_connect_sum": 326.0, "model_name": "GL_SAGEConv_3l_512h_de"}