{"f1_macro": 0.8240469208211144, "f1_weighted": 0.8674486803519061, "precision_macro": 0.911431623931624, "precision_weighted": 0.8906156827668456, "recall_macro": 0.7989259162074696, "recall_weighted": 0.8790697674418605, "accuracy": 0.8790697674418605, "class_scores": {"Swedes": 0.8903225806451613, "Norwegians": 0.9272727272727272, "Danes": 0.6545454545454545}, "skipped_nodes": 0, "memory_allocated_MB": 101.50439453125, "memory_reserved_MB": 202.0, "model_name": "GL_GINConv_9l_512h"}