{"f1_macro": 0.7320496061672532, "f1_weighted": 0.8047690670782326, "accuracy": 0.827906976744186, "class_scores": {"Swedes": 0.9019607843137255, "Norwegians": 0.8711111111111111, "Danes": 0.4230769230769231}, "skipped_nodes": 0, "model_name": "GL_GINConv_9l_512h"}