{"f1_macro": 0.42292899262171213, "f1_weighted": 0.5102930009219737, "precision_macro": 0.6203749908812174, "precision_weighted": 0.5962370747785067, "recall_macro": 0.44066545112226363, "recall_weighted": 0.5672853828306265, "accuracy": 0.5672853828306265, "class_scores": {"Ukranians": 0.09333333333333334, "Southern Russians": 0.6143437077131259, "Northen Russians": 0.6773722627737226, "Belarusians": 0.30666666666666664}, "skipped_nodes": 43, "memory_allocated_MB": 16.63232421875, "memory_reserved_MB": 56.0, "model_name": "GL_GCNConv_3l_128h_w"}