{"f1_macro": 0.9292415082965788, "f1_weighted": 0.9555309455807005, "precision_macro": 0.9324358974358974, "precision_weighted": 0.9560955391640321, "recall_macro": 0.9280691776204921, "recall_weighted": 0.9561643835616438, "accuracy": 0.9561643835616438, "class_scores": {"English": 0.9827586206896551, "Germans": 0.9024390243902439, "French": 0.8873239436619719, "Belgium": 0.9444444444444444}, "skipped_nodes": 39, "memory_allocated_MB": 37.52099609375, "memory_reserved_MB": 170.0, "model_name": "GL_TAGConv_3l_512h_w_k3"}