{"f1_macro": 0.42009278196921007, "f1_weighted": 0.4775606254904171, "precision_macro": 0.4231668434759044, "precision_weighted": 0.4842872092679308, "recall_macro": 0.43008035079439355, "recall_weighted": 0.4808510638297872, "accuracy": 0.4808510638297872, "class_scores": {"Northen Russians": 0.6220614828209765, "Ukranians": 0.24, "Belarusians": 0.3474576271186441, "Southern Russians": 0.47085201793721976}, "skipped_nodes": 105, "memory_allocated_MB": 37.34716796875, "memory_reserved_MB": 178.0, "model_name": "GL_TAGConv_3l_512h_w_k3_gnorm_gelu"}