{"f1_macro": 0.4910706837326448, "f1_weighted": 0.5496583061322994, "precision_macro": 0.50592720706309, "precision_weighted": 0.5465532680487867, "recall_macro": 0.4886540819063894, "recall_weighted": 0.5627705627705628, "accuracy": 0.5627705627705628, "class_scores": {"Southern Russians": 0.5993975903614458, "Ukranians": 0.3816793893129771, "Northen Russians": 0.695139911634757, "Belarusians": 0.2880658436213992}, "skipped_nodes": 1, "memory_allocated_MB": 44.25732421875, "memory_reserved_MB": 222.0, "f1_macro_score_only_mask_connect": 0.42063492063492064, "f1_macro_score_only_not_mask_connect": 0.7619047619047619, "f1_macro_score_mixed_connect": 0.4850705659868436, "only_mask_connect_sum": 15.0, "only_not_mask_connect_sum": 5.0, "mixed_connect_sum": 904.0, "model_name": "GL_TAGConv_3l_512h_w_k3_gnorm"}