{"f1_macro": 0.45446381405759106, "f1_weighted": 0.5026626563761842, "precision_macro": 0.4605923215700035, "precision_weighted": 0.5051640523574574, "recall_macro": 0.4512490676110947, "recall_weighted": 0.5023041474654378, "accuracy": 0.5023041474654378, "class_scores": {"Ukranians": 0.3254237288135593, "Southern Russians": 0.507177033492823, "Northen Russians": 0.6410684474123539, "Belarusians": 0.34418604651162793}, "skipped_nodes": 37, "memory_allocated_MB": 18.18896484375, "memory_reserved_MB": 56.0, "model_name": "GL_TAGConv_3l_128h_w_k3"}