{"f1_macro": 0.9594968447148975, "f1_weighted": 0.96542092620524, "accuracy": 0.9658119658119658, "class_scores": {"Chechens": 1.0, "Kabardians, Circassians, Adyghes": 0.9655172413793104, "Karachays, Balkars": 0.9411764705882353, "Ingush": 1.0, "Dagestan peoples": 0.9803921568627451, "Ossetians": 0.9, "Kumyks": 1.0, "Nogais": 0.8888888888888888}, "skipped_nodes": 1, "model_name": "GL_TAGConv_3l_512h_w_k3"}