{"f1_macro": 0.40585374216500153, "f1_weighted": 0.4987431515510994, "precision_macro": 0.39873440223873746, "precision_weighted": 0.4666794151707446, "recall_macro": 0.4422357723819508, "recall_weighted": 0.5610810810810811, "accuracy": 0.5610810810810811, "class_scores": {"Southern Russians": 0.587088915956151, "Ukranians": 0.0, "Northen Russians": 0.7492447129909365, "Belarusians": 0.28708133971291866}, "skipped_nodes": 0, "memory_allocated_MB": 166.056640625, "memory_reserved_MB": 576.0, "model_name": "GL_TAGConv_9l_512h_w_k3"}