{"f1_macro": 0.8952570788645224, "f1_weighted": 0.9674540090172554, "precision_macro": 0.891862000660284, "precision_weighted": 0.9708824917413874, "recall_macro": 0.9149000736983569, "recall_weighted": 0.9662576687116564, "accuracy": 0.9662576687116564, "class_scores": {"Udmurts,Besermyan": 0.9090909090909091, "Tatars,Volga-Tatars,Mishar-Tatars,Kryashens": 0.9828326180257511, "Chuvash": 0.9618320610687023, "Mari": 0.7272727272727273}, "skipped_nodes": 0, "memory_allocated_MB": 36.646484375, "memory_reserved_MB": 182.0, "model_name": "GL_TAGConv_3l_512h_w_k3_gnorm"}