{"f1_macro": 0.7948881011954406, "f1_weighted": 0.8828262475565913, "precision_macro": 0.7819028000612741, "precision_weighted": 0.9085565938097119, "recall_macro": 0.8352216453074822, "recall_weighted": 0.8753894080996885, "accuracy": 0.8753894080996885, "class_scores": {"P0": 0.9166666666666666, "P1": 0.9174311926605505, "P2": 0.8, "P3": 0.5454545454545454}, "skipped_nodes": 4, "model_name": "LongestIbd"}