{"f1_macro": 0.5151626980116184, "f1_weighted": 0.5633754705547803, "precision_macro": 0.5134458184563198, "precision_weighted": 0.5658114296537422, "recall_macro": 0.5191348586838377, "recall_weighted": 0.5628415300546448, "accuracy": 0.5628415300546448, "class_scores": {"Ukranians": 0.3569023569023569, "Southern Russians": 0.5794701986754967, "Northen Russians": 0.7104851330203443, "Belarusians": 0.41379310344827586}, "skipped_nodes": 8, "memory_allocated_MB": 21.49560546875, "memory_reserved_MB": 104.0, "model_name": "GL_SAGEConv_9l_128h"}