{"f1_macro": 0.5117030798328311, "f1_weighted": 0.5712704640584315, "precision_macro": 0.5374408981419032, "precision_weighted": 0.570881756981174, "recall_macro": 0.5133471060007792, "recall_weighted": 0.591187270501836, "accuracy": 0.591187270501836, "class_scores": {"Ukranians": 0.2247191011235955, "Southern Russians": 0.6234177215189873, "Northen Russians": 0.6986754966887417, "Belarusians": 0.5}, "skipped_nodes": 66, "memory_allocated_MB": 36.68505859375, "memory_reserved_MB": 208.0, "model_name": "GL_TAGConv_3l_512h_nw_k3_gnorm_leaky_relu"}