{"f1_macro": 0.9237335276089278, "f1_weighted": 0.9532127511286871, "accuracy": 0.9545454545454546, "class_scores": {"English": 0.9786780383795309, "Germans": 0.9294605809128631, "French": 0.8592592592592593, "Belgium": 0.927536231884058}, "skipped_nodes": 43, "model_name": "GL_GATConv_9l_128h"}