{"f1_macro": 0.8275543031251342, "f1_weighted": 0.9063402262449307, "accuracy": 0.9094955489614244, "class_scores": {"English": 0.9684439608269858, "Germans": 0.7542857142857143, "French": 0.6610169491525424, "Belgium": 0.9264705882352942}, "skipped_nodes": 95, "model_name": "GL_GATConv_3l_512h"}