{"f1_macro": 0.30691447952969864, "f1_weighted": 0.4176267128087697, "precision_macro": 0.3423501281940483, "precision_weighted": 0.41118186444865207, "recall_macro": 0.3726227872186823, "recall_weighted": 0.5086580086580087, "accuracy": 0.5086580086580087, "class_scores": {"Southern Russians": 0.5625744934445769, "Ukranians": 0.012422360248447204, "Northen Russians": 0.6526610644257703, "Belarusians": 0.0}, "skipped_nodes": 1, "memory_allocated_MB": 19.56201171875, "memory_reserved_MB": 80.0, "model_name": "GL_SAGEConv_3l_128h"}