{"f1_macro": 0.8848577778810337, "f1_weighted": 0.8944579141788443, "accuracy": 0.895, "class_scores": {"Swedes": 0.8951048951048951, "Norwegians": 0.9023255813953488, "Danes": 0.8571428571428571}, "skipped_nodes": 15, "model_name": "GL_GATConv_9l_512h"}