{"f1_macro": 0.8450982876547773, "f1_weighted": 0.9124204055179329, "precision_macro": 0.8498924731182795, "precision_weighted": 0.914459967509863, "recall_macro": 0.8458151114504304, "recall_weighted": 0.9136690647482014, "accuracy": 0.9136690647482014, "class_scores": {"English": 0.9652173913043478, "Germans": 0.8252427184466019, "French": 0.6885245901639344, "Belgium": 0.9014084507042254}, "skipped_nodes": 74, "memory_allocated_MB": 27.31103515625, "memory_reserved_MB": 190.0, "model_name": "GL_SAGEConv_3l_512h"}