{"f1_macro": 0.7645309189200123, "f1_weighted": 0.8507351864601552, "precision_macro": 0.7575757575757576, "precision_weighted": 0.8764880952380952, "recall_macro": 0.7906010536398467, "recall_weighted": 0.8482142857142857, "accuracy": 0.8482142857142857, "class_scores": {"Chechens": 0.8, "Kabardians, Circassians, Adyghes": 0.9056603773584906, "Karachays, Balkars": 0.8717948717948718, "Ingush": 0.8571428571428571, "Dagestan peoples": 0.8292682926829268, "Ossetians": 0.9523809523809523, "Kumyks": 0.5, "Nogais": 0.4}, "skipped_nodes": 6, "memory_allocated_MB": 51.97509765625, "memory_reserved_MB": 226.0, "model_name": "GL_GCNConv_9l_512h_w"}