{"f1_macro": 0.46021182209248734, "f1_weighted": 0.5124119008296205, "precision_macro": 0.45879714900243546, "precision_weighted": 0.5144382867014133, "recall_macro": 0.46357353096899534, "recall_weighted": 0.5127314814814815, "accuracy": 0.5127314814814815, "class_scores": {"Ukranians": 0.31802120141342755, "Southern Russians": 0.5, "Northen Russians": 0.675, "Belarusians": 0.34782608695652173}, "skipped_nodes": 41, "memory_allocated_MB": 25.7041015625, "memory_reserved_MB": 104.0, "model_name": "GL_TAGConv_9l_128h_w_k3"}