{"f1_macro": 0.828745415844014, "f1_weighted": 0.908713601465368, "precision_macro": 0.8711090897437178, "precision_weighted": 0.9096502042287351, "recall_macro": 0.804099817732894, "recall_weighted": 0.914651493598862, "accuracy": 0.914651493598862, "class_scores": {"English": 0.9700214132762313, "Germans": 0.8284518828451883, "French": 0.6060606060606061, "Belgium": 0.9104477611940298}, "skipped_nodes": 66, "memory_allocated_MB": 19.01025390625, "memory_reserved_MB": 192.0, "f1_macro_score_only_mask_connect": 0.7086646598938082, "f1_macro_score_only_not_mask_connect": 0.7738095238095237, "f1_macro_score_mixed_connect": 0.9177139146049995, "only_mask_connect_sum": 168.0, "only_not_mask_connect_sum": 45.0, "mixed_connect_sum": 490.0, "model_name": "GL_TAGConv_3l_128h_w_k3"}