{"f1_macro": 0.9572914896864319, "f1_weighted": 0.9577395838686256, "precision_macro": 0.9710627400768246, "precision_weighted": 0.9598720792531543, "recall_macro": 0.9459701032516566, "recall_weighted": 0.9577464788732394, "accuracy": 0.9577464788732394, "class_scores": {"Swedes": 0.958904109589041, "Norwegians": 0.9577464788732394, "Danes": 0.9552238805970149}, "skipped_nodes": 2, "memory_allocated_MB": 18.21435546875, "memory_reserved_MB": 82.0, "model_name": "GL_GINConv_3l_128h"}