{"f1_macro": 0.5949148363501879, "f1_weighted": 0.8012485673926779, "precision_macro": 0.5656035611416601, "precision_weighted": 0.7974802577578173, "recall_macro": 0.6318910256410256, "recall_weighted": 0.8080808080808081, "accuracy": 0.8080808080808081, "class_scores": {"Udmurts,Besermyan": 0.8235294117647058, "Tatars,Volga-Tatars,Mishar-Tatars,Kryashens": 0.8704156479217604, "Chuvash": 0.6857142857142857, "Mari": 0.0}, "skipped_nodes": 29, "model_name": "MaxEdgeCount"}