{"f1_macro": 0.9302284958587276, "f1_weighted": 0.9574216137171038, "precision_macro": 0.9435938515402242, "precision_weighted": 0.9578467459532499, "recall_macro": 0.9192739520038149, "recall_weighted": 0.9583911234396671, "accuracy": 0.9583911234396671, "class_scores": {"English": 0.9807280513918629, "Germans": 0.926829268292683, "French": 0.8503937007874016, "Belgium": 0.9629629629629629}, "skipped_nodes": 48, "memory_allocated_MB": 17.75927734375, "memory_reserved_MB": 46.0, "model_name": "GL_SAGEConv_3l_128h"}