{"f1_macro": 0.4178129837991126, "f1_weighted": 0.6751572859379608, "accuracy": 0.764629388816645, "class_scores": {"P0": 0.8687440982058546, "P1": 0.8025078369905956, "P2": 0.0, "P3": 0.0}, "skipped_nodes": 0, "model_name": "GL_GCNConv_3l_512h_w"}