{"f1_macro": 0.9415332882786358, "f1_weighted": 0.9428005497615005, "accuracy": 0.9428571428571428, "class_scores": {"Swedes": 0.9473684210526315, "Norwegians": 0.941747572815534, "Danes": 0.9354838709677419}, "skipped_nodes": 5, "model_name": "GL_TAGConv_3l_512h_w_k3_gnorm"}