{"f1_macro": 0.9001160308177852, "f1_weighted": 0.9124652576955209, "precision_macro": 0.9258691723644995, "precision_weighted": 0.9149858611015153, "recall_macro": 0.8817907227615965, "recall_weighted": 0.9134615384615384, "accuracy": 0.9134615384615384, "class_scores": {"Swedes": 0.9342105263157895, "Norwegians": 0.9142857142857143, "Danes": 0.8518518518518519}, "skipped_nodes": 7, "memory_allocated_MB": 337.3115234375, "memory_reserved_MB": 730.0, "model_name": "GL_GATConv_9l_512h"}