{"f1_macro": 0.8591881774499944, "f1_weighted": 0.9679535431521635, "precision_macro": 0.9798225260253355, "precision_weighted": 0.9728979862249817, "recall_macro": 0.821969696969697, "recall_weighted": 0.9723926380368099, "accuracy": 0.9723926380368099, "class_scores": {"Udmurts,Besermyan": 1.0, "Tatars,Volga-Tatars,Mishar-Tatars,Kryashens": 0.9893842887473461, "Chuvash": 0.9473684210526315, "Mari": 0.5}, "skipped_nodes": 0, "memory_allocated_MB": 25.11328125, "memory_reserved_MB": 164.0, "model_name": "GL_TAGConv_9l_128h_w_k3"}