{"f1_macro": 0.24622793698994117, "f1_weighted": 0.6727074205300828, "precision_macro": 0.235801393728223, "precision_weighted": 0.6544996900451039, "recall_macro": 0.2691940867906533, "recall_weighted": 0.6932515337423313, "accuracy": 0.6932515337423313, "class_scores": {"Udmurts,Besermyan": 0.0, "Tatars,Volga-Tatars,Mishar-Tatars,Kryashens": 0.9394572025052192, "Chuvash": 0.0, "Mari": 0.045454545454545456}, "skipped_nodes": 0, "memory_allocated_MB": 21.6533203125, "memory_reserved_MB": 160.0, "model_name": "GL_GINConv_9l_128h"}