{"f1_macro": 0.5062975906116113, "f1_weighted": 0.5781306159127498, "precision_macro": 0.534529673938541, "precision_weighted": 0.8496319450140962, "recall_macro": 0.7460603893007326, "recall_weighted": 0.5245398773006135, "accuracy": 0.5245398773006135, "class_scores": {"Udmurts,Besermyan": 0.6808510638297872, "Tatars,Volga-Tatars,Mishar-Tatars,Kryashens": 0.5749235474006116, "Chuvash": 0.6198830409356725, "Mari": 0.14953271028037382}, "skipped_nodes": 0, "model_name": "MaxEdgeCountPerClassSize"}