{"f1_macro": 0.09913372781065088, "f1_weighted": 0.1526411900065746, "accuracy": 0.3107638888888889, "class_scores": {"krasnodar": 0.023668639053254437, "yaroslavl": 0.0, "ryazan": 0.472, "kaluga": 0.0, "vologda": 0.0}, "skipped_nodes": 0, "model_name": "GL_GINConv_9l_128h"}