{"f1_macro": 0.6286856905771713, "f1_weighted": 0.769833359082852, "precision_macro": 0.6281862745098039, "precision_weighted": 0.788199964670553, "recall_macro": 0.6479132625272331, "recall_weighted": 0.7837837837837838, "accuracy": 0.7837837837837838, "class_scores": {"Chechens": 0.8823529411764706, "Kabardians, Circassians, Adyghes": 0.7727272727272727, "Karachays, Balkars": 0.9411764705882353, "Ingush": 0.9090909090909091, "Dagestan peoples": 0.7241379310344828, "Ossetians": 0.8, "Kumyks": 0.0, "Nogais": 0.0}, "skipped_nodes": 7, "memory_allocated_MB": 23.69384765625, "memory_reserved_MB": 182.0, "f1_macro_score_only_mask_connect": 0.125, "f1_macro_score_only_not_mask_connect": 0.3333333333333333, "f1_macro_score_mixed_connect": 0.6749462015667511, "only_mask_connect_sum": 22.0, "only_not_mask_connect_sum": 6.0, "mixed_connect_sum": 83.0, "model_name": "GL_MLP_3l_512h"}