{"f1_macro": 0.2371079361569674, "f1_weighted": 0.2861257631432907, "accuracy": 0.30550621669627, "class_scores": {"krasnodar": 0.3102310231023102, "yaroslavl": 0.08403361344537816, "ryazan": 0.4507042253521127, "kaluga": 0.18404907975460122, "vologda": 0.1565217391304348}, "skipped_nodes": 13, "model_name": "GL_TAGConv_3l_512h_w_k3_gnorm"}