{"f1_macro": 0.9684423111349802, "f1_weighted": 0.9738280216262707, "precision_macro": 0.9754879135165238, "precision_weighted": 0.974403453919028, "recall_macro": 0.9625196678904465, "recall_weighted": 0.9741847826086957, "accuracy": 0.9741847826086957, "class_scores": {"P0": 0.9838882921589689, "P1": 0.9375, "P2": 0.9523809523809523, "P3": 1.0}, "skipped_nodes": 26, "memory_allocated_MB": 341.29248046875, "memory_reserved_MB": 2878.0, "model_name": "GL_GATConv_9l_512h"}