{"f1_macro": 0.9474493517614805, "f1_weighted": 0.9531313978221148, "accuracy": 0.9534883720930233, "class_scores": {"Swedes": 0.9459459459459459, "Norwegians": 0.966824644549763, "Danes": 0.9295774647887324}, "skipped_nodes": 0, "model_name": "GL_TAGConv_3l_512h_w_k3"}