{"f1_macro": 0.9498440748440747, "f1_weighted": 0.958085142387468, "precision_macro": 0.9511421401832361, "precision_weighted": 0.9582390509564769, "recall_macro": 0.9487227032858101, "recall_weighted": 0.958139534883721, "accuracy": 0.958139534883721, "class_scores": {"Swedes": 0.9594594594594594, "Norwegians": 0.9711538461538461, "Danes": 0.918918918918919}, "skipped_nodes": 0, "memory_allocated_MB": 37.373046875, "memory_reserved_MB": 124.0, "model_name": "GL_TAGConv_3l_512h_w_k3"}