{"f1_macro": 0.5388284519306324, "f1_weighted": 0.7168068817225983, "precision_macro": 0.5577113858363858, "precision_weighted": 0.7442318218180287, "recall_macro": 0.5279017857142857, "recall_weighted": 0.7011494252873564, "accuracy": 0.7011494252873564, "class_scores": {"Chechens": 0.6896551724137931, "Kabardians, Circassians, Adyghes": 0.6666666666666666, "Karachays, Balkars": 0.8666666666666667, "Ingush": 0.625, "Dagestan peoples": 0.7567567567567568, "Ossetians": 0.7058823529411765, "Kumyks": 0.0, "Nogais": 0.0}, "skipped_nodes": 31, "memory_allocated_MB": 101.94775390625, "memory_reserved_MB": 144.0, "model_name": "GL_GINConv_9l_512h"}