{"f1_macro": 0.934571649906243, "f1_weighted": 0.9442314135580876, "accuracy": 0.9441860465116279, "class_scores": {"P0": 0.9261744966442953, "P1": 0.970873786407767, "P2": 0.9066666666666666}, "skipped_nodes": 0, "model_name": "GL_SAGEConv_3l_512h"}