{"f1_macro": 0.6844032267749878, "f1_weighted": 0.8228585612991344, "accuracy": 0.8529819694868238, "class_scores": {"English": 0.9426229508196722, "Germans": 0.6612903225806451, "French": 0.20512820512820512, "Belgium": 0.9285714285714286}, "skipped_nodes": 48, "model_name": "GL_GINConv_9l_128h"}