{"f1_macro": 0.7341094442604074, "f1_weighted": 0.9195303138388338, "precision_macro": 0.9362615072554221, "precision_weighted": 0.9411519102188474, "recall_macro": 0.722041847041847, "recall_weighted": 0.9259259259259259, "accuracy": 0.9259259259259259, "class_scores": {"Udmurts,Besermyan": 0.9090909090909091, "Tatars,Volga-Tatars,Mishar-Tatars,Kryashens": 0.9646017699115044, "Chuvash": 0.8627450980392157, "Mari": 0.2}, "skipped_nodes": 2, "model_name": "MaxIbdSum"}