{"f1_macro": 0.9412943699308931, "f1_weighted": 0.9474554571956848, "precision_macro": 0.962021654682205, "precision_weighted": 0.9497622105778981, "recall_macro": 0.9252446798077867, "recall_weighted": 0.9478672985781991, "accuracy": 0.9478672985781991, "class_scores": {"Swedes": 0.9530201342281879, "Norwegians": 0.9528301886792453, "Danes": 0.9180327868852459}, "skipped_nodes": 4, "memory_allocated_MB": 17.85205078125, "memory_reserved_MB": 48.0, "model_name": "GL_TAGConv_3l_128h_w_k3"}