{"f1_macro": 0.622443027611929, "f1_weighted": 0.696345527540082, "precision_macro": 0.6033224587912088, "precision_weighted": 0.8743274076383739, "recall_macro": 0.8792593315125504, "recall_weighted": 0.6625766871165644, "accuracy": 0.6625766871165644, "class_scores": {"Udmurts,Besermyan": 0.8181818181818182, "Tatars,Volga-Tatars,Mishar-Tatars,Kryashens": 0.6946778711484594, "Chuvash": 0.7303370786516854, "Mari": 0.2465753424657534}, "skipped_nodes": 0, "model_name": "MaxEdgeCountPerClassSize"}