{"f1_macro": 0.7367551659974038, "f1_weighted": 0.830420423067767, "precision_macro": 0.8219968420060333, "precision_weighted": 0.8499329096045198, "recall_macro": 0.7065879579064163, "recall_weighted": 0.8389830508474576, "accuracy": 0.8389830508474576, "class_scores": {"Chechens": 0.7906976744186046, "Kabardians, Circassians, Adyghes": 0.8852459016393442, "Karachays, Balkars": 0.8823529411764706, "Ingush": 0.625, "Dagestan peoples": 0.9615384615384616, "Ossetians": 0.7777777777777778, "Kumyks": 0.4, "Nogais": 0.5714285714285714}, "skipped_nodes": 0, "memory_allocated_MB": 37.1298828125, "memory_reserved_MB": 234.0, "model_name": "GL_GATConv_9l_128h"}