{"f1_macro": 0.8935185185185185, "f1_weighted": 0.978829112264695, "precision_macro": 0.9833795868023435, "precision_weighted": 0.9821807801229264, "recall_macro": 0.8573232323232323, "recall_weighted": 0.9815950920245399, "accuracy": 0.9815950920245399, "class_scores": {"Udmurts,Besermyan": 1.0, "Tatars,Volga-Tatars,Mishar-Tatars,Kryashens": 0.9957264957264957, "Chuvash": 0.9629629629629629, "Mari": 0.6153846153846154}, "skipped_nodes": 0, "memory_allocated_MB": 36.59521484375, "memory_reserved_MB": 258.0, "model_name": "GL_TAGConv_3l_512h_w_k3"}