{"f1_macro": 0.8233956961162844, "f1_weighted": 0.9134739734063083, "precision_macro": 0.8139458384332925, "precision_weighted": 0.9232487741325064, "recall_macro": 0.841104174795162, "recall_weighted": 0.911042944785276, "accuracy": 0.911042944785276, "class_scores": {"P0": 0.918918918918919, "P1": 0.9464285714285714, "P2": 0.84, "P3": 0.5882352941176471}, "skipped_nodes": 0, "model_name": "LongestIbd"}