{"f1_macro": 0.5728482761094966, "f1_weighted": 0.7181269369165879, "precision_macro": 0.5264848484848484, "precision_weighted": 0.6592069995731968, "recall_macro": 0.6282632146709817, "recall_weighted": 0.7887323943661971, "accuracy": 0.7887323943661971, "class_scores": {"Swedes": 0.8588957055214724, "Norwegians": 0.8596491228070176, "Danes": 0.0}, "skipped_nodes": 2, "memory_allocated_MB": 101.7939453125, "memory_reserved_MB": 176.0, "model_name": "GL_GINConv_9l_512h"}