{"f1_macro": 0.6177562909639632, "f1_weighted": 0.7469587246536489, "precision_macro": 0.7096959265633965, "precision_weighted": 0.7590684670270621, "recall_macro": 0.6505470796732933, "recall_weighted": 0.8028169014084507, "accuracy": 0.8028169014084507, "class_scores": {"Swedes": 0.8860759493670886, "Norwegians": 0.8646288209606987, "Danes": 0.10256410256410256}, "skipped_nodes": 2, "memory_allocated_MB": 101.876953125, "memory_reserved_MB": 276.0, "model_name": "GL_GINConv_9l_512h"}