{"f1_macro": 0.8336032844179765, "f1_weighted": 0.9169444172535615, "precision_macro": 0.9050053819964388, "precision_weighted": 0.9260268313327353, "recall_macro": 0.8084960940376217, "recall_weighted": 0.9235294117647059, "accuracy": 0.9235294117647059, "class_scores": {"English": 0.9750812567713976, "Germans": 0.8235294117647058, "French": 0.6172839506172839, "Belgium": 0.9185185185185185}, "skipped_nodes": 89, "memory_allocated_MB": 18.29248046875, "memory_reserved_MB": 60.0, "f1_macro_score_only_mask_connect": 0.6468599936341872, "f1_macro_score_only_not_mask_connect": 0.900218716552655, "f1_macro_score_mixed_connect": 0.954187445753711, "only_mask_connect_sum": 145.0, "only_not_mask_connect_sum": 74.0, "mixed_connect_sum": 461.0, "model_name": "GL_GINConv_3l_128h"}