{"f1_macro": 0.9327862855808391, "f1_weighted": 0.9580756261518371, "precision_macro": 0.9461178303666924, "precision_weighted": 0.9590825495093845, "recall_macro": 0.9227361964686372, "recall_weighted": 0.9589603283173734, "accuracy": 0.9589603283173734, "class_scores": {"English": 0.9838536060279871, "Germans": 0.9140625, "French": 0.8970588235294118, "Belgium": 0.9361702127659575}, "skipped_nodes": 38, "memory_allocated_MB": 28.12890625, "memory_reserved_MB": 92.0, "f1_macro_score_only_mask_connect": -100.0, "f1_macro_score_only_not_mask_connect": -100.0, "f1_macro_score_mixed_connect": -100.0, "only_mask_connect_sum": -100.0, "only_not_mask_connect_sum": -100.0, "mixed_connect_sum": -100.0, "model_name": "GL_SAGEConv_9l_128h_de"}