{"f1_macro": 0.6452145993578966, "f1_weighted": 0.7215126500557547, "precision_macro": 0.6310226930139502, "precision_weighted": 0.8774327304741365, "recall_macro": 0.8721225126804526, "recall_weighted": 0.6809815950920245, "accuracy": 0.6809815950920245, "class_scores": {"P0": 0.9, "P1": 0.7336956521739131, "P2": 0.6936416184971098, "P3": 0.2535211267605634}, "skipped_nodes": 0, "model_name": "MaxIbdSumPerClassSize"}