{"f1_macro": 0.4641073655688701, "f1_weighted": 0.5318297039106837, "precision_macro": 0.5244304782985398, "precision_weighted": 0.542635370594908, "recall_macro": 0.4662188927181431, "recall_weighted": 0.565483476132191, "accuracy": 0.565483476132191, "class_scores": {"Ukranians": 0.16149068322981366, "Southern Russians": 0.5938009787928222, "Northen Russians": 0.672566371681416, "Belarusians": 0.42857142857142855}, "skipped_nodes": 66, "memory_allocated_MB": 51.45068359375, "memory_reserved_MB": 216.0, "model_name": "GL_GCNConv_9l_512h_w"}