{"f1_macro": 0.5354649518318877, "f1_weighted": 0.5826313888129783, "precision_macro": 0.5501347204456011, "precision_weighted": 0.5934070565368186, "recall_macro": 0.5437274633533734, "recall_weighted": 0.5884279475982532, "accuracy": 0.5884279475982532, "class_scores": {"Ukranians": 0.3770491803278688, "Southern Russians": 0.5892255892255892, "Northen Russians": 0.7373134328358208, "Belarusians": 0.4382716049382716}, "skipped_nodes": 7, "memory_allocated_MB": 97.8564453125, "memory_reserved_MB": 1460.0, "model_name": "GL_GATConv_3l_512h"}