{"f1_macro": 0.7594352871877895, "f1_weighted": 0.8827909064318222, "accuracy": 0.8819875776397516, "class_scores": {"Udmurts,Besermyan": 0.8484848484848485, "Tatars,Volga-Tatars,Mishar-Tatars,Kryashens": 0.9251700680272109, "Chuvash": 0.802547770700637, "Mari": 0.46153846153846156}, "skipped_nodes": 4, "model_name": "MaxSegmentCount"}