{"f1_macro": 0.9286073403720462, "f1_weighted": 0.934604107638742, "precision_macro": 0.939344976164283, "precision_weighted": 0.9367404614293204, "recall_macro": 0.9209528946422151, "recall_weighted": 0.9345794392523364, "accuracy": 0.9345794392523364, "class_scores": {"Swedes": 0.9230769230769231, "Norwegians": 0.9509803921568627, "Danes": 0.9117647058823529}, "skipped_nodes": 1, "memory_allocated_MB": 19.99951171875, "memory_reserved_MB": 180.0, "f1_macro_score_only_mask_connect": 0.9111111111111111, "f1_macro_score_only_not_mask_connect": 0.7777777777777777, "f1_macro_score_mixed_connect": 0.9253650635560183, "only_mask_connect_sum": 11.0, "only_not_mask_connect_sum": 7.0, "mixed_connect_sum": 196.0, "model_name": "GL_GINConv_3l_128h"}