{"f1_macro": 0.4863309822361547, "f1_weighted": 0.5620289509590072, "precision_macro": 0.5944100066240765, "precision_weighted": 0.5961777346061866, "recall_macro": 0.48869504589334944, "recall_weighted": 0.5971631205673759, "accuracy": 0.5971631205673759, "class_scores": {"Northen Russians": 0.7003367003367004, "Ukranians": 0.15517241379310345, "Belarusians": 0.475, "Southern Russians": 0.6148148148148148}, "skipped_nodes": 105, "memory_allocated_MB": 20.724609375, "memory_reserved_MB": 58.0, "model_name": "GL_SAGEConv_9l_128h"}