{"f1_macro": 0.9582055371529057, "f1_weighted": 0.9621763624728785, "accuracy": 0.9624413145539906, "class_scores": {"Swedes": 0.9736842105263158, "Norwegians": 0.9615384615384616, "Danes": 0.9393939393939394}, "skipped_nodes": 2, "model_name": "GL_GCNConv_9l_128h_w"}