{"f1_macro": 0.8503164653839678, "f1_weighted": 0.9187379856788219, "accuracy": 0.9200603318250377, "class_scores": {"English": 0.9683060109289617, "Germans": 0.8111111111111111, "French": 0.7142857142857143, "Belgium": 0.907563025210084}, "skipped_nodes": 106, "model_name": "GL_TAGConv_3l_512h_w_k3_gnorm"}