{"f1_macro": 0.7108265965816448, "f1_weighted": 0.9432928052142519, "accuracy": 0.9570552147239264, "class_scores": {"P0": 0.9090909090909091, "P1": 0.9789915966386554, "P2": 0.9552238805970149, "P3": 0.0}, "skipped_nodes": 0, "model_name": "MaxEdgeCount"}