{"f1_macro": 0.7549824822627847, "f1_weighted": 0.8743146896780377, "accuracy": 0.8680981595092024, "class_scores": {"P0": 0.8888888888888888, "P1": 0.9124423963133641, "P2": 0.7975460122699386, "P3": 0.42105263157894735}, "skipped_nodes": 0, "model_name": "LongestIbd"}