{"f1_macro": 0.729839968774395, "f1_weighted": 0.8463197449026846, "accuracy": 0.864406779661017, "class_scores": {"P0": 1.0, "P1": 0.819672131147541, "P2": 1.0, "P3": 1.0, "P4": 0.7857142857142857, "P5": 0.9, "P6": 0.0, "P7": 0.3333333333333333}, "skipped_nodes": 0, "model_name": "GL_SAGEConv_3l_512h"}