{"f1_macro": 0.9280635977345746, "f1_weighted": 0.938831420549689, "accuracy": 0.9395348837209302, "class_scores": {"Swedes": 0.9452054794520548, "Norwegians": 0.9532710280373832, "Danes": 0.8857142857142857}, "skipped_nodes": 0, "model_name": "GL_GINConv_3l_512h"}