{"f1_macro": 0.9101051390262765, "f1_weighted": 0.9035477533395864, "accuracy": 0.9051724137931034, "class_scores": {"Chechens": 0.8823529411764706, "Kabardians, Circassians, Adyghes": 0.8813559322033898, "Karachays, Balkars": 0.9090909090909091, "Ingush": 1.0, "Dagestan peoples": 0.9056603773584906, "Ossetians": 0.9523809523809523, "Kumyks": 1.0, "Nogais": 0.75}, "skipped_nodes": 2, "model_name": "GL_TAGConv_3l_512h_w_k3_gnorm_leaky_relu"}