{"f1_macro": 0.4877281255567232, "f1_weighted": 0.5392008599464637, "precision_macro": 0.4892526940286734, "precision_weighted": 0.5459097041659858, "recall_macro": 0.49739803094233476, "recall_weighted": 0.5396308360477742, "accuracy": 0.5396308360477742, "class_scores": {"Ukranians": 0.2857142857142857, "Southern Russians": 0.5493421052631579, "Northen Russians": 0.712241653418124, "Belarusians": 0.4036144578313253}, "skipped_nodes": 2, "memory_allocated_MB": 340.30126953125, "memory_reserved_MB": 3268.0, "model_name": "GL_GATConv_9l_512h"}