{"f1_macro": 0.8215549981245311, "f1_weighted": 0.945510827938466, "precision_macro": 0.8506864439324118, "precision_weighted": 0.9446932900001898, "recall_macro": 0.7974121580612996, "recall_weighted": 0.9475308641975309, "accuracy": 0.9475308641975309, "class_scores": {"P0": 0.9032258064516129, "P1": 0.9767441860465116, "P2": 0.90625, "P3": 0.5}, "skipped_nodes": 1, "memory_allocated_MB": 0.00048828125, "memory_reserved_MB": 24.0, "f1_macro_score_only_mask_connect": -100.0, "f1_macro_score_only_not_mask_connect": -100.0, "f1_macro_score_mixed_connect": -100.0, "only_mask_connect_sum": -100.0, "only_not_mask_connect_sum": -100.0, "mixed_connect_sum": -100.0, "model_name": "GL_LR"}