{"f1_macro": 0.49174593883160506, "f1_weighted": 0.5723940753974623, "precision_macro": 0.49804368844038915, "precision_weighted": 0.8292321705350203, "recall_macro": 0.7355800494212511, "recall_weighted": 0.5429447852760736, "accuracy": 0.5429447852760736, "class_scores": {"Udmurts,Besermyan": 0.631578947368421, "Tatars,Volga-Tatars,Mishar-Tatars,Kryashens": 0.5835866261398176, "Chuvash": 0.57, "Mari": 0.18181818181818182}, "skipped_nodes": 0, "model_name": "MaxEdgeCountPerClassSize"}