{"f1_macro": 0.8501297400558405, "f1_weighted": 0.9095888312044292, "accuracy": 0.9159935379644588, "class_scores": {"English": 0.9487459105779716, "Germans": 0.75177304964539, "French": 0.7666666666666667, "Belgium": 0.9333333333333333}, "skipped_nodes": 150, "model_name": "GL_SAGEConv_3l_128h"}