{"f1_macro": 0.7249559908769163, "f1_weighted": 0.8265868448187189, "precision_macro": 0.8509474797477413, "precision_weighted": 0.888078171977056, "recall_macro": 0.7161349315132004, "recall_weighted": 0.8184438040345822, "accuracy": 0.8184438040345822, "class_scores": {"English": 0.9138920780711826, "Germans": 0.63125, "French": 0.5301204819277109, "Belgium": 0.8245614035087719}, "skipped_nodes": 75, "memory_allocated_MB": 19.0888671875, "memory_reserved_MB": 196.0, "model_name": "GL_MLP_9l_128h"}