{"f1_macro": 0.5822954774341893, "f1_weighted": 0.6293869646593327, "precision_macro": 0.5963769331322968, "precision_weighted": 0.6265741504344454, "recall_macro": 0.5758895150016675, "recall_weighted": 0.638136511375948, "accuracy": 0.638136511375948, "class_scores": {"Southern Russians": 0.6717325227963525, "Ukranians": 0.4142857142857143, "Northen Russians": 0.7514970059880239, "Belarusians": 0.49166666666666664}, "skipped_nodes": 2, "memory_allocated_MB": 36.6865234375, "memory_reserved_MB": 360.0, "model_name": "GL_TAGConv_3l_512h_w_k3_gnorm"}