{"f1_macro": 0.5624152252516041, "f1_weighted": 0.6429617050566293, "accuracy": 0.5916030534351145, "class_scores": {"Udmurts,Besermyan": 0.8181818181818182, "Tatars,Volga-Tatars,Mishar-Tatars,Kryashens": 0.6859205776173285, "Chuvash": 0.5421686746987951, "Mari": 0.2033898305084746}, "skipped_nodes": 64, "model_name": "MaxIbdSumPerClassSize"}