{"f1_macro": 0.55924465279328, "f1_weighted": 0.5043673519261692, "accuracy": 0.4938650306748466, "class_scores": {"P0": 1.0, "P1": 0.45695364238410596, "P2": 0.5777777777777777, "P3": 0.20224719101123595}, "skipped_nodes": 0, "model_name": "MaxIbdSumPerClassSize"}