{"f1_macro": 0.5012287289798831, "f1_weighted": 0.6553309174934526, "precision_macro": 0.539166013584117, "precision_weighted": 0.7158744308852069, "recall_macro": 0.5123908327698895, "recall_weighted": 0.6607142857142857, "accuracy": 0.6607142857142857, "class_scores": {"Chechens": 0.723404255319149, "Kabardians, Circassians, Adyghes": 0.7169811320754716, "Karachays, Balkars": 0.7619047619047619, "Ingush": 0.5714285714285714, "Dagestan peoples": 0.6111111111111112, "Ossetians": 0.625, "Kumyks": 0.0, "Nogais": 0.0}, "skipped_nodes": 6, "memory_allocated_MB": 102.083984375, "memory_reserved_MB": 290.0, "model_name": "GL_GINConv_9l_512h"}