{"f1_macro": 0.7240399686520376, "f1_weighted": 0.9447456103236724, "precision_macro": 0.7088744588744589, "precision_weighted": 0.9346532812790481, "recall_macro": 0.741920275718559, "recall_weighted": 0.9570552147239264, "accuracy": 0.9570552147239264, "class_scores": {"Udmurts,Besermyan": 1.0, "Tatars,Volga-Tatars,Mishar-Tatars,Kryashens": 0.9870689655172413, "Chuvash": 0.9090909090909091, "Mari": 0.0}, "skipped_nodes": 0, "memory_allocated_MB": 26.43603515625, "memory_reserved_MB": 108.0, "model_name": "GL_SAGEConv_3l_512h"}