{"f1_macro": 0.723020138630748, "f1_weighted": 0.8271324503638604, "accuracy": 0.8189655172413793, "class_scores": {"English": 0.9149425287356322, "Germans": 0.64, "French": 0.5301204819277109, "Belgium": 0.8070175438596491}, "skipped_nodes": 73, "model_name": "GL_MLP_3l_512h"}