{"f1_macro": 0.12722132471728595, "f1_weighted": 0.17367158087083456, "precision_macro": 0.0853196099674973, "precision_weighted": 0.11647097352009382, "recall_macro": 0.25, "recall_weighted": 0.3412784398699892, "accuracy": 0.3412784398699892, "class_scores": {"Southern Russians": 0.0, "Ukranians": 0.0, "Northen Russians": 0.5088852988691438, "Belarusians": 0.0}, "skipped_nodes": 2, "memory_allocated_MB": 102.13916015625, "memory_reserved_MB": 234.0, "model_name": "GL_GINConv_9l_512h"}