{"f1_macro": 0.874530874633312, "f1_weighted": 0.912899019288835, "precision_macro": 0.8516304347826087, "precision_weighted": 0.9323019471859163, "recall_macro": 0.9116866085750206, "recall_weighted": 0.9079754601226994, "accuracy": 0.9079754601226994, "class_scores": {"P0": 1.0, "P1": 0.9384965831435079, "P2": 0.8227848101265823, "P3": 0.7368421052631579}, "skipped_nodes": 0, "model_name": "LongestIbd"}