{"f1_macro": 0.47852984135726473, "f1_weighted": 0.6197027968566636, "accuracy": 0.5709876543209876, "class_scores": {"P0": 0.5, "P1": 0.6647727272727273, "P2": 0.546448087431694, "P3": 0.2028985507246377}, "skipped_nodes": 1, "model_name": "MaxEdgeCountPerClassSize"}