{"f1_macro": 0.5564983672993381, "f1_weighted": 0.5283079762113653, "precision_macro": 0.6165334632878492, "precision_weighted": 0.8547899400853873, "recall_macro": 0.7924036502362682, "recall_weighted": 0.5061349693251533, "accuracy": 0.5061349693251533, "class_scores": {"P0": 0.972972972972973, "P1": 0.4919093851132686, "P2": 0.5833333333333334, "P3": 0.17777777777777778}, "skipped_nodes": 0, "model_name": "MaxIbdSumPerClassSize"}