{"f1_macro": 0.7105895245462394, "f1_weighted": 0.9373251866630049, "accuracy": 0.950920245398773, "class_scores": {"P0": 0.9411764705882353, "P1": 0.9769392033542977, "P2": 0.9242424242424242, "P3": 0.0}, "skipped_nodes": 0, "model_name": "MaxEdgeCount"}