{"f1_macro": 0.720737845732115, "f1_weighted": 0.7908656128479595, "accuracy": 0.8070175438596491, "class_scores": {"Chechens": 0.8717948717948718, "Kabardians, Circassians, Adyghes": 0.6938775510204082, "Karachays, Balkars": 0.7804878048780488, "Ingush": 0.9090909090909091, "Dagestan peoples": 0.9166666666666666, "Ossetians": 0.7368421052631579, "Kumyks": 0.0, "Nogais": 0.8571428571428571}, "skipped_nodes": 4, "model_name": "GL_GATConv_9l_512h"}