{"f1_macro": 0.28358062951760704, "f1_weighted": 0.32829076756573256, "accuracy": 0.34843205574912894, "class_scores": {"krasnodar": 0.4103896103896104, "yaroslavl": 0.11382113821138211, "ryazan": 0.4490861618798956, "kaluga": 0.11940298507462686, "vologda": 0.3252032520325203}, "skipped_nodes": 2, "model_name": "GL_MLP_9l_512h"}