{"f1_macro": 0.19537346711259754, "f1_weighted": 0.2672102202536985, "precision_macro": 0.18663939153629874, "precision_weighted": 0.2554182067584129, "recall_macro": 0.2831030627321008, "recall_weighted": 0.387027027027027, "accuracy": 0.387027027027027, "class_scores": {"Southern Russians": 0.21739130434782608, "Ukranians": 0.0, "Northen Russians": 0.5641025641025641, "Belarusians": 0.0}, "skipped_nodes": 0, "memory_allocated_MB": 36.77685546875, "memory_reserved_MB": 174.0, "f1_macro_score_only_mask_connect": 0.15714285714285714, "f1_macro_score_only_not_mask_connect": 0.0, "f1_macro_score_mixed_connect": 0.19604147322810275, "only_mask_connect_sum": 16.0, "only_not_mask_connect_sum": 1.0, "mixed_connect_sum": 908.0, "model_name": "GL_GINConv_9l_128h"}