{"f1_macro": 0.7900996638593705, "f1_weighted": 0.8716506498282984, "precision_macro": 0.7819888855661883, "precision_weighted": 0.8889466863930161, "recall_macro": 0.836542709037638, "recall_weighted": 0.868421052631579, "accuracy": 0.868421052631579, "class_scores": {"Chechens": 0.918918918918919, "Kabardians, Circassians, Adyghes": 0.8852459016393442, "Karachays, Balkars": 0.8484848484848485, "Ingush": 0.9523809523809523, "Dagestan peoples": 0.8636363636363636, "Ossetians": 0.9473684210526315, "Kumyks": 0.5714285714285714, "Nogais": 0.3333333333333333}, "skipped_nodes": 4, "memory_allocated_MB": 38.38720703125, "memory_reserved_MB": 76.0, "model_name": "GL_TAGConv_3l_512h_w_k3"}