{"f1_macro": 0.3939674203180511, "f1_weighted": 0.48600714835933184, "precision_macro": 0.5187586349820392, "precision_weighted": 0.5338594654339335, "recall_macro": 0.4218371267092243, "recall_weighted": 0.5459459459459459, "accuracy": 0.5459459459459459, "class_scores": {"Southern Russians": 0.5763546798029556, "Ukranians": 0.14659685863874344, "Northen Russians": 0.7109826589595376, "Belarusians": 0.14193548387096774}, "skipped_nodes": 0, "memory_allocated_MB": 31.04345703125, "memory_reserved_MB": 114.0, "f1_macro_score_only_mask_connect": 0.530952380952381, "f1_macro_score_only_not_mask_connect": 0.3333333333333333, "f1_macro_score_mixed_connect": 0.38562844476499625, "only_mask_connect_sum": 16.0, "only_not_mask_connect_sum": 2.0, "mixed_connect_sum": 907.0, "model_name": "GL_SAGEConv_9l_128h_de"}