{"f1_macro": 0.8272415766446404, "f1_weighted": 0.9690738038939477, "precision_macro": 0.9749498110533774, "precision_weighted": 0.9774499473129611, "recall_macro": 0.804477969348659, "recall_weighted": 0.9753846153846154, "accuracy": 0.9753846153846154, "class_scores": {"Udmurts,Besermyan": 1.0, "Tatars,Volga-Tatars,Mishar-Tatars,Kryashens": 0.9956896551724138, "Chuvash": 0.9496402877697842, "Mari": 0.36363636363636365}, "skipped_nodes": 1, "memory_allocated_MB": 0.00048828125, "memory_reserved_MB": 4.0, "f1_macro_score_only_mask_connect": NaN, "f1_macro_score_only_not_mask_connect": 0.8272415766446404, "f1_macro_score_mixed_connect": NaN, "only_mask_connect_sum": 0.0, "only_not_mask_connect_sum": 325.0, "mixed_connect_sum": 0.0, "model_name": "GL_LR"}