{"f1_macro": 0.8215630741438598, "f1_weighted": 0.9059752336368027, "precision_macro": 0.9194077116587636, "precision_weighted": 0.9240821357230894, "recall_macro": 0.7948064555272419, "recall_weighted": 0.916083916083916, "accuracy": 0.916083916083916, "class_scores": {"English": 0.973432518597237, "Germans": 0.8389513108614233, "French": 0.5591397849462365, "Belgium": 0.9147286821705426}, "skipped_nodes": 54, "memory_allocated_MB": 21.38671875, "memory_reserved_MB": 150.0, "model_name": "GL_GCNConv_3l_512h_w"}