{"f1_macro": 0.1297309621523028, "f1_weighted": 0.24465231305176582, "precision_macro": 0.16125, "precision_weighted": 0.29198198198198194, "recall_macro": 0.17708333333333334, "recall_weighted": 0.35135135135135137, "accuracy": 0.35135135135135137, "class_scores": {"Chechens": 0.0, "Kabardians, Circassians, Adyghes": 0.4496124031007752, "Karachays, Balkars": 0.0, "Ingush": 0.0, "Dagestan peoples": 0.5882352941176471, "Ossetians": 0.0, "Kumyks": 0.0, "Nogais": 0.0}, "skipped_nodes": 7, "memory_allocated_MB": 97.1650390625, "memory_reserved_MB": 296.0, "model_name": "GL_GATConv_3l_512h"}