{"f1_macro": 0.5338060689392036, "f1_weighted": 0.6876500171222746, "accuracy": 0.7064220183486238, "class_scores": {"Chechens": 0.7333333333333333, "Kabardians, Circassians, Adyghes": 0.72, "Karachays, Balkars": 0.7441860465116279, "Ingush": 0.75, "Dagestan peoples": 0.7346938775510204, "Ossetians": 0.5882352941176471, "Kumyks": 0.0, "Nogais": 0.0}, "skipped_nodes": 9, "model_name": "GL_GINConv_3l_128h"}