{"f1_macro": 0.5354356573572993, "f1_weighted": 0.7215688087053522, "precision_macro": 0.926513098464318, "precision_weighted": 0.8249002288293775, "recall_macro": 0.46730627222430504, "recall_weighted": 0.7694524495677233, "accuracy": 0.7694524495677233, "class_scores": {"English": 0.8526119402985075, "Germans": 0.6303030303030303, "French": 0.4155844155844156, "Belgium": 0.24324324324324326}, "skipped_nodes": 75, "memory_allocated_MB": 16.619140625, "memory_reserved_MB": 62.0, "model_name": "GL_GCNConv_3l_128h_w"}