{"f1_macro": 0.5570087358716017, "f1_weighted": 0.6095780122019733, "precision_macro": 0.5730431089161983, "precision_weighted": 0.6107581248109271, "recall_macro": 0.551358454503031, "recall_weighted": 0.6172972972972973, "accuracy": 0.6172972972972973, "class_scores": {"Southern Russians": 0.6446991404011462, "Ukranians": 0.417910447761194, "Northen Russians": 0.7543581616481775, "Belarusians": 0.41106719367588934}, "skipped_nodes": 0, "memory_allocated_MB": 46.01220703125, "memory_reserved_MB": 348.0, "f1_macro_score_only_mask_connect": -100.0, "f1_macro_score_only_not_mask_connect": -100.0, "f1_macro_score_mixed_connect": -100.0, "only_mask_connect_sum": -100.0, "only_not_mask_connect_sum": -100.0, "mixed_connect_sum": -100.0, "model_name": "GL_GINConv_3l_512h"}