{"f1_macro": 0.6267151855957298, "f1_weighted": 0.6269885134258202, "precision_macro": 0.6295669533169533, "precision_weighted": 0.63172656274929, "recall_macro": 0.6354002457052921, "recall_weighted": 0.6341991341991342, "accuracy": 0.6341991341991342, "class_scores": {"P0": 0.5415676959619953, "P1": 0.5357142857142857, "P2": 0.80859375, "P3": 0.6209850107066381}, "skipped_nodes": 0, "memory_allocated_MB": 38.9775390625, "memory_reserved_MB": 476.0, "model_name": "GL_TAGConv_3l_512h_w_k3_gnorm"}