{"f1_macro": 0.8480357889915393, "f1_weighted": 0.9115580745114807, "precision_macro": 0.893976048004125, "precision_weighted": 0.9176853268512182, "recall_macro": 0.8315327775839916, "recall_weighted": 0.9173553719008265, "accuracy": 0.9173553719008265, "class_scores": {"English": 0.9699570815450643, "Germans": 0.8296296296296296, "French": 0.6422018348623854, "Belgium": 0.950354609929078}, "skipped_nodes": 43, "memory_allocated_MB": 22.318359375, "memory_reserved_MB": 348.0, "f1_macro_score_only_mask_connect": 0.7099482172503755, "f1_macro_score_only_not_mask_connect": 1.0, "f1_macro_score_mixed_connect": 0.9490281970801124, "only_mask_connect_sum": 191.0, "only_not_mask_connect_sum": 26.0, "mixed_connect_sum": 509.0, "model_name": "GL_GATConv_3l_128h"}