{"f1_macro": 0.9923218109513613, "f1_weighted": 0.9968919783727787, "precision_macro": 0.9989316239316239, "precision_weighted": 0.9969456242462377, "recall_macro": 0.9861111111111112, "recall_weighted": 0.9969325153374233, "accuracy": 0.9969325153374233, "class_scores": {"Udmurts,Besermyan": 0.9714285714285714, "Tatars,Volga-Tatars,Mishar-Tatars,Kryashens": 0.9978586723768736, "Chuvash": 1.0, "Mari": 1.0}, "skipped_nodes": 0, "memory_allocated_MB": 30.45751953125, "memory_reserved_MB": 356.0, "model_name": "GL_SAGEConv_3l_512h"}