{"f1_macro": 0.835223264894823, "f1_weighted": 0.9630018008701096, "precision_macro": 0.877869352869353, "precision_weighted": 0.9622785530760989, "recall_macro": 0.812437681536394, "recall_weighted": 0.9662576687116564, "accuracy": 0.9662576687116564, "class_scores": {"Udmurts,Besermyan": 0.9714285714285714, "Tatars,Volga-Tatars,Mishar-Tatars,Kryashens": 0.9850107066381156, "Chuvash": 0.9558823529411765, "Mari": 0.42857142857142855}, "skipped_nodes": 0, "memory_allocated_MB": 100.31298828125, "memory_reserved_MB": 584.0, "f1_macro_score_only_mask_connect": NaN, "f1_macro_score_only_not_mask_connect": 0.835223264894823, "f1_macro_score_mixed_connect": NaN, "only_mask_connect_sum": 0.0, "only_not_mask_connect_sum": 326.0, "mixed_connect_sum": 0.0, "model_name": "GL_GATConv_3l_512h"}