{"f1_macro": 0.515040171100152, "f1_weighted": 0.5478361327979191, "accuracy": 0.5607638888888888, "class_scores": {"krasnodar": 0.6166666666666667, "yaroslavl": 0.41379310344827586, "ryazan": 0.6271604938271605, "kaluga": 0.39215686274509803, "vologda": 0.5254237288135594}, "skipped_nodes": 0, "model_name": "GL_MLP_9l_512h"}