{"f1_macro": 0.8057985129666912, "f1_weighted": 0.9365993297723028, "precision_macro": 0.77665476099175, "precision_weighted": 0.9591013234146412, "recall_macro": 0.8980469935405557, "recall_weighted": 0.9233128834355828, "accuracy": 0.9233128834355828, "class_scores": {"P0": 0.9230769230769231, "P1": 0.960352422907489, "P2": 0.928, "P3": 0.4117647058823529}, "skipped_nodes": 0, "memory_allocated_MB": 22.01318359375, "memory_reserved_MB": 52.0, "model_name": "GL_MLP_3l_512h"}