{"f1_macro": 0.4754643852811451, "f1_weighted": 0.5434914770658686, "precision_macro": 0.47742591242906013, "precision_weighted": 0.5449851981562603, "recall_macro": 0.4917233111626085, "recall_weighted": 0.5536374845869297, "accuracy": 0.5536374845869297, "class_scores": {"Ukranians": 0.1875, "Southern Russians": 0.5800376647834274, "Northen Russians": 0.7037643207855974, "Belarusians": 0.4305555555555556}, "skipped_nodes": 72, "memory_allocated_MB": 21.1962890625, "memory_reserved_MB": 80.0, "model_name": "GL_SAGEConv_9l_128h"}