{"f1_macro": 0.9582126482788734, "f1_weighted": 0.9665482109843643, "accuracy": 0.9671361502347418, "class_scores": {"Swedes": 0.9801324503311258, "Norwegians": 0.9714285714285714, "Danes": 0.9230769230769231}, "skipped_nodes": 2, "model_name": "GL_TAGConv_9l_128h_w_k3"}