{"f1_macro": 0.18483709273182958, "f1_weighted": 0.2428219671986985, "precision_macro": 0.18804573804573804, "precision_weighted": 0.270018601597549, "recall_macro": 0.2852941176470588, "recall_weighted": 0.30701754385964913, "accuracy": 0.30701754385964913, "class_scores": {"Chechens": 0.0, "Kabardians, Circassians, Adyghes": 0.0, "Karachays, Balkars": 0.7142857142857143, "Ingush": 0.23809523809523808, "Dagestan peoples": 0.5263157894736842, "Ossetians": 0.0, "Kumyks": 0.0, "Nogais": 0.0}, "skipped_nodes": 4, "memory_allocated_MB": 101.60595703125, "memory_reserved_MB": 200.0, "model_name": "GL_GINConv_9l_512h"}