{"f1_macro": 0.665117851459152, "f1_weighted": 0.811888727206082, "accuracy": 0.8389830508474576, "class_scores": {"P0": 0.9473684210526315, "P1": 0.8275862068965517, "P2": 0.9444444444444444, "P3": 0.9, "P4": 0.7924528301886793, "P5": 0.9090909090909091, "P6": 0.0, "P7": 0.0}, "skipped_nodes": 0, "model_name": "GL_GINConv_3l_512h"}