{"f1_macro": 0.6163846310363538, "f1_weighted": 0.7892573643654895, "precision_macro": 0.6450292397660818, "precision_weighted": 0.8190627307746043, "recall_macro": 0.6129613442113443, "recall_weighted": 0.7781569965870307, "accuracy": 0.7781569965870307, "class_scores": {"P0": 0.8421052631578947, "P1": 0.8556701030927835, "P2": 0.6625, "P3": 0.10526315789473684}, "skipped_nodes": 21, "model_name": "MaxIbdSum"}