{"f1_macro": 0.6745337077654151, "f1_weighted": 0.8196148006739086, "accuracy": 0.8288288288288288, "class_scores": {"Chechens": 0.8292682926829268, "Kabardians, Circassians, Adyghes": 0.8518518518518519, "Karachays, Balkars": 0.918918918918919, "Ingush": 0.8181818181818182, "Dagestan peoples": 0.8780487804878049, "Ossetians": 0.7, "Kumyks": 0.0, "Nogais": 0.4}, "skipped_nodes": 7, "model_name": "GL_TAGConv_9l_128h_w_k3"}