{"f1_macro": 0.47850450443764647, "f1_weighted": 0.5398045120667253, "precision_macro": 0.5281403890468003, "precision_weighted": 0.550404616638957, "recall_macro": 0.4791460926013228, "recall_weighted": 0.5675675675675675, "accuracy": 0.5675675675675675, "class_scores": {"Southern Russians": 0.5964432284541724, "Ukranians": 0.2488479262672811, "Northen Russians": 0.7017543859649122, "Belarusians": 0.3669724770642202}, "skipped_nodes": 0, "memory_allocated_MB": 32.10009765625, "memory_reserved_MB": 140.0, "f1_macro_score_only_mask_connect": 0.4387254901960784, "f1_macro_score_only_not_mask_connect": 1.0, "f1_macro_score_mixed_connect": 0.46980576359302834, "only_mask_connect_sum": 16.0, "only_not_mask_connect_sum": 1.0, "mixed_connect_sum": 908.0, "model_name": "GL_SAGEConv_3l_128h_de"}