{"f1_macro": 0.7256728932089261, "f1_weighted": 0.9533666311337886, "precision_macro": 0.7057645190562614, "precision_weighted": 0.9421114148285883, "recall_macro": 0.747854077253219, "recall_weighted": 0.9662576687116564, "accuracy": 0.9662576687116564, "class_scores": {"Udmurts,Besermyan": 0.972972972972973, "Tatars,Volga-Tatars,Mishar-Tatars,Kryashens": 0.9935483870967742, "Chuvash": 0.9361702127659575, "Mari": 0.0}, "skipped_nodes": 0, "memory_allocated_MB": 49.888671875, "memory_reserved_MB": 162.0, "f1_macro_score_only_mask_connect": NaN, "f1_macro_score_only_not_mask_connect": NaN, "f1_macro_score_mixed_connect": 0.7256728932089261, "only_mask_connect_sum": 0.0, "only_not_mask_connect_sum": 0.0, "mixed_connect_sum": 326.0, "model_name": "GL_GINConv_3l_512h"}