{"f1_macro": 0.28589974925596984, "f1_weighted": 0.3000340008962435, "precision_macro": 0.3851988781234064, "precision_weighted": 0.5268713846384874, "recall_macro": 0.3004291845493562, "recall_weighted": 0.27300613496932513, "accuracy": 0.27300613496932513, "class_scores": {"P0": 0.6, "P1": 0.30618892508143325, "P2": 0.23741007194244604, "P3": 0.0}, "skipped_nodes": 0, "model_name": "LongestIbd"}