{"f1_macro": 0.25698587127158556, "f1_weighted": 0.6818406834182469, "precision_macro": 0.23752326171544577, "precision_weighted": 0.6491795996442112, "recall_macro": 0.3333333333333333, "recall_weighted": 0.7239263803680982, "accuracy": 0.7239263803680982, "class_scores": {"P0": 0.0, "P1": 0.9510204081632653, "P2": 0.0, "P3": 0.07692307692307693}, "skipped_nodes": 0, "memory_allocated_MB": 102.3671875, "memory_reserved_MB": 628.0, "model_name": "GL_GINConv_9l_512h"}