{"f1_macro": 0.9321670629064704, "f1_weighted": 0.9603672938353585, "precision_macro": 0.9224738675958188, "precision_weighted": 0.9637960616619153, "recall_macro": 0.9474493112521282, "recall_weighted": 0.9597222222222223, "accuracy": 0.9597222222222223, "class_scores": {"English": 0.9845474613686535, "Germans": 0.9361702127659575, "French": 0.8627450980392157, "Belgium": 0.9452054794520548}, "skipped_nodes": 49, "memory_allocated_MB": 157.583984375, "memory_reserved_MB": 456.0, "model_name": "GL_TAGConv_9l_512h_w_k3"}