{"f1_macro": 0.888864014267856, "f1_weighted": 0.9310721551626399, "precision_macro": 0.8977819187469086, "precision_weighted": 0.9315637458569734, "recall_macro": 0.8824421516700338, "recall_weighted": 0.9325068870523416, "accuracy": 0.9325068870523416, "class_scores": {"English": 0.9731471535982814, "Germans": 0.8547717842323651, "French": 0.7913669064748201, "Belgium": 0.9361702127659575}, "skipped_nodes": 43, "memory_allocated_MB": 22.318359375, "memory_reserved_MB": 348.0, "f1_macro_score_only_mask_connect": 0.8068584128988138, "f1_macro_score_only_not_mask_connect": 1.0, "f1_macro_score_mixed_connect": 0.939710892062303, "only_mask_connect_sum": 191.0, "only_not_mask_connect_sum": 26.0, "mixed_connect_sum": 509.0, "model_name": "GL_GATConv_3l_128h"}