{"f1_macro": 0.21706330567504145, "f1_weighted": 0.31460911140424536, "accuracy": 0.4166666666666667, "class_scores": {"krasnodar": 0.46766169154228854, "yaroslavl": 0.0, "ryazan": 0.5636007827788649, "kaluga": 0.0, "vologda": 0.05405405405405406}, "skipped_nodes": 0, "model_name": "GL_SAGEConv_3l_128h"}