{"f1_macro": 0.36904549238218065, "f1_weighted": 0.4787015170932878, "precision_macro": 0.6023834958683838, "precision_weighted": 0.5843794357845497, "recall_macro": 0.41663801244595505, "recall_weighted": 0.5597765363128492, "accuracy": 0.5597765363128492, "class_scores": {"Ukranians": 0.0136986301369863, "Southern Russians": 0.5954198473282443, "Northen Russians": 0.7142857142857143, "Belarusians": 0.1527777777777778}, "skipped_nodes": 20, "memory_allocated_MB": 16.6328125, "memory_reserved_MB": 56.0, "model_name": "GL_GCNConv_3l_128h_w"}