{"f1_macro": 0.92124826248049, "f1_weighted": 0.928706181979918, "precision_macro": 0.9332149501099272, "precision_weighted": 0.9297666880670192, "recall_macro": 0.9110914974992644, "recall_weighted": 0.9289099526066351, "accuracy": 0.9289099526066351, "class_scores": {"Swedes": 0.9459459459459459, "Norwegians": 0.9289099526066351, "Danes": 0.8888888888888888}, "skipped_nodes": 4, "memory_allocated_MB": 21.5830078125, "memory_reserved_MB": 124.0, "model_name": "GL_GATConv_3l_128h"}