{"f1_macro": 0.9057360791901722, "f1_weighted": 0.9139422438507977, "precision_macro": 0.9169207913050278, "precision_weighted": 0.9170115831918647, "recall_macro": 0.8993507894478769, "recall_weighted": 0.9146919431279621, "accuracy": 0.9146919431279621, "class_scores": {"Swedes": 0.9308176100628931, "Norwegians": 0.9154228855721394, "Danes": 0.8709677419354839}, "skipped_nodes": 4, "memory_allocated_MB": 21.66015625, "memory_reserved_MB": 126.0, "model_name": "GL_GATConv_3l_128h"}