{"f1_macro": 0.7178061378522768, "f1_weighted": 0.9414687341885607, "precision_macro": 0.6974111414900889, "precision_weighted": 0.9309019201657238, "recall_macro": 0.7408473143451684, "recall_weighted": 0.9539877300613497, "accuracy": 0.9539877300613497, "class_scores": {"Udmurts,Besermyan": 0.972972972972973, "Tatars,Volga-Tatars,Mishar-Tatars,Kryashens": 0.9827586206896551, "Chuvash": 0.9154929577464789, "Mari": 0.0}, "skipped_nodes": 0, "memory_allocated_MB": 44.45654296875, "memory_reserved_MB": 90.0, "f1_macro_score_only_mask_connect": NaN, "f1_macro_score_only_not_mask_connect": 0.7178061378522768, "f1_macro_score_mixed_connect": NaN, "only_mask_connect_sum": 0.0, "only_not_mask_connect_sum": 326.0, "mixed_connect_sum": 0.0, "model_name": "GL_GINConv_3l_512h"}