{"f1_macro": 0.984933708316593, "f1_weighted": 0.9970015306612902, "precision_macro": 0.975, "precision_weighted": 0.997239263803681, "recall_macro": 0.9962121212121212, "recall_weighted": 0.9969325153374233, "accuracy": 0.9969325153374233, "class_scores": {"Udmurts,Besermyan": 1.0, "Tatars,Volga-Tatars,Mishar-Tatars,Kryashens": 1.0, "Chuvash": 0.9923664122137404, "Mari": 0.9473684210526315}, "skipped_nodes": 0, "memory_allocated_MB": 44.50341796875, "memory_reserved_MB": 210.0, "f1_macro_score_only_mask_connect": NaN, "f1_macro_score_only_not_mask_connect": 0.984933708316593, "f1_macro_score_mixed_connect": NaN, "only_mask_connect_sum": 0.0, "only_not_mask_connect_sum": 326.0, "mixed_connect_sum": 0.0, "model_name": "GL_TAGConv_3l_512h_w_k3_gnorm"}