{"f1_macro": 0.6685163850486431, "f1_weighted": 0.8654956621449126, "precision_macro": 0.7103886874438601, "precision_weighted": 0.8735932119000767, "recall_macro": 0.7169452590420332, "recall_weighted": 0.8901408450704226, "accuracy": 0.8901408450704226, "class_scores": {"English": 0.9827956989247312, "Germans": 0.9166666666666666, "French": 0.08571428571428572, "Belgium": 0.6888888888888889}, "skipped_nodes": 59, "memory_allocated_MB": 275.07763671875, "memory_reserved_MB": 518.0, "model_name": "GL_GATConv_9l_512h"}