{"f1_macro": 0.9262135813589976, "f1_weighted": 0.9566064787621573, "accuracy": 0.9577464788732394, "class_scores": {"English": 0.9827956989247312, "Germans": 0.9121338912133892, "French": 0.8547008547008547, "Belgium": 0.9552238805970149}, "skipped_nodes": 59, "model_name": "GL_GATConv_9l_512h"}