{"f1_macro": 0.5406394983543392, "f1_weighted": 0.6015216909839926, "precision_macro": 0.5551399819692503, "precision_weighted": 0.6012892703633883, "recall_macro": 0.5379295111565127, "recall_weighted": 0.610032362459547, "accuracy": 0.610032362459547, "class_scores": {"Northen Russians": 0.7176470588235294, "Ukranians": 0.3582089552238806, "Belarusians": 0.47058823529411764, "Southern Russians": 0.6161137440758294}, "skipped_nodes": 120, "memory_allocated_MB": 21.765625, "memory_reserved_MB": 60.0, "model_name": "GL_MLP_3l_512h"}