{"f1_macro": 0.8565562769666377, "f1_weighted": 0.9178473252722865, "accuracy": 0.9245014245014245, "class_scores": {"English": 0.9631190727081138, "Germans": 0.8733624454148472, "French": 0.6666666666666666, "Belgium": 0.9230769230769231}, "skipped_nodes": 67, "model_name": "GL_TAGConv_9l_512h_w_k3"}