{"f1_macro": 0.6447830344408916, "f1_weighted": 0.7654195684996515, "accuracy": 0.7758620689655172, "class_scores": {"Chechens": 0.7906976744186046, "Kabardians, Circassians, Adyghes": 0.7333333333333333, "Karachays, Balkars": 0.9142857142857143, "Ingush": 0.5882352941176471, "Dagestan peoples": 0.8936170212765957, "Ossetians": 0.6666666666666666, "Kumyks": 0.0, "Nogais": 0.5714285714285714}, "skipped_nodes": 2, "model_name": "GL_GCNConv_9l_128h_w"}