{"f1_macro": 0.9140903498993558, "f1_weighted": 0.9581034165483608, "accuracy": 0.9596122778675282, "class_scores": {"English": 0.981941309255079, "Germans": 0.8982035928143712, "French": 0.8253968253968254, "Belgium": 0.9508196721311475}, "skipped_nodes": 150, "model_name": "GL_SAGEConv_9l_128h"}