{"f1_macro": 0.64604471411275, "f1_weighted": 0.8411317812667461, "accuracy": 0.8532110091743119, "class_scores": {"Chechens": 0.8205128205128205, "Kabardians, Circassians, Adyghes": 0.8666666666666667, "Karachays, Balkars": 0.918918918918919, "Ingush": 0.8421052631578947, "Dagestan peoples": 0.8780487804878049, "Ossetians": 0.8421052631578947, "Kumyks": 0.0, "Nogais": 0.0}, "skipped_nodes": 9, "model_name": "GL_TAGConv_3l_512h_w_k3"}