{"f1_macro": 0.8798291583691437, "f1_weighted": 0.9323681544286248, "precision_macro": 0.8619601184256356, "precision_weighted": 0.9403685982633352, "recall_macro": 0.9204152580572458, "recall_weighted": 0.9298245614035088, "accuracy": 0.9298245614035088, "class_scores": {"Chechens": 0.9714285714285714, "Kabardians, Circassians, Adyghes": 0.9310344827586207, "Karachays, Balkars": 0.9142857142857143, "Ingush": 0.9523809523809523, "Dagestan peoples": 0.9361702127659575, "Ossetians": 1.0, "Kumyks": 0.6666666666666666, "Nogais": 0.6666666666666666}, "skipped_nodes": 4, "memory_allocated_MB": 37.71630859375, "memory_reserved_MB": 108.0, "model_name": "GL_TAGConv_3l_512h_w_k3"}