{"f1_macro": 0.7194092562398093, "f1_weighted": 0.9530041189628493, "accuracy": 0.9662576687116564, "class_scores": {"P0": 0.9411764705882353, "P1": 0.9936034115138592, "P2": 0.9428571428571428, "P3": 0.0}, "skipped_nodes": 0, "model_name": "MaxIbdSum"}