{"f1_macro": 0.9448637140202165, "f1_weighted": 0.9621303213209604, "accuracy": 0.9628610729023384, "class_scores": {"English": 0.9775880469583778, "Germans": 0.943089430894309, "French": 0.9022556390977443, "Belgium": 0.9565217391304348}, "skipped_nodes": 42, "model_name": "GL_SAGEConv_9l_512h"}