{"f1_macro": 0.9391453883520446, "f1_weighted": 0.947661834518384, "precision_macro": 0.9597645541041767, "precision_weighted": 0.9500568967749409, "recall_macro": 0.9242595161041763, "recall_weighted": 0.9483568075117371, "accuracy": 0.9483568075117371, "class_scores": {"Swedes": 0.954248366013072, "Norwegians": 0.9569377990430622, "Danes": 0.90625}, "skipped_nodes": 2, "memory_allocated_MB": 21.40673828125, "memory_reserved_MB": 56.0, "f1_macro_score_only_mask_connect": 1.0, "f1_macro_score_only_not_mask_connect": 0.47863247863247865, "f1_macro_score_mixed_connect": 0.9515140397493339, "only_mask_connect_sum": 10.0, "only_not_mask_connect_sum": 11.0, "mixed_connect_sum": 192.0, "model_name": "GL_SAGEConv_9l_128h_de"}