{"f1_macro": 0.48773044783507147, "f1_weighted": 0.5411430203153786, "precision_macro": 0.5476378123541016, "precision_weighted": 0.565681026223329, "recall_macro": 0.47788493185660064, "recall_weighted": 0.5579631635969664, "accuracy": 0.5579631635969664, "class_scores": {"Southern Russians": 0.5889724310776943, "Ukranians": 0.3346938775510204, "Northen Russians": 0.6754966887417219, "Belarusians": 0.35175879396984927}, "skipped_nodes": 2, "memory_allocated_MB": 39.1923828125, "memory_reserved_MB": 138.0, "model_name": "GL_TAGConv_3l_512h_w_k3"}