{"f1_macro": 0.5999250782184218, "f1_weighted": 0.7645980476934799, "precision_macro": 0.6532614160491399, "precision_weighted": 0.7945373850610086, "recall_macro": 0.5833857336037864, "recall_weighted": 0.7807017543859649, "accuracy": 0.7807017543859649, "class_scores": {"Chechens": 0.8571428571428571, "Kabardians, Circassians, Adyghes": 0.7466666666666667, "Karachays, Balkars": 0.7407407407407407, "Ingush": 0.8421052631578947, "Dagestan peoples": 0.8627450980392157, "Ossetians": 0.75, "Kumyks": 0.0, "Nogais": 0.0}, "skipped_nodes": 4, "memory_allocated_MB": 41.48291015625, "memory_reserved_MB": 112.0, "model_name": "GL_GINConv_3l_512h"}