{"f1_macro": 0.705887438660092, "f1_weighted": 0.7897988544482158, "precision_macro": 0.6729254201680672, "precision_weighted": 0.8982268520905294, "recall_macro": 0.9163090128755365, "recall_weighted": 0.7607361963190185, "accuracy": 0.7607361963190185, "class_scores": {"Udmurts,Besermyan": 0.9230769230769231, "Tatars,Volga-Tatars,Mishar-Tatars,Kryashens": 0.7989690721649485, "Chuvash": 0.7857142857142857, "Mari": 0.3157894736842105}, "skipped_nodes": 0, "model_name": "MaxIbdSumPerClassSize"}