{"f1_macro": 0.7500736094518617, "f1_weighted": 0.8315149621246529, "accuracy": 0.803680981595092, "class_scores": {"Udmurts,Besermyan": 1.0, "Tatars,Volga-Tatars,Mishar-Tatars,Kryashens": 0.8407960199004975, "Chuvash": 0.8198757763975155, "Mari": 0.33962264150943394}, "skipped_nodes": 0, "model_name": "MaxIbdSumPerClassSize"}