{"f1_macro": 0.7981823105159874, "f1_weighted": 0.8795936930381936, "precision_macro": 0.8502719192607441, "precision_weighted": 0.9107859588121441, "recall_macro": 0.7965923219293432, "recall_weighted": 0.8711755233494364, "accuracy": 0.8711755233494364, "class_scores": {"English": 0.9350961538461539, "Germans": 0.6896551724137931, "French": 0.6984126984126984, "Belgium": 0.8695652173913043}, "skipped_nodes": 148, "memory_allocated_MB": 18.7685546875, "memory_reserved_MB": 78.0, "f1_macro_score_only_mask_connect": 0.11607142857142858, "f1_macro_score_only_not_mask_connect": 0.9125643337998921, "f1_macro_score_mixed_connect": 0.920689250824869, "only_mask_connect_sum": 86.0, "only_not_mask_connect_sum": 151.0, "mixed_connect_sum": 384.0, "model_name": "GL_MLP_9l_128h"}