{"f1_macro": 0.3512835381845869, "f1_weighted": 0.4348956199428539, "precision_macro": 0.36517146885891394, "precision_weighted": 0.4320965722559964, "recall_macro": 0.37796905544391923, "recall_weighted": 0.4829482948294829, "accuracy": 0.4829482948294829, "class_scores": {"Southern Russians": 0.5383734249713631, "Ukranians": 0.27467811158798283, "Northen Russians": 0.5920826161790017, "Belarusians": 0.0}, "skipped_nodes": 16, "memory_allocated_MB": 23.1318359375, "memory_reserved_MB": 62.0, "f1_macro_score_only_mask_connect": NaN, "f1_macro_score_only_not_mask_connect": 0.3512835381845869, "f1_macro_score_mixed_connect": NaN, "only_mask_connect_sum": 0.0, "only_not_mask_connect_sum": 909.0, "mixed_connect_sum": 0.0, "model_name": "GL_GINConv_9l_128h"}