{"f1_macro": 0.15786256531598147, "f1_weighted": 0.19085343477165423, "accuracy": 0.3177083333333333, "class_scores": {"krasnodar": 0.0, "yaroslavl": 0.2755102040816326, "ryazan": 0.49206349206349204, "kaluga": 0.021739130434782608, "vologda": 0.0}, "skipped_nodes": 0, "model_name": "GL_GINConv_9l_128h"}