{"f1_macro": 0.4666223622417402, "f1_weighted": 0.5210193142439645, "precision_macro": 0.46806234842034644, "precision_weighted": 0.5258479807719436, "recall_macro": 0.47576555769441686, "recall_weighted": 0.5236907730673317, "accuracy": 0.5236907730673317, "class_scores": {"Ukranians": 0.29596412556053814, "Southern Russians": 0.5315487571701721, "Northen Russians": 0.6568627450980392, "Belarusians": 0.3821138211382114}, "skipped_nodes": 81, "memory_allocated_MB": 17.08642578125, "memory_reserved_MB": 36.0, "model_name": "GL_MLP_3l_128h"}