{"f1_macro": 0.6853506181793065, "f1_weighted": 0.9030836148274416, "precision_macro": 0.9512311541246955, "precision_weighted": 0.9178365177381347, "recall_macro": 0.6259920634920635, "recall_weighted": 0.9150943396226415, "accuracy": 0.9150943396226415, "class_scores": {"P0": 0.7368421052631579, "P1": 0.9541666666666667, "P2": 0.8503937007874016, "P3": 0.2}, "skipped_nodes": 7, "memory_allocated_MB": 36.6591796875, "memory_reserved_MB": 190.0, "model_name": "GL_TAGConv_3l_512h_w_k3_gnorm"}