{"f1_macro": 0.6994698954850758, "f1_weighted": 0.8460778720090187, "accuracy": 0.8380952380952381, "class_scores": {"Chechens": 0.9444444444444444, "Kabardians, Circassians, Adyghes": 0.8333333333333334, "Karachays, Balkars": 0.8387096774193549, "Ingush": 0.9523809523809523, "Dagestan peoples": 0.8, "Ossetians": 0.9411764705882353, "Kumyks": 0.0, "Nogais": 0.2857142857142857}, "skipped_nodes": 13, "model_name": "GL_TAGConv_3l_512h_w_k3_gnorm"}