{"f1_macro": 0.6432411247792005, "f1_weighted": 0.7744100090324898, "accuracy": 0.7931034482758621, "class_scores": {"Chechens": 0.7058823529411765, "Kabardians, Circassians, Adyghes": 0.896551724137931, "Karachays, Balkars": 0.8571428571428571, "Ingush": 0.15384615384615385, "Dagestan peoples": 0.8936170212765957, "Ossetians": 0.8888888888888888, "Kumyks": 0.0, "Nogais": 0.75}, "skipped_nodes": 2, "model_name": "GL_GCNConv_3l_128h_w"}