{"f1_macro": 0.4374433212128356, "f1_weighted": 0.4917986376872803, "precision_macro": 0.4372146904614882, "precision_weighted": 0.4993629687630874, "recall_macro": 0.44012620098995536, "recall_weighted": 0.48607888631090485, "accuracy": 0.48607888631090485, "class_scores": {"Ukranians": 0.2937062937062937, "Southern Russians": 0.5245346869712352, "Northen Russians": 0.6209262435677531, "Belarusians": 0.3106060606060606}, "skipped_nodes": 43, "memory_allocated_MB": 37.48291015625, "memory_reserved_MB": 210.0, "model_name": "GL_TAGConv_3l_512h_w_k3_gnorm"}