{"f1_macro": 0.802299270016078, "f1_weighted": 0.8960536162376334, "precision_macro": 0.7725214796522096, "precision_weighted": 0.9189045874495892, "recall_macro": 0.8491242901114147, "recall_weighted": 0.8895705521472392, "accuracy": 0.8895705521472392, "class_scores": {"P0": 0.972972972972973, "P1": 0.9311926605504587, "P2": 0.8050314465408805, "P3": 0.5}, "skipped_nodes": 0, "model_name": "LongestIbd"}