{"f1_macro": 0.7014814814814815, "f1_weighted": 0.9339503054118716, "accuracy": 0.9447852760736196, "class_scores": {"Udmurts,Besermyan": 0.9411764705882353, "Tatars,Volga-Tatars,Mishar-Tatars,Kryashens": 0.9847494553376906, "Chuvash": 0.88, "Mari": 0.0}, "skipped_nodes": 0, "model_name": "GL_GINConv_3l_128h"}