{"f1_macro": 0.5234114575577989, "f1_weighted": 0.6787813262409885, "precision_macro": 0.5087072185195918, "precision_weighted": 0.8300292000089161, "recall_macro": 0.6821755168447923, "recall_weighted": 0.6369230769230769, "accuracy": 0.6369230769230769, "class_scores": {"P0": 0.5777777777777777, "P1": 0.7262872628726287, "P2": 0.6043956043956044, "P3": 0.18518518518518517}, "skipped_nodes": 0, "model_name": "MaxIbdSumPerClassSize"}