{"f1_macro": 0.5564581595967507, "f1_weighted": 0.6127806250501787, "precision_macro": 0.6082802818096936, "precision_weighted": 0.6215845105376511, "recall_macro": 0.549052465907007, "recall_weighted": 0.6288135593220339, "accuracy": 0.6288135593220339, "class_scores": {"Northen Russians": 0.7223382045929019, "Ukranians": 0.29411764705882354, "Belarusians": 0.5911949685534591, "Southern Russians": 0.6181818181818182}, "skipped_nodes": 148, "memory_allocated_MB": 17.88720703125, "memory_reserved_MB": 56.0, "model_name": "GL_GINConv_3l_128h"}