{"f1_macro": 0.6255758129986452, "f1_weighted": 0.6758211310941153, "precision_macro": 0.6348880550439041, "precision_weighted": 0.6727657422015527, "recall_macro": 0.6203887894910306, "recall_weighted": 0.6821621621621622, "accuracy": 0.6821621621621622, "class_scores": {"Southern Russians": 0.7209653092006033, "Ukranians": 0.46048109965635736, "Northen Russians": 0.8068006182380216, "Belarusians": 0.5140562248995983}, "skipped_nodes": 0, "memory_allocated_MB": 41.74365234375, "memory_reserved_MB": 480.0, "f1_macro_score_only_mask_connect": -100.0, "f1_macro_score_only_not_mask_connect": -100.0, "f1_macro_score_mixed_connect": -100.0, "only_mask_connect_sum": -100.0, "only_not_mask_connect_sum": -100.0, "mixed_connect_sum": -100.0, "model_name": "GL_TAGConv_3l_512h_nw_k3_gnorm"}