{"f1_macro": 0.17491655047112015, "f1_weighted": 0.166601472734809, "precision_macro": 0.3261904761904762, "precision_weighted": 0.2705959684487292, "recall_macro": 0.12252893744310053, "recall_weighted": 0.12269938650306748, "accuracy": 0.12269938650306748, "class_scores": {"P0": 0.5, "P1": 0.1924198250728863, "P2": 0.007246376811594203, "P3": 0.0}, "skipped_nodes": 0, "model_name": "MaxIbdSum"}