{"f1_macro": 0.9688486028805776, "f1_weighted": 0.9810680098911474, "precision_macro": 0.9665278638570396, "precision_weighted": 0.9821306383441033, "recall_macro": 0.9729542511485996, "recall_weighted": 0.9809264305177112, "accuracy": 0.9809264305177112, "class_scores": {"P0": 0.99457111834962, "P1": 0.9558232931726908, "P2": 0.925, "P3": 1.0}, "skipped_nodes": 28, "memory_allocated_MB": 36.67919921875, "memory_reserved_MB": 222.0, "model_name": "GL_TAGConv_3l_512h_w_k3_gnorm"}