{"f1_macro": 0.3767610198789974, "f1_weighted": 0.533467795387903, "precision_macro": 0.4811336218200892, "precision_weighted": 0.7150284223008467, "recall_macro": 0.3990874409329345, "recall_weighted": 0.48773006134969327, "accuracy": 0.48773006134969327, "class_scores": {"P0": 0.46153846153846156, "P1": 0.5955056179775281, "P2": 0.4, "P3": 0.05}, "skipped_nodes": 0, "model_name": "LongestIbd"}