{"f1_macro": 0.6625877777193566, "f1_weighted": 0.8284488996705318, "precision_macro": 0.6699540043290043, "precision_weighted": 0.8669784344096271, "recall_macro": 0.6886581330546848, "recall_weighted": 0.8165137614678899, "accuracy": 0.8165137614678899, "class_scores": {"Chechens": 0.8205128205128205, "Kabardians, Circassians, Adyghes": 0.8846153846153846, "Karachays, Balkars": 0.8717948717948718, "Ingush": 0.7777777777777778, "Dagestan peoples": 0.8421052631578947, "Ossetians": 0.8181818181818182, "Kumyks": 0.2857142857142857, "Nogais": 0.0}, "skipped_nodes": 9, "memory_allocated_MB": 25.61083984375, "memory_reserved_MB": 58.0, "model_name": "GL_TAGConv_9l_128h_w_k3"}