{"f1_macro": 0.7110937223414212, "f1_weighted": 0.8205841940024976, "precision_macro": 0.8847069347691581, "precision_weighted": 0.8482707859743835, "recall_macro": 0.6388944831567782, "recall_weighted": 0.8390804597701149, "accuracy": 0.8390804597701149, "class_scores": {"English": 0.9114427860696518, "Germans": 0.6391752577319587, "French": 0.5301204819277109, "Belgium": 0.7636363636363637}, "skipped_nodes": 73, "memory_allocated_MB": 16.951171875, "memory_reserved_MB": 64.0, "model_name": "GL_SAGEConv_3l_128h"}