{"f1_macro": 0.70077945659341, "f1_weighted": 0.838938173319066, "precision_macro": 0.7637355699855699, "precision_weighted": 0.8592917592917593, "recall_macro": 0.7152165032679738, "recall_weighted": 0.8558558558558559, "accuracy": 0.8558558558558559, "class_scores": {"Chechens": 0.8648648648648649, "Kabardians, Circassians, Adyghes": 0.8888888888888888, "Karachays, Balkars": 0.8648648648648649, "Ingush": 0.9523809523809523, "Dagestan peoples": 0.8837209302325582, "Ossetians": 0.8181818181818182, "Kumyks": 0.0, "Nogais": 0.3333333333333333}, "skipped_nodes": 7, "memory_allocated_MB": 18.64013671875, "memory_reserved_MB": 178.0, "f1_macro_score_only_mask_connect": 0.41609977324263037, "f1_macro_score_only_not_mask_connect": 0.375, "f1_macro_score_mixed_connect": 0.6861497549578044, "only_mask_connect_sum": 22.0, "only_not_mask_connect_sum": 6.0, "mixed_connect_sum": 83.0, "model_name": "GL_GCNConv_3l_128h_w"}