{"f1_macro": 0.8759029187354226, "f1_weighted": 0.9272793036935217, "precision_macro": 0.8860256836328622, "precision_weighted": 0.9312364096597892, "recall_macro": 0.8737787466099015, "recall_weighted": 0.9282700421940928, "accuracy": 0.9282700421940928, "class_scores": {"English": 0.9741379310344828, "Germans": 0.8384279475982532, "French": 0.7819548872180451, "Belgium": 0.9090909090909091}, "skipped_nodes": 58, "memory_allocated_MB": 98.67626953125, "memory_reserved_MB": 1272.0, "f1_macro_score_only_mask_connect": 0.7714044343697183, "f1_macro_score_only_not_mask_connect": 0.9221362229102168, "f1_macro_score_mixed_connect": 0.9362829648381934, "only_mask_connect_sum": 176.0, "only_not_mask_connect_sum": 43.0, "mixed_connect_sum": 492.0, "model_name": "GL_GATConv_3l_512h"}