{"f1_macro": 0.4593877378184146, "f1_weighted": 0.5167725358723683, "precision_macro": 0.45852465048038055, "precision_weighted": 0.5198873372277735, "recall_macro": 0.4627357042787111, "recall_weighted": 0.5168831168831168, "accuracy": 0.5168831168831168, "class_scores": {"Northen Russians": 0.6518771331058021, "Ukranians": 0.3013698630136986, "Belarusians": 0.35964912280701755, "Southern Russians": 0.52465483234714}, "skipped_nodes": 87, "memory_allocated_MB": 18.93310546875, "memory_reserved_MB": 58.0, "model_name": "GL_GCNConv_9l_128h_w"}