{"f1_macro": 0.7029821058407512, "f1_weighted": 0.9462097993436384, "accuracy": 0.9601226993865031, "class_scores": {"P0": 0.875, "P1": 0.9872881355932204, "P2": 0.9496402877697842, "P3": 0.0}, "skipped_nodes": 0, "model_name": "MaxEdgeCount"}