{"f1_macro": 0.5272055466790911, "f1_weighted": 0.5871916695055647, "precision_macro": 0.5913559412836172, "precision_weighted": 0.6031404791324461, "recall_macro": 0.5198668278411638, "recall_weighted": 0.6112385321100917, "accuracy": 0.6112385321100917, "class_scores": {"Ukranians": 0.30687830687830686, "Southern Russians": 0.6451612903225806, "Northen Russians": 0.7134328358208956, "Belarusians": 0.4433497536945813}, "skipped_nodes": 33, "memory_allocated_MB": 20.72900390625, "memory_reserved_MB": 80.0, "model_name": "GL_SAGEConv_9l_128h"}