{"f1_macro": 0.4648487428102249, "f1_weighted": 0.5215688911160232, "precision_macro": 0.4659685353773322, "precision_weighted": 0.5323877014615626, "recall_macro": 0.46693236219876966, "recall_weighted": 0.5135440180586908, "accuracy": 0.5135440180586908, "class_scores": {"Ukranians": 0.2866043613707165, "Southern Russians": 0.5557461406518011, "Northen Russians": 0.6688963210702341, "Belarusians": 0.34814814814814815}, "skipped_nodes": 29, "memory_allocated_MB": 37.56884765625, "memory_reserved_MB": 230.0, "model_name": "GL_TAGConv_3l_512h_w_k3_gnorm_gelu"}