{"f1_macro": 0.8482125708798244, "f1_weighted": 0.919910438727119, "precision_macro": 0.9048737325681223, "precision_weighted": 0.9301917805293187, "recall_macro": 0.8342508456281907, "recall_weighted": 0.9258202567760342, "accuracy": 0.9258202567760342, "class_scores": {"English": 0.9783549783549783, "Germans": 0.825, "French": 0.6458333333333334, "Belgium": 0.9436619718309859}, "skipped_nodes": 68, "memory_allocated_MB": 21.33837890625, "memory_reserved_MB": 134.0, "f1_macro_score_only_mask_connect": 0.7020831062466472, "f1_macro_score_only_not_mask_connect": 0.9034090909090909, "f1_macro_score_mixed_connect": 0.959430313459705, "only_mask_connect_sum": 166.0, "only_not_mask_connect_sum": 48.0, "mixed_connect_sum": 487.0, "model_name": "GL_SAGEConv_9l_128h_de"}