{"f1_macro": 0.8165750169334564, "f1_weighted": 0.9633857533936555, "precision_macro": 0.9568421052631578, "precision_weighted": 0.9727994833710042, "recall_macro": 0.8023366714353839, "recall_weighted": 0.9693251533742331, "accuracy": 0.9693251533742331, "class_scores": {"Udmurts,Besermyan": 0.972972972972973, "Tatars,Volga-Tatars,Mishar-Tatars,Kryashens": 0.9935205183585313, "Chuvash": 0.9361702127659575, "Mari": 0.36363636363636365}, "skipped_nodes": 0, "model_name": "MaxSegmentCount"}