{"f1_macro": 0.8352017682175221, "f1_weighted": 0.9152633773793981, "precision_macro": 0.9253792157885081, "precision_weighted": 0.9276862431100781, "recall_macro": 0.7977167810073176, "recall_weighted": 0.9210134128166915, "accuracy": 0.9210134128166915, "class_scores": {"English": 0.9686486486486486, "Germans": 0.827906976744186, "French": 0.6410256410256411, "Belgium": 0.9032258064516129}, "skipped_nodes": 98, "memory_allocated_MB": 21.37353515625, "memory_reserved_MB": 80.0, "model_name": "GL_GCNConv_3l_512h_w"}