{"f1_macro": 0.638470592385186, "f1_weighted": 0.8249972293001872, "precision_macro": 0.6251462167537218, "precision_weighted": 0.8179688812716335, "recall_macro": 0.6555824471899523, "recall_weighted": 0.8348623853211009, "accuracy": 0.8348623853211009, "class_scores": {"Chechens": 0.7777777777777778, "Kabardians, Circassians, Adyghes": 0.8620689655172413, "Karachays, Balkars": 0.9411764705882353, "Ingush": 0.6956521739130435, "Dagestan peoples": 0.8837209302325582, "Ossetians": 0.9473684210526315, "Kumyks": 0.0, "Nogais": 0.0}, "skipped_nodes": 9, "memory_allocated_MB": 26.994140625, "memory_reserved_MB": 58.0, "model_name": "GL_SAGEConv_3l_512h"}