{"f1_macro": 0.6278838736617992, "f1_weighted": 0.7853732780108598, "precision_macro": 0.6197420634920634, "precision_weighted": 0.7926892551892551, "recall_macro": 0.6441113624937155, "recall_weighted": 0.7884615384615384, "accuracy": 0.7884615384615384, "class_scores": {"Chechens": 0.8125, "Kabardians, Circassians, Adyghes": 0.851063829787234, "Karachays, Balkars": 0.9142857142857143, "Ingush": 0.9090909090909091, "Dagestan peoples": 0.717948717948718, "Ossetians": 0.8181818181818182, "Kumyks": 0.0, "Nogais": 0.0}, "skipped_nodes": 14, "memory_allocated_MB": 42.26806640625, "memory_reserved_MB": 98.0, "f1_macro_score_only_mask_connect": 0.2545454545454545, "f1_macro_score_only_not_mask_connect": 0.3675824175824176, "f1_macro_score_mixed_connect": 0.7756356824679808, "only_mask_connect_sum": 15.0, "only_not_mask_connect_sum": 22.0, "mixed_connect_sum": 67.0, "model_name": "GL_GINConv_3l_512h"}