{"f1_macro": 0.9240240240240242, "f1_weighted": 0.9205637546759043, "precision_macro": 0.9316461701823221, "precision_weighted": 0.9212646013301183, "recall_macro": 0.9172491909385113, "recall_weighted": 0.9205607476635514, "accuracy": 0.9205607476635514, "class_scores": {"Swedes": 0.9054054054054054, "Norwegians": 0.9238095238095239, "Danes": 0.9428571428571428}, "skipped_nodes": 1, "memory_allocated_MB": 22.37451171875, "memory_reserved_MB": 128.0, "f1_macro_score_only_mask_connect": 1.0, "f1_macro_score_only_not_mask_connect": 0.6046176046176046, "f1_macro_score_mixed_connect": 0.9301782155808519, "only_mask_connect_sum": 11.0, "only_not_mask_connect_sum": 12.0, "mixed_connect_sum": 191.0, "model_name": "GL_GATConv_3l_128h"}