{"f1_macro": 0.5130630845762814, "f1_weighted": 0.590580212844856, "precision_macro": 0.5278571577761179, "precision_weighted": 0.5879688497568522, "recall_macro": 0.5062340123510972, "recall_weighted": 0.599112426035503, "accuracy": 0.599112426035503, "class_scores": {"Northen Russians": 0.7219152854511971, "Ukranians": 0.23529411764705882, "Belarusians": 0.47619047619047616, "Southern Russians": 0.6188524590163934}, "skipped_nodes": 134, "model_name": "MaxIbdSum"}