{"f1_macro": 0.617544804863174, "f1_weighted": 0.6178518693352104, "precision_macro": 0.632606346034488, "precision_weighted": 0.6318168118757649, "recall_macro": 0.6276617052952488, "recall_weighted": 0.6287878787878788, "accuracy": 0.6287878787878788, "class_scores": {"P0": 0.5801217038539553, "P1": 0.5013927576601671, "P2": 0.7426470588235294, "P3": 0.6460176991150443}, "skipped_nodes": 0, "model_name": "MaxIbdSum"}