{"f1_macro": 0.7133917686455457, "f1_weighted": 0.9463848878345152, "precision_macro": 0.7240610328638498, "precision_weighted": 0.9343111840778824, "recall_macro": 0.7072603719599428, "recall_weighted": 0.9601226993865031, "accuracy": 0.9601226993865031, "class_scores": {"Udmurts,Besermyan": 0.9090909090909091, "Tatars,Volga-Tatars,Mishar-Tatars,Kryashens": 0.9809725158562368, "Chuvash": 0.9635036496350365, "Mari": 0.0}, "skipped_nodes": 0, "model_name": "MaxEdgeCount"}