{"f1_macro": 0.25189129661333787, "f1_weighted": 0.2857901443396474, "accuracy": 0.390625, "class_scores": {"krasnodar": 0.22772277227722773, "yaroslavl": 0.0, "ryazan": 0.512396694214876, "kaluga": 0.0, "vologda": 0.5193370165745856}, "skipped_nodes": 0, "model_name": "GL_GINConv_3l_512h"}