{"f1_macro": 0.6698902927690574, "f1_weighted": 0.7174517958434791, "precision_macro": 0.6804813643712433, "precision_weighted": 0.7162049801794204, "recall_macro": 0.6634103148554635, "recall_weighted": 0.7221621621621621, "accuracy": 0.7221621621621621, "class_scores": {"Southern Russians": 0.7619047619047619, "Ukranians": 0.531986531986532, "Northen Russians": 0.8372827804107424, "Belarusians": 0.5483870967741935}, "skipped_nodes": 0, "memory_allocated_MB": 51.2431640625, "memory_reserved_MB": 2924.0, "model_name": "GL_TAGConv_3l_512h_w_k3_gnorm"}