{"f1_macro": 0.9402743186713448, "f1_weighted": 0.9585262903542134, "precision_macro": 0.9680935840381698, "precision_weighted": 0.9604480029725774, "recall_macro": 0.9184194939707803, "recall_weighted": 0.9597780859916782, "accuracy": 0.9597780859916782, "class_scores": {"English": 0.9765957446808511, "Germans": 0.9282700421940928, "French": 0.8787878787878788, "Belgium": 0.9774436090225563}, "skipped_nodes": 48, "memory_allocated_MB": 22.25146484375, "memory_reserved_MB": 50.0, "f1_macro_score_only_mask_connect": -100.0, "f1_macro_score_only_not_mask_connect": -100.0, "f1_macro_score_mixed_connect": -100.0, "only_mask_connect_sum": -100.0, "only_not_mask_connect_sum": -100.0, "mixed_connect_sum": -100.0, "model_name": "GL_SAGEConv_3l_128h_de"}