{"f1_macro": 0.8412943634713598, "f1_weighted": 0.9175225911732692, "precision_macro": 0.8446913541555956, "precision_weighted": 0.9184686524558839, "recall_macro": 0.8400459916833352, "recall_weighted": 0.9174757281553398, "accuracy": 0.9174757281553398, "class_scores": {"English": 0.9598163030998852, "Germans": 0.8165680473372781, "French": 0.675, "Belgium": 0.9137931034482759}, "skipped_nodes": 151, "memory_allocated_MB": 339.8017578125, "memory_reserved_MB": 954.0, "model_name": "GL_GATConv_9l_512h"}