{"f1_macro": 0.7184539468038111, "f1_weighted": 0.8036288109484183, "precision_macro": 0.6892857142857143, "precision_weighted": 0.9058344810316765, "recall_macro": 0.9206008583690988, "recall_weighted": 0.7730061349693251, "accuracy": 0.7730061349693251, "class_scores": {"P0": 0.9473684210526315, "P1": 0.8112244897959183, "P2": 0.8048780487804879, "P3": 0.3103448275862069}, "skipped_nodes": 0, "model_name": "MaxIbdSumPerClassSize"}