{"f1_macro": 0.9114838552732509, "f1_weighted": 0.9269954338085596, "accuracy": 0.9278846153846154, "class_scores": {"Swedes": 0.9517241379310345, "Norwegians": 0.9308755760368663, "Danes": 0.8518518518518519}, "skipped_nodes": 7, "model_name": "GL_SAGEConv_9l_512h"}