{"f1_macro": 0.8677270289107382, "f1_weighted": 0.9274581085134095, "accuracy": 0.9324712643678161, "class_scores": {"English": 0.971307120085016, "Germans": 0.8715596330275229, "French": 0.7083333333333334, "Belgium": 0.9197080291970803}, "skipped_nodes": 73, "model_name": "GL_SAGEConv_9l_128h"}