{"f1_macro": 0.9669376425272137, "f1_weighted": 0.9666724116163571, "precision_macro": 0.9740215924426451, "precision_weighted": 0.9670377867746289, "recall_macro": 0.9605690399137, "recall_weighted": 0.9666666666666667, "accuracy": 0.9666666666666667, "class_scores": {"Swedes": 0.9668874172185431, "Norwegians": 0.966183574879227, "Danes": 0.967741935483871}, "skipped_nodes": 5, "memory_allocated_MB": 26.39501953125, "memory_reserved_MB": 58.0, "model_name": "GL_SAGEConv_3l_512h"}