{"f1_macro": 0.26136642156862744, "f1_weighted": 0.4378119429590018, "precision_macro": 0.2495291902071563, "precision_weighted": 0.4086629001883239, "recall_macro": 0.31469298245614036, "recall_weighted": 0.5454545454545454, "accuracy": 0.5454545454545454, "class_scores": {"Chechens": 0.6666666666666666, "Kabardians, Circassians, Adyghes": 0.611764705882353, "Karachays, Balkars": 0.0, "Ingush": 0.0, "Dagestan peoples": 0.8125, "Ossetians": 0.0, "Kumyks": 0.0, "Nogais": 0.0}, "skipped_nodes": 19, "memory_allocated_MB": 343.5556640625, "memory_reserved_MB": 552.0, "model_name": "GL_GATConv_9l_512h"}