{"f1_macro": 0.6278794076850164, "f1_weighted": 0.6360710264067745, "precision_macro": 0.6306977587244044, "precision_weighted": 0.6461478208385066, "recall_macro": 0.634423607782435, "recall_weighted": 0.6363636363636364, "accuracy": 0.6363636363636364, "class_scores": {"P0": 0.6188524590163934, "P1": 0.5426008968609866, "P2": 0.8023255813953488, "P3": 0.5477386934673367}, "skipped_nodes": 0, "memory_allocated_MB": 39.01611328125, "memory_reserved_MB": 488.0, "model_name": "GL_TAGConv_3l_512h_w_k3_gnorm"}