{"f1_macro": 0.7022362638031581, "f1_weighted": 0.8930928930183248, "precision_macro": 0.7856603623649079, "precision_weighted": 0.892085432050467, "recall_macro": 0.681263850318382, "recall_weighted": 0.9015384615384615, "accuracy": 0.9015384615384615, "class_scores": {"P0": 0.8484848484848485, "P1": 0.9389473684210526, "P2": 0.8396946564885496, "P3": 0.18181818181818182}, "skipped_nodes": 0, "memory_allocated_MB": 37.94384765625, "memory_reserved_MB": 126.0, "model_name": "GL_TAGConv_3l_512h_w_k3_gnorm"}