{"f1_macro": 0.6484033910488904, "f1_weighted": 0.7896740475987452, "precision_macro": 0.6485723826583969, "precision_weighted": 0.8214610711821617, "recall_macro": 0.6785099985657795, "recall_weighted": 0.7798165137614679, "accuracy": 0.7798165137614679, "class_scores": {"Chechens": 0.6857142857142857, "Kabardians, Circassians, Adyghes": 0.8627450980392157, "Karachays, Balkars": 0.8, "Ingush": 0.782608695652174, "Dagestan peoples": 0.8292682926829268, "Ossetians": 0.9411764705882353, "Kumyks": 0.2857142857142857, "Nogais": 0.0}, "skipped_nodes": 9, "memory_allocated_MB": 20.900390625, "memory_reserved_MB": 50.0, "model_name": "GL_SAGEConv_9l_128h"}