{"f1_macro": 0.7690422102507519, "f1_weighted": 0.9515425556837298, "precision_macro": 0.9616606170598911, "precision_weighted": 0.9645360359858819, "recall_macro": 0.7568821259808384, "recall_weighted": 0.9601226993865031, "accuracy": 0.9601226993865031, "class_scores": {"Udmurts,Besermyan": 0.9714285714285714, "Tatars,Volga-Tatars,Mishar-Tatars,Kryashens": 0.989247311827957, "Chuvash": 0.9154929577464789, "Mari": 0.2}, "skipped_nodes": 0, "model_name": "MaxSegmentCount"}