{"f1_macro": 0.8657898208285806, "f1_weighted": 0.8781689596573318, "accuracy": 0.88, "class_scores": {"Swedes": 0.8592592592592593, "Norwegians": 0.9009009009009009, "Danes": 0.8372093023255814}, "skipped_nodes": 15, "model_name": "GL_GINConv_9l_512h"}