{"f1_macro": 0.8843677078516896, "f1_weighted": 0.9060939640818542, "precision_macro": 0.9250718817795477, "precision_weighted": 0.9136895940575493, "recall_macro": 0.8773238380809595, "recall_weighted": 0.911504424778761, "accuracy": 0.911504424778761, "class_scores": {"Chechens": 0.972972972972973, "Kabardians, Circassians, Adyghes": 0.8771929824561403, "Karachays, Balkars": 0.9444444444444444, "Ingush": 0.9523809523809523, "Dagestan peoples": 0.9565217391304348, "Ossetians": 0.8, "Kumyks": 1.0, "Nogais": 0.5714285714285714}, "skipped_nodes": 5, "memory_allocated_MB": 39.021484375, "memory_reserved_MB": 116.0, "f1_macro_score_only_mask_connect": -100.0, "f1_macro_score_only_not_mask_connect": -100.0, "f1_macro_score_mixed_connect": -100.0, "only_mask_connect_sum": -100.0, "only_not_mask_connect_sum": -100.0, "mixed_connect_sum": -100.0, "model_name": "GL_TAGConv_3l_512h_nw_k3_gnorm"}