{"f1_macro": 0.5973558744617902, "f1_weighted": 0.6501797484660251, "precision_macro": 0.6177076512602828, "precision_weighted": 0.6485370654133101, "recall_macro": 0.5907692127749227, "recall_weighted": 0.6627027027027027, "accuracy": 0.6627027027027027, "class_scores": {"Southern Russians": 0.7016011644832606, "Ukranians": 0.39849624060150374, "Northen Russians": 0.7872340425531915, "Belarusians": 0.502092050209205}, "skipped_nodes": 0, "memory_allocated_MB": 36.6279296875, "memory_reserved_MB": 394.0, "model_name": "GL_TAGConv_3l_512h_w_k3"}