{"f1_macro": 0.8600202856548522, "f1_weighted": 0.9303273750583828, "accuracy": 0.9341317365269461, "class_scores": {"English": 0.9771490750816104, "Germans": 0.8640776699029126, "French": 0.7045454545454546, "Belgium": 0.8943089430894309}, "skipped_nodes": 101, "model_name": "GL_TAGConv_3l_512h_w_k3"}