{"f1_macro": 0.6765461703990209, "f1_weighted": 0.7428857585440148, "accuracy": 0.696319018404908, "class_scores": {"P0": 0.972972972972973, "P1": 0.7371273712737128, "P2": 0.7710843373493976, "P3": 0.225}, "skipped_nodes": 0, "model_name": "MaxIbdSumPerClassSize"}