{"f1_macro": 0.6633353122587572, "f1_weighted": 0.7194237570628212, "precision_macro": 0.6658787402699421, "precision_weighted": 0.8885324748553005, "recall_macro": 0.881909220965015, "recall_weighted": 0.6779141104294478, "accuracy": 0.6779141104294478, "class_scores": {"P0": 0.972972972972973, "P1": 0.7162534435261708, "P2": 0.7272727272727273, "P3": 0.23684210526315788}, "skipped_nodes": 0, "model_name": "MaxIbdSumPerClassSize"}