{"f1_macro": 0.8165867862296434, "f1_weighted": 0.8874387790643948, "precision_macro": 0.8331188725490196, "precision_weighted": 0.9106342968221771, "recall_macro": 0.8508400946585531, "recall_weighted": 0.8793103448275862, "accuracy": 0.8793103448275862, "class_scores": {"Chechens": 0.9090909090909091, "Kabardians, Circassians, Adyghes": 0.8571428571428571, "Karachays, Balkars": 0.9090909090909091, "Ingush": 0.8888888888888888, "Dagestan peoples": 0.9795918367346939, "Ossetians": 0.8888888888888888, "Kumyks": 0.5, "Nogais": 0.6}, "skipped_nodes": 2, "memory_allocated_MB": 158.44970703125, "memory_reserved_MB": 254.0, "model_name": "GL_TAGConv_9l_512h_w_k3"}