{"f1_macro": 0.39370062632235286, "f1_weighted": 0.46396652269399197, "precision_macro": 0.39559247096028705, "precision_weighted": 0.48210248429289854, "recall_macro": 0.4047078544061303, "recall_weighted": 0.45454545454545453, "accuracy": 0.45454545454545453, "class_scores": {"Northen Russians": 0.5981308411214953, "Ukranians": 0.17391304347826086, "Belarusians": 0.32, "Southern Russians": 0.4827586206896552}, "skipped_nodes": 155, "memory_allocated_MB": 37.29443359375, "memory_reserved_MB": 158.0, "model_name": "GL_TAGConv_3l_512h_w_k3_gnorm_leaky_relu"}