{"f1_macro": 0.8228075405126488, "f1_weighted": 0.8493502608417923, "accuracy": 0.8529411764705882, "class_scores": {"Chechens": 0.85, "Kabardians, Circassians, Adyghes": 0.9019607843137255, "Karachays, Balkars": 0.8421052631578947, "Ingush": 0.8235294117647058, "Dagestan peoples": 0.8648648648648649, "Ossetians": 0.8, "Kumyks": 1.0, "Nogais": 0.5}, "skipped_nodes": 16, "model_name": "GL_GCNConv_3l_512h_w"}