{"f1_macro": 0.9256405546963508, "f1_weighted": 0.9526091893600909, "precision_macro": 0.9503198954192733, "precision_weighted": 0.9547298563085116, "recall_macro": 0.9082946912047495, "recall_weighted": 0.9538461538461539, "accuracy": 0.9538461538461539, "class_scores": {"English": 0.9721627408993576, "Germans": 0.9451476793248945, "French": 0.85, "Belgium": 0.935251798561151}, "skipped_nodes": 54, "memory_allocated_MB": 18.01318359375, "memory_reserved_MB": 24.0, "model_name": "GL_TAGConv_3l_128h_w_k3"}