{"f1_macro": 0.9046848314463237, "f1_weighted": 0.9431764566702988, "precision_macro": 0.9313193097751921, "precision_weighted": 0.9449655266804587, "recall_macro": 0.8876054544616357, "recall_weighted": 0.9454545454545454, "accuracy": 0.9454545454545454, "class_scores": {"English": 0.9721627408993576, "Germans": 0.925, "French": 0.7863247863247863, "Belgium": 0.935251798561151}, "skipped_nodes": 54, "memory_allocated_MB": 19.3515625, "memory_reserved_MB": 66.0, "model_name": "GL_TAGConv_3l_128h_w_k3"}