{"f1_macro": 0.9279099609721319, "f1_weighted": 0.9386247444853602, "precision_macro": 0.9484610710417162, "precision_weighted": 0.9411099457911162, "recall_macro": 0.9126866672497741, "recall_weighted": 0.9395348837209302, "accuracy": 0.9395348837209302, "class_scores": {"Swedes": 0.9530201342281879, "Norwegians": 0.9483568075117371, "Danes": 0.8823529411764706}, "skipped_nodes": 0, "memory_allocated_MB": 18.4169921875, "memory_reserved_MB": 106.0, "f1_macro_score_only_mask_connect": 0.6296296296296297, "f1_macro_score_only_not_mask_connect": 0.4296296296296296, "f1_macro_score_mixed_connect": 0.9386615096499563, "only_mask_connect_sum": 12.0, "only_not_mask_connect_sum": 8.0, "mixed_connect_sum": 195.0, "model_name": "GL_SAGEConv_3l_128h_de"}