{"f1_macro": 0.414656802631598, "f1_weighted": 0.4759213628011136, "precision_macro": 0.4170015263712419, "precision_weighted": 0.48328162367184824, "recall_macro": 0.4273292809215707, "recall_weighted": 0.48322147651006714, "accuracy": 0.48322147651006714, "class_scores": {"Northen Russians": 0.6502057613168725, "Ukranians": 0.2302158273381295, "Belarusians": 0.3469387755102041, "Southern Russians": 0.431266846361186}, "skipped_nodes": 142, "memory_allocated_MB": 37.29443359375, "memory_reserved_MB": 158.0, "model_name": "GL_TAGConv_3l_512h_nw_k3_gnorm_gelu"}