{"f1_macro": 0.8581279398121926, "f1_weighted": 0.9193239829968047, "precision_macro": 0.9130806858608422, "precision_weighted": 0.9254044420866565, "recall_macro": 0.8347423101603876, "recall_weighted": 0.9249291784702549, "accuracy": 0.9249291784702549, "class_scores": {"English": 0.9687162891046386, "Germans": 0.8467741935483871, "French": 0.6666666666666666, "Belgium": 0.950354609929078}, "skipped_nodes": 63, "memory_allocated_MB": 86.8310546875, "memory_reserved_MB": 248.0, "f1_macro_score_only_mask_connect": 0.7298714176504757, "f1_macro_score_only_not_mask_connect": 0.8982142857142857, "f1_macro_score_mixed_connect": 0.9540926805438283, "only_mask_connect_sum": 171.0, "only_not_mask_connect_sum": 40.0, "mixed_connect_sum": 495.0, "model_name": "GL_SAGEConv_9l_512h_de"}