{"f1_macro": 0.6956785982826238, "f1_weighted": 0.9278847461007038, "accuracy": 0.941717791411043, "class_scores": {"P0": 0.9090909090909091, "P1": 0.9728601252609603, "P2": 0.9007633587786259, "P3": 0.0}, "skipped_nodes": 0, "model_name": "MaxSegmentCount"}