{"f1_macro": 0.41082932989169174, "f1_weighted": 0.4786660223388356, "precision_macro": 0.40987816247489683, "precision_weighted": 0.478608102007229, "recall_macro": 0.41297775800313197, "recall_weighted": 0.4794871794871795, "accuracy": 0.4794871794871795, "class_scores": {"Northen Russians": 0.6468531468531469, "Ukranians": 0.2171945701357466, "Belarusians": 0.2894736842105263, "Southern Russians": 0.4897959183673469}, "skipped_nodes": 77, "memory_allocated_MB": 37.39013671875, "memory_reserved_MB": 200.0, "model_name": "GL_TAGConv_3l_512h_nw_k3_gnorm_gelu"}