{"f1_macro": 0.9281716597987897, "f1_weighted": 0.934598674946811, "precision_macro": 0.9195756236767006, "precision_weighted": 0.9367697948715955, "recall_macro": 0.9399476036369241, "recall_weighted": 0.9342723004694836, "accuracy": 0.9342723004694836, "class_scores": {"Swedes": 0.9315068493150684, "Norwegians": 0.9463414634146341, "Danes": 0.9066666666666666}, "skipped_nodes": 2, "memory_allocated_MB": 18.77001953125, "memory_reserved_MB": 184.0, "model_name": "GL_MLP_9l_128h"}