{"f1_macro": 0.48838644846396784, "f1_weighted": 0.617883959376536, "accuracy": 0.6779661016949152, "class_scores": {"P0": 0.9, "P1": 0.6419753086419753, "P2": 1.0, "P3": 0.9, "P4": 0.46511627906976744, "P5": 0.0, "P6": 0.0, "P7": 0.0}, "skipped_nodes": 0, "model_name": "GL_GCNConv_3l_512h_w"}