{"f1_macro": 0.741271116198149, "f1_weighted": 0.8411633358993412, "precision_macro": 0.8291502014195281, "precision_weighted": 0.8925363036143946, "recall_macro": 0.7413771124708624, "recall_weighted": 0.8323442136498517, "accuracy": 0.8323442136498517, "class_scores": {"English": 0.9210836277974087, "Germans": 0.6533333333333333, "French": 0.5432098765432098, "Belgium": 0.847457627118644}, "skipped_nodes": 95, "memory_allocated_MB": 51.962890625, "memory_reserved_MB": 126.0, "f1_macro_score_only_mask_connect": 0.12021857923497267, "f1_macro_score_only_not_mask_connect": 0.8842298958578028, "f1_macro_score_mixed_connect": 0.9164100144464402, "only_mask_connect_sum": 139.0, "only_not_mask_connect_sum": 67.0, "mixed_connect_sum": 468.0, "model_name": "GL_MLP_9l_512h"}