{"f1_macro": 0.4921777950310559, "f1_weighted": 0.690523753567232, "precision_macro": 0.4870135566188198, "precision_weighted": 0.6631193873299137, "recall_macro": 0.5223311546840959, "recall_weighted": 0.7477477477477478, "accuracy": 0.7477477477477478, "class_scores": {"Chechens": 0.8095238095238095, "Kabardians, Circassians, Adyghes": 0.8, "Karachays, Balkars": 0.8333333333333334, "Ingush": 0.625, "Dagestan peoples": 0.8695652173913043, "Ossetians": 0.0, "Kumyks": 0.0, "Nogais": 0.0}, "skipped_nodes": 7, "memory_allocated_MB": 21.51220703125, "memory_reserved_MB": 110.0, "f1_macro_score_only_mask_connect": 0.3761904761904762, "f1_macro_score_only_not_mask_connect": 0.49333333333333335, "f1_macro_score_mixed_connect": 0.49255952380952384, "only_mask_connect_sum": 22.0, "only_not_mask_connect_sum": 6.0, "mixed_connect_sum": 83.0, "model_name": "GL_SAGEConv_9l_128h_de"}