{"f1_macro": 0.6266176470588235, "f1_weighted": 0.7901803921568628, "precision_macro": 0.6663809092477571, "precision_weighted": 0.8521704623878538, "recall_macro": 0.6884837962962962, "recall_weighted": 0.75, "accuracy": 0.75, "class_scores": {"Chechens": 0.8666666666666667, "Kabardians, Circassians, Adyghes": 0.76, "Karachays, Balkars": 0.8235294117647058, "Ingush": 0.8235294117647058, "Dagestan peoples": 0.8333333333333334, "Ossetians": 0.7058823529411765, "Kumyks": 0.0, "Nogais": 0.2}, "skipped_nodes": 18, "memory_allocated_MB": 41.68701171875, "memory_reserved_MB": 72.0, "model_name": "GL_GINConv_3l_512h"}