{"f1_macro": 0.925721378598833, "f1_weighted": 0.9328334531163881, "accuracy": 0.9330143540669856, "class_scores": {"Swedes": 0.9387755102040817, "Norwegians": 0.9383886255924171, "Danes": 0.9}, "skipped_nodes": 6, "model_name": "GL_TAGConv_9l_128h_w_k3"}