{"f1_macro": 0.8901382020096619, "f1_weighted": 0.8947889011425019, "accuracy": 0.895, "class_scores": {"Swedes": 0.8918918918918919, "Norwegians": 0.9004739336492891, "Danes": 0.8780487804878049}, "skipped_nodes": 15, "model_name": "GL_GATConv_9l_128h"}