{"f1_macro": 0.8911492601690578, "f1_weighted": 0.9467139441309191, "precision_macro": 0.9376359885939803, "precision_weighted": 0.9491594116040404, "recall_macro": 0.861836951281693, "recall_weighted": 0.9492635024549918, "accuracy": 0.9492635024549918, "class_scores": {"English": 0.9761634506242906, "Germans": 0.881578947368421, "French": 0.7647058823529411, "Belgium": 0.9421487603305785}, "skipped_nodes": 158, "memory_allocated_MB": 36.79052734375, "memory_reserved_MB": 196.0, "model_name": "GL_GATConv_9l_128h"}