{"f1_macro": 0.4333671406266204, "f1_weighted": 0.5227598479673032, "precision_macro": 0.5670261607761609, "precision_weighted": 0.5695177998812231, "recall_macro": 0.44142508268992503, "recall_weighted": 0.5685814771395076, "accuracy": 0.5685814771395076, "class_scores": {"Ukranians": 0.18421052631578946, "Southern Russians": 0.6016713091922006, "Northen Russians": 0.6911764705882353, "Belarusians": 0.2564102564102564}, "skipped_nodes": 52, "memory_allocated_MB": 51.45166015625, "memory_reserved_MB": 220.0, "model_name": "GL_GCNConv_9l_512h_w"}