{"f1_macro": 0.8755314112079411, "f1_weighted": 0.9679938594830305, "precision_macro": 0.911780866192631, "precision_weighted": 0.9677529435559029, "recall_macro": 0.845959595959596, "recall_weighted": 0.9693251533742331, "accuracy": 0.9693251533742331, "class_scores": {"P0": 0.9411764705882353, "P1": 0.9893842887473461, "P2": 0.9465648854961832, "P3": 0.625}, "skipped_nodes": 0, "memory_allocated_MB": 36.6591796875, "memory_reserved_MB": 192.0, "model_name": "GL_TAGConv_3l_512h_w_k3_gnorm"}