{"f1_macro": 0.5236678974465651, "f1_weighted": 0.5772829771876303, "precision_macro": 0.5225237317149082, "precision_weighted": 0.5823342646715375, "recall_macro": 0.5300379467313708, "recall_weighted": 0.5768645357686454, "accuracy": 0.5768645357686454, "class_scores": {"Southern Russians": 0.5756097560975609, "Ukranians": 0.3333333333333333, "Northen Russians": 0.7590618336886994, "Belarusians": 0.4266666666666667}, "skipped_nodes": 0, "model_name": "MaxEdgeCountPerClassSize"}