{"f1_macro": 0.9457760324195279, "f1_weighted": 0.9609916980012359, "precision_macro": 0.9729933674887804, "precision_weighted": 0.9645684803781667, "recall_macro": 0.9279279279279279, "recall_weighted": 0.9627906976744186, "accuracy": 0.9627906976744186, "class_scores": {"Swedes": 0.9868421052631579, "Norwegians": 0.9716981132075472, "Danes": 0.8787878787878788}, "skipped_nodes": 0, "model_name": "MaxSegmentCount"}