{"f1_macro": 0.36074193663479376, "f1_weighted": 0.5039031791453099, "precision_macro": 0.3751813727551836, "precision_weighted": 0.4586881782209413, "recall_macro": 0.4132478632478632, "recall_weighted": 0.6186440677966102, "accuracy": 0.6186440677966102, "class_scores": {"P0": 0.6938775510204082, "P1": 0.6590909090909091, "P2": 0.0, "P3": 0.0, "P4": 0.9615384615384616, "P5": 0.0, "P6": 0.0, "P7": 0.5714285714285714}, "skipped_nodes": 0, "model_name": "AgglomerativeClustering"}