{"f1_macro": 0.5742066204969727, "f1_weighted": 0.6519370764298049, "accuracy": 0.6104294478527608, "class_scores": {"Udmurts,Besermyan": 0.7659574468085106, "Tatars,Volga-Tatars,Mishar-Tatars,Kryashens": 0.6609195402298851, "Chuvash": 0.6477272727272727, "Mari": 0.2222222222222222}, "skipped_nodes": 0, "model_name": "MaxIbdSumPerClassSize"}