{"f1_macro": 0.837554038457621, "f1_weighted": 0.9252163639858537, "precision_macro": 0.8678153148677066, "precision_weighted": 0.9284032026857657, "recall_macro": 0.8208862257968682, "recall_weighted": 0.9268680445151033, "accuracy": 0.9268680445151033, "class_scores": {"English": 0.9770114942528736, "Germans": 0.8229166666666666, "French": 0.6486486486486487, "Belgium": 0.9016393442622951}, "skipped_nodes": 140, "memory_allocated_MB": 26.990234375, "memory_reserved_MB": 58.0, "f1_macro_score_only_mask_connect": 0.6256863180078753, "f1_macro_score_only_not_mask_connect": 0.9322802197802198, "f1_macro_score_mixed_connect": 0.8542618488926577, "only_mask_connect_sum": 94.0, "only_not_mask_connect_sum": 159.0, "mixed_connect_sum": 376.0, "model_name": "GL_SAGEConv_3l_512h_de"}