{"f1_macro": 0.6961666093266953, "f1_weighted": 0.7891523299309249, "precision_macro": 0.6560245143385753, "precision_weighted": 0.8948170575983383, "recall_macro": 0.9135940954610482, "recall_weighted": 0.7607361963190185, "accuracy": 0.7607361963190185, "class_scores": {"Udmurts,Besermyan": 0.8780487804878049, "Tatars,Volga-Tatars,Mishar-Tatars,Kryashens": 0.8020565552699229, "Chuvash": 0.7831325301204819, "Mari": 0.32142857142857145}, "skipped_nodes": 0, "model_name": "MaxIbdSumPerClassSize"}