{"f1_macro": 0.9049029746657545, "f1_weighted": 0.9144653397610295, "accuracy": 0.915, "class_scores": {"Swedes": 0.9142857142857143, "Norwegians": 0.9223744292237442, "Danes": 0.8780487804878049}, "skipped_nodes": 15, "model_name": "GL_GCNConv_9l_128h_w"}