{"f1_macro": 0.6219562093953024, "f1_weighted": 0.7825907448574563, "precision_macro": 0.7029914529914529, "precision_weighted": 0.9308379998035171, "recall_macro": 0.6805555555555556, "recall_weighted": 0.7126436781609196, "accuracy": 0.7126436781609196, "class_scores": {"Chechens": 0.6086956521739131, "Kabardians, Circassians, Adyghes": 0.8, "Karachays, Balkars": 0.7586206896551724, "Ingush": 0.8, "Dagestan peoples": 0.9333333333333333, "Ossetians": 0.875, "Kumyks": 0.2, "Nogais": 0.0}, "skipped_nodes": 31, "memory_allocated_MB": 342.00537109375, "memory_reserved_MB": 452.0, "model_name": "GL_GATConv_9l_512h"}