{"f1_macro": 0.6594418420455287, "f1_weighted": 0.781251599528149, "accuracy": 0.7865168539325843, "class_scores": {"Chechens": 0.8108108108108109, "Kabardians, Circassians, Adyghes": 0.7619047619047619, "Karachays, Balkars": 0.8484848484848485, "Ingush": 0.6666666666666666, "Dagestan peoples": 0.9032258064516129, "Ossetians": 0.625, "Kumyks": 0.0, "Nogais": 0.0}, "skipped_nodes": 29, "model_name": "GL_GATConv_9l_512h"}