{"f1_macro": 0.9386749591854716, "f1_weighted": 0.9427785536584024, "accuracy": 0.9428571428571428, "class_scores": {"Swedes": 0.9536423841059603, "Norwegians": 0.941747572815534, "Danes": 0.9206349206349206}, "skipped_nodes": 5, "model_name": "GL_GATConv_9l_128h"}