{"f1_macro": 0.8699696728221069, "f1_weighted": 0.9210650321465368, "precision_macro": 0.9018708413089053, "precision_weighted": 0.9249888039223562, "recall_macro": 0.8560568787757877, "recall_weighted": 0.9244755244755245, "accuracy": 0.9244755244755245, "class_scores": {"English": 0.960427807486631, "Germans": 0.8907563025210085, "French": 0.7321428571428571, "Belgium": 0.896551724137931}, "skipped_nodes": 54, "memory_allocated_MB": 158.0419921875, "memory_reserved_MB": 464.0, "model_name": "GL_TAGConv_9l_512h_w_k3"}