{"f1_macro": 0.9556809545994837, "f1_weighted": 0.9626097583794468, "precision_macro": 0.9597704450379559, "precision_weighted": 0.9628039882375177, "recall_macro": 0.9519589492405026, "recall_weighted": 0.9627906976744186, "accuracy": 0.9627906976744186, "class_scores": {"Swedes": 0.9594594594594594, "Norwegians": 0.9760765550239234, "Danes": 0.9315068493150684}, "skipped_nodes": 0, "memory_allocated_MB": 18.81982421875, "memory_reserved_MB": 50.0, "f1_macro_score_only_mask_connect": -100.0, "f1_macro_score_only_not_mask_connect": -100.0, "f1_macro_score_mixed_connect": -100.0, "only_mask_connect_sum": -100.0, "only_not_mask_connect_sum": -100.0, "mixed_connect_sum": -100.0, "model_name": "GL_SAGEConv_3l_128h_de"}