{"f1_macro": 0.9717341482047365, "f1_weighted": 0.9810014065099276, "precision_macro": 0.9831223628691982, "precision_weighted": 0.9822548207736899, "recall_macro": 0.9629629629629629, "recall_weighted": 0.9813084112149533, "accuracy": 0.9813084112149533, "class_scores": {"P0": 0.974025974025974, "P1": 1.0, "P2": 0.9411764705882353}, "skipped_nodes": 1, "memory_allocated_MB": 101.50439453125, "memory_reserved_MB": 196.0, "model_name": "GL_GINConv_9l_512h"}