{"f1_macro": 0.4538815975323912, "f1_weighted": 0.5640581258290511, "precision_macro": 0.4408897859118156, "precision_weighted": 0.5299109470388788, "recall_macro": 0.4775877000016708, "recall_weighted": 0.6104553119730185, "accuracy": 0.6104553119730185, "class_scores": {"Northen Russians": 0.720164609053498, "Ukranians": 0.0, "Belarusians": 0.45454545454545453, "Southern Russians": 0.6408163265306123}, "skipped_nodes": 145, "memory_allocated_MB": 101.55029296875, "memory_reserved_MB": 336.0, "model_name": "GL_GINConv_9l_512h"}