{"f1_macro": 0.8537375272025337, "f1_weighted": 0.957368533967406, "precision_macro": 0.9544079637398861, "precision_weighted": 0.9613819353925406, "recall_macro": 0.8086498027485152, "recall_weighted": 0.9601226993865031, "accuracy": 0.9601226993865031, "class_scores": {"P0": 0.8823529411764706, "P1": 0.9829059829059829, "P2": 0.9343065693430657, "P3": 0.6153846153846154}, "skipped_nodes": 0, "memory_allocated_MB": 40.28076171875, "memory_reserved_MB": 198.0, "model_name": "GL_TAGConv_3l_512h_w_k3_gnorm"}