{"f1_macro": 0.5707272637976085, "f1_weighted": 0.5823621869883161, "precision_macro": 0.5702716823406478, "precision_weighted": 0.5806949263984116, "recall_macro": 0.5726942656329554, "recall_weighted": 0.5854978354978355, "accuracy": 0.5854978354978355, "class_scores": {"P0": 0.5985915492957746, "P1": 0.4527363184079602, "P2": 0.7559055118110236, "P3": 0.4756756756756757}, "skipped_nodes": 0, "memory_allocated_MB": 39.017578125, "memory_reserved_MB": 486.0, "model_name": "GL_TAGConv_3l_512h_w_k3_gnorm"}