{"f1_macro": 0.9756735801511921, "f1_weighted": 0.9904086848048023, "precision_macro": 0.9968220338983051, "precision_weighted": 0.9909145263595716, "recall_macro": 0.9583333333333334, "recall_weighted": 0.99079754601227, "accuracy": 0.99079754601227, "class_scores": {"P0": 0.9090909090909091, "P1": 0.9936034115138592, "P2": 1.0, "P3": 1.0}, "skipped_nodes": 0, "memory_allocated_MB": 50.97412109375, "memory_reserved_MB": 418.0, "model_name": "GL_TAGConv_3l_512h_w_k3_gnorm"}