{"f1_macro": 0.14621803720184948, "f1_weighted": 0.1879292007341014, "precision_macro": 0.20192307692307693, "precision_weighted": 0.19651637636469707, "recall_macro": 0.2588242453748783, "recall_weighted": 0.3477789815817985, "accuracy": 0.3477789815817985, "class_scores": {"Southern Russians": 0.0, "Ukranians": 0.07100591715976332, "Northen Russians": 0.5138662316476346, "Belarusians": 0.0}, "skipped_nodes": 2, "memory_allocated_MB": 22.1484375, "memory_reserved_MB": 100.0, "model_name": "GL_GINConv_9l_128h"}