{"f1_macro": 0.9692720274570289, "f1_weighted": 0.9718778427651614, "precision_macro": 0.9799191715079566, "precision_weighted": 0.9727729082912941, "recall_macro": 0.9600970873786409, "recall_weighted": 0.9719626168224299, "accuracy": 0.9719626168224299, "class_scores": {"Swedes": 0.9798657718120806, "Norwegians": 0.9714285714285714, "Danes": 0.9565217391304348}, "skipped_nodes": 1, "memory_allocated_MB": 19.80615234375, "memory_reserved_MB": 180.0, "f1_macro_score_only_mask_connect": 1.0, "f1_macro_score_only_not_mask_connect": 0.6746031746031745, "f1_macro_score_mixed_connect": 0.9742764629836422, "only_mask_connect_sum": 11.0, "only_not_mask_connect_sum": 7.0, "mixed_connect_sum": 196.0, "model_name": "GL_TAGConv_3l_128h_w_k3"}