{"f1_macro": 0.94363306198662, "f1_weighted": 0.9784263448785254, "accuracy": 0.9785276073619632, "class_scores": {"Udmurts,Besermyan": 0.9473684210526315, "Tatars,Volga-Tatars,Mishar-Tatars,Kryashens": 0.9892008639308856, "Chuvash": 0.9629629629629629, "Mari": 0.875}, "skipped_nodes": 0, "model_name": "GL_TAGConv_3l_512h_w_k3_gnorm"}