{"f1_macro": 0.9383101949166374, "f1_weighted": 0.9430869184172594, "precision_macro": 0.9410556123318004, "precision_weighted": 0.9431435520079821, "recall_macro": 0.9357379621457292, "recall_weighted": 0.943127962085308, "accuracy": 0.943127962085308, "class_scores": {"Swedes": 0.9403973509933775, "Norwegians": 0.9514563106796117, "Danes": 0.9230769230769231}, "skipped_nodes": 4, "memory_allocated_MB": 41.580078125, "memory_reserved_MB": 84.0, "model_name": "GL_GINConv_3l_512h"}