{"f1_macro": 0.8351372967208744, "f1_weighted": 0.9586414311330202, "precision_macro": 0.8242424242424243, "precision_weighted": 0.9742331288343559, "recall_macro": 0.8941290588286297, "recall_weighted": 0.950920245398773, "accuracy": 0.950920245398773, "class_scores": {"Udmurts,Besermyan": 1.0, "Tatars,Volga-Tatars,Mishar-Tatars,Kryashens": 0.9978494623655914, "Chuvash": 0.8760330578512396, "Mari": 0.4666666666666667}, "skipped_nodes": 0, "memory_allocated_MB": 18.4970703125, "memory_reserved_MB": 76.0, "model_name": "GL_GINConv_3l_128h"}