{"f1_macro": 0.7262414056531703, "f1_weighted": 0.9465974119709234, "accuracy": 0.9601226993865031, "class_scores": {"Udmurts,Besermyan": 0.9714285714285714, "Tatars,Volga-Tatars,Mishar-Tatars,Kryashens": 0.9789915966386554, "Chuvash": 0.9545454545454546, "Mari": 0.0}, "skipped_nodes": 0, "model_name": "GL_TAGConv_9l_512h_w_k3"}