{"f1_macro": 0.11712328767123288, "f1_weighted": 0.20294142364904616, "precision_macro": 0.3428030303030303, "precision_weighted": 0.3205289087190928, "recall_macro": 0.08035288507391511, "recall_weighted": 0.15644171779141106, "accuracy": 0.15644171779141106, "class_scores": {"P0": 0.2, "P1": 0.2684931506849315, "P2": 0.0, "P3": 0.0}, "skipped_nodes": 0, "model_name": "MaxIbdSum"}