{"f1_macro": 0.6421980717411642, "f1_weighted": 0.7970865060426724, "accuracy": 0.8220338983050848, "class_scores": {"P0": 0.972972972972973, "P1": 0.7796610169491526, "P2": 0.9714285714285714, "P3": 1.0, "P4": 0.8301886792452831, "P5": 0.5833333333333334, "P6": 0.0, "P7": 0.0}, "skipped_nodes": 0, "model_name": "GL_GATConv_3l_512h"}