{"f1_macro": 0.9632855349645378, "f1_weighted": 0.9665595887583462, "precision_macro": 0.9594081118638179, "precision_weighted": 0.9668055967646625, "recall_macro": 0.967413439120298, "recall_weighted": 0.9665071770334929, "accuracy": 0.9665071770334929, "class_scores": {"Swedes": 0.9668874172185431, "Norwegians": 0.9705882352941176, "Danes": 0.9523809523809523}, "skipped_nodes": 6, "memory_allocated_MB": 36.5107421875, "memory_reserved_MB": 68.0, "model_name": "GL_TAGConv_3l_512h_w_k3"}