{"f1_macro": 0.6911238922047386, "f1_weighted": 0.7382137730005869, "precision_macro": 0.6625, "precision_weighted": 0.8725460122699387, "recall_macro": 0.8947847574457016, "recall_weighted": 0.7147239263803681, "accuracy": 0.7147239263803681, "class_scores": {"Udmurts,Besermyan": 0.9473684210526315, "Tatars,Volga-Tatars,Mishar-Tatars,Kryashens": 0.7573333333333333, "Chuvash": 0.6597938144329897, "Mari": 0.4}, "skipped_nodes": 0, "model_name": "MaxIbdSumPerClassSize"}