{"f1_macro": 0.9013420568151638, "f1_weighted": 0.9219486825580826, "accuracy": 0.9234449760765551, "class_scores": {"Swedes": 0.9530201342281879, "Norwegians": 0.9295774647887324, "Danes": 0.8214285714285714}, "skipped_nodes": 6, "model_name": "GL_TAGConv_9l_128h_w_k3"}