{"f1_macro": 0.8263684608564126, "f1_weighted": 0.9037538194688536, "accuracy": 0.9114331723027376, "class_scores": {"English": 0.9507119386637459, "Germans": 0.7714285714285715, "French": 0.6666666666666666, "Belgium": 0.9166666666666666}, "skipped_nodes": 148, "model_name": "GL_SAGEConv_3l_128h"}