{"f1_macro": 0.9623763191283387, "f1_weighted": 0.9752150066967593, "precision_macro": 0.969722406117952, "precision_weighted": 0.9754332432534389, "recall_macro": 0.955869301872383, "recall_weighted": 0.9754768392370572, "accuracy": 0.9754768392370572, "class_scores": {"P0": 0.9870689655172413, "P1": 0.963855421686747, "P2": 0.9271523178807947, "P3": 0.9714285714285714}, "skipped_nodes": 28, "memory_allocated_MB": 52.9638671875, "memory_reserved_MB": 238.0, "model_name": "GL_GCNConv_9l_512h_w"}