{"f1_macro": 0.8999332036198546, "f1_weighted": 0.9506761801969359, "precision_macro": 0.9042624075108712, "precision_weighted": 0.9514977574629835, "recall_macro": 0.9006588602767238, "recall_weighted": 0.9514018691588785, "accuracy": 0.9514018691588785, "class_scores": {"English": 0.9786700125470514, "Germans": 0.8521739130434782, "French": 0.88, "Belgium": 0.8888888888888888}, "skipped_nodes": 234, "memory_allocated_MB": 21.634765625, "memory_reserved_MB": 44.0, "f1_macro_score_only_mask_connect": NaN, "f1_macro_score_only_not_mask_connect": 0.8999332036198546, "f1_macro_score_mixed_connect": NaN, "only_mask_connect_sum": 0.0, "only_not_mask_connect_sum": 535.0, "mixed_connect_sum": 0.0, "model_name": "GL_GCNConv_3l_512h_w"}