{"f1_macro": 0.9527099907305052, "f1_weighted": 0.9700205332952773, "precision_macro": 0.951200338547381, "precision_weighted": 0.9702087032369472, "recall_macro": 0.9547023543043741, "recall_weighted": 0.9700272479564033, "accuracy": 0.9700272479564033, "class_scores": {"P0": 0.9847826086956522, "P1": 0.9603174603174603, "P2": 0.922077922077922, "P3": 0.9436619718309859}, "skipped_nodes": 28, "memory_allocated_MB": 19.9755859375, "memory_reserved_MB": 46.0, "model_name": "GL_MLP_9l_128h"}