{"f1_macro": 0.8313005237656054, "f1_weighted": 0.9146761675330605, "precision_macro": 0.8457530293146731, "precision_weighted": 0.9230691584866795, "recall_macro": 0.8330874032853063, "recall_weighted": 0.9146706586826348, "accuracy": 0.9146706586826348, "class_scores": {"English": 0.9748083242059146, "Germans": 0.7931034482758621, "French": 0.6612903225806451, "Belgium": 0.896}, "skipped_nodes": 101, "memory_allocated_MB": 27.14013671875, "memory_reserved_MB": 92.0, "model_name": "GL_SAGEConv_3l_512h"}