{"f1_macro": 0.5212372829319252, "f1_weighted": 0.749033541179355, "accuracy": 0.7878787878787878, "class_scores": {"Chechens": 0.6976744186046512, "Kabardians, Circassians, Adyghes": 0.9056603773584906, "Karachays, Balkars": 0.8823529411764706, "Ingush": 0.0, "Dagestan peoples": 0.8421052631578947, "Ossetians": 0.8421052631578947, "Kumyks": 0.0, "Nogais": 0.0}, "skipped_nodes": 19, "model_name": "GL_SAGEConv_9l_512h"}