{"f1_macro": 0.9779398837009675, "f1_weighted": 0.976711518516428, "precision_macro": 0.9738969738969739, "precision_weighted": 0.9774807157984727, "recall_macro": 0.9826105717367853, "recall_weighted": 0.9766355140186916, "accuracy": 0.9766355140186916, "class_scores": {"Swedes": 0.9673202614379085, "Norwegians": 0.9801980198019802, "Danes": 0.9863013698630136}, "skipped_nodes": 1, "memory_allocated_MB": 41.38134765625, "memory_reserved_MB": 102.0, "model_name": "GL_GINConv_3l_512h"}