{"f1_macro": 0.46546961681092003, "f1_weighted": 0.7693670208660611, "precision_macro": 0.660539488320356, "precision_weighted": 0.7992585490353973, "recall_macro": 0.41792929292929293, "recall_weighted": 0.8098159509202454, "accuracy": 0.8098159509202454, "class_scores": {"P0": 0.43478260869565216, "P1": 0.8910133843212237, "P2": 0.5360824742268041, "P3": 0.0}, "skipped_nodes": 0, "model_name": "MaxSegmentCount"}