{"f1_macro": 0.935832083958021, "f1_weighted": 0.9448019708738595, "precision_macro": 0.9282231852654387, "precision_weighted": 0.9455845043200836, "recall_macro": 0.9448764740026876, "recall_weighted": 0.9447236180904522, "accuracy": 0.9447236180904522, "class_scores": {"Swedes": 0.9379310344827586, "Norwegians": 0.9565217391304348, "Danes": 0.9130434782608695}, "skipped_nodes": 16, "memory_allocated_MB": 21.490234375, "memory_reserved_MB": 46.0, "model_name": "GL_MLP_3l_512h"}