{"f1_macro": 0.9632321186272412, "f1_weighted": 0.9766787589659792, "accuracy": 0.977027027027027, "class_scores": {"P0": 0.9903121636167922, "P1": 0.9578544061302682, "P2": 0.9333333333333333, "P3": 0.9714285714285714}, "skipped_nodes": 22, "model_name": "GL_SAGEConv_3l_512h"}