{"f1_macro": 0.94587075022844, "f1_weighted": 0.9565773469661122, "precision_macro": 0.9712530712530713, "precision_weighted": 0.9596946795998929, "recall_macro": 0.927268804550358, "recall_weighted": 0.957345971563981, "accuracy": 0.957345971563981, "class_scores": {"Swedes": 0.9798657718120806, "Norwegians": 0.9577464788732394, "Danes": 0.9}, "skipped_nodes": 4, "memory_allocated_MB": 36.52197265625, "memory_reserved_MB": 266.0, "model_name": "GL_GATConv_9l_128h"}