{"f1_macro": 0.9273997717393944, "f1_weighted": 0.9370263055404564, "accuracy": 0.9375, "class_scores": {"Swedes": 0.9459459459459459, "Norwegians": 0.9433962264150944, "Danes": 0.8928571428571429}, "skipped_nodes": 7, "model_name": "GL_GCNConv_9l_128h_w"}