{"f1_macro": 0.4753640465604826, "f1_weighted": 0.5284170389591388, "precision_macro": 0.4742613148612326, "precision_weighted": 0.5364021086135035, "recall_macro": 0.47987444798192463, "recall_weighted": 0.5234899328859061, "accuracy": 0.5234899328859061, "class_scores": {"Northen Russians": 0.6488888888888888, "Ukranians": 0.23728813559322035, "Belarusians": 0.4939759036144578, "Southern Russians": 0.5213032581453634}, "skipped_nodes": 142, "memory_allocated_MB": 17.29931640625, "memory_reserved_MB": 36.0, "model_name": "GL_SAGEConv_3l_128h"}