{"f1_macro": 0.8787518451697557, "f1_weighted": 0.9567914179993104, "precision_macro": 0.974921218487395, "precision_weighted": 0.9601848479329812, "recall_macro": 0.8362193362193362, "recall_weighted": 0.9597523219814241, "accuracy": 0.9597523219814241, "class_scores": {"Udmurts,Besermyan": 1.0, "Tatars,Volga-Tatars,Mishar-Tatars,Kryashens": 0.976545842217484, "Chuvash": 0.9230769230769231, "Mari": 0.6153846153846154}, "skipped_nodes": 3, "memory_allocated_MB": 36.6455078125, "memory_reserved_MB": 186.0, "model_name": "GL_TAGConv_3l_512h_w_k3_gnorm"}