{"f1_macro": 0.8806562452538634, "f1_weighted": 0.9406215122710886, "precision_macro": 0.9000875984554593, "precision_weighted": 0.9406877871517595, "recall_macro": 0.8632941489865441, "recall_weighted": 0.9414634146341463, "accuracy": 0.9414634146341463, "class_scores": {"English": 0.972972972972973, "Germans": 0.8588957055214724, "French": 0.8, "Belgium": 0.8907563025210085}, "skipped_nodes": 154, "memory_allocated_MB": 26.99169921875, "memory_reserved_MB": 58.0, "f1_macro_score_only_mask_connect": 0.572532668277349, "f1_macro_score_only_not_mask_connect": 0.9412949257121037, "f1_macro_score_mixed_connect": 0.8959995263642259, "only_mask_connect_sum": 80.0, "only_not_mask_connect_sum": 154.0, "mixed_connect_sum": 381.0, "model_name": "GL_SAGEConv_3l_512h_de"}