{"f1_macro": 0.6797385620915033, "f1_weighted": 0.8997611314464435, "accuracy": 0.9141104294478528, "class_scores": {"Udmurts,Besermyan": 0.9411764705882353, "Tatars,Volga-Tatars,Mishar-Tatars,Kryashens": 0.9523809523809523, "Chuvash": 0.8253968253968254, "Mari": 0.0}, "skipped_nodes": 0, "model_name": "MaxEdgeCount"}