{"f1_macro": 0.49996602953166047, "f1_weighted": 0.7484272159443623, "precision_macro": 0.6948160535117057, "precision_weighted": 0.8146274904076984, "recall_macro": 0.4532828282828283, "recall_weighted": 0.7975460122699386, "accuracy": 0.7975460122699386, "class_scores": {"P0": 0.7142857142857143, "P1": 0.8759398496240601, "P2": 0.40963855421686746, "P3": 0.0}, "skipped_nodes": 0, "memory_allocated_MB": 16.60546875, "memory_reserved_MB": 172.0, "model_name": "GL_GCNConv_3l_128h_w"}