{"f1_macro": 0.40185102685102686, "f1_weighted": 0.6214872092065075, "precision_macro": 0.3692987630487631, "precision_weighted": 0.5804536993133484, "recall_macro": 0.4597899159663865, "recall_weighted": 0.6929824561403509, "accuracy": 0.6929824561403509, "class_scores": {"Chechens": 0.918918918918919, "Kabardians, Circassians, Adyghes": 0.8571428571428571, "Karachays, Balkars": 0.5925925925925926, "Ingush": 0.0, "Dagestan peoples": 0.8461538461538461, "Ossetians": 0.0, "Kumyks": 0.0, "Nogais": 0.0}, "skipped_nodes": 4, "memory_allocated_MB": 17.7744140625, "memory_reserved_MB": 46.0, "f1_macro_score_only_mask_connect": 0.4055555555555556, "f1_macro_score_only_not_mask_connect": 0.2, "f1_macro_score_mixed_connect": 0.41838315217391303, "only_mask_connect_sum": 25.0, "only_not_mask_connect_sum": 4.0, "mixed_connect_sum": 85.0, "model_name": "GL_GCNConv_3l_128h_w"}