{"f1_macro": 0.8925567733573763, "f1_weighted": 0.9774613081389119, "precision_macro": 0.9125776793687241, "precision_weighted": 0.9769710013048536, "recall_macro": 0.8775252525252526, "recall_weighted": 0.9785276073619632, "accuracy": 0.9785276073619632, "class_scores": {"Udmurts,Besermyan": 1.0, "Tatars,Volga-Tatars,Mishar-Tatars,Kryashens": 0.9978586723768736, "Chuvash": 0.9473684210526315, "Mari": 0.625}, "skipped_nodes": 0, "memory_allocated_MB": 27.08984375, "memory_reserved_MB": 164.0, "model_name": "GL_TAGConv_9l_128h_w_k3"}