{"f1_macro": 0.948639869339911, "f1_weighted": 0.9665206523108315, "precision_macro": 0.9591848418382317, "precision_weighted": 0.9667423018259114, "recall_macro": 0.939218720718491, "recall_weighted": 0.9668508287292817, "accuracy": 0.9668508287292817, "class_scores": {"English": 0.9848484848484849, "Germans": 0.9317269076305221, "French": 0.9241379310344827, "Belgium": 0.9538461538461539}, "skipped_nodes": 45, "memory_allocated_MB": 23.9658203125, "memory_reserved_MB": 80.0, "f1_macro_score_only_mask_connect": -100.0, "f1_macro_score_only_not_mask_connect": -100.0, "f1_macro_score_mixed_connect": -100.0, "only_mask_connect_sum": -100.0, "only_not_mask_connect_sum": -100.0, "mixed_connect_sum": -100.0, "model_name": "GL_SAGEConv_3l_128h"}