{"f1_macro": 0.926457926876191, "f1_weighted": 0.9388748448694788, "accuracy": 0.9395348837209302, "class_scores": {"P0": 0.9271523178807947, "P1": 0.9665071770334929, "P2": 0.8857142857142857}, "skipped_nodes": 0, "model_name": "GL_TAGConv_3l_512h_w_k3"}