{"f1_macro": 0.25232952032638034, "f1_weighted": 0.2970054595336723, "accuracy": 0.31793960923623443, "class_scores": {"krasnodar": 0.3102310231023102, "yaroslavl": 0.125, "ryazan": 0.45558086560364464, "kaluga": 0.19607843137254902, "vologda": 0.17475728155339806}, "skipped_nodes": 13, "model_name": "GL_SAGEConv_9l_512h"}