{"f1_macro": 0.5467216596762897, "f1_weighted": 0.606372931517111, "precision_macro": 0.5733441690369768, "precision_weighted": 0.8528401966381066, "recall_macro": 0.7443534052976113, "recall_weighted": 0.5460122699386503, "accuracy": 0.5460122699386503, "class_scores": {"P0": 0.8571428571428571, "P1": 0.6130952380952381, "P2": 0.5780346820809249, "P3": 0.13861386138613863}, "skipped_nodes": 0, "model_name": "MaxEdgeCountPerClassSize"}