{"f1_macro": 0.8195138195138195, "f1_weighted": 0.9606702091364666, "accuracy": 0.9662576687116564, "class_scores": {"Udmurts,Besermyan": 1.0, "Tatars,Volga-Tatars,Mishar-Tatars,Kryashens": 0.9913419913419913, "Chuvash": 0.9230769230769231, "Mari": 0.36363636363636365}, "skipped_nodes": 0, "model_name": "MaxSegmentCount"}