{"f1_macro": 0.9677547371582813, "f1_weighted": 0.9908248646094125, "precision_macro": 0.9739316239316239, "precision_weighted": 0.9914241518535997, "recall_macro": 0.9646464646464646, "recall_weighted": 0.99079754601227, "accuracy": 0.99079754601227, "class_scores": {"P0": 0.9473684210526315, "P1": 0.9978586723768736, "P2": 0.9846153846153847, "P3": 0.9411764705882353}, "skipped_nodes": 0, "memory_allocated_MB": 22.6044921875, "memory_reserved_MB": 56.0, "model_name": "GL_MLP_3l_512h"}