{"f1_macro": 0.5404286073403721, "f1_weighted": 0.7655687232157821, "precision_macro": 0.625203634085213, "precision_weighted": 0.8313748657357679, "recall_macro": 0.5674787086551792, "recall_weighted": 0.7904761904761904, "accuracy": 0.7904761904761904, "class_scores": {"Chechens": 0.75, "Kabardians, Circassians, Adyghes": 0.8627450980392157, "Karachays, Balkars": 0.8888888888888888, "Ingush": 0.2, "Dagestan peoples": 0.8717948717948718, "Ossetians": 0.75, "Kumyks": 0.0, "Nogais": 0.0}, "skipped_nodes": 13, "memory_allocated_MB": 26.5927734375, "memory_reserved_MB": 56.0, "model_name": "GL_SAGEConv_3l_512h"}