{"f1_macro": 0.7061752450231269, "f1_weighted": 0.8555230822239808, "precision_macro": 0.712250233426704, "precision_weighted": 0.8878470066705361, "recall_macro": 0.7319506913210061, "recall_weighted": 0.8378378378378378, "accuracy": 0.8378378378378378, "class_scores": {"Chechens": 0.9142857142857143, "Kabardians, Circassians, Adyghes": 0.8888888888888888, "Karachays, Balkars": 0.8947368421052632, "Ingush": 0.9, "Dagestan peoples": 0.8292682926829268, "Ossetians": 1.0, "Kumyks": 0.2222222222222222, "Nogais": 0.0}, "skipped_nodes": 7, "memory_allocated_MB": 25.666015625, "memory_reserved_MB": 192.0, "model_name": "GL_TAGConv_9l_128h_w_k3"}