{"f1_macro": 0.7089232615834689, "f1_weighted": 0.8384317788836635, "accuracy": 0.8482142857142857, "class_scores": {"Chechens": 0.8571428571428571, "Kabardians, Circassians, Adyghes": 0.9056603773584906, "Karachays, Balkars": 0.8292682926829268, "Ingush": 0.8421052631578947, "Dagestan peoples": 0.8372093023255814, "Ossetians": 0.9, "Kumyks": 0.0, "Nogais": 0.5}, "skipped_nodes": 6, "model_name": "GL_GCNConv_3l_128h_w"}