{"f1_macro": 0.9092536311783201, "f1_weighted": 0.9455900315254405, "precision_macro": 0.9270436729647853, "precision_weighted": 0.9458476595635535, "recall_macro": 0.8936436974182083, "recall_weighted": 0.9467625899280575, "accuracy": 0.9467625899280575, "class_scores": {"English": 0.9741379310344828, "Germans": 0.892018779342723, "French": 0.8288288288288288, "Belgium": 0.9420289855072463}, "skipped_nodes": 74, "memory_allocated_MB": 37.96435546875, "memory_reserved_MB": 532.0, "f1_macro_score_only_mask_connect": 0.8427536168462326, "f1_macro_score_only_not_mask_connect": 0.8886574074074074, "f1_macro_score_mixed_connect": 0.9339039913714597, "only_mask_connect_sum": 160.0, "only_not_mask_connect_sum": 46.0, "mixed_connect_sum": 489.0, "model_name": "GL_GATConv_9l_128h"}