{"f1_macro": 0.483822172134385, "f1_weighted": 0.5509445090606133, "precision_macro": 0.5299245468860246, "precision_weighted": 0.5612513209930708, "recall_macro": 0.48302225384373937, "recall_weighted": 0.5757575757575758, "accuracy": 0.5757575757575758, "class_scores": {"Southern Russians": 0.5981055480378891, "Ukranians": 0.3111111111111111, "Northen Russians": 0.7338345864661654, "Belarusians": 0.2922374429223744}, "skipped_nodes": 1, "memory_allocated_MB": 168.3505859375, "memory_reserved_MB": 574.0, "f1_macro_score_only_mask_connect": 0.3047619047619048, "f1_macro_score_only_not_mask_connect": 1.0, "f1_macro_score_mixed_connect": 0.47738151031181536, "only_mask_connect_sum": 15.0, "only_not_mask_connect_sum": 2.0, "mixed_connect_sum": 907.0, "model_name": "GL_TAGConv_9l_512h_w_k3"}