{"f1_macro": 0.18087841803189003, "f1_weighted": 0.18757662761774221, "precision_macro": 0.27694924123495557, "precision_weighted": 0.43859252053818226, "recall_macro": 0.18806086617245416, "recall_weighted": 0.16257668711656442, "accuracy": 0.16257668711656442, "class_scores": {"P0": 0.3870967741935484, "P1": 0.19148936170212766, "P2": 0.14492753623188406, "P3": 0.0}, "skipped_nodes": 0, "model_name": "LongestIbd"}