{"f1_macro": 0.6699993890518084, "f1_weighted": 0.9121450128636454, "precision_macro": 0.703502637713164, "precision_weighted": 0.9015548545739053, "recall_macro": 0.6481066025057441, "recall_weighted": 0.9263803680981595, "accuracy": 0.9263803680981595, "class_scores": {"P0": 0.8387096774193549, "P1": 0.9625, "P2": 0.8787878787878788, "P3": 0.0}, "skipped_nodes": 0, "model_name": "MaxEdgeCount"}