{"f1_macro": 0.32625280188557537, "f1_weighted": 0.3717652715867106, "accuracy": 0.40625, "class_scores": {"krasnodar": 0.4671916010498688, "yaroslavl": 0.25287356321839083, "ryazan": 0.47413793103448276, "kaluga": 0.18018018018018017, "vologda": 0.25688073394495414}, "skipped_nodes": 0, "model_name": "GL_SAGEConv_9l_128h"}