{"f1_macro": 0.5898379756745843, "f1_weighted": 0.6281829535911513, "precision_macro": 0.5949773482084718, "precision_weighted": 0.6351867796174858, "recall_macro": 0.5998079199299593, "recall_weighted": 0.6335135135135135, "accuracy": 0.6335135135135135, "class_scores": {"Southern Russians": 0.6222222222222222, "Ukranians": 0.43795620437956206, "Northen Russians": 0.772189349112426, "Belarusians": 0.526984126984127}, "skipped_nodes": 0, "model_name": "MaxIbdSumPerClassSize"}