{"f1_macro": 0.5163947325920951, "f1_weighted": 0.5920011237592218, "precision_macro": 0.5687294819153721, "precision_weighted": 0.8114622727541483, "recall_macro": 0.6545093795093795, "recall_weighted": 0.5077881619937694, "accuracy": 0.5077881619937694, "class_scores": {"Udmurts,Besermyan": 0.9333333333333333, "Tatars,Volga-Tatars,Mishar-Tatars,Kryashens": 0.6609195402298851, "Chuvash": 0.33540372670807456, "Mari": 0.13592233009708737}, "skipped_nodes": 5, "model_name": "MaxEdgeCountPerClassSize"}