{"f1_macro": 0.4808565844605298, "f1_weighted": 0.5593626696809619, "precision_macro": 0.5288584059548304, "precision_weighted": 0.5611807402287573, "recall_macro": 0.48471878812655844, "recall_weighted": 0.5938650306748466, "accuracy": 0.5938650306748466, "class_scores": {"Ukranians": 0.14102564102564102, "Southern Russians": 0.638095238095238, "Northen Russians": 0.701062215477997, "Belarusians": 0.44324324324324327}, "skipped_nodes": 68, "memory_allocated_MB": 16.96337890625, "memory_reserved_MB": 36.0, "model_name": "GL_SAGEConv_3l_128h"}