{"f1_macro": 0.9103625425190311, "f1_weighted": 0.968533689819926, "accuracy": 0.9693251533742331, "class_scores": {"Udmurts,Besermyan": 0.972972972972973, "Tatars,Volga-Tatars,Mishar-Tatars,Kryashens": 0.9871794871794872, "Chuvash": 0.9312977099236641, "Mari": 0.75}, "skipped_nodes": 0, "model_name": "GL_GATConv_3l_512h"}