{"f1_macro": 0.5961199127217531, "f1_weighted": 0.8176989100205214, "precision_macro": 0.6157630723880347, "precision_weighted": 0.8058543588730981, "recall_macro": 0.5811484535365132, "recall_weighted": 0.8315789473684211, "accuracy": 0.8315789473684211, "class_scores": {"P0": 0.8, "P1": 0.891566265060241, "P2": 0.6929133858267716, "P3": 0.0}, "skipped_nodes": 29, "memory_allocated_MB": 37.0244140625, "memory_reserved_MB": 108.0, "model_name": "GL_TAGConv_3l_512h_w_k3_gnorm"}