{"f1_macro": 0.2915860935931442, "f1_weighted": 0.39540708427021765, "precision_macro": 0.4895323823001453, "precision_weighted": 0.49746470908780843, "recall_macro": 0.357223716233719, "recall_weighted": 0.4875406283856988, "accuracy": 0.4875406283856988, "class_scores": {"Southern Russians": 0.4465493910690122, "Ukranians": 0.02531645569620253, "Northen Russians": 0.694478527607362, "Belarusians": 0.0}, "skipped_nodes": 2, "memory_allocated_MB": 18.25146484375, "memory_reserved_MB": 260.0, "model_name": "GL_GCNConv_3l_128h_w"}