{"f1_macro": 0.9599019260309584, "f1_weighted": 0.9914043737119138, "precision_macro": 0.9375, "precision_weighted": 0.9930981595092024, "recall_macro": 0.9913512810508519, "recall_weighted": 0.99079754601227, "accuracy": 0.99079754601227, "class_scores": {"P0": 1.0, "P1": 0.9978494623655914, "P2": 0.9846153846153847, "P3": 0.8571428571428571}, "skipped_nodes": 0, "memory_allocated_MB": 22.51806640625, "memory_reserved_MB": 56.0, "model_name": "GL_MLP_3l_512h"}