{"f1_macro": 0.5929234619945826, "f1_weighted": 0.6362580524009381, "precision_macro": 0.6032869991203325, "precision_weighted": 0.634555821137742, "recall_macro": 0.5872131756775532, "recall_weighted": 0.6406779661016949, "accuracy": 0.6406779661016949, "class_scores": {"Northen Russians": 0.7208791208791209, "Ukranians": 0.3969465648854962, "Belarusians": 0.6134969325153374, "Southern Russians": 0.6403712296983759}, "skipped_nodes": 148, "model_name": "MaxIbdSum"}