{"f1_macro": 0.2364491997216423, "f1_weighted": 0.32349742895296135, "precision_macro": 0.20493461246326078, "precision_weighted": 0.2804567666639593, "recall_macro": 0.30668999321167595, "recall_weighted": 0.41945945945945945, "accuracy": 0.41945945945945945, "class_scores": {"Southern Russians": 0.36333333333333334, "Ukranians": 0.0, "Northen Russians": 0.5824634655532359, "Belarusians": 0.0}, "skipped_nodes": 0, "memory_allocated_MB": 353.31787109375, "memory_reserved_MB": 8206.0, "f1_macro_score_only_mask_connect": 0.09375, "f1_macro_score_only_not_mask_connect": 0.0, "f1_macro_score_mixed_connect": 0.23894014624898438, "only_mask_connect_sum": 16.0, "only_not_mask_connect_sum": 1.0, "mixed_connect_sum": 908.0, "model_name": "GL_GATConv_9l_512h"}