{"f1_macro": 0.9481980264704575, "f1_weighted": 0.9530780720595826, "accuracy": 0.9532710280373832, "class_scores": {"Swedes": 0.9655172413793104, "Norwegians": 0.9537037037037037, "Danes": 0.9253731343283582}, "skipped_nodes": 1, "model_name": "MaxIbdSum"}