{"f1_macro": 0.6402754238714562, "f1_weighted": 0.6964522724489496, "precision_macro": 0.6519232823306363, "precision_weighted": 0.8791615492775696, "recall_macro": 0.85489010274418, "recall_weighted": 0.647239263803681, "accuracy": 0.647239263803681, "class_scores": {"P0": 0.972972972972973, "P1": 0.7019498607242339, "P2": 0.6666666666666666, "P3": 0.21951219512195122}, "skipped_nodes": 0, "model_name": "MaxEdgeCountPerClassSize"}