{"f1_macro": 0.6909767350555951, "f1_weighted": 0.7677806389623149, "accuracy": 0.7423312883435583, "class_scores": {"Udmurts,Besermyan": 0.9, "Tatars,Volga-Tatars,Mishar-Tatars,Kryashens": 0.783289817232376, "Chuvash": 0.7344632768361582, "Mari": 0.34615384615384615}, "skipped_nodes": 0, "model_name": "MaxIbdSumPerClassSize"}