{"f1_macro": 0.948492255883553, "f1_weighted": 0.9573711106868066, "precision_macro": 0.9683235867446394, "precision_weighted": 0.9596151230790153, "recall_macro": 0.9338208111023646, "recall_weighted": 0.958139534883721, "accuracy": 0.958139534883721, "class_scores": {"Swedes": 0.9668874172185431, "Norwegians": 0.966824644549763, "Danes": 0.9117647058823529}, "skipped_nodes": 0, "memory_allocated_MB": 53.63818359375, "memory_reserved_MB": 214.0, "f1_macro_score_only_mask_connect": 0.7805555555555556, "f1_macro_score_only_not_mask_connect": 0.46296296296296297, "f1_macro_score_mixed_connect": 0.9639978205751002, "only_mask_connect_sum": 12.0, "only_not_mask_connect_sum": 7.0, "mixed_connect_sum": 196.0, "model_name": "GL_GCNConv_9l_512h_w"}