{"f1_macro": 0.5832724004874628, "f1_weighted": 0.624650596885315, "precision_macro": 0.5852399459475204, "precision_weighted": 0.6472721133018232, "recall_macro": 0.5998528426628587, "recall_weighted": 0.6205405405405405, "accuracy": 0.6205405405405405, "class_scores": {"Southern Russians": 0.6074074074074074, "Ukranians": 0.42105263157894735, "Northen Russians": 0.7906976744186046, "Belarusians": 0.5139318885448917}, "skipped_nodes": 0, "memory_allocated_MB": 39.09228515625, "memory_reserved_MB": 478.0, "model_name": "GL_TAGConv_3l_512h_nw_k3_gnorm_gelu"}