{"f1_macro": 0.966334968846098, "f1_weighted": 0.9934964112340731, "precision_macro": 0.9952002806480418, "precision_weighted": 0.9939239229368337, "recall_macro": 0.9444444444444444, "recall_weighted": 0.9938650306748467, "accuracy": 0.9938650306748467, "class_scores": {"Udmurts,Besermyan": 1.0, "Tatars,Volga-Tatars,Mishar-Tatars,Kryashens": 0.9978586723768736, "Chuvash": 0.9924812030075187, "Mari": 0.875}, "skipped_nodes": 0, "memory_allocated_MB": 53.908203125, "memory_reserved_MB": 238.0, "f1_macro_score_only_mask_connect": -100.0, "f1_macro_score_only_not_mask_connect": -100.0, "f1_macro_score_mixed_connect": -100.0, "only_mask_connect_sum": -100.0, "only_not_mask_connect_sum": -100.0, "mixed_connect_sum": -100.0, "model_name": "GL_SAGEConv_9l_128h"}