{"f1_macro": 0.5329953568729079, "f1_weighted": 0.6201101392938128, "precision_macro": 0.5273880031320806, "precision_weighted": 0.8382055919963304, "recall_macro": 0.7846924177396281, "recall_weighted": 0.5828220858895705, "accuracy": 0.5828220858895705, "class_scores": {"P0": 0.68, "P1": 0.641399416909621, "P2": 0.582010582010582, "P3": 0.22857142857142856}, "skipped_nodes": 0, "model_name": "MaxIbdSumPerClassSize"}