{"f1_macro": 0.6028180032125083, "f1_weighted": 0.6464047312894877, "precision_macro": 0.6009477599200128, "precision_weighted": 0.6489633858903014, "recall_macro": 0.6053282384150009, "recall_weighted": 0.6443243243243243, "accuracy": 0.6443243243243243, "class_scores": {"Southern Russians": 0.6624203821656051, "Ukranians": 0.45, "Northen Russians": 0.7845659163987139, "Belarusians": 0.5142857142857142}, "skipped_nodes": 0, "memory_allocated_MB": 28.5498046875, "memory_reserved_MB": 240.0, "model_name": "GL_SAGEConv_3l_512h"}