{"f1_macro": 0.6094701128924032, "f1_weighted": 0.6567429426797062, "precision_macro": 0.623711164323947, "precision_weighted": 0.6622042642720929, "recall_macro": 0.6042801158127423, "recall_weighted": 0.6594594594594595, "accuracy": 0.6594594594594595, "class_scores": {"Southern Russians": 0.6936416184971098, "Ukranians": 0.5036496350364964, "Northen Russians": 0.779050736497545, "Belarusians": 0.46153846153846156}, "skipped_nodes": 0, "memory_allocated_MB": 28.572265625, "memory_reserved_MB": 240.0, "model_name": "GL_SAGEConv_3l_512h"}