{"f1_macro": 0.6041725922708712, "f1_weighted": 0.6489563450490624, "precision_macro": 0.6035474469684996, "precision_weighted": 0.654559579623591, "recall_macro": 0.6085759359573176, "recall_weighted": 0.6464864864864864, "accuracy": 0.6464864864864864, "class_scores": {"Southern Russians": 0.6862442040185471, "Ukranians": 0.43137254901960786, "Northen Russians": 0.7720465890183028, "Belarusians": 0.527027027027027}, "skipped_nodes": 0, "memory_allocated_MB": 28.2236328125, "memory_reserved_MB": 264.0, "model_name": "GL_SAGEConv_3l_512h"}