{"f1_macro": 0.9298566688033348, "f1_weighted": 0.9568918558377152, "precision_macro": 0.9292414504429152, "precision_weighted": 0.9571977151442682, "recall_macro": 0.9310778969642282, "recall_weighted": 0.9569444444444445, "accuracy": 0.9569444444444445, "class_scores": {"English": 0.9815418023887079, "Germans": 0.9156626506024096, "French": 0.8592592592592593, "Belgium": 0.9629629629629629}, "skipped_nodes": 49, "memory_allocated_MB": 24.8818359375, "memory_reserved_MB": 82.0, "f1_macro_score_only_mask_connect": -100.0, "f1_macro_score_only_not_mask_connect": -100.0, "f1_macro_score_mixed_connect": -100.0, "only_mask_connect_sum": -100.0, "only_not_mask_connect_sum": -100.0, "mixed_connect_sum": -100.0, "model_name": "GL_GINConv_3l_128h"}