{"f1_macro": 0.7824095645361138, "f1_weighted": 0.8535446460627365, "accuracy": 0.8790697674418605, "class_scores": {"P0": 0.9259259259259259, "P1": 0.9315068493150684, "P2": 0.4897959183673469}, "skipped_nodes": 0, "model_name": "GL_GCNConv_3l_512h_w"}