{"f1_macro": 0.314683645045762, "f1_weighted": 0.4305978210602166, "precision_macro": 0.26881248632554244, "precision_weighted": 0.36779992343589274, "recall_macro": 0.383133510362177, "recall_weighted": 0.5243243243243243, "accuracy": 0.5243243243243243, "class_scores": {"Southern Russians": 0.5428571428571428, "Ukranians": 0.0, "Northen Russians": 0.7158774373259053, "Belarusians": 0.0}, "skipped_nodes": 0, "memory_allocated_MB": 116.77197265625, "memory_reserved_MB": 532.0, "f1_macro_score_only_mask_connect": 0.25, "f1_macro_score_only_not_mask_connect": 0.0, "f1_macro_score_mixed_connect": 0.3154133448251095, "only_mask_connect_sum": 16.0, "only_not_mask_connect_sum": 1.0, "mixed_connect_sum": 908.0, "model_name": "GL_GINConv_9l_512h"}