{"f1_macro": 0.21444821970245698, "f1_weighted": 0.23864896180604456, "accuracy": 0.22366710013003901, "class_scores": {"P0": 0.2576271186440678, "P1": 0.245014245014245, "P2": 0.18181818181818182, "P3": 0.17333333333333334}, "skipped_nodes": 0, "model_name": "MaxEdgeCountPerClassSize"}