{"f1_macro": 0.7852002337787216, "f1_weighted": 0.8863384818299103, "precision_macro": 0.7886583198254455, "precision_weighted": 0.8853878171701793, "recall_macro": 0.7819468033876533, "recall_weighted": 0.8874643874643875, "accuracy": 0.8874643874643875, "class_scores": {"English": 0.9692307692307692, "Germans": 0.7510548523206751, "French": 0.4793388429752066, "Belgium": 0.9411764705882353}, "skipped_nodes": 67, "memory_allocated_MB": 22.95068359375, "memory_reserved_MB": 220.0, "f1_macro_score_only_mask_connect": 0.6983151796645941, "f1_macro_score_only_not_mask_connect": 0.8330357142857143, "f1_macro_score_mixed_connect": 0.794800789814044, "only_mask_connect_sum": 167.0, "only_not_mask_connect_sum": 37.0, "mixed_connect_sum": 498.0, "model_name": "GL_GINConv_9l_128h"}