{"f1_macro": 0.7650460299194477, "f1_weighted": 0.929017554826275, "precision_macro": 0.8598462395142893, "precision_weighted": 0.9298008737842763, "recall_macro": 0.7278735585468419, "recall_weighted": 0.9351851851851852, "accuracy": 0.9351851851851852, "class_scores": {"P0": 0.8666666666666667, "P1": 0.9662447257383966, "P2": 0.8939393939393939, "P3": 0.3333333333333333}, "skipped_nodes": 1, "memory_allocated_MB": 38.802734375, "memory_reserved_MB": 122.0, "model_name": "GL_TAGConv_3l_512h_w_k3_gnorm"}