{"f1_macro": 0.7064178464178463, "f1_weighted": 0.8508555531868415, "precision_macro": 0.6871326042378674, "precision_weighted": 0.902645207553183, "recall_macro": 0.7825248190055056, "recall_weighted": 0.8220858895705522, "accuracy": 0.8220858895705522, "class_scores": {"Udmurts,Besermyan": 0.972972972972973, "Tatars,Volga-Tatars,Mishar-Tatars,Kryashens": 0.8888888888888888, "Chuvash": 0.7733333333333333, "Mari": 0.19047619047619047}, "skipped_nodes": 0, "memory_allocated_MB": 37.77880859375, "memory_reserved_MB": 1636.0, "model_name": "GL_GATConv_9l_128h"}