{"f1_macro": 0.5705376042157815, "f1_weighted": 0.620156122697079, "precision_macro": 0.5705300980426609, "precision_weighted": 0.636461733467891, "recall_macro": 0.5841241358049347, "recall_weighted": 0.6143011917659805, "accuracy": 0.6143011917659805, "class_scores": {"Southern Russians": 0.6551126516464472, "Ukranians": 0.36421725239616615, "Northen Russians": 0.7628205128205128, "Belarusians": 0.5}, "skipped_nodes": 2, "memory_allocated_MB": 19.5595703125, "memory_reserved_MB": 154.0, "model_name": "GL_MLP_9l_128h"}