{"f1_macro": 0.41544997099918113, "f1_weighted": 0.43774993399461437, "accuracy": 0.4409722222222222, "class_scores": {"krasnodar": 0.4370860927152318, "yaroslavl": 0.32061068702290074, "ryazan": 0.5194805194805194, "kaluga": 0.41081081081081083, "vologda": 0.38926174496644295}, "skipped_nodes": 0, "model_name": "LongestIbd"}