{"f1_macro": 0.5672930550878192, "f1_weighted": 0.6512177784170305, "accuracy": 0.6165644171779141, "class_scores": {"Udmurts,Besermyan": 0.7346938775510204, "Tatars,Volga-Tatars,Mishar-Tatars,Kryashens": 0.664756446991404, "Chuvash": 0.6378378378378379, "Mari": 0.2318840579710145}, "skipped_nodes": 0, "model_name": "MaxIbdSumPerClassSize"}