{"f1_macro": 0.7269543343653251, "f1_weighted": 0.8025672514619884, "precision_macro": 0.7155043077837195, "precision_weighted": 0.8480606060606061, "recall_macro": 0.849499147485081, "recall_weighted": 0.79, "accuracy": 0.79, "class_scores": {"Chechens": 0.9444444444444444, "Kabardians, Circassians, Adyghes": 0.7555555555555555, "Karachays, Balkars": 0.8235294117647058, "Ingush": 0.8, "Dagestan peoples": 0.75, "Ossetians": 0.8421052631578947, "Kumyks": 0.4, "Nogais": 0.5}, "skipped_nodes": 18, "memory_allocated_MB": 17.1962890625, "memory_reserved_MB": 70.0, "model_name": "GL_SAGEConv_3l_128h"}