{"f1_macro": 0.4245009916409511, "f1_weighted": 0.49986105467132086, "precision_macro": 0.535224810898142, "precision_weighted": 0.5707084768133307, "recall_macro": 0.45276676960147294, "recall_weighted": 0.5388127853881278, "accuracy": 0.5388127853881278, "class_scores": {"Southern Russians": 0.5210084033613446, "Ukranians": 0.32950191570881227, "Northen Russians": 0.7213675213675214, "Belarusians": 0.12612612612612611}, "skipped_nodes": 0, "memory_allocated_MB": 68.38134765625, "memory_reserved_MB": 11826.0, "model_name": "GL_TAGConv_3l_512h_w_k3_gnorm"}