{"f1_macro": 0.9782286634460547, "f1_weighted": 0.9765485019618516, "accuracy": 0.9765258215962441, "class_scores": {"Swedes": 0.9733333333333334, "Norwegians": 0.9758454106280193, "Danes": 0.9855072463768116}, "skipped_nodes": 2, "model_name": "GL_TAGConv_9l_128h_w_k3"}