{"f1_macro": 0.691843752573923, "f1_weighted": 0.7910439537811665, "accuracy": 0.8238095238095238, "class_scores": {"Swedes": 0.9014084507042254, "Norwegians": 0.8583333333333333, "Danes": 0.3157894736842105}, "skipped_nodes": 5, "model_name": "GL_GINConv_9l_128h"}