{"f1_macro": 0.887453595800106, "f1_weighted": 0.9728575772812131, "precision_macro": 0.8768836825163768, "precision_weighted": 0.9735893606716177, "recall_macro": 0.8993692287683704, "recall_weighted": 0.9723926380368099, "accuracy": 0.9723926380368099, "class_scores": {"Udmurts,Besermyan": 0.972972972972973, "Tatars,Volga-Tatars,Mishar-Tatars,Kryashens": 0.9914163090128756, "Chuvash": 0.9538461538461539, "Mari": 0.631578947368421}, "skipped_nodes": 0, "memory_allocated_MB": 22.61962890625, "memory_reserved_MB": 728.0, "model_name": "GL_GATConv_3l_128h"}