{"f1_macro": 0.7023326093988262, "f1_weighted": 0.9284319385805686, "precision_macro": 0.7092245989304813, "precision_weighted": 0.9160870706341655, "recall_macro": 0.6973490267481683, "recall_weighted": 0.941717791411043, "accuracy": 0.941717791411043, "class_scores": {"Udmurts,Besermyan": 0.9411764705882353, "Tatars,Volga-Tatars,Mishar-Tatars,Kryashens": 0.9726315789473684, "Chuvash": 0.8955223880597015, "Mari": 0.0}, "skipped_nodes": 0, "model_name": "MaxEdgeCount"}