{"f1_macro": 0.42586676311339033, "f1_weighted": 0.48423697493586737, "precision_macro": 0.42402312203797166, "precision_weighted": 0.48514015344889616, "recall_macro": 0.42854546752725975, "recall_weighted": 0.4837905236907731, "accuracy": 0.4837905236907731, "class_scores": {"Ukranians": 0.22672064777327935, "Southern Russians": 0.5026929982046678, "Northen Russians": 0.6254295532646048, "Belarusians": 0.3486238532110092}, "skipped_nodes": 81, "memory_allocated_MB": 37.43310546875, "memory_reserved_MB": 200.0, "model_name": "GL_TAGConv_3l_512h_w_k3_gnorm_gelu"}