{"f1_macro": 0.8875587774294671, "f1_weighted": 0.9766738946477681, "precision_macro": 0.875, "precision_weighted": 0.9782487451199109, "recall_macro": 0.9031571075562491, "recall_weighted": 0.9754601226993865, "accuracy": 0.9754601226993865, "class_scores": {"P0": 1.0, "P1": 0.9956896551724138, "P2": 0.9545454545454546, "P3": 0.6}, "skipped_nodes": 0, "memory_allocated_MB": 22.38525390625, "memory_reserved_MB": 54.0, "model_name": "GL_MLP_3l_512h"}