{"f1_macro": 0.27170319289627815, "f1_weighted": 0.06283069779625595, "precision_macro": 0.507328990228013, "precision_weighted": 0.25847804800063945, "recall_macro": 0.5037878787878788, "recall_weighted": 0.08588957055214724, "accuracy": 0.08588957055214724, "class_scores": {"P0": 1.0, "P1": 0.0, "P2": 0.029850746268656716, "P3": 0.056962025316455694}, "skipped_nodes": 0, "memory_allocated_MB": 39.53076171875, "memory_reserved_MB": 4502.0, "model_name": "GL_GATConv_9l_128h"}