{"f1_macro": 0.9318035013361919, "f1_weighted": 0.9640921164480171, "precision_macro": 0.9378389991325091, "precision_weighted": 0.96410655036615, "recall_macro": 0.9267303681603569, "recall_weighted": 0.9644859813084112, "accuracy": 0.9644859813084112, "class_scores": {"English": 0.9836477987421384, "Germans": 0.8983050847457628, "French": 0.9361702127659575, "Belgium": 0.9090909090909091}, "skipped_nodes": 234, "memory_allocated_MB": 339.400390625, "memory_reserved_MB": 616.0, "f1_macro_score_only_mask_connect": NaN, "f1_macro_score_only_not_mask_connect": 0.9318035013361919, "f1_macro_score_mixed_connect": NaN, "only_mask_connect_sum": 0.0, "only_not_mask_connect_sum": 535.0, "mixed_connect_sum": 0.0, "model_name": "GL_GATConv_9l_512h"}