{"f1_macro": 0.4754184324002826, "f1_weighted": 0.5815303669258913, "precision_macro": 0.4765476095373003, "precision_weighted": 0.7976180570369886, "recall_macro": 0.6646270396270397, "recall_weighted": 0.5420875420875421, "accuracy": 0.5420875420875421, "class_scores": {"Udmurts,Besermyan": 0.625, "Tatars,Volga-Tatars,Mishar-Tatars,Kryashens": 0.6295081967213115, "Chuvash": 0.46938775510204084, "Mari": 0.17777777777777778}, "skipped_nodes": 29, "model_name": "MaxEdgeCountPerClassSize"}