{"f1_macro": 0.4098485288424313, "f1_weighted": 0.4590209052512152, "accuracy": 0.4965277777777778, "class_scores": {"krasnodar": 0.485, "vologda-yaroslavl": 0.6031746031746031, "ryazan": 0.551219512195122, "kaluga": 0.0}, "skipped_nodes": 0, "model_name": "GL_SAGEConv_9l_128h"}