{"f1_macro": 0.3574341348857323, "f1_weighted": 0.3387990845674713, "precision_macro": 0.45658959096459095, "precision_weighted": 0.4236751065698434, "recall_macro": 0.40236928104575165, "recall_weighted": 0.41228070175438597, "accuracy": 0.41228070175438597, "class_scores": {"Chechens": 0.5862068965517241, "Kabardians, Circassians, Adyghes": 0.0, "Karachays, Balkars": 0.5714285714285714, "Ingush": 0.35294117647058826, "Dagestan peoples": 0.3225806451612903, "Ossetians": 0.5263157894736842, "Kumyks": 0.0, "Nogais": 0.5}, "skipped_nodes": 4, "memory_allocated_MB": 21.89013671875, "memory_reserved_MB": 86.0, "model_name": "GL_GINConv_9l_128h"}