{"f1_macro": 0.42293556154762246, "f1_weighted": 0.49752289636644625, "precision_macro": 0.4219304145774734, "precision_weighted": 0.49153834324531326, "recall_macro": 0.4262591049612326, "recall_weighted": 0.5049786628733998, "accuracy": 0.5049786628733998, "class_scores": {"Northen Russians": 0.6466165413533834, "Ukranians": 0.14814814814814814, "Belarusians": 0.37438423645320196, "Southern Russians": 0.5225933202357563}, "skipped_nodes": 107, "memory_allocated_MB": 87.033203125, "memory_reserved_MB": 278.0, "model_name": "GL_SAGEConv_9l_512h"}