{"f1_macro": 0.8913806850708363, "f1_weighted": 0.9304262792315419, "precision_macro": 0.9060290234514858, "precision_weighted": 0.9352383134637063, "recall_macro": 0.8862951817045097, "recall_weighted": 0.9325068870523416, "accuracy": 0.9325068870523416, "class_scores": {"English": 0.9701492537313433, "Germans": 0.8546255506607929, "French": 0.8028169014084507, "Belgium": 0.9379310344827586}, "skipped_nodes": 43, "memory_allocated_MB": 37.98681640625, "memory_reserved_MB": 172.0, "f1_macro_score_only_mask_connect": 0.7946012544802867, "f1_macro_score_only_not_mask_connect": 1.0, "f1_macro_score_mixed_connect": 0.9380811932370707, "only_mask_connect_sum": 191.0, "only_not_mask_connect_sum": 26.0, "mixed_connect_sum": 509.0, "model_name": "GL_TAGConv_3l_512h_w_k3"}