{"f1_macro": 0.8755818876993081, "f1_weighted": 0.9116033619924451, "accuracy": 0.9136986301369863, "class_scores": {"English": 0.9454926624737946, "Germans": 0.8583333333333333, "French": 0.8740740740740741, "Belgium": 0.8244274809160306}, "skipped_nodes": 39, "model_name": "LongestIbd"}