{"f1_macro": 0.2589007276507277, "f1_weighted": 0.42608575406740545, "precision_macro": 0.2571052631578947, "precision_weighted": 0.41293417028810553, "recall_macro": 0.30176767676767674, "recall_weighted": 0.5229357798165137, "accuracy": 0.5229357798165137, "class_scores": {"Chechens": 0.7567567567567568, "Kabardians, Circassians, Adyghes": 0.5576923076923077, "Karachays, Balkars": 0.0, "Ingush": 0.0, "Dagestan peoples": 0.7567567567567568, "Ossetians": 0.0, "Kumyks": 0.0, "Nogais": 0.0}, "skipped_nodes": 9, "memory_allocated_MB": 16.96875, "memory_reserved_MB": 42.0, "model_name": "GL_SAGEConv_3l_128h"}