{"f1_macro": 0.8631538996987309, "f1_weighted": 0.9551319495488674, "accuracy": 0.9570552147239264, "class_scores": {"Udmurts,Besermyan": 0.9411764705882353, "Tatars,Volga-Tatars,Mishar-Tatars,Kryashens": 0.980561555075594, "Chuvash": 0.9154929577464789, "Mari": 0.6153846153846154}, "skipped_nodes": 0, "model_name": "MaxIbdSum"}