{"f1_macro": 0.8880742498191526, "f1_weighted": 0.941296526001775, "precision_macro": 0.9082740632091659, "precision_weighted": 0.9417422521608448, "recall_macro": 0.870538796626123, "recall_weighted": 0.9418416801292407, "accuracy": 0.9418416801292407, "class_scores": {"English": 0.9727891156462585, "Germans": 0.8522727272727273, "French": 0.819672131147541, "Belgium": 0.907563025210084}, "skipped_nodes": 150, "memory_allocated_MB": 37.517578125, "memory_reserved_MB": 112.0, "f1_macro_score_only_mask_connect": 0.7785691995631144, "f1_macro_score_only_not_mask_connect": 0.8564002001817977, "f1_macro_score_mixed_connect": 0.9274790346907995, "only_mask_connect_sum": 84.0, "only_not_mask_connect_sum": 161.0, "mixed_connect_sum": 374.0, "model_name": "GL_TAGConv_3l_512h_w_k3_gnorm"}