{"f1_macro": 0.9594333463898682, "f1_weighted": 0.9674420426493227, "precision_macro": 0.9581415340247351, "precision_weighted": 0.9676436447307156, "recall_macro": 0.9609679582495118, "recall_weighted": 0.9674418604651163, "accuracy": 0.9674418604651163, "class_scores": {"Swedes": 0.9594594594594594, "Norwegians": 0.9855072463768116, "Danes": 0.9333333333333333}, "skipped_nodes": 0, "memory_allocated_MB": 22.8798828125, "memory_reserved_MB": 60.0, "f1_macro_score_only_mask_connect": -100.0, "f1_macro_score_only_not_mask_connect": -100.0, "f1_macro_score_mixed_connect": -100.0, "only_mask_connect_sum": -100.0, "only_not_mask_connect_sum": -100.0, "mixed_connect_sum": -100.0, "model_name": "GL_SAGEConv_9l_128h_de"}