{"f1_macro": 0.9258373376299317, "f1_weighted": 0.9793734586144345, "precision_macro": 0.9076571973567682, "precision_weighted": 0.981302950628104, "recall_macro": 0.9522098669094378, "recall_weighted": 0.9785276073619632, "accuracy": 0.9785276073619632, "class_scores": {"P0": 1.0, "P1": 0.9957081545064378, "P2": 0.9457364341085271, "P3": 0.7619047619047619}, "skipped_nodes": 0, "memory_allocated_MB": 24.31884765625, "memory_reserved_MB": 86.0, "model_name": "GL_MLP_3l_512h"}