{"f1_macro": 0.6783017410911937, "f1_weighted": 0.9210737014331773, "accuracy": 0.9355828220858896, "class_scores": {"P0": 0.8387096774193549, "P1": 0.966804979253112, "P2": 0.9076923076923077, "P3": 0.0}, "skipped_nodes": 0, "model_name": "MaxSegmentCount"}