{"f1_macro": 0.8888272059912565, "f1_weighted": 0.9301941814837842, "precision_macro": 0.8983034586673249, "precision_weighted": 0.9310230757785584, "recall_macro": 0.8817410206385441, "recall_weighted": 0.931129476584022, "accuracy": 0.931129476584022, "class_scores": {"English": 0.9720430107526882, "Germans": 0.8512396694214877, "French": 0.8055555555555556, "Belgium": 0.9264705882352942}, "skipped_nodes": 43, "memory_allocated_MB": 27.5185546875, "memory_reserved_MB": 128.0, "f1_macro_score_only_mask_connect": 0.7960855288277968, "f1_macro_score_only_not_mask_connect": 1.0, "f1_macro_score_mixed_connect": 0.9403804181809481, "only_mask_connect_sum": 191.0, "only_not_mask_connect_sum": 26.0, "mixed_connect_sum": 509.0, "model_name": "GL_SAGEConv_3l_512h_de"}