{"f1_macro": 0.9522028841547252, "f1_weighted": 0.9651823497083518, "precision_macro": 0.9715184186882301, "precision_weighted": 0.9662799542148213, "recall_macro": 0.9357663464779238, "recall_weighted": 0.9657534246575342, "accuracy": 0.9657534246575342, "class_scores": {"English": 0.9797225186766275, "Germans": 0.9317269076305221, "French": 0.9333333333333333, "Belgium": 0.9640287769784173}, "skipped_nodes": 39, "memory_allocated_MB": 17.6220703125, "memory_reserved_MB": 78.0, "model_name": "GL_TAGConv_3l_128h_w_k3"}