{"f1_macro": 0.3513649977622988, "f1_weighted": 0.6888993332938618, "accuracy": 0.6993865030674846, "class_scores": {"Udmurts,Besermyan": 0.0, "Tatars,Volga-Tatars,Mishar-Tatars,Kryashens": 0.7893462469733656, "Chuvash": 0.6161137440758294, "Mari": 0.0}, "skipped_nodes": 0, "model_name": "GL_GINConv_9l_512h"}