{"f1_macro": 0.16652679917318217, "f1_weighted": 0.22906375398218362, "accuracy": 0.2864583333333333, "class_scores": {"krasnodar": 0.2839506172839506, "yaroslavl": 0.05825242718446602, "ryazan": 0.4163568773234201, "kaluga": 0.07407407407407407, "vologda": 0.0}, "skipped_nodes": 0, "model_name": "GL_GATConv_3l_128h"}