{"f1_macro": 0.6063469246493531, "f1_weighted": 0.8082854282593563, "precision_macro": 0.6029842473332117, "precision_weighted": 0.784232511872559, "recall_macro": 0.6312370942080499, "recall_weighted": 0.8457300275482094, "accuracy": 0.8457300275482094, "class_scores": {"English": 0.971307120085016, "Germans": 0.69375, "French": 0.0, "Belgium": 0.7603305785123967}, "skipped_nodes": 43, "memory_allocated_MB": 37.025390625, "memory_reserved_MB": 692.0, "f1_macro_score_only_mask_connect": 0.5615468868480917, "f1_macro_score_only_not_mask_connect": 0.6264705882352941, "f1_macro_score_mixed_connect": 0.616925552756787, "only_mask_connect_sum": 191.0, "only_not_mask_connect_sum": 26.0, "mixed_connect_sum": 509.0, "model_name": "GL_GATConv_9l_128h"}