{"f1_macro": 0.835265748725299, "f1_weighted": 0.8949105850641131, "precision_macro": 0.8274931431445681, "precision_weighted": 0.916209190120872, "recall_macro": 0.8639520202020202, "recall_weighted": 0.8892307692307693, "accuracy": 0.8892307692307693, "class_scores": {"Udmurts,Besermyan": 0.9090909090909091, "Tatars,Volga-Tatars,Mishar-Tatars,Kryashens": 0.9269406392694064, "Chuvash": 0.8050314465408805, "Mari": 0.7}, "skipped_nodes": 1, "model_name": "LongestIbd"}