{"f1_macro": 0.9674132927317435, "f1_weighted": 0.9908301074487937, "accuracy": 0.99079754601227, "class_scores": {"Udmurts,Besermyan": 1.0, "Tatars,Volga-Tatars,Mishar-Tatars,Kryashens": 0.9956896551724138, "Chuvash": 0.9850746268656716, "Mari": 0.8888888888888888}, "skipped_nodes": 0, "model_name": "GL_TAGConv_3l_512h_w_k3_gnorm"}