{"f1_macro": 0.9400905551294909, "f1_weighted": 0.976592889718579, "precision_macro": 0.908371040723982, "precision_weighted": 0.9795963689864808, "recall_macro": 0.9859864741838991, "recall_weighted": 0.9754601226993865, "accuracy": 0.9754601226993865, "class_scores": {"Udmurts,Besermyan": 1.0, "Tatars,Volga-Tatars,Mishar-Tatars,Kryashens": 0.9869565217391304, "Chuvash": 0.9552238805970149, "Mari": 0.8181818181818182}, "skipped_nodes": 0, "memory_allocated_MB": 382.50341796875, "memory_reserved_MB": 30710.0, "f1_macro_score_only_mask_connect": NaN, "f1_macro_score_only_not_mask_connect": NaN, "f1_macro_score_mixed_connect": 0.9400905551294909, "only_mask_connect_sum": 0.0, "only_not_mask_connect_sum": 0.0, "mixed_connect_sum": 326.0, "model_name": "GL_GATConv_9l_512h"}