{"f1_macro": 0.5736326681448634, "f1_weighted": 0.7935151690006436, "precision_macro": 0.5592424242424243, "precision_weighted": 0.8312659235668791, "recall_macro": 0.6188398300182442, "recall_weighted": 0.7643312101910829, "accuracy": 0.7643312101910829, "class_scores": {"P0": 0.6428571428571429, "P1": 0.8571428571428571, "P2": 0.696969696969697, "P3": 0.0975609756097561}, "skipped_nodes": 9, "memory_allocated_MB": 21.76708984375, "memory_reserved_MB": 50.0, "model_name": "GL_MLP_3l_512h"}