{"f1_macro": 0.2658943089430894, "f1_weighted": 0.4471932572536734, "accuracy": 0.5688073394495413, "class_scores": {"Chechens": 0.68, "Kabardians, Circassians, Adyghes": 0.6666666666666666, "Karachays, Balkars": 0.0, "Ingush": 0.0, "Dagestan peoples": 0.7804878048780488, "Ossetians": 0.0, "Kumyks": 0.0, "Nogais": 0.0}, "skipped_nodes": 9, "model_name": "GL_GATConv_9l_128h"}