{"f1_macro": 0.5281456830607784, "f1_weighted": 0.5758563825529385, "precision_macro": 0.5310752371123888, "precision_weighted": 0.585828970943522, "recall_macro": 0.5331957391495583, "recall_weighted": 0.5718918918918919, "accuracy": 0.5718918918918919, "class_scores": {"Southern Russians": 0.5728813559322034, "Ukranians": 0.42953020134228187, "Northen Russians": 0.7386541471048513, "Belarusians": 0.3715170278637771}, "skipped_nodes": 0, "memory_allocated_MB": 32.99169921875, "memory_reserved_MB": 142.0, "f1_macro_score_only_mask_connect": 0.53125, "f1_macro_score_only_not_mask_connect": 1.0, "f1_macro_score_mixed_connect": 0.5239290649307962, "only_mask_connect_sum": 16.0, "only_not_mask_connect_sum": 1.0, "mixed_connect_sum": 908.0, "model_name": "GL_GINConv_3l_128h"}