{"f1_macro": 0.5595761861564682, "f1_weighted": 0.6071420997586262, "precision_macro": 0.5579775262235233, "precision_weighted": 0.6130642712364271, "recall_macro": 0.5633296923321738, "recall_weighted": 0.6032432432432432, "accuracy": 0.6032432432432432, "class_scores": {"Southern Russians": 0.6245847176079734, "Ukranians": 0.3869047619047619, "Northen Russians": 0.7587301587301587, "Belarusians": 0.46808510638297873}, "skipped_nodes": 0, "memory_allocated_MB": 22.486328125, "memory_reserved_MB": 156.0, "model_name": "GL_MLP_3l_512h"}