{"f1_macro": 0.11571698994517787, "f1_weighted": 0.1646170221180434, "accuracy": 0.3182608695652174, "class_scores": {"krasnodar": 0.023809523809523808, "yaroslavl": 0.07692307692307693, "ryazan": 0.4778523489932886, "kaluga": 0.0, "vologda": 0.0}, "skipped_nodes": 1, "model_name": "GL_TAGConv_9l_128h_w_k3"}