{"f1_macro": 0.6330618088930109, "f1_weighted": 0.8061364924110023, "precision_macro": 0.6239148080180689, "precision_weighted": 0.7893545848091303, "recall_macro": 0.647288380932083, "recall_weighted": 0.8282828282828283, "accuracy": 0.8282828282828283, "class_scores": {"Chechens": 0.8823529411764706, "Kabardians, Circassians, Adyghes": 0.8695652173913043, "Karachays, Balkars": 0.8571428571428571, "Ingush": 0.8571428571428571, "Dagestan peoples": 0.8205128205128205, "Ossetians": 0.7777777777777778, "Kumyks": 0.0, "Nogais": 0.0}, "skipped_nodes": 19, "memory_allocated_MB": 86.91552734375, "memory_reserved_MB": 132.0, "f1_macro_score_only_mask_connect": 0.7222222222222222, "f1_macro_score_only_not_mask_connect": 0.485515873015873, "f1_macro_score_mixed_connect": 0.6314638318670577, "only_mask_connect_sum": 10.0, "only_not_mask_connect_sum": 17.0, "mixed_connect_sum": 72.0, "model_name": "GL_SAGEConv_9l_512h_de"}