{"f1_macro": 0.5627474711432604, "f1_weighted": 0.6363539972138701, "precision_macro": 0.5684647021603544, "precision_weighted": 0.8541473013732283, "recall_macro": 0.7756643690120085, "recall_weighted": 0.588957055214724, "accuracy": 0.588957055214724, "class_scores": {"P0": 0.8181818181818182, "P1": 0.6453488372093024, "P2": 0.6187845303867403, "P3": 0.1686746987951807}, "skipped_nodes": 0, "model_name": "MaxIbdSumPerClassSize"}