{"f1_macro": 0.9147540889433134, "f1_weighted": 0.9811375157653591, "accuracy": 0.9815950920245399, "class_scores": {"Udmurts,Besermyan": 0.9714285714285714, "Tatars,Volga-Tatars,Mishar-Tatars,Kryashens": 0.9893390191897654, "Chuvash": 0.9923664122137404, "Mari": 0.7058823529411765}, "skipped_nodes": 0, "model_name": "GL_TAGConv_3l_512h_w_k3"}