{"f1_macro": 0.8403401654767773, "f1_weighted": 0.9205908275208952, "precision_macro": 0.9058997203695868, "precision_weighted": 0.9293068089789375, "recall_macro": 0.8194760968198468, "recall_weighted": 0.9272997032640949, "accuracy": 0.9272997032640949, "class_scores": {"English": 0.9781181619256017, "Germans": 0.822429906542056, "French": 0.6265060240963856, "Belgium": 0.9343065693430657}, "skipped_nodes": 95, "memory_allocated_MB": 25.654296875, "memory_reserved_MB": 94.0, "f1_macro_score_only_mask_connect": 0.6908169160061507, "f1_macro_score_only_not_mask_connect": 0.8700211416490486, "f1_macro_score_mixed_connect": 0.9334146164833739, "only_mask_connect_sum": 139.0, "only_not_mask_connect_sum": 67.0, "mixed_connect_sum": 468.0, "model_name": "GL_TAGConv_9l_128h_w_k3"}