{"f1_macro": 0.35050369775965645, "f1_weighted": 0.7098994913175581, "accuracy": 0.7758064516129032, "class_scores": {"English": 0.922422954303932, "Germans": 0.47959183673469385, "French": 0.0, "Belgium": 0.0}, "skipped_nodes": 149, "model_name": "GL_GATConv_3l_128h"}