{"f1_macro": 0.6518612748389013, "f1_weighted": 0.865002647458241, "precision_macro": 0.6386739582183971, "precision_weighted": 0.8422548667862718, "recall_macro": 0.6737682482391527, "recall_weighted": 0.8928571428571429, "accuracy": 0.8928571428571429, "class_scores": {"English": 0.9651293588301463, "Germans": 0.7379679144385026, "French": 0.0, "Belgium": 0.9043478260869565}, "skipped_nodes": 153, "memory_allocated_MB": 21.40087890625, "memory_reserved_MB": 96.0, "model_name": "GL_GATConv_3l_128h"}