{"f1_macro": 0.49305683220299085, "f1_weighted": 0.5477487527779281, "precision_macro": 0.49982395791968975, "precision_weighted": 0.5430428927348364, "recall_macro": 0.49116392801251957, "recall_weighted": 0.5555555555555556, "accuracy": 0.5555555555555556, "class_scores": {"Northen Russians": 0.673773987206823, "Ukranians": 0.25196850393700787, "Belarusians": 0.5174825174825175, "Southern Russians": 0.5290023201856149}, "skipped_nodes": 153, "memory_allocated_MB": 18.83447265625, "memory_reserved_MB": 58.0, "model_name": "GL_GCNConv_9l_128h_w"}