{"f1_macro": 0.6855047274749722, "f1_weighted": 0.9190042782578932, "accuracy": 0.9292307692307692, "class_scores": {"P0": 0.9032258064516129, "P1": 0.9698275862068966, "P2": 0.8689655172413793, "P3": 0.0}, "skipped_nodes": 0, "model_name": "MaxIbdSum"}