{"f1_macro": 0.4732922506414344, "f1_weighted": 0.5642341042398048, "accuracy": 0.5306748466257669, "class_scores": {"Udmurts,Besermyan": 0.5373134328358209, "Tatars,Volga-Tatars,Mishar-Tatars,Kryashens": 0.5705521472392638, "Chuvash": 0.6010928961748634, "Mari": 0.18421052631578946}, "skipped_nodes": 0, "model_name": "MaxEdgeCountPerClassSize"}