{"f1_macro": 0.9817210472868559, "f1_weighted": 0.9814146650034682, "precision_macro": 0.9831223628691982, "precision_weighted": 0.9822548207736899, "recall_macro": 0.9810320028766631, "recall_weighted": 0.9813084112149533, "accuracy": 0.9813084112149533, "class_scores": {"Swedes": 0.974025974025974, "Norwegians": 0.9852216748768473, "Danes": 0.9859154929577465}, "skipped_nodes": 1, "memory_allocated_MB": 98.4033203125, "memory_reserved_MB": 918.0, "model_name": "GL_GATConv_3l_512h"}