{"f1_macro": 0.454566781269563, "f1_weighted": 0.536020525598603, "precision_macro": 0.5232140841970034, "precision_weighted": 0.5543927963150254, "recall_macro": 0.47074762931727643, "recall_weighted": 0.5801354401805869, "accuracy": 0.5801354401805869, "class_scores": {"Ukranians": 0.11834319526627218, "Southern Russians": 0.6208791208791209, "Northen Russians": 0.7215568862275449, "Belarusians": 0.357487922705314}, "skipped_nodes": 29, "memory_allocated_MB": 20.7294921875, "memory_reserved_MB": 80.0, "model_name": "GL_SAGEConv_9l_128h"}