{"f1_macro": 0.4377082529695504, "f1_weighted": 0.4871670478005943, "accuracy": 0.53125, "class_scores": {"krasnodar": 0.4819277108433735, "vologda-yaroslavl": 0.6531986531986532, "ryazan": 0.5939675174013921, "kaluga": 0.021739130434782608}, "skipped_nodes": 0, "model_name": "GL_SAGEConv_3l_128h"}