{"f1_macro": 0.8432043186533961, "f1_weighted": 0.9064359825657474, "precision_macro": 0.84605854194442, "precision_weighted": 0.9064983404057937, "recall_macro": 0.843325970797573, "recall_weighted": 0.9079136690647482, "accuracy": 0.9079136690647482, "class_scores": {"English": 0.9574700109051254, "Germans": 0.8130841121495327, "French": 0.7008547008547008, "Belgium": 0.9014084507042254}, "skipped_nodes": 74, "memory_allocated_MB": 87.0986328125, "memory_reserved_MB": 246.0, "model_name": "GL_SAGEConv_9l_512h"}