{"f1_macro": 0.20116736191616555, "f1_weighted": 0.2207253636911375, "precision_macro": 0.3091184785428389, "precision_weighted": 0.4460892729563782, "recall_macro": 0.22082412103871335, "recall_weighted": 0.19325153374233128, "accuracy": 0.19325153374233128, "class_scores": {"P0": 0.37037037037037035, "P1": 0.2305084745762712, "P2": 0.17100371747211895, "P3": 0.03278688524590164}, "skipped_nodes": 0, "model_name": "LongestIbd"}