{"f1_macro": 0.540719696969697, "f1_weighted": 0.7137713771377138, "precision_macro": 0.5660235984345892, "precision_weighted": 0.7519790236431869, "recall_macro": 0.5338194444444444, "recall_weighted": 0.7029702970297029, "accuracy": 0.7029702970297029, "class_scores": {"Chechens": 0.6666666666666666, "Kabardians, Circassians, Adyghes": 0.7272727272727273, "Karachays, Balkars": 0.8484848484848485, "Ingush": 0.6666666666666666, "Dagestan peoples": 0.75, "Ossetians": 0.6666666666666666, "Kumyks": 0.0, "Nogais": 0.0}, "skipped_nodes": 17, "memory_allocated_MB": 51.7021484375, "memory_reserved_MB": 78.0, "model_name": "GL_MLP_9l_512h"}