{"f1_macro": 0.7340364244477349, "f1_weighted": 0.8591513314774389, "accuracy": 0.8695652173913043, "class_scores": {"Chechens": 0.8421052631578947, "Kabardians, Circassians, Adyghes": 0.9, "Karachays, Balkars": 0.875, "Ingush": 0.7777777777777778, "Dagestan peoples": 0.9411764705882353, "Ossetians": 0.8695652173913043, "Kumyks": 0.0, "Nogais": 0.6666666666666666}, "skipped_nodes": 3, "model_name": "GL_TAGConv_9l_512h_w_k3"}