{"f1_macro": 0.8685881413356258, "f1_weighted": 0.9284362599459592, "precision_macro": 0.9256327789898788, "precision_weighted": 0.9346694651091201, "recall_macro": 0.8421842513746234, "recall_weighted": 0.9340028694404591, "accuracy": 0.9340028694404591, "class_scores": {"English": 0.9722222222222222, "Germans": 0.8820960698689956, "French": 0.673469387755102, "Belgium": 0.9465648854961832}, "skipped_nodes": 72, "memory_allocated_MB": 17.615234375, "memory_reserved_MB": 70.0, "model_name": "GL_TAGConv_3l_128h_w_k3"}