{"f1_macro": 0.5360110785482851, "f1_weighted": 0.5761304135736633, "precision_macro": 0.5358129011890982, "precision_weighted": 0.5772334981464702, "recall_macro": 0.5367230024648248, "recall_weighted": 0.575503355704698, "accuracy": 0.575503355704698, "class_scores": {"Northen Russians": 0.6560364464692483, "Ukranians": 0.43137254901960786, "Belarusians": 0.4727272727272727, "Southern Russians": 0.5839080459770115}, "skipped_nodes": 142, "memory_allocated_MB": 101.93212890625, "memory_reserved_MB": 336.0, "model_name": "GL_GINConv_9l_512h"}