{"f1_macro": 0.5797841848672496, "f1_weighted": 0.6198762163381926, "precision_macro": 0.5976401204918982, "precision_weighted": 0.6192693061026261, "recall_macro": 0.5709806801646748, "recall_weighted": 0.6273022751895991, "accuracy": 0.6273022751895991, "class_scores": {"Southern Russians": 0.6367713004484304, "Ukranians": 0.45161290322580644, "Northen Russians": 0.7413010590015129, "Belarusians": 0.48945147679324896}, "skipped_nodes": 2, "memory_allocated_MB": 36.6865234375, "memory_reserved_MB": 302.0, "model_name": "GL_TAGConv_3l_512h_w_k3_gnorm"}