{"f1_macro": 0.69974442438178, "f1_weighted": 0.8181301326366158, "precision_macro": 0.7534226190476191, "precision_weighted": 0.8414045434687636, "recall_macro": 0.7014299397920087, "recall_weighted": 0.8256880733944955, "accuracy": 0.8256880733944955, "class_scores": {"Chechens": 0.8717948717948718, "Kabardians, Circassians, Adyghes": 0.84, "Karachays, Balkars": 0.8292682926829268, "Ingush": 0.8, "Dagestan peoples": 0.8095238095238095, "Ossetians": 0.9473684210526315, "Kumyks": 0.0, "Nogais": 0.5}, "skipped_nodes": 9, "memory_allocated_MB": 16.74365234375, "memory_reserved_MB": 40.0, "model_name": "GL_GCNConv_3l_128h_w"}