{"f1_macro": 0.8079477417136631, "f1_weighted": 0.9083273155179858, "precision_macro": 0.8775698406452882, "precision_weighted": 0.9178808175267995, "recall_macro": 0.7947486027864312, "recall_weighted": 0.9157894736842105, "accuracy": 0.9157894736842105, "class_scores": {"English": 0.9681668496158068, "Germans": 0.8181818181818182, "French": 0.5294117647058824, "Belgium": 0.916030534351145}, "skipped_nodes": 104, "memory_allocated_MB": 17.39404296875, "memory_reserved_MB": 52.0, "model_name": "GL_SAGEConv_3l_128h"}