{"f1_macro": 0.749182083900754, "f1_weighted": 0.8527389216556188, "precision_macro": 0.7385031728182304, "precision_weighted": 0.8805340088870757, "recall_macro": 0.782405462184874, "recall_weighted": 0.8392857142857143, "accuracy": 0.8392857142857143, "class_scores": {"Chechens": 0.9090909090909091, "Kabardians, Circassians, Adyghes": 0.8627450980392157, "Karachays, Balkars": 0.9411764705882353, "Ingush": 0.9523809523809523, "Dagestan peoples": 0.8181818181818182, "Ossetians": 0.782608695652174, "Kumyks": 0.0, "Nogais": 0.7272727272727273}, "skipped_nodes": 6, "memory_allocated_MB": 28.4306640625, "memory_reserved_MB": 118.0, "f1_macro_score_only_mask_connect": 0.2702947845804989, "f1_macro_score_only_not_mask_connect": 0.5599999999999999, "f1_macro_score_mixed_connect": 0.8219755882558302, "only_mask_connect_sum": 23.0, "only_not_mask_connect_sum": 7.0, "mixed_connect_sum": 82.0, "model_name": "GL_SAGEConv_3l_512h_de"}