{"f1_macro": 0.9134031001678061, "f1_weighted": 0.9811263879470304, "precision_macro": 0.9305206318504191, "precision_weighted": 0.980906539616238, "recall_macro": 0.8979169376165084, "recall_weighted": 0.9815950920245399, "accuracy": 0.9815950920245399, "class_scores": {"P0": 0.9714285714285714, "P1": 0.9914529914529915, "P2": 0.9848484848484849, "P3": 0.7058823529411765}, "skipped_nodes": 0, "memory_allocated_MB": 0.00048828125, "memory_reserved_MB": 26.0, "f1_macro_score_only_mask_connect": -100.0, "f1_macro_score_only_not_mask_connect": -100.0, "f1_macro_score_mixed_connect": -100.0, "only_mask_connect_sum": -100.0, "only_not_mask_connect_sum": -100.0, "mixed_connect_sum": -100.0, "model_name": "GL_LR"}