{"f1_macro": 0.6958035506222863, "f1_weighted": 0.8032385005719672, "accuracy": 0.8131868131868132, "class_scores": {"Chechens": 0.7894736842105263, "Kabardians, Circassians, Adyghes": 0.8333333333333334, "Karachays, Balkars": 0.8387096774193549, "Ingush": 0.7058823529411765, "Dagestan peoples": 0.9032258064516129, "Ossetians": 0.8, "Kumyks": 0.0, "Nogais": 0.0}, "skipped_nodes": 27, "model_name": "GL_TAGConv_9l_128h_w_k3"}