{"f1_macro": 0.5525913667353735, "f1_weighted": 0.6195891596111036, "precision_macro": 0.5799472662085502, "precision_weighted": 0.6201975501191923, "recall_macro": 0.5482525995503481, "recall_weighted": 0.6328257191201354, "accuracy": 0.6328257191201354, "class_scores": {"Northen Russians": 0.7416666666666667, "Ukranians": 0.31932773109243695, "Belarusians": 0.5031446540880503, "Southern Russians": 0.6462264150943396}, "skipped_nodes": 147, "memory_allocated_MB": 36.67822265625, "memory_reserved_MB": 158.0, "model_name": "GL_TAGConv_3l_512h_w_k3_gnorm_relu"}