{"f1_macro": 0.47234320884601855, "f1_weighted": 0.5215711029345208, "precision_macro": 0.4751801059636881, "precision_weighted": 0.5188436151022731, "recall_macro": 0.4720817313148489, "recall_weighted": 0.5274056029232643, "accuracy": 0.5274056029232643, "class_scores": {"Ukranians": 0.3389830508474576, "Southern Russians": 0.5163636363636364, "Northen Russians": 0.6656050955414012, "Belarusians": 0.3684210526315789}, "skipped_nodes": 62, "memory_allocated_MB": 25.65234375, "memory_reserved_MB": 104.0, "model_name": "GL_TAGConv_9l_128h_w_k3"}