{"f1_macro": 0.6938709537298043, "f1_weighted": 0.9128882772559725, "precision_macro": 0.6971941992433796, "precision_weighted": 0.9002371208194401, "recall_macro": 0.6912255603242727, "recall_weighted": 0.9263803680981595, "accuracy": 0.9263803680981595, "class_scores": {"P0": 0.9714285714285714, "P1": 0.9643605870020965, "P2": 0.8396946564885496, "P3": 0.0}, "skipped_nodes": 0, "model_name": "MaxEdgeCount"}