{"f1_macro": 0.8780640863227649, "f1_weighted": 0.8959564162163326, "precision_macro": 0.8747038049669629, "precision_weighted": 0.9003219771917833, "recall_macro": 0.883751972053189, "recall_weighted": 0.8947368421052632, "accuracy": 0.8947368421052632, "class_scores": {"Chechens": 0.918918918918919, "Kabardians, Circassians, Adyghes": 0.9122807017543859, "Karachays, Balkars": 0.8333333333333334, "Ingush": 0.8571428571428571, "Dagestan peoples": 0.9361702127659575, "Ossetians": 0.9, "Kumyks": 1.0, "Nogais": 0.6666666666666666}, "skipped_nodes": 4, "memory_allocated_MB": 338.63037109375, "memory_reserved_MB": 1032.0, "model_name": "GL_GATConv_9l_512h"}