{"f1_macro": 0.47090484663897725, "f1_weighted": 0.5291857660300181, "precision_macro": 0.5098947638622823, "precision_weighted": 0.5352263742928373, "recall_macro": 0.4723732642541396, "recall_weighted": 0.5545945945945946, "accuracy": 0.5545945945945946, "class_scores": {"Southern Russians": 0.5917808219178082, "Ukranians": 0.228310502283105, "Northen Russians": 0.6775631500742942, "Belarusians": 0.38596491228070173}, "skipped_nodes": 0, "memory_allocated_MB": 24.0, "memory_reserved_MB": 68.0, "f1_macro_score_only_mask_connect": 0.4880952380952381, "f1_macro_score_only_not_mask_connect": 0.25, "f1_macro_score_mixed_connect": 0.46117663529788344, "only_mask_connect_sum": 16.0, "only_not_mask_connect_sum": 3.0, "mixed_connect_sum": 906.0, "model_name": "GL_SAGEConv_3l_128h"}