{"f1_macro": 0.1601335656213705, "f1_weighted": 0.29556578729052596, "accuracy": 0.4107142857142857, "class_scores": {"Chechens": 0.0, "Kabardians, Circassians, Adyghes": 0.4715447154471545, "Karachays, Balkars": 0.0, "Ingush": 0.0, "Dagestan peoples": 0.8095238095238095, "Ossetians": 0.0, "Kumyks": 0.0, "Nogais": 0.0}, "skipped_nodes": 6, "model_name": "GL_GATConv_3l_512h"}