{"f1_macro": 0.9594515133988818, "f1_weighted": 0.971462802803072, "precision_macro": 0.9705627705627705, "precision_weighted": 0.972068861371187, "recall_macro": 0.9505105105105106, "recall_weighted": 0.9720930232558139, "accuracy": 0.9720930232558139, "class_scores": {"Swedes": 0.9736842105263158, "Norwegians": 0.9903846153846154, "Danes": 0.9142857142857143}, "skipped_nodes": 0, "memory_allocated_MB": 87.0625, "memory_reserved_MB": 172.0, "model_name": "GL_SAGEConv_9l_512h"}