{"f1_macro": 0.6549994511441511, "f1_weighted": 0.7309209615743251, "accuracy": 0.6932515337423313, "class_scores": {"Udmurts,Besermyan": 0.8780487804878049, "Tatars,Volga-Tatars,Mishar-Tatars,Kryashens": 0.726775956284153, "Chuvash": 0.7719298245614035, "Mari": 0.24324324324324326}, "skipped_nodes": 0, "model_name": "MaxEdgeCountPerClassSize"}