{"f1_macro": 0.7227676572589448, "f1_weighted": 0.8761962010327787, "precision_macro": 0.7304425744117189, "precision_weighted": 0.8780154628681979, "recall_macro": 0.7215808062355378, "recall_weighted": 0.8828828828828829, "accuracy": 0.8828828828828829, "class_scores": {"Chechens": 0.8780487804878049, "Kabardians, Circassians, Adyghes": 0.8813559322033898, "Karachays, Balkars": 0.9696969696969697, "Ingush": 0.9473684210526315, "Dagestan peoples": 0.9302325581395349, "Ossetians": 0.8421052631578947, "Kumyks": 0.0, "Nogais": 0.3333333333333333}, "skipped_nodes": 7, "memory_allocated_MB": 17.88427734375, "memory_reserved_MB": 76.0, "model_name": "GL_GINConv_3l_128h"}