{"f1_macro": 0.6717627401837928, "f1_weighted": 0.8545116545116543, "accuracy": 0.8738738738738738, "class_scores": {"Chechens": 0.8571428571428571, "Kabardians, Circassians, Adyghes": 0.9473684210526315, "Karachays, Balkars": 0.8888888888888888, "Ingush": 0.9473684210526315, "Dagestan peoples": 0.8444444444444444, "Ossetians": 0.8888888888888888, "Kumyks": 0.0, "Nogais": 0.0}, "skipped_nodes": 7, "model_name": "GL_GINConv_3l_128h"}