{"f1_macro": 0.9293716526543525, "f1_weighted": 0.9549862979498084, "accuracy": 0.9559228650137741, "class_scores": {"English": 0.9752953813104189, "Germans": 0.9504132231404959, "French": 0.8489208633093526, "Belgium": 0.9428571428571428}, "skipped_nodes": 43, "model_name": "GL_GINConv_3l_512h"}