{"f1_macro": 0.9457489968626462, "f1_weighted": 0.952689147026695, "precision_macro": 0.956524466429069, "precision_weighted": 0.953633325446587, "recall_macro": 0.9375224739302409, "recall_weighted": 0.9532710280373832, "accuracy": 0.9532710280373832, "class_scores": {"Swedes": 0.974025974025974, "Norwegians": 0.9514563106796117, "Danes": 0.9117647058823529}, "skipped_nodes": 1, "memory_allocated_MB": 86.8017578125, "memory_reserved_MB": 156.0, "model_name": "GL_SAGEConv_9l_512h"}