{"f1_macro": 0.8617340681103922, "f1_weighted": 0.9241759508787031, "accuracy": 0.930835734870317, "class_scores": {"English": 0.9691160809371672, "Germans": 0.8711111111111111, "French": 0.6593406593406593, "Belgium": 0.9473684210526315}, "skipped_nodes": 75, "model_name": "GL_GCNConv_9l_128h_w"}