{"f1_macro": 0.6019368423808373, "f1_weighted": 0.6430344588010798, "precision_macro": 0.6074314898510561, "precision_weighted": 0.6647285532633621, "recall_macro": 0.6125816509378942, "recall_weighted": 0.6363636363636364, "accuracy": 0.6363636363636364, "class_scores": {"Southern Russians": 0.6368515205724508, "Ukranians": 0.48854961832061067, "Northen Russians": 0.7898089171974523, "Belarusians": 0.4925373134328358}, "skipped_nodes": 1, "memory_allocated_MB": 159.916015625, "memory_reserved_MB": 710.0, "model_name": "GL_TAGConv_9l_512h_w_k3"}