{"f1_macro": 0.926694989586328, "f1_weighted": 0.9523280367962604, "accuracy": 0.953551912568306, "class_scores": {"English": 0.9744680851063829, "Germans": 0.9312977099236641, "French": 0.8837209302325582, "Belgium": 0.9172932330827067}, "skipped_nodes": 37, "model_name": "GL_GINConv_3l_512h"}