{"f1_macro": 0.7683406990411598, "f1_weighted": 0.821365170655365, "accuracy": 0.8349056603773585, "class_scores": {"Swedes": 0.8970588235294118, "Norwegians": 0.8547717842323651, "Danes": 0.5531914893617021}, "skipped_nodes": 3, "model_name": "GL_GCNConv_3l_128h_w"}