{"f1_macro": 0.7140813682915255, "f1_weighted": 0.7140813682915255, "precision_macro": 0.7153001914772932, "precision_weighted": 0.7153001914772933, "recall_macro": 0.7132034632034633, "recall_weighted": 0.7132034632034632, "accuracy": 0.7132034632034632, "class_scores": {"P0": 0.6767241379310345, "P1": 0.6293103448275862, "P2": 0.8381374722838137, "P3": 0.7121535181236673}, "skipped_nodes": 0, "memory_allocated_MB": 0.00048828125, "memory_reserved_MB": 52.0, "f1_macro_score_only_mask_connect": -100.0, "f1_macro_score_only_not_mask_connect": -100.0, "f1_macro_score_mixed_connect": -100.0, "only_mask_connect_sum": -100.0, "only_not_mask_connect_sum": -100.0, "mixed_connect_sum": -100.0, "model_name": "GL_LR"}