{"f1_macro": 0.7960707751735321, "f1_weighted": 0.8775433357383079, "accuracy": 0.8707592891760905, "class_scores": {"English": 0.9342723004694836, "Germans": 0.6818181818181818, "French": 0.7457627118644068, "Belgium": 0.822429906542056}, "skipped_nodes": 150, "model_name": "GL_MLP_9l_128h"}