{"f1_macro": 0.8855428530119487, "f1_weighted": 0.8943165864030158, "precision_macro": 0.9084126984126984, "precision_weighted": 0.8991045796308954, "recall_macro": 0.8713546995163032, "recall_weighted": 0.8947368421052632, "accuracy": 0.8947368421052632, "class_scores": {"Swedes": 0.8930817610062893, "Norwegians": 0.9064039408866995, "Danes": 0.8571428571428571}, "skipped_nodes": 6, "memory_allocated_MB": 337.7646484375, "memory_reserved_MB": 742.0, "model_name": "GL_GATConv_9l_512h"}