{"f1_macro": 0.5117360809628595, "f1_weighted": 0.565061970782693, "precision_macro": 0.5265528819198263, "precision_weighted": 0.5679377738933216, "recall_macro": 0.5047937384422138, "recall_weighted": 0.5693848354792561, "accuracy": 0.5693848354792561, "class_scores": {"Northen Russians": 0.6756756756756757, "Ukranians": 0.3240223463687151, "Belarusians": 0.4632768361581921, "Southern Russians": 0.583969465648855}, "skipped_nodes": 111, "memory_allocated_MB": 36.681640625, "memory_reserved_MB": 178.0, "model_name": "GL_TAGConv_3l_512h_w_k3_gnorm_leaky_relu"}