{"f1_macro": 0.7087182006299654, "f1_weighted": 0.8244272083699747, "precision_macro": 0.7562719298245615, "precision_weighted": 0.8513292239608028, "recall_macro": 0.7010633484162896, "recall_weighted": 0.8198198198198198, "accuracy": 0.8198198198198198, "class_scores": {"Chechens": 0.8648648648648649, "Kabardians, Circassians, Adyghes": 0.8627450980392157, "Karachays, Balkars": 0.8888888888888888, "Ingush": 0.9090909090909091, "Dagestan peoples": 0.7727272727272727, "Ossetians": 0.8, "Kumyks": 0.0, "Nogais": 0.5714285714285714}, "skipped_nodes": 7, "memory_allocated_MB": 18.35302734375, "memory_reserved_MB": 104.0, "f1_macro_score_only_mask_connect": 0.40598290598290593, "f1_macro_score_only_not_mask_connect": 0.8333333333333333, "f1_macro_score_mixed_connect": 0.6677893413886622, "only_mask_connect_sum": 22.0, "only_not_mask_connect_sum": 7.0, "mixed_connect_sum": 82.0, "model_name": "GL_SAGEConv_3l_128h_de"}