{"f1_macro": 0.8514027359772041, "f1_weighted": 0.9093153682179438, "accuracy": 0.9122807017543859, "class_scores": {"Chechens": 0.918918918918919, "Kabardians, Circassians, Adyghes": 0.9454545454545454, "Karachays, Balkars": 0.9444444444444444, "Ingush": 0.9090909090909091, "Dagestan peoples": 0.9361702127659575, "Ossetians": 0.8, "Kumyks": 0.5, "Nogais": 0.8571428571428571}, "skipped_nodes": 4, "model_name": "GL_TAGConv_9l_512h_w_k3"}