{"f1_macro": 0.9408146998636854, "f1_weighted": 0.9427783378159627, "precision_macro": 0.9313725490196078, "precision_weighted": 0.9439931528166824, "recall_macro": 0.9527076591154261, "recall_weighted": 0.9428571428571428, "accuracy": 0.9428571428571428, "class_scores": {"Swedes": 0.9251700680272109, "Norwegians": 0.9560975609756097, "Danes": 0.9411764705882353}, "skipped_nodes": 5, "memory_allocated_MB": 17.8515625, "memory_reserved_MB": 46.0, "model_name": "GL_GINConv_3l_128h"}