{"f1_macro": 0.41629214325707886, "f1_weighted": 0.6511220366903457, "accuracy": 0.7387387387387387, "class_scores": {"Chechens": 0.7659574468085106, "Kabardians, Circassians, Adyghes": 0.8125, "Karachays, Balkars": 0.8947368421052632, "Ingush": 0.0, "Dagestan peoples": 0.8571428571428571, "Ossetians": 0.0, "Kumyks": 0.0, "Nogais": 0.0}, "skipped_nodes": 7, "model_name": "GL_GCNConv_3l_512h_w"}