{"f1_macro": 0.6037819774096147, "f1_weighted": 0.6488594688081898, "precision_macro": 0.6363705204172707, "precision_weighted": 0.6534178925733349, "recall_macro": 0.5915540169583439, "recall_weighted": 0.658351409978308, "accuracy": 0.658351409978308, "class_scores": {"Southern Russians": 0.691970802919708, "Ukranians": 0.4405594405594406, "Northen Russians": 0.7640791476407914, "Belarusians": 0.5185185185185185}, "skipped_nodes": 3, "memory_allocated_MB": 36.6865234375, "memory_reserved_MB": 304.0, "model_name": "GL_TAGConv_3l_512h_w_k3_gnorm_relu"}