{"f1_macro": 0.7236756697855096, "f1_weighted": 0.8430919907668154, "accuracy": 0.864406779661017, "class_scores": {"P0": 0.972972972972973, "P1": 0.8, "P2": 0.9714285714285714, "P3": 1.0, "P4": 0.8421052631578947, "P5": 0.8695652173913043, "P6": 0.0, "P7": 0.3333333333333333}, "skipped_nodes": 0, "model_name": "GL_SAGEConv_3l_512h"}