{"f1_macro": 0.7143736891989997, "f1_weighted": 0.9214064755120656, "precision_macro": 0.8042676134781398, "precision_weighted": 0.92580553948975, "recall_macro": 0.6975574712643678, "recall_weighted": 0.9292307692307692, "accuracy": 0.9292307692307692, "class_scores": {"Udmurts,Besermyan": 0.8125, "Tatars,Volga-Tatars,Mishar-Tatars,Kryashens": 0.9652173913043478, "Chuvash": 0.8979591836734694, "Mari": 0.18181818181818182}, "skipped_nodes": 1, "model_name": "MaxIbdSum"}