{"f1_macro": 0.9052597364692396, "f1_weighted": 0.9763920070277647, "accuracy": 0.9754601226993865, "class_scores": {"Udmurts,Besermyan": 0.972972972972973, "Tatars,Volga-Tatars,Mishar-Tatars,Kryashens": 0.9935205183585313, "Chuvash": 0.9545454545454546, "Mari": 0.7}, "skipped_nodes": 0, "model_name": "GL_TAGConv_3l_512h_w_k3_gnorm"}