{"f1_macro": 0.6962079124025604, "f1_weighted": 0.9160581919855704, "accuracy": 0.9294478527607362, "class_scores": {"Udmurts,Besermyan": 0.9411764705882353, "Tatars,Volga-Tatars,Mishar-Tatars,Kryashens": 0.9581589958158996, "Chuvash": 0.8854961832061069, "Mari": 0.0}, "skipped_nodes": 0, "model_name": "MaxEdgeCount"}