{"f1_macro": 0.7249000930620948, "f1_weighted": 0.7869388138888275, "precision_macro": 0.7329449399897258, "precision_weighted": 0.8110213270618505, "recall_macro": 0.7413891872538488, "recall_weighted": 0.7864077669902912, "accuracy": 0.7864077669902912, "class_scores": {"Chechens": 0.7894736842105263, "Kabardians, Circassians, Adyghes": 0.8163265306122449, "Karachays, Balkars": 0.8205128205128205, "Ingush": 0.7, "Dagestan peoples": 0.8421052631578947, "Ossetians": 0.7058823529411765, "Kumyks": 0.4, "Nogais": 0.0}, "skipped_nodes": 15, "memory_allocated_MB": 51.70166015625, "memory_reserved_MB": 78.0, "model_name": "GL_GCNConv_9l_512h_w"}