{"f1_macro": 0.8891787041188906, "f1_weighted": 0.9714254647010347, "precision_macro": 0.908043152883471, "precision_weighted": 0.9710908903438676, "recall_macro": 0.8753793297784713, "recall_weighted": 0.9723926380368099, "accuracy": 0.9723926380368099, "class_scores": {"P0": 1.0, "P1": 0.9914163090128756, "P2": 0.9402985074626866, "P3": 0.625}, "skipped_nodes": 0, "memory_allocated_MB": 40.93896484375, "memory_reserved_MB": 174.0, "model_name": "GL_TAGConv_3l_512h_w_k3_gnorm"}