{"f1_macro": 0.8586117029884562, "f1_weighted": 0.9309516853759411, "accuracy": 0.9341894060995185, "class_scores": {"English": 0.9698996655518395, "Germans": 0.8375, "French": 0.7076923076923077, "Belgium": 0.9193548387096774}, "skipped_nodes": 146, "model_name": "GL_GCNConv_3l_512h_w"}