{"f1_macro": 0.5968336323763955, "f1_weighted": 0.7492434325102203, "precision_macro": 0.6231014185977422, "precision_weighted": 0.8119639356961872, "recall_macro": 0.6744791666666666, "recall_weighted": 0.7241379310344828, "accuracy": 0.7241379310344828, "class_scores": {"Chechens": 0.64, "Kabardians, Circassians, Adyghes": 0.7368421052631579, "Karachays, Balkars": 0.8484848484848485, "Ingush": 0.7368421052631579, "Dagestan peoples": 0.8125, "Ossetians": 0.75, "Kumyks": 0.25, "Nogais": 0.0}, "skipped_nodes": 31, "memory_allocated_MB": 21.77685546875, "memory_reserved_MB": 46.0, "model_name": "GL_GINConv_9l_128h"}