{"f1_macro": 0.5692559314297778, "f1_weighted": 0.6561126389899097, "accuracy": 0.6196319018404908, "class_scores": {"P0": 0.7906976744186046, "P1": 0.6742209631728046, "P2": 0.6185567010309279, "P3": 0.1935483870967742}, "skipped_nodes": 0, "model_name": "MaxIbdSumPerClassSize"}