{"f1_macro": 0.15517241379310345, "f1_weighted": 0.03427120795430506, "precision_macro": 0.20454545454545456, "precision_weighted": 0.04517568321249303, "recall_macro": 0.125, "recall_weighted": 0.027607361963190184, "accuracy": 0.027607361963190184, "class_scores": {"P0": 0.6206896551724138, "P1": 0.0, "P2": 0.0, "P3": 0.0}, "skipped_nodes": 0, "model_name": "MaxEdgeCountPerClassSize"}