{"f1_macro": 0.5011990424680737, "f1_weighted": 0.5496958909164712, "precision_macro": 0.5004624139043546, "precision_weighted": 0.5544242913751625, "recall_macro": 0.5109034401187963, "recall_weighted": 0.551605504587156, "accuracy": 0.551605504587156, "class_scores": {"Ukranians": 0.312, "Southern Russians": 0.5694444444444444, "Northen Russians": 0.6804451510333863, "Belarusians": 0.4429065743944637}, "skipped_nodes": 33, "memory_allocated_MB": 98.36328125, "memory_reserved_MB": 918.0, "model_name": "GL_GATConv_3l_512h"}