{"f1_macro": 0.7234486117519536, "f1_weighted": 0.8010713584293789, "precision_macro": 0.7120535714285714, "precision_weighted": 0.9135626643295355, "recall_macro": 0.9173819742489271, "recall_weighted": 0.7638036809815951, "accuracy": 0.7638036809815951, "class_scores": {"P0": 1.0, "P1": 0.8020565552699229, "P2": 0.8148148148148148, "P3": 0.27692307692307694}, "skipped_nodes": 0, "model_name": "MaxIbdSumPerClassSize"}