{"f1_macro": 0.7609818636647904, "f1_weighted": 0.8483725641409317, "precision_macro": 0.7326558265582657, "precision_weighted": 0.9199660830964138, "recall_macro": 0.9323384055143712, "recall_weighted": 0.8220858895705522, "accuracy": 0.8220858895705522, "class_scores": {"P0": 1.0, "P1": 0.8634146341463415, "P2": 0.8205128205128205, "P3": 0.36}, "skipped_nodes": 0, "model_name": "MaxIbdSumPerClassSize"}