{"f1_macro": 0.1282169117647059, "f1_weighted": 0.23970588235294119, "precision_macro": 0.16, "precision_weighted": 0.28945454545454546, "recall_macro": 0.17708333333333334, "recall_weighted": 0.34545454545454546, "accuracy": 0.34545454545454546, "class_scores": {"Chechens": 0.0, "Kabardians, Circassians, Adyghes": 0.4375, "Karachays, Balkars": 0.0, "Ingush": 0.0, "Dagestan peoples": 0.5882352941176471, "Ossetians": 0.0, "Kumyks": 0.0, "Nogais": 0.0}, "skipped_nodes": 8, "memory_allocated_MB": 21.453125, "memory_reserved_MB": 84.0, "model_name": "GL_GATConv_3l_128h"}