{"f1_macro": 0.940024049247115, "f1_weighted": 0.9423219810394742, "accuracy": 0.9423076923076923, "class_scores": {"Swedes": 0.9403973509933775, "Norwegians": 0.9463414634146341, "Danes": 0.9333333333333333}, "skipped_nodes": 7, "model_name": "GL_GCNConv_9l_512h_w"}