{"f1_macro": 0.46302385616925057, "f1_weighted": 0.5184033572927212, "precision_macro": 0.4660957144199702, "precision_weighted": 0.5178770531975686, "recall_macro": 0.4699763026680581, "recall_weighted": 0.5263748597081931, "accuracy": 0.5263748597081931, "class_scores": {"Ukranians": 0.2591093117408907, "Southern Russians": 0.5524126455906821, "Northen Russians": 0.6717791411042945, "Belarusians": 0.36879432624113473}, "skipped_nodes": 24, "memory_allocated_MB": 19.1103515625, "memory_reserved_MB": 80.0, "model_name": "GL_GCNConv_9l_128h_w"}