{"f1_macro": 0.6773502627240088, "f1_weighted": 0.8745374950010649, "precision_macro": 0.6388810201176559, "precision_weighted": 0.9105080970676057, "recall_macro": 0.7915945165945166, "recall_weighted": 0.8535825545171339, "accuracy": 0.8535825545171339, "class_scores": {"P0": 0.6666666666666666, "P1": 0.9223744292237442, "P2": 0.8346456692913385, "P3": 0.2857142857142857}, "skipped_nodes": 4, "memory_allocated_MB": 21.79541015625, "memory_reserved_MB": 50.0, "model_name": "GL_MLP_3l_512h"}