{"f1_macro": 0.9225618157948984, "f1_weighted": 0.9248610826499208, "accuracy": 0.9248826291079812, "class_scores": {"Swedes": 0.9251700680272109, "Norwegians": 0.9282296650717703, "Danes": 0.9142857142857143}, "skipped_nodes": 2, "model_name": "GL_MLP_3l_512h"}