{"f1_macro": 0.7807575980950594, "f1_weighted": 0.8597271228850176, "precision_macro": 0.7683643838767178, "precision_weighted": 0.8711732260119357, "recall_macro": 0.838069078205995, "recall_weighted": 0.8558558558558559, "accuracy": 0.8558558558558559, "class_scores": {"Chechens": 0.9444444444444444, "Kabardians, Circassians, Adyghes": 0.8333333333333334, "Karachays, Balkars": 0.7647058823529411, "Ingush": 0.9523809523809523, "Dagestan peoples": 0.9090909090909091, "Ossetians": 0.8421052631578947, "Kumyks": 0.5, "Nogais": 0.5}, "skipped_nodes": 7, "memory_allocated_MB": 38.32666015625, "memory_reserved_MB": 206.0, "model_name": "GL_TAGConv_3l_512h_w_k3"}