{"f1_macro": 0.9568838616231982, "f1_weighted": 0.9575323762326354, "accuracy": 0.9575471698113207, "class_scores": {"Swedes": 0.9594594594594594, "Norwegians": 0.957345971563981, "Danes": 0.9538461538461539}, "skipped_nodes": 3, "model_name": "GL_SAGEConv_9l_128h"}