{"f1_macro": 0.5993960220308419, "f1_weighted": 0.6486796401757894, "precision_macro": 0.597896638668701, "precision_weighted": 0.659197710730052, "recall_macro": 0.6061243690702738, "recall_weighted": 0.6421621621621622, "accuracy": 0.6421621621621622, "class_scores": {"Southern Russians": 0.6832504145936982, "Ukranians": 0.46153846153846156, "Northen Russians": 0.7837398373983739, "Belarusians": 0.46905537459283386}, "skipped_nodes": 0, "memory_allocated_MB": 39.08642578125, "memory_reserved_MB": 478.0, "model_name": "GL_TAGConv_3l_512h_nw_k3_gnorm_relu"}