{"f1_macro": 0.7987929288284592, "f1_weighted": 0.8909927070692112, "accuracy": 0.8865030674846626, "class_scores": {"Udmurts,Besermyan": 0.8333333333333334, "Tatars,Volga-Tatars,Mishar-Tatars,Kryashens": 0.929384965831435, "Chuvash": 0.8074534161490683, "Mari": 0.625}, "skipped_nodes": 0, "model_name": "LongestIbd"}