{"f1_macro": 0.5589440208043411, "f1_weighted": 0.6195455441986393, "precision_macro": 0.6284115962407498, "precision_weighted": 0.6398153696241539, "recall_macro": 0.5565446138289728, "recall_weighted": 0.6496746203904555, "accuracy": 0.6496746203904555, "class_scores": {"Southern Russians": 0.689280868385346, "Ukranians": 0.27884615384615385, "Northen Russians": 0.7699115044247787, "Belarusians": 0.497737556561086}, "skipped_nodes": 3, "memory_allocated_MB": 17.62890625, "memory_reserved_MB": 152.0, "model_name": "GL_TAGConv_3l_128h_w_k3"}