{"f1_macro": 0.5842809796907111, "f1_weighted": 0.6276769829799161, "precision_macro": 0.5833428273434348, "precision_weighted": 0.6429220242786825, "recall_macro": 0.5948750953284773, "recall_weighted": 0.6212121212121212, "accuracy": 0.6212121212121212, "class_scores": {"Southern Russians": 0.6538461538461539, "Ukranians": 0.43452380952380953, "Northen Russians": 0.753577106518283, "Belarusians": 0.49517684887459806}, "skipped_nodes": 1, "memory_allocated_MB": 39.11572265625, "memory_reserved_MB": 484.0, "model_name": "GL_TAGConv_3l_512h_w_k3_gnorm_gelu"}