{"f1_macro": 0.8239406256792957, "f1_weighted": 0.8669585727485223, "precision_macro": 0.8574786324786325, "precision_weighted": 0.8699194991055457, "recall_macro": 0.8084433948511619, "recall_weighted": 0.8744186046511628, "accuracy": 0.8744186046511628, "class_scores": {"Swedes": 0.9150326797385621, "Norwegians": 0.9116279069767442, "Danes": 0.6451612903225806}, "skipped_nodes": 0, "memory_allocated_MB": 101.50439453125, "memory_reserved_MB": 198.0, "model_name": "GL_GINConv_9l_512h"}