{"f1_macro": 0.37809572928045854, "f1_weighted": 0.4521621144436999, "precision_macro": 0.5334525245066178, "precision_weighted": 0.5293600267044339, "recall_macro": 0.4097119745083233, "recall_weighted": 0.5113513513513513, "accuracy": 0.5113513513513513, "class_scores": {"Southern Russians": 0.5329512893982808, "Ukranians": 0.024844720496894408, "Northen Russians": 0.6454081632653061, "Belarusians": 0.30917874396135264}, "skipped_nodes": 0, "memory_allocated_MB": 39.4912109375, "memory_reserved_MB": 316.0, "f1_macro_score_only_mask_connect": 0.11904761904761904, "f1_macro_score_only_not_mask_connect": 0.0, "f1_macro_score_mixed_connect": 0.38074046376910337, "only_mask_connect_sum": 16.0, "only_not_mask_connect_sum": 1.0, "mixed_connect_sum": 908.0, "model_name": "GL_SAGEConv_3l_512h_de"}