{"f1_macro": 0.9445692249400689, "f1_weighted": 0.9485374183896161, "precision_macro": 0.9595848595848596, "precision_weighted": 0.9502632251469461, "recall_macro": 0.933121082247296, "recall_weighted": 0.9488372093023256, "accuracy": 0.9488372093023256, "class_scores": {"Swedes": 0.954248366013072, "Norwegians": 0.9519230769230769, "Danes": 0.927536231884058}, "skipped_nodes": 0, "memory_allocated_MB": 27.6279296875, "memory_reserved_MB": 114.0, "f1_macro_score_only_mask_connect": 0.8692810457516339, "f1_macro_score_only_not_mask_connect": 0.5185185185185185, "f1_macro_score_mixed_connect": 0.951551303035962, "only_mask_connect_sum": 12.0, "only_not_mask_connect_sum": 7.0, "mixed_connect_sum": 196.0, "model_name": "GL_SAGEConv_3l_512h_de"}