{"f1_macro": 0.6736533194208947, "f1_weighted": 0.8939519446652443, "accuracy": 0.9025157232704403, "class_scores": {"Udmurts,Besermyan": 0.9411764705882353, "Tatars,Volga-Tatars,Mishar-Tatars,Kryashens": 0.9534368070953437, "Chuvash": 0.8, "Mari": 0.0}, "skipped_nodes": 8, "model_name": "GL_TAGConv_3l_512h_w_k3_gnorm"}