{"f1_macro": 0.8565129497695287, "f1_weighted": 0.8803158117935446, "accuracy": 0.8803418803418803, "class_scores": {"Chechens": 0.8717948717948718, "Kabardians, Circassians, Adyghes": 0.8727272727272727, "Karachays, Balkars": 0.8421052631578947, "Ingush": 0.9, "Dagestan peoples": 0.9583333333333334, "Ossetians": 0.8571428571428571, "Kumyks": 0.8, "Nogais": 0.75}, "skipped_nodes": 1, "model_name": "GL_GCNConv_9l_512h_w"}