{"f1_macro": 0.4203512764946582, "f1_weighted": 0.4818882047175396, "precision_macro": 0.4260817818798309, "precision_weighted": 0.505540200469746, "recall_macro": 0.42552780299484727, "recall_weighted": 0.4669603524229075, "accuracy": 0.4669603524229075, "class_scores": {"Northen Russians": 0.6271186440677966, "Ukranians": 0.24472573839662448, "Belarusians": 0.34444444444444444, "Southern Russians": 0.46511627906976744}, "skipped_nodes": 129, "memory_allocated_MB": 37.2841796875, "memory_reserved_MB": 138.0, "model_name": "GL_TAGConv_3l_512h_w_k3"}