{"f1_macro": 0.8929512516469038, "f1_weighted": 0.9040674386424877, "accuracy": 0.9045226130653267, "class_scores": {"Swedes": 0.8985507246376812, "Norwegians": 0.9166666666666666, "Danes": 0.8636363636363636}, "skipped_nodes": 16, "model_name": "GL_GINConv_3l_512h"}