{"f1_macro": 0.7244101739452855, "f1_weighted": 0.818872620141542, "precision_macro": 0.7396454120592052, "precision_weighted": 0.8288708418018763, "recall_macro": 0.7370920667117422, "recall_weighted": 0.8275862068965517, "accuracy": 0.8275862068965517, "class_scores": {"Chechens": 0.85, "Kabardians, Circassians, Adyghes": 0.8275862068965517, "Karachays, Balkars": 0.8387096774193549, "Ingush": 0.8333333333333334, "Dagestan peoples": 0.8260869565217391, "Ossetians": 0.8695652173913043, "Kumyks": 0.0, "Nogais": 0.75}, "skipped_nodes": 2, "memory_allocated_MB": 36.7470703125, "memory_reserved_MB": 46.0, "model_name": "GL_GINConv_3l_512h"}