{"f1_macro": 0.21852910566849373, "f1_weighted": 0.23599479514716853, "precision_macro": 0.21146723646723647, "precision_weighted": 0.25870945169190784, "recall_macro": 0.3401470588235294, "recall_weighted": 0.3684210526315789, "accuracy": 0.3684210526315789, "class_scores": {"Chechens": 0.4788732394366197, "Kabardians, Circassians, Adyghes": 0.0, "Karachays, Balkars": 0.5714285714285714, "Ingush": 0.0, "Dagestan peoples": 0.13793103448275862, "Ossetians": 0.56, "Kumyks": 0.0, "Nogais": 0.0}, "skipped_nodes": 4, "memory_allocated_MB": 23.44677734375, "memory_reserved_MB": 60.0, "f1_macro_score_only_mask_connect": 0.04081632653061224, "f1_macro_score_only_not_mask_connect": 0.375, "f1_macro_score_mixed_connect": 0.2455277435330627, "only_mask_connect_sum": 25.0, "only_not_mask_connect_sum": 4.0, "mixed_connect_sum": 85.0, "model_name": "GL_GINConv_9l_128h"}