{"f1_macro": 0.9076319079315782, "f1_weighted": 0.9090804135551396, "precision_macro": 0.9134328358208955, "precision_weighted": 0.9112850548536441, "recall_macro": 0.9039661903739574, "recall_weighted": 0.9095477386934674, "accuracy": 0.9095477386934674, "class_scores": {"Swedes": 0.8936170212765957, "Norwegians": 0.92018779342723, "Danes": 0.9090909090909091}, "skipped_nodes": 16, "memory_allocated_MB": 42.18798828125, "memory_reserved_MB": 74.0, "model_name": "GL_GINConv_3l_512h"}