{"f1_macro": 0.5733866614982103, "f1_weighted": 0.6175614455507596, "precision_macro": 0.5855372405709232, "precision_weighted": 0.6155662080906662, "recall_macro": 0.5669819170116569, "recall_weighted": 0.6240520043336945, "accuracy": 0.6240520043336945, "class_scores": {"Southern Russians": 0.6397608370702541, "Ukranians": 0.4326241134751773, "Northen Russians": 0.7476923076923077, "Belarusians": 0.47346938775510206}, "skipped_nodes": 2, "memory_allocated_MB": 36.6865234375, "memory_reserved_MB": 304.0, "model_name": "GL_TAGConv_3l_512h_nw_k3_gnorm_gelu"}