{"f1_macro": 0.9404026010832599, "f1_weighted": 0.9638590655261522, "accuracy": 0.965034965034965, "class_scores": {"English": 0.9807280513918629, "Germans": 0.9583333333333334, "French": 0.8666666666666667, "Belgium": 0.9558823529411765}, "skipped_nodes": 54, "model_name": "GL_SAGEConv_3l_512h"}