{"f1_macro": 0.8718574452482284, "f1_weighted": 0.9384064115252224, "accuracy": 0.9420289855072463, "class_scores": {"English": 0.9755555555555555, "Germans": 0.8535031847133758, "French": 0.7352941176470589, "Belgium": 0.9230769230769231}, "skipped_nodes": 148, "model_name": "GL_SAGEConv_3l_512h"}