{"f1_macro": 0.9659832674450675, "f1_weighted": 0.9767171404292174, "precision_macro": 0.963963963963964, "precision_weighted": 0.9768881030563275, "recall_macro": 0.9681481481481482, "recall_weighted": 0.9766355140186916, "accuracy": 0.9766355140186916, "class_scores": {"Swedes": 0.9664429530201343, "Norwegians": 1.0, "Danes": 0.9315068493150684}, "skipped_nodes": 1, "memory_allocated_MB": 99.291015625, "memory_reserved_MB": 956.0, "f1_macro_score_only_mask_connect": -100.0, "f1_macro_score_only_not_mask_connect": -100.0, "f1_macro_score_mixed_connect": -100.0, "only_mask_connect_sum": -100.0, "only_not_mask_connect_sum": -100.0, "mixed_connect_sum": -100.0, "model_name": "GL_GATConv_3l_512h"}