{"f1_macro": 0.9548027850245497, "f1_weighted": 0.9626185751077372, "accuracy": 0.9627906976744186, "class_scores": {"Swedes": 0.954248366013072, "Norwegians": 0.9805825242718447, "Danes": 0.9295774647887324}, "skipped_nodes": 0, "model_name": "GL_MLP_3l_128h"}