{"f1_macro": 0.8713317166488003, "f1_weighted": 0.9138524167279635, "precision_macro": 0.8881584224598931, "precision_weighted": 0.9173024617370459, "recall_macro": 0.8594478251070543, "recall_weighted": 0.9137931034482759, "accuracy": 0.9137931034482759, "class_scores": {"Chechens": 0.9142857142857143, "Kabardians, Circassians, Adyghes": 0.9180327868852459, "Karachays, Balkars": 0.9696969696969697, "Ingush": 0.9523809523809523, "Dagestan peoples": 0.88, "Ossetians": 0.9473684210526315, "Kumyks": 0.5, "Nogais": 0.8888888888888888}, "skipped_nodes": 2, "memory_allocated_MB": 88.0859375, "memory_reserved_MB": 144.0, "f1_macro_score_only_mask_connect": -100.0, "f1_macro_score_only_not_mask_connect": -100.0, "f1_macro_score_mixed_connect": -100.0, "only_mask_connect_sum": -100.0, "only_not_mask_connect_sum": -100.0, "mixed_connect_sum": -100.0, "model_name": "GL_SAGEConv_9l_512h_de"}