{"f1_macro": 0.7203621919988672, "f1_weighted": 0.7985719264820942, "precision_macro": 0.7094494047619048, "precision_weighted": 0.911453768624014, "recall_macro": 0.9135940954610482, "recall_weighted": 0.7607361963190185, "accuracy": 0.7607361963190185, "class_scores": {"P0": 1.0, "P1": 0.8020565552699229, "P2": 0.8024691358024691, "P3": 0.27692307692307694}, "skipped_nodes": 0, "model_name": "MaxIbdSumPerClassSize"}