{"f1_macro": 0.8310519073623513, "f1_weighted": 0.9578143832864605, "precision_macro": 0.8275503466490591, "precision_weighted": 0.9586597451628127, "recall_macro": 0.8351649542636668, "recall_weighted": 0.9570552147239264, "accuracy": 0.9570552147239264, "class_scores": {"P0": 1.0, "P1": 0.9871244635193133, "P2": 0.916030534351145, "P3": 0.42105263157894735}, "skipped_nodes": 0, "memory_allocated_MB": 22.05224609375, "memory_reserved_MB": 52.0, "model_name": "GL_MLP_3l_512h"}