{"f1_macro": 0.2484274134119381, "f1_weighted": 0.2952424360833637, "accuracy": 0.3416370106761566, "class_scores": {"krasnodar": 0.3695652173913043, "yaroslavl": 0.0, "ryazan": 0.44, "kaluga": 0.0847457627118644, "vologda": 0.34782608695652173}, "skipped_nodes": 14, "model_name": "GL_SAGEConv_9l_512h"}