{"f1_macro": 0.3425869060438821, "f1_weighted": 0.6522347393773531, "precision_macro": 0.5122990353697748, "precision_weighted": 0.6514193281123627, "recall_macro": 0.3308080808080808, "recall_weighted": 0.7392638036809815, "accuracy": 0.7392638036809815, "class_scores": {"P0": 0.43478260869565216, "P1": 0.8566176470588235, "P2": 0.07894736842105263, "P3": 0.0}, "skipped_nodes": 0, "model_name": "MaxSegmentCount"}