{"f1_macro": 0.6063107224871931, "f1_weighted": 0.7812525172231054, "precision_macro": 0.6422438672438673, "precision_weighted": 0.8552554112554114, "recall_macro": 0.628093918726911, "recall_weighted": 0.74, "accuracy": 0.74, "class_scores": {"Chechens": 0.75, "Kabardians, Circassians, Adyghes": 0.85, "Karachays, Balkars": 0.8648648648648649, "Ingush": 0.6666666666666666, "Dagestan peoples": 0.8235294117647058, "Ossetians": 0.7777777777777778, "Kumyks": 0.11764705882352941, "Nogais": 0.0}, "skipped_nodes": 18, "memory_allocated_MB": 16.7666015625, "memory_reserved_MB": 68.0, "model_name": "GL_MLP_3l_128h"}