{"f1_macro": 0.9440271488874827, "f1_weighted": 0.9644786274798947, "accuracy": 0.9652777777777778, "class_scores": {"English": 0.9806451612903225, "Germans": 0.9512195121951219, "French": 0.8661417322834646, "Belgium": 0.9781021897810219}, "skipped_nodes": 49, "model_name": "GL_TAGConv_3l_512h_w_k3_gnorm"}