{"f1_macro": 0.9532118519737294, "f1_weighted": 0.9664856084861576, "accuracy": 0.9674418604651163, "class_scores": {"P0": 0.9801324503311258, "P1": 0.9809523809523809, "P2": 0.8985507246376812}, "skipped_nodes": 0, "model_name": "GL_GINConv_3l_512h"}