{"f1_macro": 0.6268193815987934, "f1_weighted": 0.7866840050182546, "precision_macro": 0.6438871381886088, "precision_weighted": 0.8493197902213845, "recall_macro": 0.7109148550724638, "recall_weighted": 0.7570093457943925, "accuracy": 0.7570093457943925, "class_scores": {"Chechens": 0.8, "Kabardians, Circassians, Adyghes": 0.8076923076923077, "Karachays, Balkars": 0.8235294117647058, "Ingush": 0.8333333333333334, "Dagestan peoples": 0.8, "Ossetians": 0.7, "Kumyks": 0.25, "Nogais": 0.0}, "skipped_nodes": 11, "memory_allocated_MB": 41.720703125, "memory_reserved_MB": 74.0, "model_name": "GL_GINConv_3l_512h"}