{"f1_macro": 0.6834983558640848, "f1_weighted": 0.8145276271043534, "precision_macro": 0.6703454207770064, "precision_weighted": 0.8487617455008759, "recall_macro": 0.7650443510737628, "recall_weighted": 0.8173076923076923, "accuracy": 0.8173076923076923, "class_scores": {"Chechens": 0.8571428571428571, "Kabardians, Circassians, Adyghes": 0.84, "Karachays, Balkars": 0.8235294117647058, "Ingush": 0.9, "Dagestan peoples": 0.7647058823529411, "Ossetians": 0.782608695652174, "Kumyks": 0.0, "Nogais": 0.5}, "skipped_nodes": 14, "memory_allocated_MB": 21.6953125, "memory_reserved_MB": 70.0, "model_name": "GL_GATConv_3l_128h"}