{"f1_macro": 0.9021236147054137, "f1_weighted": 0.9174661456852502, "precision_macro": 0.9193023400547672, "precision_weighted": 0.9189133235185867, "recall_macro": 0.8899523262692696, "recall_weighted": 0.9186602870813397, "accuracy": 0.9186602870813397, "class_scores": {"Swedes": 0.9419354838709677, "Norwegians": 0.9223300970873787, "Danes": 0.8421052631578947}, "skipped_nodes": 6, "memory_allocated_MB": 20.78857421875, "memory_reserved_MB": 50.0, "model_name": "GL_SAGEConv_9l_128h"}