{"f1_macro": 0.9224896508141189, "f1_weighted": 0.9315388505291454, "precision_macro": 0.9021198830409357, "precision_weighted": 0.9425874628090695, "recall_macro": 0.9604056795131846, "recall_weighted": 0.9298245614035088, "accuracy": 0.9298245614035088, "class_scores": {"Chechens": 0.9444444444444444, "Kabardians, Circassians, Adyghes": 0.9259259259259259, "Karachays, Balkars": 0.9142857142857143, "Ingush": 1.0, "Dagestan peoples": 0.9361702127659575, "Ossetians": 0.9090909090909091, "Kumyks": 1.0, "Nogais": 0.75}, "skipped_nodes": 4, "memory_allocated_MB": 37.77734375, "memory_reserved_MB": 116.0, "model_name": "GL_TAGConv_3l_512h_w_k3_gnorm_gelu"}