{"f1_macro": 0.8797050020511836, "f1_weighted": 0.9163137831623326, "precision_macro": 0.8466874628639335, "precision_weighted": 0.9346712741449583, "recall_macro": 0.9510953346855984, "recall_weighted": 0.9122807017543859, "accuracy": 0.9122807017543859, "class_scores": {"Chechens": 0.9714285714285714, "Kabardians, Circassians, Adyghes": 0.9056603773584906, "Karachays, Balkars": 0.9411764705882353, "Ingush": 1.0, "Dagestan peoples": 0.8936170212765957, "Ossetians": 0.9090909090909091, "Kumyks": 0.6666666666666666, "Nogais": 0.75}, "skipped_nodes": 4, "memory_allocated_MB": 38.4482421875, "memory_reserved_MB": 84.0, "model_name": "GL_TAGConv_3l_512h_w_k3_gnorm_gelu"}