{"f1_macro": 0.992319309600863, "f1_weighted": 0.9906976744186047, "precision_macro": 0.992319309600863, "precision_weighted": 0.9906976744186047, "recall_macro": 0.992319309600863, "recall_weighted": 0.9906976744186047, "accuracy": 0.9906976744186047, "class_scores": {"P0": 0.9866666666666667, "P1": 0.9902912621359223, "P2": 1.0}, "skipped_nodes": 0, "memory_allocated_MB": 21.37841796875, "memory_reserved_MB": 252.0, "model_name": "GL_GATConv_3l_128h"}