{"f1_macro": 0.8226035789758805, "f1_weighted": 0.9165532166091034, "precision_macro": 0.8393307714105095, "precision_weighted": 0.9231667767777071, "recall_macro": 0.8219737024643854, "recall_weighted": 0.9172077922077922, "accuracy": 0.9172077922077922, "class_scores": {"English": 0.9714937286202965, "Germans": 0.762589928057554, "French": 0.6382978723404256, "Belgium": 0.9180327868852459}, "skipped_nodes": 153, "memory_allocated_MB": 51.810546875, "memory_reserved_MB": 128.0, "model_name": "GL_GCNConv_9l_512h_w"}