{"f1_macro": 0.9104036905059179, "f1_weighted": 0.9310123273887462, "accuracy": 0.9326923076923077, "class_scores": {"Swedes": 0.9664429530201343, "Norwegians": 0.9345794392523364, "Danes": 0.8301886792452831}, "skipped_nodes": 7, "model_name": "GL_SAGEConv_9l_512h"}