{"f1_macro": 0.5459244857030798, "f1_weighted": 0.6131791399336272, "precision_macro": 0.5944252593782163, "precision_weighted": 0.6236589526661939, "recall_macro": 0.5394612823727787, "recall_weighted": 0.6277495769881557, "accuracy": 0.6277495769881557, "class_scores": {"Northen Russians": 0.7372881355932204, "Ukranians": 0.32432432432432434, "Belarusians": 0.4840764331210191, "Southern Russians": 0.6380090497737556}, "skipped_nodes": 147, "memory_allocated_MB": 41.42724609375, "memory_reserved_MB": 144.0, "model_name": "GL_GINConv_3l_512h"}