{"f1_macro": 0.44752747063292464, "f1_weighted": 0.509059494251779, "precision_macro": 0.4474544136295794, "precision_weighted": 0.50669771732869, "recall_macro": 0.44970316140117855, "recall_weighted": 0.5129068462401796, "accuracy": 0.5129068462401796, "class_scores": {"Ukranians": 0.25830258302583026, "Southern Russians": 0.5460420032310178, "Northen Russians": 0.6751592356687898, "Belarusians": 0.3106060606060606}, "skipped_nodes": 24, "memory_allocated_MB": 87.2548828125, "memory_reserved_MB": 310.0, "model_name": "GL_SAGEConv_9l_512h"}