{"f1_macro": 0.5759937912852169, "f1_weighted": 0.7854440251721178, "accuracy": 0.79, "class_scores": {"Chechens": 0.8421052631578947, "Kabardians, Circassians, Adyghes": 0.8571428571428571, "Karachays, Balkars": 0.7692307692307693, "Ingush": 0.782608695652174, "Dagestan peoples": 0.8235294117647058, "Ossetians": 0.5333333333333333, "Kumyks": 0.0, "Nogais": 0.0}, "skipped_nodes": 18, "model_name": "GL_GINConv_3l_128h"}