{"f1_macro": 0.8593695285813907, "f1_weighted": 0.9238239951902044, "accuracy": 0.9278195488721804, "class_scores": {"English": 0.9693654266958425, "Germans": 0.8367346938775511, "French": 0.7209302325581395, "Belgium": 0.9104477611940298}, "skipped_nodes": 104, "model_name": "GL_GATConv_3l_512h"}