{"f1_macro": 0.8456039298728787, "f1_weighted": 0.9128831517375794, "precision_macro": 0.8518737909521424, "precision_weighted": 0.9135674416022097, "recall_macro": 0.8427281052281053, "recall_weighted": 0.9141566265060241, "accuracy": 0.9141566265060241, "class_scores": {"English": 0.96353591160221, "Germans": 0.7909604519774012, "French": 0.7256637168141593, "Belgium": 0.9022556390977443}, "skipped_nodes": 105, "memory_allocated_MB": 98.14794921875, "memory_reserved_MB": 614.0, "model_name": "GL_GATConv_3l_512h"}