{"f1_macro": 0.9557936995436995, "f1_weighted": 0.9743110874466808, "accuracy": 0.9745762711864406, "class_scores": {"P0": 0.972972972972973, "P1": 0.9642857142857143, "P2": 1.0, "P3": 1.0, "P4": 1.0, "P5": 0.9090909090909091, "P6": 0.8, "P7": 1.0}, "skipped_nodes": 0, "model_name": "GL_SAGEConv_3l_512h"}