{"f1_macro": 0.7973971567132812, "f1_weighted": 0.901637726281977, "precision_macro": 0.8359324495005932, "precision_weighted": 0.9030651137216256, "recall_macro": 0.7864020172267594, "recall_weighted": 0.9097744360902256, "accuracy": 0.9097744360902256, "class_scores": {"English": 0.9704918032786886, "Germans": 0.7960199004975125, "French": 0.5, "Belgium": 0.9230769230769231}, "skipped_nodes": 104, "memory_allocated_MB": 17.97119140625, "memory_reserved_MB": 54.0, "model_name": "GL_TAGConv_3l_128h_w_k3"}