{"f1_macro": 0.9542556994747408, "f1_weighted": 0.9625448585537162, "precision_macro": 0.9615986598659866, "precision_weighted": 0.9638518174247331, "recall_macro": 0.9488097806544409, "recall_weighted": 0.9626168224299065, "accuracy": 0.9626168224299065, "class_scores": {"Swedes": 0.9548387096774194, "Norwegians": 0.9803921568627451, "Danes": 0.927536231884058}, "skipped_nodes": 1, "memory_allocated_MB": 22.77587890625, "memory_reserved_MB": 62.0, "f1_macro_score_only_mask_connect": -100.0, "f1_macro_score_only_not_mask_connect": -100.0, "f1_macro_score_mixed_connect": -100.0, "only_mask_connect_sum": -100.0, "only_not_mask_connect_sum": -100.0, "mixed_connect_sum": -100.0, "model_name": "GL_SAGEConv_9l_128h_de"}