{"f1_macro": 0.33880514832404157, "f1_weighted": 0.5592580440979686, "accuracy": 0.5920245398773006, "class_scores": {"Udmurts,Besermyan": 0.6206896551724138, "Tatars,Volga-Tatars,Mishar-Tatars,Kryashens": 0.7345309381237525, "Chuvash": 0.0, "Mari": 0.0}, "skipped_nodes": 0, "model_name": "GL_GINConv_9l_512h"}