{"f1_macro": 0.7351789538085041, "f1_weighted": 0.9592933806514815, "accuracy": 0.9723926380368099, "class_scores": {"P0": 1.0, "P1": 0.9978586723768736, "P2": 0.9428571428571428, "P3": 0.0}, "skipped_nodes": 0, "model_name": "MaxEdgeCount"}