{"f1_macro": 0.7862188891553461, "f1_weighted": 0.8316712151929005, "precision_macro": 0.776929622310057, "precision_weighted": 0.8740132301273605, "recall_macro": 0.8532433231913454, "recall_weighted": 0.8303571428571429, "accuracy": 0.8303571428571429, "class_scores": {"Chechens": 0.8780487804878049, "Kabardians, Circassians, Adyghes": 0.8846153846153846, "Karachays, Balkars": 0.8205128205128205, "Ingush": 0.8421052631578947, "Dagestan peoples": 0.7692307692307693, "Ossetians": 0.8571428571428571, "Kumyks": 0.5714285714285714, "Nogais": 0.6666666666666666}, "skipped_nodes": 6, "memory_allocated_MB": 21.916015625, "memory_reserved_MB": 184.0, "model_name": "GL_GCNConv_3l_512h_w"}