{"f1_macro": 0.5213166797635047, "f1_weighted": 0.5791808770286078, "precision_macro": 0.563897916056223, "precision_weighted": 0.5861494267145774, "recall_macro": 0.5168508684989295, "recall_weighted": 0.600451467268623, "accuracy": 0.600451467268623, "class_scores": {"Ukranians": 0.2912621359223301, "Southern Russians": 0.6349206349206349, "Northen Russians": 0.7136294027565084, "Belarusians": 0.44545454545454544}, "skipped_nodes": 29, "memory_allocated_MB": 17.62890625, "memory_reserved_MB": 56.0, "model_name": "GL_TAGConv_3l_128h_w_k3"}