{"f1_macro": 0.541696932269648, "f1_weighted": 0.608413287248989, "precision_macro": 0.5719298899065389, "precision_weighted": 0.6091003212633943, "recall_macro": 0.5379661161906, "recall_weighted": 0.6281081081081081, "accuracy": 0.6281081081081081, "class_scores": {"Southern Russians": 0.6675938803894298, "Ukranians": 0.44360902255639095, "Northen Russians": 0.7671232876712328, "Belarusians": 0.28846153846153844}, "skipped_nodes": 0, "memory_allocated_MB": 54.59912109375, "memory_reserved_MB": 358.0, "model_name": "GL_GINConv_3l_512h"}