{"f1_macro": 0.6873323622482295, "f1_weighted": 0.9116590549895104, "precision_macro": 0.6888213441404931, "precision_weighted": 0.9055864604640196, "recall_macro": 0.6861842105263158, "recall_weighted": 0.9182389937106918, "accuracy": 0.9182389937106918, "class_scores": {"Udmurts,Besermyan": 0.9333333333333333, "Tatars,Volga-Tatars,Mishar-Tatars,Kryashens": 0.9632829373650108, "Chuvash": 0.8527131782945736, "Mari": 0.0}, "skipped_nodes": 8, "memory_allocated_MB": 0.00048828125, "memory_reserved_MB": 2.0, "f1_macro_score_only_mask_connect": NaN, "f1_macro_score_only_not_mask_connect": 0.6873323622482295, "f1_macro_score_mixed_connect": NaN, "only_mask_connect_sum": 0.0, "only_not_mask_connect_sum": 318.0, "mixed_connect_sum": 0.0, "model_name": "GL_LR"}