{"f1_macro": 0.8993209850725568, "f1_weighted": 0.9362958944470665, "precision_macro": 0.9127295824568711, "precision_weighted": 0.9392086429672969, "recall_macro": 0.8924136756137012, "recall_weighted": 0.9380165289256198, "accuracy": 0.9380165289256198, "class_scores": {"English": 0.9722222222222222, "Germans": 0.8755364806866953, "French": 0.8115942028985508, "Belgium": 0.9379310344827586}, "skipped_nodes": 43, "memory_allocated_MB": 37.46435546875, "memory_reserved_MB": 692.0, "f1_macro_score_only_mask_connect": 0.8074171861315749, "f1_macro_score_only_not_mask_connect": 1.0, "f1_macro_score_mixed_connect": 0.9518243001389068, "only_mask_connect_sum": 191.0, "only_not_mask_connect_sum": 26.0, "mixed_connect_sum": 509.0, "model_name": "GL_GATConv_9l_128h"}