{"f1_macro": 0.5067421922498418, "f1_weighted": 0.6300262993805819, "precision_macro": 0.48459144995213066, "precision_weighted": 0.8039832077716736, "recall_macro": 0.7162316395394998, "recall_weighted": 0.5917721518987342, "accuracy": 0.5917721518987342, "class_scores": {"P0": 0.5789473684210527, "P1": 0.6798866855524079, "P2": 0.5181347150259067, "P3": 0.25}, "skipped_nodes": 9, "model_name": "MaxIbdSumPerClassSize"}