{"f1_macro": 0.5981438412415219, "f1_weighted": 0.7364220216138145, "precision_macro": 0.5993155236576289, "precision_weighted": 0.7474915106494053, "recall_macro": 0.6153405323482051, "recall_weighted": 0.7567567567567568, "accuracy": 0.7567567567567568, "class_scores": {"Chechens": 0.8333333333333334, "Kabardians, Circassians, Adyghes": 0.7555555555555555, "Karachays, Balkars": 0.9142857142857143, "Ingush": 0.8421052631578947, "Dagestan peoples": 0.6779661016949152, "Ossetians": 0.7619047619047619, "Kumyks": 0.0, "Nogais": 0.0}, "skipped_nodes": 7, "memory_allocated_MB": 20.544921875, "memory_reserved_MB": 180.0, "f1_macro_score_only_mask_connect": 0.11612903225806452, "f1_macro_score_only_not_mask_connect": 0.37142857142857144, "f1_macro_score_mixed_connect": 0.6427281438891346, "only_mask_connect_sum": 22.0, "only_not_mask_connect_sum": 6.0, "mixed_connect_sum": 83.0, "model_name": "GL_MLP_9l_128h"}