{"f1_macro": 0.915900524268686, "f1_weighted": 0.9522203387393404, "precision_macro": 0.9017118406631515, "precision_weighted": 0.9552986568456362, "recall_macro": 0.9341853694733568, "recall_weighted": 0.9509116409537167, "accuracy": 0.9509116409537167, "class_scores": {"English": 0.9822616407982262, "Germans": 0.9159663865546218, "French": 0.8378378378378378, "Belgium": 0.927536231884058}, "skipped_nodes": 56, "memory_allocated_MB": 158.0498046875, "memory_reserved_MB": 464.0, "model_name": "GL_TAGConv_9l_512h_w_k3"}