{"f1_macro": 0.6774636256097128, "f1_weighted": 0.8871110511998729, "precision_macro": 0.6799364929458022, "precision_weighted": 0.8949817384036972, "recall_macro": 0.6845385182295054, "recall_weighted": 0.8865030674846626, "accuracy": 0.8865030674846626, "class_scores": {"Udmurts,Besermyan": 0.8235294117647058, "Tatars,Volga-Tatars,Mishar-Tatars,Kryashens": 0.9401330376940134, "Chuvash": 0.8211920529801324, "Mari": 0.125}, "skipped_nodes": 0, "memory_allocated_MB": 22.0224609375, "memory_reserved_MB": 48.0, "model_name": "GL_MLP_3l_512h"}