{"f1_macro": 0.9144482077351649, "f1_weighted": 0.9441263173632173, "accuracy": 0.9454545454545454, "class_scores": {"English": 0.9669156883671292, "Germans": 0.927038626609442, "French": 0.8429752066115702, "Belgium": 0.920863309352518}, "skipped_nodes": 54, "model_name": "LongestIbd"}