{"f1_macro": 0.848711045324808, "f1_weighted": 0.9250489160093585, "accuracy": 0.9293739967897271, "class_scores": {"English": 0.9655937846836848, "Germans": 0.8375, "French": 0.6885245901639344, "Belgium": 0.9032258064516129}, "skipped_nodes": 146, "model_name": "GL_GATConv_9l_128h"}