{"f1_macro": 0.9070328732380627, "f1_weighted": 0.9571637865130758, "accuracy": 0.9585687382297552, "class_scores": {"English": 0.9802955665024631, "Germans": 0.86, "French": 0.8571428571428571, "Belgium": 0.9306930693069307}, "skipped_nodes": 238, "model_name": "GL_GATConv_3l_512h"}