{"f1_macro": 0.9466599702287716, "f1_weighted": 0.9652100103874673, "precision_macro": 0.9578578891434737, "precision_weighted": 0.965818776915219, "recall_macro": 0.9373833955058961, "recall_weighted": 0.9654696132596685, "accuracy": 0.9654696132596685, "class_scores": {"English": 0.9848156182212582, "Germans": 0.924901185770751, "French": 0.9230769230769231, "Belgium": 0.9538461538461539}, "skipped_nodes": 45, "memory_allocated_MB": 44.234375, "memory_reserved_MB": 218.0, "f1_macro_score_only_mask_connect": -100.0, "f1_macro_score_only_not_mask_connect": -100.0, "f1_macro_score_mixed_connect": -100.0, "only_mask_connect_sum": -100.0, "only_not_mask_connect_sum": -100.0, "mixed_connect_sum": -100.0, "model_name": "GL_TAGConv_3l_512h_w_k3_gnorm_relu"}