{"f1_macro": 0.9687605590320003, "f1_weighted": 0.9766530319716609, "precision_macro": 0.9747615484046264, "precision_weighted": 0.9768688388732486, "recall_macro": 0.9634485080137254, "recall_weighted": 0.9769021739130435, "accuracy": 0.9769021739130435, "class_scores": {"P0": 0.9870689655172413, "P1": 0.9486166007905138, "P2": 0.9536423841059603, "P3": 0.9857142857142858}, "skipped_nodes": 26, "memory_allocated_MB": 52.1298828125, "memory_reserved_MB": 238.0, "model_name": "GL_GCNConv_9l_512h_w"}