{"f1_macro": 0.7319966583124478, "f1_weighted": 0.8806648754017173, "accuracy": 0.8918918918918919, "class_scores": {"Chechens": 0.9, "Kabardians, Circassians, Adyghes": 0.9122807017543859, "Karachays, Balkars": 0.9444444444444444, "Ingush": 0.9523809523809523, "Dagestan peoples": 0.9047619047619048, "Ossetians": 0.8421052631578947, "Kumyks": 0.0, "Nogais": 0.4}, "skipped_nodes": 7, "model_name": "GL_GATConv_3l_512h"}