{"f1_macro": 0.9027296717796469, "f1_weighted": 0.9095977651327725, "accuracy": 0.91, "class_scores": {"Swedes": 0.9078014184397163, "Norwegians": 0.9166666666666666, "Danes": 0.8837209302325582}, "skipped_nodes": 15, "model_name": "GL_TAGConv_3l_512h_w_k3_gnorm"}