{"f1_macro": 0.9570900824097756, "f1_weighted": 0.9624441947983311, "accuracy": 0.9626168224299065, "class_scores": {"Swedes": 0.954248366013072, "Norwegians": 0.9758454106280193, "Danes": 0.9411764705882353}, "skipped_nodes": 1, "model_name": "GL_SAGEConv_9l_512h"}