{"f1_macro": 0.5706930058845244, "f1_weighted": 0.6433976017100471, "precision_macro": 0.5669384057971015, "precision_weighted": 0.8374358628139347, "recall_macro": 0.7545046535221207, "recall_weighted": 0.6118012422360248, "accuracy": 0.6118012422360248, "class_scores": {"Udmurts,Besermyan": 0.8095238095238095, "Tatars,Volga-Tatars,Mishar-Tatars,Kryashens": 0.6627906976744186, "Chuvash": 0.5882352941176471, "Mari": 0.2222222222222222}, "skipped_nodes": 4, "model_name": "MaxIbdSumPerClassSize"}