{"f1_macro": 0.8141058650927072, "f1_weighted": 0.9357057120215015, "precision_macro": 0.8240530303030302, "precision_weighted": 0.9305490805490806, "recall_macro": 0.8206896551724139, "recall_weighted": 0.9487179487179487, "accuracy": 0.9487179487179487, "class_scores": {"P0": 1.0, "P1": 0.9824561403508771, "P2": 0.918918918918919, "P3": 0.9523809523809523, "P4": 1.0, "P5": 0.9090909090909091, "P6": 0.0, "P7": 0.75}, "skipped_nodes": 1, "memory_allocated_MB": 22.29150390625, "memory_reserved_MB": 124.0, "model_name": "GL_GATConv_3l_128h"}