{"f1_macro": 0.4503318491770127, "f1_weighted": 0.514312888655198, "precision_macro": 0.44999675842810316, "precision_weighted": 0.5122273370779657, "recall_macro": 0.45182081689801423, "recall_weighted": 0.517948717948718, "accuracy": 0.517948717948718, "class_scores": {"Northen Russians": 0.6756756756756757, "Ukranians": 0.2555066079295154, "Belarusians": 0.3474178403755869, "Southern Russians": 0.5227272727272727}, "skipped_nodes": 77, "memory_allocated_MB": 21.86279296875, "memory_reserved_MB": 94.0, "model_name": "GL_GCNConv_3l_512h_w"}