{"f1_macro": 0.8226032500247478, "f1_weighted": 0.9696148860961568, "precision_macro": 0.8969242807270976, "precision_weighted": 0.9704314714251637, "recall_macro": 0.8044825941821651, "recall_weighted": 0.9754601226993865, "accuracy": 0.9754601226993865, "class_scores": {"Udmurts,Besermyan": 1.0, "Tatars,Volga-Tatars,Mishar-Tatars,Kryashens": 0.9935760171306209, "Chuvash": 0.9635036496350365, "Mari": 0.3333333333333333}, "skipped_nodes": 0, "memory_allocated_MB": 55.2646484375, "memory_reserved_MB": 242.0, "f1_macro_score_only_mask_connect": NaN, "f1_macro_score_only_not_mask_connect": NaN, "f1_macro_score_mixed_connect": 0.8226032500247478, "only_mask_connect_sum": 0.0, "only_not_mask_connect_sum": 0.0, "mixed_connect_sum": 326.0, "model_name": "GL_TAGConv_9l_128h_w_k3"}