{"f1_macro": 0.6099824818856715, "f1_weighted": 0.6558702496300018, "precision_macro": 0.6275333860774344, "precision_weighted": 0.6544490587958786, "recall_macro": 0.6021535123766227, "recall_weighted": 0.6648648648648648, "accuracy": 0.6648648648648648, "class_scores": {"Southern Russians": 0.6895522388059702, "Ukranians": 0.463768115942029, "Northen Russians": 0.7824773413897281, "Belarusians": 0.5041322314049587}, "skipped_nodes": 0, "memory_allocated_MB": 21.65234375, "memory_reserved_MB": 120.0, "model_name": "GL_GINConv_3l_128h"}