{"f1_macro": 0.557663517164154, "f1_weighted": 0.6038666892416793, "precision_macro": 0.5932788562358566, "precision_weighted": 0.6071274036996192, "recall_macro": 0.5466557879081055, "recall_weighted": 0.618510158013544, "accuracy": 0.618510158013544, "class_scores": {"Ukranians": 0.33755274261603374, "Southern Russians": 0.6391437308868502, "Northen Russians": 0.725111441307578, "Belarusians": 0.5288461538461539}, "skipped_nodes": 29, "model_name": "MaxIbdSum"}