{"f1_macro": 0.6035884062199851, "f1_weighted": 0.7653059559176201, "precision_macro": 0.6123254970004196, "precision_weighted": 0.8097209923835311, "recall_macro": 0.6327760270774976, "recall_weighted": 0.7657657657657657, "accuracy": 0.7657657657657657, "class_scores": {"Chechens": 0.7027027027027027, "Kabardians, Circassians, Adyghes": 0.8888888888888888, "Karachays, Balkars": 0.8421052631578947, "Ingush": 0.6923076923076923, "Dagestan peoples": 0.7027027027027027, "Ossetians": 1.0, "Kumyks": 0.0, "Nogais": 0.0}, "skipped_nodes": 7, "memory_allocated_MB": 17.18603515625, "memory_reserved_MB": 58.0, "model_name": "GL_SAGEConv_3l_128h"}