{"f1_macro": 0.8721964314831516, "f1_weighted": 0.913598924475913, "accuracy": 0.9153005464480874, "class_scores": {"English": 0.9478168264110756, "Germans": 0.8863636363636364, "French": 0.8421052631578947, "Belgium": 0.8125}, "skipped_nodes": 37, "model_name": "LongestIbd"}