{"f1_macro": 0.621772346416637, "f1_weighted": 0.6700196523868817, "precision_macro": 0.6426973422151656, "precision_weighted": 0.6708679800190815, "recall_macro": 0.6125143318469891, "recall_weighted": 0.6785714285714286, "accuracy": 0.6785714285714286, "class_scores": {"Southern Russians": 0.7052023121387283, "Ukranians": 0.4908424908424908, "Northen Russians": 0.7993779160186625, "Belarusians": 0.49166666666666664}, "skipped_nodes": 1, "memory_allocated_MB": 36.6865234375, "memory_reserved_MB": 622.0, "model_name": "GL_TAGConv_3l_512h_nw_k3_gnorm_relu"}