{"f1_macro": 0.8319141327664081, "f1_weighted": 0.9476646226402774, "precision_macro": 0.8070382395382395, "precision_weighted": 0.968483653360954, "recall_macro": 0.9243724801664716, "recall_weighted": 0.9355828220858896, "accuracy": 0.9355828220858896, "class_scores": {"P0": 0.9444444444444444, "P1": 0.9668874172185431, "P2": 0.9457364341085271, "P3": 0.47058823529411764}, "skipped_nodes": 0, "memory_allocated_MB": 21.9599609375, "memory_reserved_MB": 52.0, "model_name": "GL_MLP_3l_512h"}