{"f1_macro": 0.8436020607073239, "f1_weighted": 0.8727118614292743, "accuracy": 0.8785046728971962, "class_scores": {"Swedes": 0.9305555555555556, "Norwegians": 0.8859649122807017, "Danes": 0.7142857142857143}, "skipped_nodes": 1, "model_name": "GL_SAGEConv_3l_128h"}