{"f1_macro": 0.9547487917275487, "f1_weighted": 0.9671583052557565, "precision_macro": 0.9648989898989898, "precision_weighted": 0.9686222692036646, "recall_macro": 0.947274264555818, "recall_weighted": 0.9674418604651163, "accuracy": 0.9674418604651163, "class_scores": {"Swedes": 0.9548387096774194, "Norwegians": 0.9951219512195122, "Danes": 0.9142857142857143}, "skipped_nodes": 0, "memory_allocated_MB": 37.4140625, "memory_reserved_MB": 146.0, "model_name": "GL_TAGConv_3l_512h_nw_k3_gnorm_relu"}