{"f1_macro": 0.9467329545454546, "f1_weighted": 0.988653792526492, "precision_macro": 0.9230769230769231, "precision_weighted": 0.9915054270882492, "recall_macro": 0.9848484848484849, "recall_weighted": 0.9877300613496932, "accuracy": 0.9877300613496932, "class_scores": {"Udmurts,Besermyan": 1.0, "Tatars,Volga-Tatars,Mishar-Tatars,Kryashens": 1.0, "Chuvash": 0.96875, "Mari": 0.8181818181818182}, "skipped_nodes": 0, "memory_allocated_MB": 55.28173828125, "memory_reserved_MB": 874.0, "model_name": "GL_GCNConv_9l_512h_w"}