{"f1_macro": 0.7344227994227994, "f1_weighted": 0.907150204941616, "accuracy": 0.911042944785276, "class_scores": {"Udmurts,Besermyan": 0.9714285714285714, "Tatars,Volga-Tatars,Mishar-Tatars,Kryashens": 0.9511111111111111, "Chuvash": 0.8333333333333334, "Mari": 0.18181818181818182}, "skipped_nodes": 0, "model_name": "MaxIbdSum"}