{"f1_macro": 0.32493672419315067, "f1_weighted": 0.3437589207629103, "accuracy": 0.3454861111111111, "class_scores": {"krasnodar": 0.38436482084690554, "yaroslavl": 0.24324324324324326, "ryazan": 0.38403990024937656, "kaluga": 0.2822085889570552, "vologda": 0.3308270676691729}, "skipped_nodes": 0, "model_name": "GL_TAGConv_3l_128h_w_k3"}