{"f1_macro": 0.7656356801093643, "f1_weighted": 0.8379051487068623, "accuracy": 0.8651162790697674, "class_scores": {"P0": 0.935064935064935, "P1": 0.9035087719298246, "P2": 0.4583333333333333}, "skipped_nodes": 0, "model_name": "MaxSegmentCount"}