{"f1_macro": 0.8448784209880041, "f1_weighted": 0.9182998799020925, "precision_macro": 0.9013181882289845, "precision_weighted": 0.9253668888409599, "recall_macro": 0.8230002226607709, "recall_weighted": 0.9229607250755287, "accuracy": 0.9229607250755287, "class_scores": {"English": 0.9683751363140676, "Germans": 0.8258706467661692, "French": 0.6746987951807228, "Belgium": 0.9105691056910569}, "skipped_nodes": 107, "memory_allocated_MB": 21.734375, "memory_reserved_MB": 80.0, "model_name": "GL_GCNConv_3l_512h_w"}