{"f1_macro": 0.8596230573246941, "f1_weighted": 0.9227820571311576, "precision_macro": 0.8737968400973822, "precision_weighted": 0.9252296286337774, "recall_macro": 0.8522575727944097, "recall_weighted": 0.9244712990936556, "accuracy": 0.9244712990936556, "class_scores": {"English": 0.9683751363140676, "Germans": 0.8208092485549133, "French": 0.7387387387387387, "Belgium": 0.9105691056910569}, "skipped_nodes": 107, "memory_allocated_MB": 21.90087890625, "memory_reserved_MB": 82.0, "model_name": "GL_GCNConv_3l_512h_w"}