{"f1_macro": 0.7374326740307068, "f1_weighted": 0.834734255744631, "accuracy": 0.8273381294964028, "class_scores": {"English": 0.9159953970080552, "Germans": 0.662613981762918, "French": 0.5569620253164557, "Belgium": 0.8141592920353983}, "skipped_nodes": 74, "model_name": "GL_MLP_3l_512h"}