{"f1_macro": 0.37122191602953264, "f1_weighted": 0.4897225869699193, "precision_macro": 0.5030464572192513, "precision_weighted": 0.5392984246278364, "recall_macro": 0.4258367026624653, "recall_weighted": 0.572972972972973, "accuracy": 0.572972972972973, "class_scores": {"Southern Russians": 0.5974625144175317, "Ukranians": 0.05714285714285714, "Northen Russians": 0.7874251497005988, "Belarusians": 0.04285714285714286}, "skipped_nodes": 0, "memory_allocated_MB": 29.76708984375, "memory_reserved_MB": 196.0, "f1_macro_score_only_mask_connect": -100.0, "f1_macro_score_only_not_mask_connect": -100.0, "f1_macro_score_mixed_connect": -100.0, "only_mask_connect_sum": -100.0, "only_not_mask_connect_sum": -100.0, "mixed_connect_sum": -100.0, "model_name": "GL_TAGConv_9l_128h_w_k3"}