{"f1_macro": 0.9356678044178044, "f1_weighted": 0.9572836297412569, "precision_macro": 0.9613095238095238, "precision_weighted": 0.9640839386602098, "recall_macro": 0.924712643678161, "recall_weighted": 0.9576271186440678, "accuracy": 0.9576271186440678, "class_scores": {"P0": 0.9230769230769231, "P1": 0.9642857142857143, "P2": 1.0, "P3": 0.8888888888888888, "P4": 1.0, "P5": 0.9090909090909091, "P6": 0.8, "P7": 1.0}, "skipped_nodes": 0, "memory_allocated_MB": 38.55224609375, "memory_reserved_MB": 74.0, "model_name": "GL_TAGConv_3l_512h_w_k3"}