{"f1_macro": 0.5385836989097859, "f1_weighted": 0.6822851398164361, "precision_macro": 0.5158131616720465, "precision_weighted": 0.8314728301066666, "recall_macro": 0.7225215517241379, "recall_weighted": 0.6439628482972136, "accuracy": 0.6439628482972136, "class_scores": {"P0": 0.5909090909090909, "P1": 0.7282608695652174, "P2": 0.6043956043956044, "P3": 0.23076923076923078}, "skipped_nodes": 2, "model_name": "MaxIbdSumPerClassSize"}