{"f1_macro": 0.5157407407407407, "f1_weighted": 0.6775164735287434, "precision_macro": 0.6897394136807817, "precision_weighted": 0.6252672808297196, "recall_macro": 0.5277777777777778, "recall_weighted": 0.7730061349693251, "accuracy": 0.7730061349693251, "class_scores": {"Udmurts,Besermyan": 1.0, "Tatars,Volga-Tatars,Mishar-Tatars,Kryashens": 0.8629629629629629, "Chuvash": 0.0, "Mari": 0.2}, "skipped_nodes": 0, "memory_allocated_MB": 23.53125, "memory_reserved_MB": 1840.0, "model_name": "GL_GATConv_3l_128h"}