{"f1_macro": 0.969214266646915, "f1_weighted": 0.9806918298204281, "precision_macro": 0.9747936012099929, "precision_weighted": 0.9810850529516851, "recall_macro": 0.9648700555737169, "recall_weighted": 0.9808743169398907, "accuracy": 0.9808743169398907, "class_scores": {"P0": 0.9913606911447084, "P1": 0.9655172413793104, "P2": 0.9481481481481482, "P3": 0.971830985915493}, "skipped_nodes": 30, "memory_allocated_MB": 20.72216796875, "memory_reserved_MB": 68.0, "model_name": "GL_SAGEConv_9l_128h"}