{"f1_macro": 0.8782621108094161, "f1_weighted": 0.894111753716418, "accuracy": 0.895, "class_scores": {"Swedes": 0.9041095890410958, "Norwegians": 0.9014084507042254, "Danes": 0.8292682926829268}, "skipped_nodes": 15, "model_name": "GL_GCNConv_9l_128h_w"}