{"f1_macro": 0.34221367019020515, "f1_weighted": 0.4490106105699679, "precision_macro": 0.4111624628206261, "precision_weighted": 0.4624237790843033, "recall_macro": 0.3831848783004878, "recall_weighted": 0.5169300225733634, "accuracy": 0.5169300225733634, "class_scores": {"Ukranians": 0.09302325581395349, "Southern Russians": 0.5738916256157636, "Northen Russians": 0.6584615384615384, "Belarusians": 0.043478260869565216}, "skipped_nodes": 29, "memory_allocated_MB": 21.6806640625, "memory_reserved_MB": 100.0, "model_name": "GL_GINConv_9l_128h"}