{"f1_macro": 0.1678094749550906, "f1_weighted": 0.2358946375656595, "precision_macro": 0.35394172753255, "precision_weighted": 0.34964844229446684, "recall_macro": 0.11835630987991502, "recall_weighted": 0.18404907975460122, "accuracy": 0.18404907975460122, "class_scores": {"P0": 0.36363636363636365, "P1": 0.2997275204359673, "P2": 0.007874015748031496, "P3": 0.0}, "skipped_nodes": 0, "model_name": "MaxIbdSum"}