{"f1_macro": 0.7943024947099687, "f1_weighted": 0.9424906930264392, "precision_macro": 0.9308468957203134, "precision_weighted": 0.9479635955022735, "recall_macro": 0.7452075265843014, "recall_weighted": 0.9475308641975309, "accuracy": 0.9475308641975309, "class_scores": {"Udmurts,Besermyan": 0.7741935483870968, "Tatars,Volga-Tatars,Mishar-Tatars,Kryashens": 0.976545842217484, "Chuvash": 0.9264705882352942, "Mari": 0.5}, "skipped_nodes": 2, "memory_allocated_MB": 36.6455078125, "memory_reserved_MB": 184.0, "model_name": "GL_TAGConv_3l_512h_w_k3_gnorm"}