{"f1_macro": 0.9228128520532979, "f1_weighted": 0.9521050709195888, "precision_macro": 0.9580281515567481, "precision_weighted": 0.9544170289519643, "recall_macro": 0.8954575385106553, "recall_weighted": 0.9537166900420757, "accuracy": 0.9537166900420757, "class_scores": {"English": 0.9733759318423855, "Germans": 0.944206008583691, "French": 0.8403361344537815, "Belgium": 0.9333333333333333}, "skipped_nodes": 56, "memory_allocated_MB": 23.36669921875, "memory_reserved_MB": 30.0, "model_name": "GL_TAGConv_9l_128h_w_k3"}