{"f1_macro": 0.8545511968592863, "f1_weighted": 0.9220337454514644, "accuracy": 0.9279538904899135, "class_scores": {"English": 0.9700854700854701, "Germans": 0.8699551569506726, "French": 0.6458333333333334, "Belgium": 0.9323308270676691}, "skipped_nodes": 75, "model_name": "GL_TAGConv_3l_512h_w_k3"}