{"f1_macro": 0.5026541284448427, "f1_weighted": 0.571878157349296, "precision_macro": 0.5002442914713439, "precision_weighted": 0.5748827727005807, "recall_macro": 0.5065261012431729, "recall_weighted": 0.5699708454810496, "accuracy": 0.5699708454810496, "class_scores": {"Northen Russians": 0.7024952015355086, "Ukranians": 0.2694300518134715, "Belarusians": 0.43434343434343436, "Southern Russians": 0.6043478260869565}, "skipped_nodes": 124, "model_name": "MaxIbdSumPerClassSize"}