{"f1_macro": 0.4844549527187436, "f1_weighted": 0.5318921820615038, "precision_macro": 0.4936747801423216, "precision_weighted": 0.5635312807401583, "recall_macro": 0.4955162025884594, "recall_weighted": 0.5206073752711496, "accuracy": 0.5206073752711496, "class_scores": {"Southern Russians": 0.5225563909774437, "Ukranians": 0.3829787234042553, "Northen Russians": 0.6978998384491115, "Belarusians": 0.334384858044164}, "skipped_nodes": 3, "memory_allocated_MB": 21.6806640625, "memory_reserved_MB": 154.0, "model_name": "GL_GINConv_9l_128h"}