{"f1_macro": 0.6308130380331501, "f1_weighted": 0.6979422587261469, "precision_macro": 0.6123877299724757, "precision_weighted": 0.8710903234923199, "recall_macro": 0.8776173754714527, "recall_weighted": 0.6656441717791411, "accuracy": 0.6656441717791411, "class_scores": {"Udmurts,Besermyan": 0.8571428571428571, "Tatars,Volga-Tatars,Mishar-Tatars,Kryashens": 0.7019498607242339, "Chuvash": 0.6994535519125683, "Mari": 0.2647058823529412}, "skipped_nodes": 0, "model_name": "MaxEdgeCountPerClassSize"}