{"f1_macro": 0.968117499602133, "f1_weighted": 0.9781950026367354, "precision_macro": 0.9725781581096542, "precision_weighted": 0.9787100150516262, "recall_macro": 0.9648404025641877, "recall_weighted": 0.9784075573549258, "accuracy": 0.9784075573549258, "class_scores": {"P0": 0.9892241379310345, "P1": 0.9581749049429658, "P2": 0.9536423841059603, "P3": 0.9714285714285714}, "skipped_nodes": 21, "memory_allocated_MB": 37.24853515625, "memory_reserved_MB": 746.0, "model_name": "GL_GATConv_9l_128h"}