{"f1_macro": 0.527916420990566, "f1_weighted": 0.8113068370905197, "precision_macro": 0.6712813620071685, "precision_weighted": 0.8241847527321504, "recall_macro": 0.476010101010101, "recall_weighted": 0.8404907975460123, "accuracy": 0.8404907975460123, "class_scores": {"P0": 0.56, "P1": 0.91015625, "P2": 0.6415094339622641, "P3": 0.0}, "skipped_nodes": 0, "model_name": "MaxEdgeCount"}