{"f1_macro": 0.21052631578947367, "f1_weighted": 0.046496609622215045, "precision_macro": 0.2, "precision_weighted": 0.044171779141104296, "recall_macro": 0.2222222222222222, "recall_weighted": 0.049079754601226995, "accuracy": 0.049079754601226995, "class_scores": {"P0": 0.8421052631578947, "P1": 0.0, "P2": 0.0, "P3": 0.0}, "skipped_nodes": 0, "model_name": "MaxIbdSumPerClassSize"}