{"f1_macro": 0.752265253927658, "f1_weighted": 0.9260026071620274, "precision_macro": 0.7711868602348478, "precision_weighted": 0.9256718707011105, "recall_macro": 0.7475061210482103, "recall_weighted": 0.9290123456790124, "accuracy": 0.9290123456790124, "class_scores": {"P0": 0.8823529411764706, "P1": 0.9695652173913043, "P2": 0.8714285714285714, "P3": 0.2857142857142857}, "skipped_nodes": 1, "memory_allocated_MB": 36.6591796875, "memory_reserved_MB": 192.0, "model_name": "GL_TAGConv_3l_512h_w_k3_gnorm"}