{"f1_macro": 0.6506218959951037, "f1_weighted": 0.8214910920188722, "precision_macro": 0.6327237971007321, "precision_weighted": 0.8140828430724294, "recall_macro": 0.6773958333333333, "recall_weighted": 0.8383838383838383, "accuracy": 0.8383838383838383, "class_scores": {"Chechens": 0.8666666666666667, "Kabardians, Circassians, Adyghes": 0.8936170212765957, "Karachays, Balkars": 0.9444444444444444, "Ingush": 0.8695652173913043, "Dagestan peoples": 0.8125, "Ossetians": 0.8181818181818182, "Kumyks": 0.0, "Nogais": 0.0}, "skipped_nodes": 19, "memory_allocated_MB": 18.43310546875, "memory_reserved_MB": 70.0, "f1_macro_score_only_mask_connect": 0.18333333333333335, "f1_macro_score_only_not_mask_connect": 0.5046600458365164, "f1_macro_score_mixed_connect": 0.6796018161945582, "only_mask_connect_sum": 10.0, "only_not_mask_connect_sum": 20.0, "mixed_connect_sum": 69.0, "model_name": "GL_GINConv_3l_128h"}