{"f1_macro": 0.7759885752315456, "f1_weighted": 0.8985015354719135, "precision_macro": 0.7436868686868687, "precision_weighted": 0.9184234987915969, "recall_macro": 0.823492435080418, "recall_weighted": 0.8926380368098159, "accuracy": 0.8926380368098159, "class_scores": {"P0": 0.9473684210526315, "P1": 0.9360730593607306, "P2": 0.8205128205128205, "P3": 0.4}, "skipped_nodes": 0, "model_name": "LongestIbd"}