{"f1_macro": 0.57143921716517, "f1_weighted": 0.594146187045461, "accuracy": 0.6041666666666666, "class_scores": {"krasnodar": 0.6342857142857142, "vologda-yaroslavl": 0.6206896551724138, "ryazan": 0.6368421052631579, "kaluga": 0.3939393939393939}, "skipped_nodes": 0, "model_name": "GL_MLP_3l_512h"}