{"f1_macro": 0.5913020833333333, "f1_weighted": 0.7395091807909604, "precision_macro": 0.6535831766917293, "precision_weighted": 0.7517538549764241, "recall_macro": 0.6163793103448276, "recall_weighted": 0.7966101694915254, "accuracy": 0.7966101694915254, "class_scores": {"P0": 0.72, "P1": 0.84375, "P2": 0.9444444444444444, "P3": 0.0, "P4": 1.0, "P5": 0.3333333333333333, "P6": 0.0, "P7": 0.8888888888888888}, "skipped_nodes": 0, "memory_allocated_MB": 16.62158203125, "memory_reserved_MB": 44.0, "model_name": "GL_GCNConv_3l_128h_w"}