{"f1_macro": 0.5030712446165135, "f1_weighted": 0.5836817692696666, "precision_macro": 0.5532671598659126, "precision_weighted": 0.5907127325226766, "recall_macro": 0.5003893076905431, "recall_weighted": 0.6052249637155298, "accuracy": 0.6052249637155298, "class_scores": {"Northen Russians": 0.7032967032967034, "Ukranians": 0.19469026548672566, "Belarusians": 0.48520710059171596, "Southern Russians": 0.6290909090909091}, "skipped_nodes": 121, "memory_allocated_MB": 86.525390625, "memory_reserved_MB": 278.0, "model_name": "GL_SAGEConv_9l_512h"}