{"f1_macro": 0.5711542144421172, "f1_weighted": 0.6046619675741638, "precision_macro": 0.5706554697061026, "precision_weighted": 0.6245360165360166, "recall_macro": 0.5873724060287947, "recall_weighted": 0.6, "accuracy": 0.6, "class_scores": {"Southern Russians": 0.5802919708029197, "Ukranians": 0.4606741573033708, "Northen Russians": 0.7468354430379747, "Belarusians": 0.4968152866242038}, "skipped_nodes": 0, "memory_allocated_MB": 39.0947265625, "memory_reserved_MB": 710.0, "model_name": "GL_TAGConv_3l_512h_w_k3_gnorm"}