{"f1_macro": 0.6050359675549055, "f1_weighted": 0.648334761384076, "precision_macro": 0.6046569793144245, "precision_weighted": 0.6651049986789254, "recall_macro": 0.6170973984448241, "recall_weighted": 0.6432432432432432, "accuracy": 0.6432432432432432, "class_scores": {"Southern Russians": 0.6475849731663685, "Ukranians": 0.47093023255813954, "Northen Russians": 0.8, "Belarusians": 0.501628664495114}, "skipped_nodes": 0, "memory_allocated_MB": 39.11376953125, "memory_reserved_MB": 484.0, "model_name": "GL_TAGConv_3l_512h_w_k3_gnorm"}