{"f1_macro": 0.8319065110201541, "f1_weighted": 0.8960796018008211, "precision_macro": 0.7915803142892056, "precision_weighted": 0.9169153402440623, "recall_macro": 0.8942550505050505, "recall_weighted": 0.8892307692307693, "accuracy": 0.8892307692307693, "class_scores": {"Udmurts,Besermyan": 0.972972972972973, "Tatars,Volga-Tatars,Mishar-Tatars,Kryashens": 0.9311926605504587, "Chuvash": 0.7870967741935484, "Mari": 0.6363636363636364}, "skipped_nodes": 1, "model_name": "LongestIbd"}