{"f1_macro": 0.8371882127943293, "f1_weighted": 0.9123457552770666, "accuracy": 0.9154302670623146, "class_scores": {"English": 0.9717391304347827, "Germans": 0.7657142857142857, "French": 0.6779661016949152, "Belgium": 0.9333333333333333}, "skipped_nodes": 95, "model_name": "GL_GCNConv_9l_512h_w"}