{"f1_macro": 0.4735716815224094, "f1_weighted": 0.5546402588881125, "accuracy": 0.5777777777777777, "class_scores": {"Chechens": 0.7, "Kabardians, Circassians, Adyghes": 0.5106382978723404, "Karachays, Balkars": 0.4444444444444444, "Ingush": 0.46153846153846156, "Dagestan peoples": 0.7368421052631579, "Ossetians": 0.46153846153846156, "Kumyks": 0.0, "Nogais": 0.0}, "skipped_nodes": 28, "model_name": "GL_GINConv_9l_512h"}