{"f1_macro": 0.7219724131800402, "f1_weighted": 0.8388967333329898, "accuracy": 0.8434782608695652, "class_scores": {"Chechens": 0.9444444444444444, "Kabardians, Circassians, Adyghes": 0.847457627118644, "Karachays, Balkars": 0.9090909090909091, "Ingush": 0.7692307692307693, "Dagestan peoples": 0.8888888888888888, "Ossetians": 0.6666666666666666, "Kumyks": 0.0, "Nogais": 0.75}, "skipped_nodes": 3, "model_name": "GL_GINConv_3l_512h"}