{"f1_macro": 0.5292678014513363, "f1_weighted": 0.7772747105510547, "precision_macro": 0.6988054607508533, "precision_weighted": 0.8260327896312737, "recall_macro": 0.476010101010101, "recall_weighted": 0.8159509202453987, "accuracy": 0.8159509202453987, "class_scores": {"P0": 0.7142857142857143, "P1": 0.8859315589353612, "P2": 0.5168539325842697, "P3": 0.0}, "skipped_nodes": 0, "memory_allocated_MB": 16.60546875, "memory_reserved_MB": 172.0, "model_name": "GL_GCNConv_3l_128h_w"}