{"f1_macro": 0.5023985704218262, "f1_weighted": 0.8159402042766289, "accuracy": 0.8466257668711656, "class_scores": {"P0": 0.36363636363636365, "P1": 0.9031007751937985, "P2": 0.7428571428571429, "P3": 0.0}, "skipped_nodes": 0, "model_name": "GL_GCNConv_3l_512h_w"}