{"f1_macro": 0.11958026208026208, "f1_weighted": 0.09967749958547505, "precision_macro": 0.17086750968329917, "precision_weighted": 0.1989905745959992, "recall_macro": 0.10826613777257554, "recall_weighted": 0.07975460122699386, "accuracy": 0.07975460122699386, "class_scores": {"P0": 0.3333333333333333, "P1": 0.10135135135135136, "P2": 0.04363636363636364, "P3": 0.0}, "skipped_nodes": 0, "model_name": "LongestIbd"}