{"f1_macro": 0.6082217836654144, "f1_weighted": 0.7348250812861754, "accuracy": 0.7528089887640449, "class_scores": {"Chechens": 0.7368421052631579, "Kabardians, Circassians, Adyghes": 0.7804878048780488, "Karachays, Balkars": 0.8235294117647058, "Ingush": 0.4, "Dagestan peoples": 0.8108108108108109, "Ossetians": 0.7058823529411765, "Kumyks": 0.0, "Nogais": 0.0}, "skipped_nodes": 29, "model_name": "GL_GINConv_3l_128h"}