{"f1_macro": 0.8924199773053212, "f1_weighted": 0.9218861728000977, "precision_macro": 0.9179166666666667, "precision_weighted": 0.9280626780626781, "recall_macro": 0.8779022988505747, "recall_weighted": 0.9230769230769231, "accuracy": 0.9230769230769231, "class_scores": {"P0": 1.0, "P1": 0.8813559322033898, "P2": 0.918918918918919, "P3": 1.0, "P4": 0.96, "P5": 0.8235294117647058, "P6": 0.6666666666666666, "P7": 0.8888888888888888}, "skipped_nodes": 1, "memory_allocated_MB": 18.10595703125, "memory_reserved_MB": 46.0, "model_name": "GL_GINConv_3l_128h"}