{"f1_macro": 0.5234383867720142, "f1_weighted": 0.5796400328373499, "accuracy": 0.5214723926380368, "class_scores": {"P0": 0.7727272727272727, "P1": 0.5688073394495413, "P2": 0.6272189349112426, "P3": 0.125}, "skipped_nodes": 0, "model_name": "MaxEdgeCountPerClassSize"}