{"f1_macro": 0.5858839627704159, "f1_weighted": 0.6315436226590342, "precision_macro": 0.6189727870813397, "precision_weighted": 0.6367367257209362, "recall_macro": 0.5754441912149908, "recall_weighted": 0.6443243243243243, "accuracy": 0.6443243243243243, "class_scores": {"Southern Russians": 0.6843575418994413, "Ukranians": 0.40310077519379844, "Northen Russians": 0.7430340557275542, "Belarusians": 0.5130434782608696}, "skipped_nodes": 0, "memory_allocated_MB": 22.23681640625, "memory_reserved_MB": 140.0, "f1_macro_score_only_mask_connect": -100.0, "f1_macro_score_only_not_mask_connect": -100.0, "f1_macro_score_mixed_connect": -100.0, "only_mask_connect_sum": -100.0, "only_not_mask_connect_sum": -100.0, "mixed_connect_sum": -100.0, "model_name": "GL_TAGConv_3l_128h_w_k3"}