{"f1_macro": 0.5037329610510876, "f1_weighted": 0.5862117016038674, "precision_macro": 0.576207307185568, "precision_weighted": 0.6009515482086243, "recall_macro": 0.5082273693985142, "recall_weighted": 0.6157718120805369, "accuracy": 0.6157718120805369, "class_scores": {"Northen Russians": 0.7231404958677686, "Ukranians": 0.15217391304347827, "Belarusians": 0.5100671140939598, "Southern Russians": 0.6295503211991434}, "skipped_nodes": 142, "memory_allocated_MB": 17.88720703125, "memory_reserved_MB": 56.0, "model_name": "GL_GINConv_3l_128h"}