{"f1_macro": 0.47946726460460765, "f1_weighted": 0.47946726460460765, "precision_macro": 0.47911649805262657, "precision_weighted": 0.47911649805262657, "recall_macro": 0.48051948051948046, "recall_weighted": 0.4805194805194805, "accuracy": 0.4805194805194805, "class_scores": {"P0": 0.445859872611465, "P1": 0.4126984126984127, "P2": 0.5539112050739958, "P3": 0.5053995680345572}, "skipped_nodes": 0, "model_name": "LongestIbd"}