{"f1_macro": 0.6298801182724203, "f1_weighted": 0.8055448953206638, "precision_macro": 0.6181457431457431, "precision_weighted": 0.7945137651020004, "recall_macro": 0.646875, "recall_weighted": 0.8235294117647058, "accuracy": 0.8235294117647058, "class_scores": {"Chechens": 0.8235294117647058, "Kabardians, Circassians, Adyghes": 0.851063829787234, "Karachays, Balkars": 0.8947368421052632, "Ingush": 0.9523809523809523, "Dagestan peoples": 0.7804878048780488, "Ossetians": 0.7368421052631579, "Kumyks": 0.0, "Nogais": 0.0}, "skipped_nodes": 16, "memory_allocated_MB": 18.46240234375, "memory_reserved_MB": 70.0, "f1_macro_score_only_mask_connect": 0.4356060606060606, "f1_macro_score_only_not_mask_connect": 0.5068027210884354, "f1_macro_score_mixed_connect": 0.8699610016420362, "only_mask_connect_sum": 13.0, "only_not_mask_connect_sum": 21.0, "mixed_connect_sum": 68.0, "model_name": "GL_GINConv_3l_128h"}