{"f1_macro": 0.8437596476852675, "f1_weighted": 0.9029812790968524, "accuracy": 0.9094827586206896, "class_scores": {"English": 0.9528795811518325, "Germans": 0.7941176470588235, "French": 0.7083333333333334, "Belgium": 0.9197080291970803}, "skipped_nodes": 73, "model_name": "GL_SAGEConv_3l_128h"}