{"f1_macro": 0.8468186854727263, "f1_weighted": 0.905000043724118, "precision_macro": 0.9051703048413574, "precision_weighted": 0.9110801584145505, "recall_macro": 0.8147199728379483, "recall_weighted": 0.9109195402298851, "accuracy": 0.9109195402298851, "class_scores": {"English": 0.9548793284365162, "Germans": 0.7920792079207921, "French": 0.7272727272727273, "Belgium": 0.9130434782608695}, "skipped_nodes": 73, "memory_allocated_MB": 17.412109375, "memory_reserved_MB": 62.0, "model_name": "GL_SAGEConv_3l_128h"}