{"f1_macro": 0.7803095553858039, "f1_weighted": 0.8716322333695099, "precision_macro": 0.8569723179126724, "precision_weighted": 0.9060674527693409, "recall_macro": 0.7715503131331779, "recall_weighted": 0.8631239935587761, "accuracy": 0.8631239935587761, "class_scores": {"English": 0.9320843091334895, "Germans": 0.641860465116279, "French": 0.676923076923077, "Belgium": 0.8703703703703703}, "skipped_nodes": 148, "memory_allocated_MB": 21.6142578125, "memory_reserved_MB": 40.0, "model_name": "GL_MLP_3l_512h"}