{"f1_macro": 0.7020885120203183, "f1_weighted": 0.7030257124304535, "precision_macro": 0.7013919333044818, "precision_weighted": 0.701964180264888, "recall_macro": 0.7032429694348067, "recall_weighted": 0.7045454545454546, "accuracy": 0.7045454545454546, "class_scores": {"P0": 0.6639676113360324, "P1": 0.5895691609977324, "P2": 0.8571428571428571, "P3": 0.6976744186046512}, "skipped_nodes": 0, "memory_allocated_MB": 38.9912109375, "memory_reserved_MB": 482.0, "f1_macro_score_only_mask_connect": -100.0, "f1_macro_score_only_not_mask_connect": -100.0, "f1_macro_score_mixed_connect": -100.0, "only_mask_connect_sum": -100.0, "only_not_mask_connect_sum": -100.0, "mixed_connect_sum": -100.0, "model_name": "GL_TAGConv_3l_512h_w_k3_gnorm"}