{"f1_macro": 0.8187436339684652, "f1_weighted": 0.9663736032154383, "accuracy": 0.9723926380368099, "class_scores": {"Udmurts,Besermyan": 0.9714285714285714, "Tatars,Volga-Tatars,Mishar-Tatars,Kryashens": 0.9851380042462845, "Chuvash": 0.9850746268656716, "Mari": 0.3333333333333333}, "skipped_nodes": 0, "model_name": "GL_SAGEConv_9l_128h"}