{"f1_macro": 0.94127844148884, "f1_weighted": 0.9579148681203873, "accuracy": 0.958904109589041, "class_scores": {"English": 0.975609756097561, "Germans": 0.921161825726141, "French": 0.9172932330827067, "Belgium": 0.951048951048951}, "skipped_nodes": 39, "model_name": "MaxIbdSum"}