{"f1_macro": 0.7638279683628341, "f1_weighted": 0.8060886792966631, "precision_macro": 0.8110745614035088, "precision_weighted": 0.8142808529945554, "recall_macro": 0.7388722612332604, "recall_weighted": 0.812807881773399, "accuracy": 0.812807881773399, "class_scores": {"Swedes": 0.7883211678832117, "Norwegians": 0.8648648648648649, "Danes": 0.6382978723404256}, "skipped_nodes": 12, "memory_allocated_MB": 101.80615234375, "memory_reserved_MB": 146.0, "f1_macro_score_only_mask_connect": NaN, "f1_macro_score_only_not_mask_connect": 0.7638279683628341, "f1_macro_score_mixed_connect": NaN, "only_mask_connect_sum": 0.0, "only_not_mask_connect_sum": 203.0, "mixed_connect_sum": 0.0, "model_name": "GL_GINConv_9l_512h"}