{"f1_macro": 0.9528680819180678, "f1_weighted": 0.9751826526107445, "accuracy": 0.9755102040816327, "class_scores": {"P0": 0.9978213507625272, "P1": 0.9442379182156134, "P2": 0.8767123287671232, "P3": 0.9927007299270073}, "skipped_nodes": 27, "model_name": "GL_TAGConv_3l_512h_w_k3_gnorm"}