{"f1_macro": 0.6029650715814409, "f1_weighted": 0.6887926969502799, "accuracy": 0.6891891891891891, "class_scores": {"P0": 0.8, "P1": 0.785234899328859, "P2": 0.47368421052631576, "P3": 0.35294117647058826}, "skipped_nodes": 55, "model_name": "LongestIbd"}