{"f1_macro": 0.9427657158652896, "f1_weighted": 0.9637131082767849, "precision_macro": 0.9556560795089508, "precision_weighted": 0.9643297184123962, "recall_macro": 0.9328481301307389, "recall_weighted": 0.964625850340136, "accuracy": 0.964625850340136, "class_scores": {"P0": 0.9839228295819936, "P1": 0.9407114624505929, "P2": 0.875, "P3": 0.9714285714285714}, "skipped_nodes": 27, "memory_allocated_MB": 17.24560546875, "memory_reserved_MB": 66.0, "model_name": "GL_GCNConv_3l_128h_w"}