{"f1_macro": 0.5095453175923558, "f1_weighted": 0.6536197298978247, "precision_macro": 0.5100948393711552, "precision_weighted": 0.81296987223303, "recall_macro": 0.6469533124733831, "recall_weighted": 0.6061538461538462, "accuracy": 0.6061538461538462, "class_scores": {"P0": 0.6153846153846154, "P1": 0.7049180327868853, "P2": 0.5483870967741935, "P3": 0.1694915254237288}, "skipped_nodes": 0, "model_name": "MaxIbdSumPerClassSize"}