{"f1_macro": 0.2082888295505118, "f1_weighted": 0.04672119062635661, "precision_macro": 0.21071619621841597, "precision_weighted": 0.04718614388000141, "recall_macro": 0.2537878787878788, "recall_weighted": 0.05214723926380368, "accuracy": 0.05214723926380368, "class_scores": {"P0": 0.8, "P1": 0.0, "P2": 0.009345794392523364, "P3": 0.023809523809523808}, "skipped_nodes": 0, "model_name": "MaxIbdSumPerClassSize"}