{"f1_macro": 0.8895694544292675, "f1_weighted": 0.9025051153016647, "accuracy": 0.9038461538461539, "class_scores": {"Swedes": 0.9066666666666666, "Norwegians": 0.9158878504672897, "Danes": 0.8461538461538461}, "skipped_nodes": 7, "model_name": "GL_GCNConv_3l_128h_w"}