{"f1_macro": 0.6863706186286831, "f1_weighted": 0.7595959219049202, "accuracy": 0.7449392712550608, "class_scores": {"Udmurts,Besermyan": 0.8181818181818182, "Tatars,Volga-Tatars,Mishar-Tatars,Kryashens": 0.7956989247311828, "Chuvash": 0.703030303030303, "Mari": 0.42857142857142855}, "skipped_nodes": 79, "model_name": "MaxIbdSum"}