{"f1_macro": 0.4263423370231941, "f1_weighted": 0.5011061224001859, "precision_macro": 0.4518991282689913, "precision_weighted": 0.5036764307758947, "recall_macro": 0.44528949354221825, "recall_weighted": 0.532608695652174, "accuracy": 0.532608695652174, "class_scores": {"Ukranians": 0.4064516129032258, "Southern Russians": 0.5900783289817232, "Northen Russians": 0.6447368421052632, "Belarusians": 0.0641025641025641}, "skipped_nodes": 3, "memory_allocated_MB": 21.6806640625, "memory_reserved_MB": 104.0, "model_name": "GL_GINConv_9l_128h"}