{"f1_macro": 0.7763602031043891, "f1_weighted": 0.8549333673887819, "precision_macro": 0.7962606426218285, "precision_weighted": 0.8910162977101942, "recall_macro": 0.7918671695495729, "recall_weighted": 0.8466257668711656, "accuracy": 0.8466257668711656, "class_scores": {"P0": 0.9444444444444444, "P1": 0.8951048951048951, "P2": 0.7325581395348837, "P3": 0.5333333333333333}, "skipped_nodes": 0, "model_name": "LongestIbd"}