{"f1_macro": 0.9744637151568024, "f1_weighted": 0.971803693803784, "accuracy": 0.971830985915493, "class_scores": {"Swedes": 0.9668874172185431, "Norwegians": 0.9705882352941176, "Danes": 0.9859154929577465}, "skipped_nodes": 2, "model_name": "GL_TAGConv_3l_512h_w_k3"}