{"f1_macro": 0.6794413759680935, "f1_weighted": 0.6820451333998474, "precision_macro": 0.685969272128605, "precision_weighted": 0.6877134776189755, "recall_macro": 0.6875373806828615, "recall_weighted": 0.6904761904761905, "accuracy": 0.6904761904761905, "class_scores": {"P0": 0.6819047619047619, "P1": 0.5405405405405406, "P2": 0.8053435114503816, "P3": 0.6899766899766899}, "skipped_nodes": 0, "model_name": "MaxIbdSumPerClassSize"}