{"f1_macro": 0.48423669508262096, "f1_weighted": 0.5735943477094413, "precision_macro": 0.5215982359715363, "precision_weighted": 0.5702213916874799, "recall_macro": 0.48125507045929505, "recall_weighted": 0.599112426035503, "accuracy": 0.599112426035503, "class_scores": {"Northen Russians": 0.7107142857142857, "Ukranians": 0.1415929203539823, "Belarusians": 0.46540880503144655, "Southern Russians": 0.6192307692307693}, "skipped_nodes": 134, "memory_allocated_MB": 21.388671875, "memory_reserved_MB": 82.0, "model_name": "GL_GCNConv_3l_512h_w"}