{"f1_macro": 0.6254363876763951, "f1_weighted": 0.6690776665539351, "precision_macro": 0.6344954542181596, "precision_weighted": 0.666376256129249, "recall_macro": 0.6199725278491145, "recall_weighted": 0.6745945945945946, "accuracy": 0.6745945945945946, "class_scores": {"Southern Russians": 0.691131498470948, "Ukranians": 0.4641638225255973, "Northen Russians": 0.8024502297090352, "Belarusians": 0.544}, "skipped_nodes": 0, "memory_allocated_MB": 40.517578125, "memory_reserved_MB": 486.0, "model_name": "GL_TAGConv_3l_512h_w_k3_gnorm_leaky_relu"}