{"f1_macro": 0.9239583701289598, "f1_weighted": 0.9493652885073769, "precision_macro": 0.9296774916966333, "precision_weighted": 0.951907423844278, "recall_macro": 0.9243987645895875, "recall_weighted": 0.9494535519125683, "accuracy": 0.9494535519125683, "class_scores": {"English": 0.9696312364425163, "Germans": 0.937984496124031, "French": 0.8888888888888888, "Belgium": 0.8993288590604027}, "skipped_nodes": 37, "model_name": "MaxIbdSumPerClassSize"}