{"f1_macro": 0.7016182836048835, "f1_weighted": 0.7775453598984088, "precision_macro": 0.6926594837609487, "precision_weighted": 0.9087287188941933, "recall_macro": 0.907725321888412, "recall_weighted": 0.7361963190184049, "accuracy": 0.7361963190184049, "class_scores": {"P0": 0.972972972972973, "P1": 0.7736842105263158, "P2": 0.8098159509202454, "P3": 0.25}, "skipped_nodes": 0, "model_name": "MaxIbdSumPerClassSize"}