{"f1_macro": 0.7400938934239569, "f1_weighted": 0.9332351135533703, "precision_macro": 0.9362390350877192, "precision_weighted": 0.9484763832658569, "recall_macro": 0.7274904214559387, "recall_weighted": 0.9415384615384615, "accuracy": 0.9415384615384615, "class_scores": {"Udmurts,Besermyan": 0.8823529411764706, "Tatars,Volga-Tatars,Mishar-Tatars,Kryashens": 0.9739130434782609, "Chuvash": 0.9041095890410958, "Mari": 0.2}, "skipped_nodes": 1, "model_name": "MaxSegmentCount"}