{"f1_macro": 0.6108419177082732, "f1_weighted": 0.6627791606002322, "precision_macro": 0.6264485537852972, "precision_weighted": 0.6608001792338111, "recall_macro": 0.603763057392032, "recall_weighted": 0.6713513513513514, "accuracy": 0.6713513513513514, "class_scores": {"Southern Russians": 0.7050147492625368, "Ukranians": 0.5208333333333334, "Northen Russians": 0.7919876733436055, "Belarusians": 0.425531914893617}, "skipped_nodes": 0, "memory_allocated_MB": 40.47998046875, "memory_reserved_MB": 486.0, "model_name": "GL_TAGConv_3l_512h_nw_k3_gnorm_relu"}