{"f1_macro": 0.39367223142968477, "f1_weighted": 0.5044898898203072, "precision_macro": 0.42911556296387754, "precision_weighted": 0.49103837577012055, "recall_macro": 0.4295723293677616, "recall_weighted": 0.5730858468677494, "accuracy": 0.5730858468677494, "class_scores": {"Ukranians": 0.0, "Southern Russians": 0.6183699870633894, "Northen Russians": 0.7173252279635258, "Belarusians": 0.2389937106918239}, "skipped_nodes": 43, "memory_allocated_MB": 97.04931640625, "memory_reserved_MB": 904.0, "model_name": "GL_GATConv_3l_512h"}