{"f1_macro": 0.9401244537849648, "f1_weighted": 0.9375249635634882, "accuracy": 0.9375, "class_scores": {"Swedes": 0.9358974358974359, "Norwegians": 0.9353233830845771, "Danes": 0.9491525423728814}, "skipped_nodes": 7, "model_name": "GL_TAGConv_9l_512h_w_k3"}