{"f1_macro": 0.5321089377845701, "f1_weighted": 0.6099787454497481, "precision_macro": 0.5397693189837685, "precision_weighted": 0.8345982045618896, "recall_macro": 0.7834916098100682, "recall_weighted": 0.558641975308642, "accuracy": 0.558641975308642, "class_scores": {"Udmurts,Besermyan": 0.7441860465116279, "Tatars,Volga-Tatars,Mishar-Tatars,Kryashens": 0.6334310850439883, "Chuvash": 0.5485714285714286, "Mari": 0.20224719101123595}, "skipped_nodes": 2, "model_name": "MaxEdgeCountPerClassSize"}