{"f1_macro": 0.506417159867099, "f1_weighted": 0.5716739696352834, "precision_macro": 0.5520124809857669, "precision_weighted": 0.576482001855699, "recall_macro": 0.5053984358834888, "recall_weighted": 0.5965346534653465, "accuracy": 0.5965346534653465, "class_scores": {"Ukranians": 0.2064516129032258, "Southern Russians": 0.6114649681528662, "Northen Russians": 0.7101910828025477, "Belarusians": 0.4975609756097561}, "skipped_nodes": 75, "memory_allocated_MB": 17.89404296875, "memory_reserved_MB": 56.0, "model_name": "GL_GINConv_3l_128h"}