{"f1_macro": 0.3654540098597142, "f1_weighted": 0.45334265790021544, "precision_macro": 0.4556543348952925, "precision_weighted": 0.5008462392452984, "recall_macro": 0.38909936032979925, "recall_weighted": 0.4935064935064935, "accuracy": 0.4935064935064935, "class_scores": {"Southern Russians": 0.5510455104551045, "Ukranians": 0.07058823529411765, "Northen Russians": 0.6655791190864601, "Belarusians": 0.1746031746031746}, "skipped_nodes": 1, "memory_allocated_MB": 25.18115234375, "memory_reserved_MB": 102.0, "f1_macro_score_only_mask_connect": 0.1380952380952381, "f1_macro_score_only_not_mask_connect": 0.3260361047546403, "f1_macro_score_mixed_connect": 0.3577421968627114, "only_mask_connect_sum": 15.0, "only_not_mask_connect_sum": 37.0, "mixed_connect_sum": 872.0, "model_name": "GL_GINConv_9l_128h"}