{"f1_macro": 0.8798843072631215, "f1_weighted": 0.9626769348510571, "precision_macro": 0.8984593837535014, "precision_weighted": 0.9630252100840336, "recall_macro": 0.863454667860121, "recall_weighted": 0.963076923076923, "accuracy": 0.963076923076923, "class_scores": {"P0": 0.9375, "P1": 0.9851380042462845, "P2": 0.9302325581395349, "P3": 0.6666666666666666}, "skipped_nodes": 0, "memory_allocated_MB": 0.00048828125, "memory_reserved_MB": 24.0, "f1_macro_score_only_mask_connect": -100.0, "f1_macro_score_only_not_mask_connect": -100.0, "f1_macro_score_mixed_connect": -100.0, "only_mask_connect_sum": -100.0, "only_not_mask_connect_sum": -100.0, "mixed_connect_sum": -100.0, "model_name": "GL_LR"}