{"f1_macro": 0.7767008212828647, "f1_weighted": 0.8219053298941034, "precision_macro": 0.7783567313618465, "precision_weighted": 0.8583731178802527, "recall_macro": 0.8142203282828282, "recall_weighted": 0.8130841121495327, "accuracy": 0.8130841121495327, "class_scores": {"Chechens": 0.85, "Kabardians, Circassians, Adyghes": 0.8235294117647058, "Karachays, Balkars": 0.9090909090909091, "Ingush": 0.7368421052631579, "Dagestan peoples": 0.8108108108108109, "Ossetians": 0.8333333333333334, "Kumyks": 1.0, "Nogais": 0.25}, "skipped_nodes": 11, "memory_allocated_MB": 21.69384765625, "memory_reserved_MB": 68.0, "model_name": "GL_GATConv_3l_128h"}