{"f1_macro": 0.6363625558293818, "f1_weighted": 0.6363625558293818, "precision_macro": 0.6437674802997686, "precision_weighted": 0.6437674802997686, "recall_macro": 0.6471861471861472, "recall_weighted": 0.6471861471861472, "accuracy": 0.6471861471861472, "class_scores": {"P0": 0.6114649681528662, "P1": 0.493368700265252, "P2": 0.7766990291262136, "P3": 0.6639175257731958}, "skipped_nodes": 0, "model_name": "MaxIbdSum"}