{"f1_macro": 0.8276820495740393, "f1_weighted": 0.921854170271286, "precision_macro": 0.8389020303567908, "precision_weighted": 0.9355719380480566, "recall_macro": 0.8385789222699094, "recall_weighted": 0.9202453987730062, "accuracy": 0.9202453987730062, "class_scores": {"Udmurts,Besermyan": 0.972972972972973, "Tatars,Volga-Tatars,Mishar-Tatars,Kryashens": 0.952808988764045, "Chuvash": 0.8516129032258064, "Mari": 0.5333333333333333}, "skipped_nodes": 0, "model_name": "LongestIbd"}