{"f1_macro": 0.8876324911887066, "f1_weighted": 0.9461220977077969, "precision_macro": 0.9261010237003615, "precision_weighted": 0.9466110446130561, "recall_macro": 0.8575736350225844, "recall_weighted": 0.9483037156704361, "accuracy": 0.9483037156704361, "class_scores": {"English": 0.9786276715410573, "Germans": 0.8518518518518519, "French": 0.7692307692307693, "Belgium": 0.9508196721311475}, "skipped_nodes": 150, "memory_allocated_MB": 25.11669921875, "memory_reserved_MB": 62.0, "model_name": "GL_TAGConv_9l_128h_w_k3"}