{"f1_macro": 0.9280282430906563, "f1_weighted": 0.9547298840119025, "precision_macro": 0.938404105754167, "precision_weighted": 0.9554517033127804, "recall_macro": 0.9197648781216468, "recall_weighted": 0.9555555555555556, "accuracy": 0.9555555555555556, "class_scores": {"English": 0.9785407725321889, "Germans": 0.9173553719008265, "French": 0.8527131782945736, "Belgium": 0.9635036496350365}, "skipped_nodes": 49, "memory_allocated_MB": 104.5244140625, "memory_reserved_MB": 1240.0, "f1_macro_score_only_mask_connect": -100.0, "f1_macro_score_only_not_mask_connect": -100.0, "f1_macro_score_mixed_connect": -100.0, "only_mask_connect_sum": -100.0, "only_not_mask_connect_sum": -100.0, "mixed_connect_sum": -100.0, "model_name": "GL_GATConv_3l_512h"}