{"f1_macro": 0.17515623774285488, "f1_weighted": 0.20377603599206243, "accuracy": 0.3263888888888889, "class_scores": {"krasnodar": 0.0, "vologda-yaroslavl": 0.2096069868995633, "ryazan": 0.49101796407185627, "kaluga": 0.0}, "skipped_nodes": 0, "model_name": "GL_GATConv_9l_512h"}