{"f1_macro": 0.85803757560985, "f1_weighted": 0.8974686890476922, "precision_macro": 0.929466966966967, "precision_weighted": 0.9103619845807346, "recall_macro": 0.8280690399137001, "recall_weighted": 0.9038461538461539, "accuracy": 0.9038461538461539, "class_scores": {"Swedes": 0.9161290322580645, "Norwegians": 0.9345794392523364, "Danes": 0.723404255319149}, "skipped_nodes": 7, "memory_allocated_MB": 17.02099609375, "memory_reserved_MB": 36.0, "model_name": "GL_SAGEConv_3l_128h"}