{"f1_macro": 0.6774205442076543, "f1_weighted": 0.8009708913552622, "precision_macro": 0.7171052631578947, "precision_weighted": 0.9457539554407491, "recall_macro": 0.6598712446351931, "recall_weighted": 0.7147239263803681, "accuracy": 0.7147239263803681, "class_scores": {"Udmurts,Besermyan": 1.0, "Tatars,Volga-Tatars,Mishar-Tatars,Kryashens": 0.7801047120418848, "Chuvash": 0.9295774647887324, "Mari": 0.0}, "skipped_nodes": 0, "memory_allocated_MB": 19.66748046875, "memory_reserved_MB": 112.0, "model_name": "GL_GCNConv_9l_128h_w"}