{"f1_macro": 0.5718536110669348, "f1_weighted": 0.6281659265257273, "precision_macro": 0.5998146552563428, "precision_weighted": 0.6317499156321066, "recall_macro": 0.5652559328953674, "recall_weighted": 0.6424702058504875, "accuracy": 0.6424702058504875, "class_scores": {"Southern Russians": 0.6813793103448276, "Ukranians": 0.36507936507936506, "Northen Russians": 0.7728706624605678, "Belarusians": 0.46808510638297873}, "skipped_nodes": 2, "memory_allocated_MB": 36.6279296875, "memory_reserved_MB": 238.0, "model_name": "GL_TAGConv_3l_512h_w_k3"}