{"f1_macro": 0.42600178557810464, "f1_weighted": 0.5123997757614769, "precision_macro": 0.4310817153559089, "precision_weighted": 0.5039823280045225, "recall_macro": 0.42557312142620196, "recall_weighted": 0.524451939291737, "accuracy": 0.524451939291737, "class_scores": {"Northen Russians": 0.6584867075664622, "Ukranians": 0.14925373134328357, "Belarusians": 0.35294117647058826, "Southern Russians": 0.5433255269320844}, "skipped_nodes": 145, "memory_allocated_MB": 86.9775390625, "memory_reserved_MB": 238.0, "model_name": "GL_SAGEConv_9l_512h"}