{"f1_macro": 0.4722081652591444, "f1_weighted": 0.5078790441687038, "precision_macro": 0.4770453380904484, "precision_weighted": 0.5065325985655821, "recall_macro": 0.47628861939553524, "recall_weighted": 0.518918918918919, "accuracy": 0.518918918918919, "class_scores": {"Southern Russians": 0.4957841483979764, "Ukranians": 0.29927007299270075, "Northen Russians": 0.6526019690576652, "Belarusians": 0.4411764705882353}, "skipped_nodes": 0, "memory_allocated_MB": 22.36328125, "memory_reserved_MB": 452.0, "model_name": "GL_GATConv_3l_128h"}