{"f1_macro": 0.6663837517496054, "f1_weighted": 0.7831063434580168, "accuracy": 0.8372093023255814, "class_scores": {"P0": 0.8809523809523809, "P1": 0.9230769230769231, "P2": 0.1951219512195122}, "skipped_nodes": 0, "model_name": "GL_GCNConv_3l_512h_w"}