{"f1_macro": 0.9733193474214921, "f1_weighted": 0.9765133278990251, "accuracy": 0.9765258215962441, "class_scores": {"Swedes": 0.9868421052631579, "Norwegians": 0.9753694581280788, "Danes": 0.9577464788732394}, "skipped_nodes": 2, "model_name": "GL_GINConv_3l_128h"}