{"f1_macro": 0.7181929181929182, "f1_weighted": 0.8453630022595541, "accuracy": 0.8505747126436781, "class_scores": {"Chechens": 0.8333333333333334, "Kabardians, Circassians, Adyghes": 0.8717948717948718, "Karachays, Balkars": 0.8888888888888888, "Ingush": 0.75, "Dagestan peoples": 0.9333333333333333, "Ossetians": 0.75, "Kumyks": 0.0, "Nogais": 0.0}, "skipped_nodes": 31, "model_name": "LongestIbd"}