{"f1_macro": 0.3759527478171546, "f1_weighted": 0.5614945200351693, "accuracy": 0.6440677966101694, "class_scores": {"P0": 0.72, "P1": 0.6666666666666666, "P2": 0.9090909090909091, "P3": 0.0, "P4": 0.711864406779661, "P5": 0.0, "P6": 0.0, "P7": 0.0}, "skipped_nodes": 0, "model_name": "GL_GATConv_3l_512h"}