{"f1_macro": 0.4863057497194355, "f1_weighted": 0.5518848749901996, "precision_macro": 0.5511482139260346, "precision_weighted": 0.5660833939501295, "recall_macro": 0.4792531940526395, "recall_weighted": 0.5770171149144254, "accuracy": 0.5770171149144254, "class_scores": {"Ukranians": 0.2619047619047619, "Southern Russians": 0.6065318818040435, "Northen Russians": 0.6811819595645412, "Belarusians": 0.3956043956043956}, "skipped_nodes": 65, "memory_allocated_MB": 16.96337890625, "memory_reserved_MB": 36.0, "model_name": "GL_SAGEConv_3l_128h"}