{"f1_macro": 0.603023107285121, "f1_weighted": 0.7858877324978639, "accuracy": 0.803921568627451, "class_scores": {"Chechens": 0.8, "Kabardians, Circassians, Adyghes": 0.8518518518518519, "Karachays, Balkars": 0.8421052631578947, "Ingush": 0.782608695652174, "Dagestan peoples": 0.8333333333333334, "Ossetians": 0.7142857142857143, "Kumyks": 0.0, "Nogais": 0.0}, "skipped_nodes": 16, "model_name": "GL_GATConv_9l_512h"}