{"f1_macro": 0.6575210084033614, "f1_weighted": 0.8100297088532382, "precision_macro": 0.6661558014354068, "precision_weighted": 0.8311614953361366, "recall_macro": 0.7196110267656319, "recall_weighted": 0.8080808080808081, "accuracy": 0.8080808080808081, "class_scores": {"Chechens": 0.8, "Kabardians, Circassians, Adyghes": 0.84, "Karachays, Balkars": 0.8571428571428571, "Ingush": 0.7058823529411765, "Dagestan peoples": 0.8571428571428571, "Ossetians": 0.8, "Kumyks": 0.0, "Nogais": 0.4}, "skipped_nodes": 19, "memory_allocated_MB": 343.2578125, "memory_reserved_MB": 560.0, "model_name": "GL_GATConv_9l_512h"}