{"f1_macro": 0.25864439467462985, "f1_weighted": 0.43185039832974326, "precision_macro": 0.24888975966562174, "precision_weighted": 0.4098482451851639, "recall_macro": 0.31565656565656564, "recall_weighted": 0.5412844036697247, "accuracy": 0.5412844036697247, "class_scores": {"Chechens": 0.6808510638297872, "Kabardians, Circassians, Adyghes": 0.6105263157894737, "Karachays, Balkars": 0.0, "Ingush": 0.0, "Dagestan peoples": 0.7777777777777778, "Ossetians": 0.0, "Kumyks": 0.0, "Nogais": 0.0}, "skipped_nodes": 9, "memory_allocated_MB": 36.59765625, "memory_reserved_MB": 128.0, "model_name": "GL_GATConv_9l_128h"}