{"f1_macro": 0.620027612752071, "f1_weighted": 0.8292341877481196, "accuracy": 0.8314606741573034, "class_scores": {"Chechens": 0.8648648648648649, "Kabardians, Circassians, Adyghes": 0.7894736842105263, "Karachays, Balkars": 0.8888888888888888, "Ingush": 0.7777777777777778, "Dagestan peoples": 0.9333333333333333, "Ossetians": 0.7058823529411765, "Kumyks": 0.0, "Nogais": 0.0}, "skipped_nodes": 29, "model_name": "GL_SAGEConv_3l_512h"}