{"f1_macro": 0.9279980393050933, "f1_weighted": 0.955900419348175, "accuracy": 0.9573002754820936, "class_scores": {"English": 0.9786324786324786, "Germans": 0.946058091286307, "French": 0.8444444444444444, "Belgium": 0.9428571428571428}, "skipped_nodes": 43, "model_name": "GL_GATConv_9l_512h"}