{"f1_macro": 0.7500602263124265, "f1_weighted": 0.9143029568455496, "precision_macro": 0.7936094776893808, "precision_weighted": 0.9125944400953959, "recall_macro": 0.721402869900724, "recall_weighted": 0.9195046439628483, "accuracy": 0.9195046439628483, "class_scores": {"P0": 0.896551724137931, "P1": 0.9539748953974896, "P2": 0.864, "P3": 0.2857142857142857}, "skipped_nodes": 2, "memory_allocated_MB": 36.6591796875, "memory_reserved_MB": 190.0, "model_name": "GL_TAGConv_3l_512h_w_k3_gnorm"}