{"f1_macro": 0.5454234145856078, "f1_weighted": 0.600781686134945, "precision_macro": 0.5538754660875023, "precision_weighted": 0.6029212989111709, "recall_macro": 0.5478816116857007, "recall_weighted": 0.6060606060606061, "accuracy": 0.6060606060606061, "class_scores": {"Southern Russians": 0.6257668711656442, "Ukranians": 0.36293436293436293, "Northen Russians": 0.76875, "Belarusians": 0.42424242424242425}, "skipped_nodes": 1, "memory_allocated_MB": 18.455078125, "memory_reserved_MB": 150.0, "model_name": "GL_GCNConv_3l_128h_w"}