{"f1_macro": 0.5293350410371687, "f1_weighted": 0.5622608071078816, "accuracy": 0.5833333333333334, "class_scores": {"krasnodar": 0.572972972972973, "vologda-yaroslavl": 0.6621621621621622, "ryazan": 0.6276595744680851, "kaluga": 0.2545454545454545}, "skipped_nodes": 0, "model_name": "GL_MLP_9l_128h"}