{"f1_macro": 0.5529440100515628, "f1_weighted": 0.62206180055263, "precision_macro": 0.5654777305278388, "precision_weighted": 0.6155070172504766, "recall_macro": 0.5556141570826536, "recall_weighted": 0.6410810810810811, "accuracy": 0.6410810810810811, "class_scores": {"Southern Russians": 0.6974063400576369, "Ukranians": 0.27419354838709675, "Northen Russians": 0.7957317073170732, "Belarusians": 0.4444444444444444}, "skipped_nodes": 0, "memory_allocated_MB": 160.6806640625, "memory_reserved_MB": 700.0, "model_name": "GL_TAGConv_9l_512h_w_k3"}