{"f1_macro": 0.44871794871794873, "f1_weighted": 0.8414975617429605, "precision_macro": 0.43916984732824427, "precision_weighted": 0.8073045942022199, "recall_macro": 0.459975289374431, "recall_weighted": 0.8803680981595092, "accuracy": 0.8803680981595092, "class_scores": {"Udmurts,Besermyan": 0.0, "Tatars,Volga-Tatars,Mishar-Tatars,Kryashens": 0.9333333333333333, "Chuvash": 0.8615384615384616, "Mari": 0.0}, "skipped_nodes": 0, "memory_allocated_MB": 22.45458984375, "memory_reserved_MB": 54.0, "model_name": "GL_GINConv_9l_128h"}