{"f1_macro": 0.7264255058246474, "f1_weighted": 0.9531113058720421, "precision_macro": 0.7208270502261919, "precision_weighted": 0.9443707511192173, "recall_macro": 0.73396518836433, "recall_weighted": 0.9631901840490797, "accuracy": 0.9631901840490797, "class_scores": {"Udmurts,Besermyan": 0.9714285714285714, "Tatars,Volga-Tatars,Mishar-Tatars,Kryashens": 0.9914163090128756, "Chuvash": 0.9428571428571428, "Mari": 0.0}, "skipped_nodes": 0, "memory_allocated_MB": 47.72607421875, "memory_reserved_MB": 178.0, "f1_macro_score_only_mask_connect": NaN, "f1_macro_score_only_not_mask_connect": NaN, "f1_macro_score_mixed_connect": 0.7264255058246474, "only_mask_connect_sum": 0.0, "only_not_mask_connect_sum": 0.0, "mixed_connect_sum": 326.0, "model_name": "GL_GINConv_3l_128h"}