{"f1_macro": 0.6099106735161524, "f1_weighted": 0.7978867610015151, "precision_macro": 0.6364870509607352, "precision_weighted": 0.8136249715197084, "recall_macro": 0.6018260796221322, "recall_weighted": 0.8080808080808081, "accuracy": 0.8080808080808081, "class_scores": {"Chechens": 0.7567567567567568, "Kabardians, Circassians, Adyghes": 0.819672131147541, "Karachays, Balkars": 0.7692307692307693, "Ingush": 0.75, "Dagestan peoples": 0.8947368421052632, "Ossetians": 0.8888888888888888, "Kumyks": 0.0, "Nogais": 0.0}, "skipped_nodes": 19, "memory_allocated_MB": 41.4765625, "memory_reserved_MB": 66.0, "model_name": "GL_GINConv_3l_512h"}