{"f1_macro": 0.19608591873092623, "f1_weighted": 0.24326795844381038, "accuracy": 0.359375, "class_scores": {"krasnodar": 0.16483516483516483, "yaroslavl": 0.23809523809523808, "ryazan": 0.49239280774550487, "kaluga": 0.0851063829787234, "vologda": 0.0}, "skipped_nodes": 0, "model_name": "GL_GCNConv_3l_128h_w"}