{"f1_macro": 0.8890978041566278, "f1_weighted": 0.9445064845167146, "accuracy": 0.9468599033816425, "class_scores": {"English": 0.9773755656108597, "Germans": 0.8717948717948718, "French": 0.7792207792207793, "Belgium": 0.928}, "skipped_nodes": 148, "model_name": "GL_SAGEConv_9l_128h"}