{"f1_macro": 0.6922726815069747, "f1_weighted": 0.7671019541920193, "precision_macro": 0.6609260304912479, "precision_weighted": 0.8870841748275731, "recall_macro": 0.9060833658473144, "recall_weighted": 0.7392638036809815, "accuracy": 0.7392638036809815, "class_scores": {"Udmurts,Besermyan": 0.9230769230769231, "Tatars,Volga-Tatars,Mishar-Tatars,Kryashens": 0.7801047120418848, "Chuvash": 0.7386363636363636, "Mari": 0.32727272727272727}, "skipped_nodes": 0, "model_name": "MaxIbdSumPerClassSize"}