{"f1_macro": 0.4863911407495866, "f1_weighted": 0.5236899680208755, "accuracy": 0.5381944444444444, "class_scores": {"krasnodar": 0.5958904109589042, "yaroslavl": 0.30357142857142855, "ryazan": 0.6004228329809725, "kaluga": 0.4605263157894737, "vologda": 0.4715447154471545}, "skipped_nodes": 0, "model_name": "MaxIbdSum"}