{"f1_macro": 0.41088146222310906, "f1_weighted": 0.48123355574098986, "precision_macro": 0.4353273154763255, "precision_weighted": 0.4777037057841706, "recall_macro": 0.4171150760341253, "recall_weighted": 0.5092091007583965, "accuracy": 0.5092091007583965, "class_scores": {"Southern Russians": 0.576043068640646, "Ukranians": 0.19327731092436976, "Northen Russians": 0.6303030303030303, "Belarusians": 0.24390243902439024}, "skipped_nodes": 2, "memory_allocated_MB": 87.26806640625, "memory_reserved_MB": 194.0, "model_name": "GL_SAGEConv_9l_512h"}