{"f1_macro": 0.44803726955133294, "f1_weighted": 0.5662300918423545, "precision_macro": 0.4359405992274768, "precision_weighted": 0.5290865097552635, "recall_macro": 0.47276456151975743, "recall_weighted": 0.6167400881057269, "accuracy": 0.6167400881057269, "class_scores": {"Northen Russians": 0.7583774250440917, "Ukranians": 0.0, "Belarusians": 0.40540540540540543, "Southern Russians": 0.6283662477558348}, "skipped_nodes": 129, "memory_allocated_MB": 340.263671875, "memory_reserved_MB": 1430.0, "model_name": "GL_GATConv_9l_512h"}