{"f1_macro": 0.446998548667024, "f1_weighted": 0.5465676066435697, "precision_macro": 0.5797286606872099, "precision_weighted": 0.5984194647239038, "recall_macro": 0.47499293752059896, "recall_weighted": 0.6108108108108108, "accuracy": 0.6108108108108108, "class_scores": {"Southern Russians": 0.6616541353383458, "Ukranians": 0.24742268041237114, "Northen Russians": 0.7635327635327636, "Belarusians": 0.11538461538461539}, "skipped_nodes": 0, "model_name": "MaxEdgeCount"}