{"f1_macro": 0.39607366053496096, "f1_weighted": 0.48864979198505165, "precision_macro": 0.4338375479941745, "precision_weighted": 0.47821905872476, "recall_macro": 0.4214065927709128, "recall_weighted": 0.5468940316686967, "accuracy": 0.5468940316686967, "class_scores": {"Ukranians": 0.0, "Southern Russians": 0.5649072753209701, "Northen Russians": 0.6818873668188736, "Belarusians": 0.3375}, "skipped_nodes": 62, "memory_allocated_MB": 97.64990234375, "memory_reserved_MB": 764.0, "model_name": "GL_GATConv_3l_512h"}