{"f1_macro": 0.7300422888259489, "f1_weighted": 0.8105079825834542, "accuracy": 0.8186046511627907, "class_scores": {"P0": 0.8176100628930818, "P1": 0.941747572815534, "P2": 0.4307692307692308}, "skipped_nodes": 0, "model_name": "GL_GATConv_3l_512h"}