{"f1_macro": 0.444728378000947, "f1_weighted": 0.5266671560495362, "precision_macro": 0.7130434860504948, "precision_weighted": 0.672938546871426, "recall_macro": 0.47239967405316585, "recall_weighted": 0.5902702702702702, "accuracy": 0.5902702702702702, "class_scores": {"Southern Russians": 0.6207759699624531, "Ukranians": 0.037267080745341616, "Northen Russians": 0.7378917378917379, "Belarusians": 0.3829787234042553}, "skipped_nodes": 0, "memory_allocated_MB": 100.61083984375, "memory_reserved_MB": 3636.0, "model_name": "GL_GATConv_3l_512h"}