{"f1_macro": 0.42082001510955874, "f1_weighted": 0.49209459314781684, "precision_macro": 0.6387302125668537, "precision_weighted": 0.6421933712714788, "recall_macro": 0.47697195897682854, "recall_weighted": 0.5264864864864864, "accuracy": 0.5264864864864864, "class_scores": {"Southern Russians": 0.5382262996941896, "Ukranians": 0.012578616352201259, "Northen Russians": 0.7188498402555911, "Belarusians": 0.41362530413625304}, "skipped_nodes": 0, "memory_allocated_MB": 20.36376953125, "memory_reserved_MB": 166.0, "model_name": "GL_GCNConv_9l_128h_w"}