{"f1_macro": 0.507197126759383, "f1_weighted": 0.5654534808216275, "precision_macro": 0.53943825627466, "precision_weighted": 0.569055540038069, "recall_macro": 0.5006166463619188, "recall_weighted": 0.5791245791245792, "accuracy": 0.5791245791245792, "class_scores": {"Ukranians": 0.3805970149253731, "Southern Russians": 0.6209912536443148, "Northen Russians": 0.6885758998435054, "Belarusians": 0.3386243386243386}, "skipped_nodes": 24, "model_name": "MaxSegmentCount"}