{"f1_macro": 0.8953451043338684, "f1_weighted": 0.932704408709096, "precision_macro": 0.8601190476190476, "precision_weighted": 0.9450043821209465, "recall_macro": 0.9459021545931418, "recall_weighted": 0.9294478527607362, "accuracy": 0.9294478527607362, "class_scores": {"P0": 1.0, "P1": 0.952808988764045, "P2": 0.8666666666666667, "P3": 0.7619047619047619}, "skipped_nodes": 0, "model_name": "LongestIbd"}