{"f1_macro": 0.8477010103940896, "f1_weighted": 0.9099242133651453, "precision_macro": 0.8543323489410344, "precision_weighted": 0.9093840851485796, "recall_macro": 0.8439388312736331, "recall_weighted": 0.9121037463976945, "accuracy": 0.9121037463976945, "class_scores": {"English": 0.9640914036996736, "Germans": 0.7942583732057417, "French": 0.7049180327868853, "Belgium": 0.927536231884058}, "skipped_nodes": 75, "memory_allocated_MB": 18.330078125, "memory_reserved_MB": 70.0, "model_name": "GL_GINConv_3l_128h"}