{"f1_macro": 0.18333333333333332, "f1_weighted": 0.040490797546012265, "precision_macro": 0.22916666666666666, "precision_weighted": 0.05061349693251534, "recall_macro": 0.1527777777777778, "recall_weighted": 0.03374233128834356, "accuracy": 0.03374233128834356, "class_scores": {"P0": 0.7333333333333333, "P1": 0.0, "P2": 0.0, "P3": 0.0}, "skipped_nodes": 0, "model_name": "MaxEdgeCountPerClassSize"}