{"f1_macro": 0.399057785479397, "f1_weighted": 0.46354789813718084, "precision_macro": 0.4022661626922555, "precision_weighted": 0.45845504210970145, "recall_macro": 0.3988289588018483, "recall_weighted": 0.4710648148148148, "accuracy": 0.4710648148148148, "class_scores": {"Ukranians": 0.242914979757085, "Southern Russians": 0.5056360708534622, "Northen Russians": 0.6097946287519748, "Belarusians": 0.23788546255506607}, "skipped_nodes": 41, "memory_allocated_MB": 27.1103515625, "memory_reserved_MB": 102.0, "model_name": "GL_SAGEConv_3l_512h"}