{"f1_macro": 0.5477694603380543, "f1_weighted": 0.5929361469663554, "precision_macro": 0.5495083020459612, "precision_weighted": 0.5935088349295241, "recall_macro": 0.5509939322276133, "recall_weighted": 0.5956756756756757, "accuracy": 0.5956756756756757, "class_scores": {"Southern Russians": 0.6049382716049383, "Ukranians": 0.36428571428571427, "Northen Russians": 0.7440381558028617, "Belarusians": 0.4778156996587031}, "skipped_nodes": 0, "memory_allocated_MB": 24.203125, "memory_reserved_MB": 1056.0, "model_name": "GL_GATConv_3l_128h"}