{"f1_macro": 0.7101018445348941, "f1_weighted": 0.8522933533776749, "precision_macro": 0.7474468954248366, "precision_weighted": 0.938347823406092, "recall_macro": 0.7967329545454546, "recall_weighted": 0.8018867924528302, "accuracy": 0.8018867924528302, "class_scores": {"Chechens": 0.9411764705882353, "Kabardians, Circassians, Adyghes": 0.875, "Karachays, Balkars": 0.9090909090909091, "Ingush": 0.8421052631578947, "Dagestan peoples": 0.7777777777777778, "Ossetians": 1.0, "Kumyks": 0.15384615384615385, "Nogais": 0.18181818181818182}, "skipped_nodes": 12, "memory_allocated_MB": 38.3310546875, "memory_reserved_MB": 74.0, "model_name": "GL_TAGConv_3l_512h_w_k3_gnorm"}