{"f1_macro": 0.9022036974915173, "f1_weighted": 0.9466560067323823, "accuracy": 0.9488721804511279, "class_scores": {"English": 0.9760869565217392, "Germans": 0.8844221105527639, "French": 0.7951807228915663, "Belgium": 0.953125}, "skipped_nodes": 104, "model_name": "GL_TAGConv_9l_512h_w_k3"}