{"f1_macro": 0.49888153850727474, "f1_weighted": 0.5466599487676064, "precision_macro": 0.4964228143470021, "precision_weighted": 0.5511683415870169, "recall_macro": 0.5053729004628555, "recall_weighted": 0.5446756425948592, "accuracy": 0.5446756425948592, "class_scores": {"Ukranians": 0.32098765432098764, "Southern Russians": 0.5632798573975044, "Northen Russians": 0.6701940035273368, "Belarusians": 0.44106463878326996}, "skipped_nodes": 66, "memory_allocated_MB": 37.08154296875, "memory_reserved_MB": 420.0, "model_name": "GL_GATConv_9l_128h"}