{"f1_macro": 0.7017108247806039, "f1_weighted": 0.7377098150359195, "precision_macro": 0.7159017662774566, "precision_weighted": 0.7369481852486538, "recall_macro": 0.6929161320141297, "recall_weighted": 0.7427027027027027, "accuracy": 0.7427027027027027, "class_scores": {"Southern Russians": 0.7740963855421686, "Ukranians": 0.5625, "Northen Russians": 0.8302469135802469, "Belarusians": 0.64}, "skipped_nodes": 925, "memory_allocated_MB": 201.13330078125, "memory_reserved_MB": 80354.0, "model_name": "GL_TAGConv_3l_512h_w_k3_gnorm"}