{"f1_macro": 0.8434924290144551, "f1_weighted": 0.9238505423942043, "precision_macro": 0.8806582587417503, "precision_weighted": 0.9243700551155226, "recall_macro": 0.8206025623939068, "recall_weighted": 0.927710843373494, "accuracy": 0.927710843373494, "class_scores": {"English": 0.9745293466223699, "Germans": 0.8411214953271028, "French": 0.6410256410256411, "Belgium": 0.9172932330827067}, "skipped_nodes": 105, "memory_allocated_MB": 27.13623046875, "memory_reserved_MB": 76.0, "f1_macro_score_only_mask_connect": 0.6534935590828205, "f1_macro_score_only_not_mask_connect": 0.9546239837398374, "f1_macro_score_mixed_connect": 0.9056814468711067, "only_mask_connect_sum": 129.0, "only_not_mask_connect_sum": 66.0, "mixed_connect_sum": 469.0, "model_name": "GL_SAGEConv_3l_512h_de"}