{"f1_macro": 0.7548212418463378, "f1_weighted": 0.9320536796833021, "precision_macro": 0.9429965708256397, "precision_weighted": 0.9515405391846689, "recall_macro": 0.7520863137815927, "recall_weighted": 0.9386503067484663, "accuracy": 0.9386503067484663, "class_scores": {"Udmurts,Besermyan": 0.9714285714285714, "Tatars,Volga-Tatars,Mishar-Tatars,Kryashens": 0.9736842105263158, "Chuvash": 0.8741721854304636, "Mari": 0.2}, "skipped_nodes": 0, "model_name": "MaxSegmentCount"}