{"f1_macro": 0.9182266800780124, "f1_weighted": 0.9291605282220164, "precision_macro": 0.9363247863247864, "precision_weighted": 0.9315780014378147, "recall_macro": 0.9056706220783891, "recall_weighted": 0.9299065420560748, "accuracy": 0.9299065420560748, "class_scores": {"Swedes": 0.9290322580645162, "Norwegians": 0.9468599033816425, "Danes": 0.8787878787878788}, "skipped_nodes": 1, "memory_allocated_MB": 52.39013671875, "memory_reserved_MB": 110.0, "f1_macro_score_only_mask_connect": 0.7008547008547009, "f1_macro_score_only_not_mask_connect": 0.5169340463458111, "f1_macro_score_mixed_connect": 0.956988727858293, "only_mask_connect_sum": 11.0, "only_not_mask_connect_sum": 16.0, "mixed_connect_sum": 187.0, "model_name": "GL_GCNConv_9l_512h_w"}