{"f1_macro": 0.5053098826001438, "f1_weighted": 0.5657320092658642, "precision_macro": 0.518684633526445, "precision_weighted": 0.5617524426403777, "recall_macro": 0.5026043637778841, "recall_weighted": 0.5783783783783784, "accuracy": 0.5783783783783784, "class_scores": {"Southern Russians": 0.6240928882438317, "Ukranians": 0.35687732342007433, "Northen Russians": 0.7125382262996942, "Belarusians": 0.3277310924369748}, "skipped_nodes": 0, "memory_allocated_MB": 48.28857421875, "memory_reserved_MB": 356.0, "f1_macro_score_only_mask_connect": 0.4178571428571428, "f1_macro_score_only_not_mask_connect": 0.3333333333333333, "f1_macro_score_mixed_connect": 0.5050946933470347, "only_mask_connect_sum": 16.0, "only_not_mask_connect_sum": 2.0, "mixed_connect_sum": 907.0, "model_name": "GL_TAGConv_3l_512h_w_k3_gnorm"}