{"f1_macro": 0.8551179354323754, "f1_weighted": 0.9294060610503144, "precision_macro": 0.8684686911487759, "precision_weighted": 0.9332501266106851, "recall_macro": 0.8523865178556445, "recall_weighted": 0.9307568438003221, "accuracy": 0.9307568438003221, "class_scores": {"English": 0.9730337078651685, "Germans": 0.8115942028985508, "French": 0.7252747252747253, "Belgium": 0.9105691056910569}, "skipped_nodes": 148, "memory_allocated_MB": 37.45703125, "memory_reserved_MB": 90.0, "model_name": "GL_TAGConv_3l_512h_w_k3"}