{"f1_macro": 0.5738623341924922, "f1_weighted": 0.6677123445733651, "accuracy": 0.6134969325153374, "class_scores": {"Udmurts,Besermyan": 0.782608695652174, "Tatars,Volga-Tatars,Mishar-Tatars,Kryashens": 0.6910112359550562, "Chuvash": 0.6172839506172839, "Mari": 0.20454545454545456}, "skipped_nodes": 0, "model_name": "MaxEdgeCountPerClassSize"}