{"f1_macro": 0.8779304029304029, "f1_weighted": 0.8977930836935577, "precision_macro": 0.9378544806352292, "precision_weighted": 0.9128936679054529, "recall_macro": 0.8456526429341963, "recall_weighted": 0.9004739336492891, "accuracy": 0.9004739336492891, "class_scores": {"Swedes": 0.9230769230769231, "Norwegians": 0.9107142857142857, "Danes": 0.8}, "skipped_nodes": 4, "memory_allocated_MB": 16.5888671875, "memory_reserved_MB": 34.0, "model_name": "GL_GCNConv_3l_128h_w"}