{"f1_macro": 0.520436267004558, "f1_weighted": 0.5831425474313537, "precision_macro": 0.579596800258565, "precision_weighted": 0.5958700481292847, "recall_macro": 0.5121263852190605, "recall_weighted": 0.6046814044213265, "accuracy": 0.6046814044213265, "class_scores": {"Northen Russians": 0.7096774193548387, "Ukranians": 0.28205128205128205, "Belarusians": 0.46153846153846156, "Southern Russians": 0.6284779050736498}, "skipped_nodes": 88, "memory_allocated_MB": 16.9619140625, "memory_reserved_MB": 36.0, "model_name": "GL_SAGEConv_3l_128h"}