{"f1_macro": 0.5373985266677924, "f1_weighted": 0.5906987988345036, "precision_macro": 0.5767054938413722, "precision_weighted": 0.5973259801988023, "recall_macro": 0.5297855899874442, "recall_weighted": 0.6059817945383615, "accuracy": 0.6059817945383615, "class_scores": {"Northen Russians": 0.6994727592267135, "Ukranians": 0.30303030303030304, "Belarusians": 0.5177664974619289, "Southern Russians": 0.6293245469522241}, "skipped_nodes": 88, "memory_allocated_MB": 36.68359375, "memory_reserved_MB": 198.0, "model_name": "GL_TAGConv_3l_512h_nw_k3_gnorm_leaky_relu"}