{"f1_macro": 0.4580794293508318, "f1_weighted": 0.5239359635500355, "precision_macro": 0.5975571126325299, "precision_weighted": 0.5862507848027746, "recall_macro": 0.4696474303004802, "recall_weighted": 0.5708108108108109, "accuracy": 0.5708108108108109, "class_scores": {"Southern Russians": 0.5874499332443258, "Ukranians": 0.13559322033898305, "Northen Russians": 0.7052341597796143, "Belarusians": 0.40404040404040403}, "skipped_nodes": 0, "memory_allocated_MB": 100.60107421875, "memory_reserved_MB": 3624.0, "model_name": "GL_GATConv_3l_512h"}