{"f1_macro": 0.32204900899085803, "f1_weighted": 0.44071327337612876, "precision_macro": 0.2794425868939125, "precision_weighted": 0.38235128310936095, "recall_macro": 0.39175368366409774, "recall_weighted": 0.5362162162162162, "accuracy": 0.5362162162162162, "class_scores": {"Southern Russians": 0.5898305084745763, "Ukranians": 0.0, "Northen Russians": 0.6983655274888558, "Belarusians": 0.0}, "skipped_nodes": 0, "memory_allocated_MB": 26.90234375, "memory_reserved_MB": 480.0, "model_name": "GL_GATConv_3l_128h"}