{"f1_macro": 0.6446384027221588, "f1_weighted": 0.7187157315875935, "precision_macro": 0.6322250690314359, "precision_weighted": 0.8791995888085024, "recall_macro": 0.8737644687215502, "recall_weighted": 0.6779141104294478, "accuracy": 0.6779141104294478, "class_scores": {"Udmurts,Besermyan": 0.9, "Tatars,Volga-Tatars,Mishar-Tatars,Kryashens": 0.726775956284153, "Chuvash": 0.7052023121387283, "Mari": 0.2465753424657534}, "skipped_nodes": 0, "model_name": "MaxEdgeCountPerClassSize"}