{"f1_macro": 0.8149831367649001, "f1_weighted": 0.8633099367168003, "accuracy": 0.8697674418604651, "class_scores": {"P0": 0.89171974522293, "P1": 0.9282296650717703, "P2": 0.625}, "skipped_nodes": 0, "model_name": "GL_SAGEConv_3l_512h"}