{"f1_macro": 0.7495214572398888, "f1_weighted": 0.819522387883318, "precision_macro": 0.9101415996938385, "precision_weighted": 0.871269343382462, "recall_macro": 0.7176239690990709, "recall_weighted": 0.8373205741626795, "accuracy": 0.8373205741626795, "class_scores": {"Swedes": 0.9, "Norwegians": 0.8607594936708861, "Danes": 0.4878048780487805}, "skipped_nodes": 6, "memory_allocated_MB": 21.3740234375, "memory_reserved_MB": 82.0, "model_name": "GL_GATConv_3l_128h"}