{"f1_macro": 0.6276154982318195, "f1_weighted": 0.671455123051151, "precision_macro": 0.6430728132790247, "precision_weighted": 0.6726062913820532, "recall_macro": 0.619526131471779, "recall_weighted": 0.6767567567567567, "accuracy": 0.6767567567567567, "class_scores": {"Southern Russians": 0.7082728592162555, "Ukranians": 0.5300353356890459, "Northen Russians": 0.7821939586645469, "Belarusians": 0.4899598393574297}, "skipped_nodes": 0, "memory_allocated_MB": 41.77880859375, "memory_reserved_MB": 486.0, "f1_macro_score_only_mask_connect": -100.0, "f1_macro_score_only_not_mask_connect": -100.0, "f1_macro_score_mixed_connect": -100.0, "only_mask_connect_sum": -100.0, "only_not_mask_connect_sum": -100.0, "mixed_connect_sum": -100.0, "model_name": "GL_TAGConv_3l_512h_nw_k3_gnorm"}