{"f1_macro": 0.8512442584229665, "f1_weighted": 0.9257051784508564, "precision_macro": 0.863967171952123, "precision_weighted": 0.9374608689121294, "recall_macro": 0.8653324021029725, "recall_weighted": 0.9236883942766295, "accuracy": 0.9236883942766295, "class_scores": {"English": 0.9724137931034482, "Germans": 0.8129032258064516, "French": 0.7090909090909091, "Belgium": 0.9105691056910569}, "skipped_nodes": 140, "memory_allocated_MB": 26.55419921875, "memory_reserved_MB": 58.0, "f1_macro_score_only_mask_connect": 0.6709376688884886, "f1_macro_score_only_not_mask_connect": 0.9275775648402231, "f1_macro_score_mixed_connect": 0.8565487527546725, "only_mask_connect_sum": 94.0, "only_not_mask_connect_sum": 159.0, "mixed_connect_sum": 376.0, "model_name": "GL_SAGEConv_3l_512h_de"}