{"f1_macro": 0.6502047249347465, "f1_weighted": 0.8240977375318628, "precision_macro": 0.6118927454989297, "precision_weighted": 0.7958881695513501, "recall_macro": 0.7001303923454407, "recall_weighted": 0.8601398601398601, "accuracy": 0.8601398601398601, "class_scores": {"English": 0.9568034557235421, "Germans": 0.7297297297297297, "French": 0.0, "Belgium": 0.9142857142857143}, "skipped_nodes": 54, "memory_allocated_MB": 21.673828125, "memory_reserved_MB": 78.0, "model_name": "GL_GINConv_9l_128h"}