{"f1_macro": 0.8640481227157953, "f1_weighted": 0.9291734292251119, "precision_macro": 0.9159937208888919, "precision_weighted": 0.9350808567366004, "recall_macro": 0.842699751565731, "recall_weighted": 0.9338345864661655, "accuracy": 0.9338345864661655, "class_scores": {"English": 0.9727371864776445, "Germans": 0.8615384615384616, "French": 0.6976744186046512, "Belgium": 0.9242424242424242}, "skipped_nodes": 104, "memory_allocated_MB": 18.80615234375, "memory_reserved_MB": 58.0, "model_name": "GL_GCNConv_9l_128h_w"}