{"f1_macro": 0.44239699654648723, "f1_weighted": 0.522552024625685, "precision_macro": 0.5754623477999559, "precision_weighted": 0.5836223845648008, "recall_macro": 0.461404727796652, "recall_weighted": 0.5698324022346368, "accuracy": 0.5698324022346368, "class_scores": {"Ukranians": 0.12269938650306748, "Southern Russians": 0.6082191780821918, "Northen Russians": 0.7115666178623719, "Belarusians": 0.32710280373831774}, "skipped_nodes": 20, "memory_allocated_MB": 97.9697265625, "memory_reserved_MB": 1144.0, "model_name": "GL_GATConv_3l_512h"}