{"f1_macro": 0.0886426592797784, "f1_weighted": 0.18399809663001546, "precision_macro": 0.337890625, "precision_weighted": 0.3064848542944785, "recall_macro": 0.06217215069146399, "recall_weighted": 0.1411042944785276, "accuracy": 0.1411042944785276, "class_scores": {"P0": 0.10526315789473684, "P1": 0.24930747922437674, "P2": 0.0, "P3": 0.0}, "skipped_nodes": 0, "model_name": "MaxIbdSum"}