{"f1_macro": 0.4806913019280137, "f1_weighted": 0.5392577649052821, "precision_macro": 0.5013045497671067, "precision_weighted": 0.5454967650998712, "recall_macro": 0.49257586652450325, "recall_weighted": 0.5556756756756757, "accuracy": 0.5556756756756757, "class_scores": {"Southern Russians": 0.5654135338345865, "Ukranians": 0.228310502283105, "Northen Russians": 0.7264437689969605, "Belarusians": 0.4025974025974026}, "skipped_nodes": 0, "memory_allocated_MB": 18.455078125, "memory_reserved_MB": 150.0, "model_name": "GL_GCNConv_3l_128h_w"}