{"f1_macro": 0.9657181105157934, "f1_weighted": 0.9716581574652989, "precision_macro": 0.9715116754590438, "precision_weighted": 0.9718054266794074, "recall_macro": 0.9605116350747419, "recall_weighted": 0.971830985915493, "accuracy": 0.971830985915493, "class_scores": {"Swedes": 0.9801324503311258, "Norwegians": 0.9758454106280193, "Danes": 0.9411764705882353}, "skipped_nodes": 2, "memory_allocated_MB": 17.1552734375, "memory_reserved_MB": 22.0, "model_name": "GL_SAGEConv_3l_128h"}