{"f1_macro": 0.9853575089685832, "f1_weighted": 0.9859012917343999, "precision_macro": 0.9829999902815437, "precision_weighted": 0.985982461334574, "recall_macro": 0.9878748651564185, "recall_weighted": 0.9859154929577465, "accuracy": 0.9859154929577465, "class_scores": {"Swedes": 0.9798657718120806, "Norwegians": 0.9902912621359223, "Danes": 0.9859154929577465}, "skipped_nodes": 2, "memory_allocated_MB": 17.35302734375, "memory_reserved_MB": 50.0, "model_name": "GL_SAGEConv_3l_128h"}