{"f1_macro": 0.4791561706856145, "f1_weighted": 0.628128889734921, "accuracy": 0.5692307692307692, "class_scores": {"P0": 0.625, "P1": 0.6890756302521008, "P2": 0.48314606741573035, "P3": 0.11940298507462686}, "skipped_nodes": 0, "model_name": "MaxIbdSumPerClassSize"}