{"f1_macro": 0.9359225936268674, "f1_weighted": 0.9388643712359052, "precision_macro": 0.925172758683397, "precision_weighted": 0.942236296484124, "recall_macro": 0.950433040530128, "recall_weighted": 0.9389671361502347, "accuracy": 0.9389671361502347, "class_scores": {"Swedes": 0.9548387096774194, "Norwegians": 0.934010152284264, "Danes": 0.918918918918919}, "skipped_nodes": 2, "memory_allocated_MB": 36.814453125, "memory_reserved_MB": 410.0, "model_name": "GL_GATConv_9l_128h"}