{"f1_macro": 0.9065565875472996, "f1_weighted": 0.949824434778755, "precision_macro": 0.9407196969696969, "precision_weighted": 0.9505646960401561, "recall_macro": 0.8766419560410976, "recall_weighted": 0.950920245398773, "accuracy": 0.950920245398773, "class_scores": {"P0": 0.9411764705882353, "P1": 0.9726315789473684, "P2": 0.8888888888888888, "P3": 0.8235294117647058}, "skipped_nodes": 0, "memory_allocated_MB": 40.32763671875, "memory_reserved_MB": 148.0, "model_name": "GL_TAGConv_3l_512h_w_k3_gnorm"}