{"f1_macro": 0.3093396974737439, "f1_weighted": 0.33413288274748776, "accuracy": 0.43859649122807015, "class_scores": {"Chechens": 0.5964912280701754, "Kabardians, Circassians, Adyghes": 0.0, "Karachays, Balkars": 0.5333333333333333, "Ingush": 0.47058823529411764, "Dagestan peoples": 0.3225806451612903, "Ossetians": 0.5517241379310345, "Kumyks": 0.0, "Nogais": 0.0}, "skipped_nodes": 4, "model_name": "GL_GINConv_9l_512h"}