{"f1_macro": 0.3283821742282108, "f1_weighted": 0.3408492760626907, "precision_macro": 0.36053911819600404, "precision_weighted": 0.4018602943426246, "recall_macro": 0.42638888888888893, "recall_weighted": 0.4298245614035088, "accuracy": 0.4298245614035088, "class_scores": {"Chechens": 0.5365853658536586, "Kabardians, Circassians, Adyghes": 0.0, "Karachays, Balkars": 0.5151515151515151, "Ingush": 0.5128205128205128, "Dagestan peoples": 0.3125, "Ossetians": 0.75, "Kumyks": 0.0, "Nogais": 0.0}, "skipped_nodes": 4, "memory_allocated_MB": 101.94384765625, "memory_reserved_MB": 204.0, "model_name": "GL_GINConv_9l_512h"}