{"f1_macro": 0.8869457139580977, "f1_weighted": 0.9351693009294049, "precision_macro": 0.9051986986698728, "precision_weighted": 0.9363589699910574, "recall_macro": 0.8729798492947876, "recall_weighted": 0.9372325249643366, "accuracy": 0.9372325249643366, "class_scores": {"English": 0.9774436090225563, "Germans": 0.8518518518518519, "French": 0.8067226890756303, "Belgium": 0.9117647058823529}, "skipped_nodes": 68, "memory_allocated_MB": 87.3759765625, "memory_reserved_MB": 248.0, "f1_macro_score_only_mask_connect": 0.794101371774006, "f1_macro_score_only_not_mask_connect": 0.8740749678249677, "f1_macro_score_mixed_connect": 0.9587569130297766, "only_mask_connect_sum": 166.0, "only_not_mask_connect_sum": 41.0, "mixed_connect_sum": 494.0, "model_name": "GL_SAGEConv_9l_512h_de"}