{"f1_macro": 0.9058791638043668, "f1_weighted": 0.9467674832495032, "accuracy": 0.9447852760736196, "class_scores": {"P0": 1.0, "P1": 0.9690265486725663, "P2": 0.8767123287671232, "P3": 0.7777777777777778}, "skipped_nodes": 0, "model_name": "LongestIbd"}