{"f1_macro": 0.4180826593936853, "f1_weighted": 0.4583138735361305, "precision_macro": 0.4238733926819464, "precision_weighted": 0.4599242937652262, "recall_macro": 0.4152227028044297, "recall_weighted": 0.45874587458745875, "accuracy": 0.45874587458745875, "class_scores": {"Southern Russians": 0.48466257668711654, "Ukranians": 0.2974683544303797, "Northen Russians": 0.5640194489465153, "Belarusians": 0.3261802575107296}, "skipped_nodes": 16, "memory_allocated_MB": 36.89453125, "memory_reserved_MB": 242.0, "model_name": "GL_GATConv_9l_128h"}