{"f1_macro": 0.2501754385964912, "f1_weighted": 0.06310623183726186, "precision_macro": 0.23443396226415095, "precision_weighted": 0.057333024655631434, "recall_macro": 0.2727272727272727, "recall_weighted": 0.0736196319018405, "accuracy": 0.0736196319018405, "class_scores": {"P0": 0.9473684210526315, "P1": 0.0, "P2": 0.05333333333333334, "P3": 0.0}, "skipped_nodes": 0, "model_name": "MaxEdgeCountPerClassSize"}