{"f1_macro": 0.5546196167710112, "f1_weighted": 0.7406975079524146, "precision_macro": 0.5716089981889239, "precision_weighted": 0.7250939016966339, "recall_macro": 0.5526563922486669, "recall_weighted": 0.7730061349693251, "accuracy": 0.7730061349693251, "class_scores": {"P0": 1.0, "P1": 0.8565737051792829, "P2": 0.3619047619047619, "P3": 0.0}, "skipped_nodes": 0, "model_name": "AgglomerativeClustering"}