{"f1_macro": 0.6049111807732497, "f1_weighted": 0.7518065087030603, "precision_macro": 0.6224480638937497, "precision_weighted": 0.776064259171003, "recall_macro": 0.6233728213507626, "recall_weighted": 0.7747747747747747, "accuracy": 0.7747747747747747, "class_scores": {"Chechens": 0.8333333333333334, "Kabardians, Circassians, Adyghes": 0.7727272727272727, "Karachays, Balkars": 0.85, "Ingush": 0.9090909090909091, "Dagestan peoples": 0.7241379310344828, "Ossetians": 0.75, "Kumyks": 0.0, "Nogais": 0.0}, "skipped_nodes": 7, "memory_allocated_MB": 17.521484375, "memory_reserved_MB": 46.0, "f1_macro_score_only_mask_connect": 0.125, "f1_macro_score_only_not_mask_connect": 0.625, "f1_macro_score_mixed_connect": 0.6426804812834225, "only_mask_connect_sum": 22.0, "only_not_mask_connect_sum": 10.0, "mixed_connect_sum": 79.0, "model_name": "GL_MLP_3l_128h"}