{"f1_macro": 0.9375055760156628, "f1_weighted": 0.9616613270392841, "precision_macro": 0.9522433400848376, "precision_weighted": 0.9622358628687968, "recall_macro": 0.9255018985482666, "recall_weighted": 0.9625520110957004, "accuracy": 0.9625520110957004, "class_scores": {"English": 0.9828693790149893, "Germans": 0.9311740890688259, "French": 0.873015873015873, "Belgium": 0.9629629629629629}, "skipped_nodes": 48, "memory_allocated_MB": 338.9365234375, "memory_reserved_MB": 2726.0, "model_name": "GL_GATConv_9l_512h"}