{"f1_macro": 0.9264394609222195, "f1_weighted": 0.9650819917720365, "accuracy": 0.9661016949152542, "class_scores": {"English": 0.9827586206896551, "Germans": 0.8888888888888888, "French": 0.8846153846153846, "Belgium": 0.9494949494949495}, "skipped_nodes": 238, "model_name": "GL_SAGEConv_9l_128h"}