{"f1_macro": 0.9541149103735576, "f1_weighted": 0.9576159259950052, "accuracy": 0.9577464788732394, "class_scores": {"Swedes": 0.958904109589041, "Norwegians": 0.9622641509433962, "Danes": 0.9411764705882353}, "skipped_nodes": 2, "model_name": "GL_GATConv_3l_128h"}