{"f1_macro": 0.7283210619722922, "f1_weighted": 0.8253992272301337, "precision_macro": 0.8371891266628109, "precision_weighted": 0.8874478569769428, "recall_macro": 0.7251186855574512, "recall_weighted": 0.8165007112375533, "accuracy": 0.8165007112375533, "class_scores": {"English": 0.9110070257611241, "Germans": 0.6512968299711815, "French": 0.5176470588235295, "Belgium": 0.8333333333333334}, "skipped_nodes": 66, "memory_allocated_MB": 19.78662109375, "memory_reserved_MB": 194.0, "f1_macro_score_only_mask_connect": 0.1299559471365639, "f1_macro_score_only_not_mask_connect": 0.8185714285714285, "f1_macro_score_mixed_connect": 0.9264362821644375, "only_mask_connect_sum": 168.0, "only_not_mask_connect_sum": 45.0, "mixed_connect_sum": 490.0, "model_name": "GL_MLP_9l_128h"}