{"f1_macro": 0.9116875689084996, "f1_weighted": 0.9061030137710084, "accuracy": 0.9051724137931034, "class_scores": {"Chechens": 0.8823529411764706, "Kabardians, Circassians, Adyghes": 0.9152542372881356, "Karachays, Balkars": 0.9032258064516129, "Ingush": 0.9473684210526315, "Dagestan peoples": 0.9230769230769231, "Ossetians": 0.8333333333333334, "Kumyks": 1.0, "Nogais": 0.8888888888888888}, "skipped_nodes": 2, "model_name": "GL_MLP_9l_512h"}