{"f1_macro": 0.2431807674526121, "f1_weighted": 0.33709856035437424, "accuracy": 0.4744186046511628, "class_scores": {"P0": 0.09523809523809523, "P1": 0.6343042071197411, "P2": 0.0}, "skipped_nodes": 0, "model_name": "GL_SAGEConv_3l_512h"}