{"f1_macro": 0.2396151602877434, "f1_weighted": 0.36102161547487327, "accuracy": 0.33550065019505854, "class_scores": {"P0": 0.48872180451127817, "P1": 0.2108843537414966, "P2": 0.16049382716049382, "P3": 0.09836065573770492}, "skipped_nodes": 0, "model_name": "GL_TAGConv_3l_512h_w_k3_gnorm"}