{"f1_macro": 0.6942397628516718, "f1_weighted": 0.9445403607604145, "accuracy": 0.9570552147239264, "class_scores": {"Udmurts,Besermyan": 0.875, "Tatars,Volga-Tatars,Mishar-Tatars,Kryashens": 0.9978494623655914, "Chuvash": 0.9041095890410958, "Mari": 0.0}, "skipped_nodes": 0, "model_name": "GL_GINConv_3l_128h"}