{"f1_macro": 0.921413972456461, "f1_weighted": 0.9777827363652979, "precision_macro": 0.9630163957540234, "precision_weighted": 0.9789813939171287, "recall_macro": 0.8968439762431178, "recall_weighted": 0.9785276073619632, "accuracy": 0.9785276073619632, "class_scores": {"P0": 0.918918918918919, "P1": 0.9892933618843683, "P2": 0.9774436090225563, "P3": 0.8}, "skipped_nodes": 0, "memory_allocated_MB": 40.3515625, "memory_reserved_MB": 146.0, "model_name": "GL_TAGConv_3l_512h_w_k3_gnorm"}