{"f1_macro": 0.9628354940449972, "f1_weighted": 0.9880484487455562, "precision_macro": 0.9375996810207337, "precision_weighted": 0.9890069568790913, "recall_macro": 0.9929932370919495, "recall_weighted": 0.9877300613496932, "accuracy": 0.9877300613496932, "class_scores": {"Udmurts,Besermyan": 0.972972972972973, "Tatars,Volga-Tatars,Mishar-Tatars,Kryashens": 0.9935205183585313, "Chuvash": 0.9848484848484849, "Mari": 0.9}, "skipped_nodes": 0, "memory_allocated_MB": 22.6962890625, "memory_reserved_MB": 56.0, "model_name": "GL_MLP_3l_512h"}