{"f1_macro": 0.8604214011639277, "f1_weighted": 0.9314800776521971, "precision_macro": 0.8803789021764452, "precision_weighted": 0.9328769257517995, "recall_macro": 0.8464884782489139, "recall_weighted": 0.9333333333333333, "accuracy": 0.9333333333333333, "class_scores": {"English": 0.9728506787330317, "Germans": 0.8235294117647058, "French": 0.7272727272727273, "Belgium": 0.9180327868852459}, "skipped_nodes": 154, "memory_allocated_MB": 18.7666015625, "memory_reserved_MB": 78.0, "model_name": "GL_GCNConv_9l_128h_w"}