{"f1_macro": 0.8499663091412853, "f1_weighted": 0.9051739643542206, "accuracy": 0.8984615384615384, "class_scores": {"Udmurts,Besermyan": 1.0, "Tatars,Volga-Tatars,Mishar-Tatars,Kryashens": 0.9384965831435079, "Chuvash": 0.7947019867549668, "Mari": 0.6666666666666666}, "skipped_nodes": 1, "model_name": "LongestIbd"}