{"f1_macro": 0.4449018256887174, "f1_weighted": 0.4996549172835685, "precision_macro": 0.4454395739163951, "precision_weighted": 0.49897676912941585, "recall_macro": 0.45034639917815295, "recall_weighted": 0.5063829787234042, "accuracy": 0.5063829787234042, "class_scores": {"Northen Russians": 0.6513274336283186, "Ukranians": 0.26373626373626374, "Belarusians": 0.3864734299516908, "Southern Russians": 0.4780701754385965}, "skipped_nodes": 105, "memory_allocated_MB": 157.34716796875, "memory_reserved_MB": 444.0, "model_name": "GL_TAGConv_9l_512h_w_k3"}