{"f1_macro": 0.6909652564489499, "f1_weighted": 0.9396877232685579, "accuracy": 0.9539877300613497, "class_scores": {"Udmurts,Besermyan": 0.8387096774193549, "Tatars,Volga-Tatars,Mishar-Tatars,Kryashens": 0.9831223628691983, "Chuvash": 0.9420289855072463, "Mari": 0.0}, "skipped_nodes": 0, "model_name": "MaxEdgeCount"}