{"f1_macro": 0.9410759175465057, "f1_weighted": 0.942674710910005, "accuracy": 0.9428571428571428, "class_scores": {"Swedes": 0.9487179487179487, "Norwegians": 0.9411764705882353, "Danes": 0.9333333333333333}, "skipped_nodes": 5, "model_name": "GL_GATConv_9l_128h"}