{"f1_macro": 0.9629448069763438, "f1_weighted": 0.9764610171403959, "precision_macro": 0.9718665801396799, "precision_weighted": 0.9773009196039935, "recall_macro": 0.9562030075187969, "recall_weighted": 0.976775956284153, "accuracy": 0.976775956284153, "class_scores": {"P0": 0.989247311827957, "P1": 0.9571984435797666, "P2": 0.9402985074626866, "P3": 0.965034965034965}, "skipped_nodes": 30, "memory_allocated_MB": 18.431640625, "memory_reserved_MB": 46.0, "model_name": "GL_SAGEConv_3l_128h"}