{"f1_macro": 0.6248638160702653, "f1_weighted": 0.8236482290874432, "precision_macro": 0.6297617110708623, "precision_weighted": 0.8859786261180674, "recall_macro": 0.66999325334894, "recall_weighted": 0.7777777777777778, "accuracy": 0.7777777777777778, "class_scores": {"P0": 0.7878787878787878, "P1": 0.8826291079812206, "P2": 0.7218045112781954, "P3": 0.10714285714285714}, "skipped_nodes": 1, "memory_allocated_MB": 21.82373046875, "memory_reserved_MB": 50.0, "model_name": "GL_MLP_3l_512h"}