{"f1_macro": 0.5145108739992409, "f1_weighted": 0.6030172119242216, "precision_macro": 0.5339053899524224, "precision_weighted": 0.8351386613469479, "recall_macro": 0.7365138453500523, "recall_weighted": 0.5384615384615384, "accuracy": 0.5384615384615384, "class_scores": {"Udmurts,Besermyan": 0.7391304347826086, "Tatars,Volga-Tatars,Mishar-Tatars,Kryashens": 0.6294117647058823, "Chuvash": 0.5341614906832298, "Mari": 0.1553398058252427}, "skipped_nodes": 1, "model_name": "MaxEdgeCountPerClassSize"}