{"f1_macro": 0.7785157998132295, "f1_weighted": 0.8733111943126408, "accuracy": 0.8727272727272727, "class_scores": {"Chechens": 0.918918918918919, "Kabardians, Circassians, Adyghes": 0.8771929824561403, "Karachays, Balkars": 0.9090909090909091, "Ingush": 0.9523809523809523, "Dagestan peoples": 0.8372093023255814, "Ossetians": 1.0, "Kumyks": 0.4, "Nogais": 0.3333333333333333}, "skipped_nodes": 8, "model_name": "GL_TAGConv_9l_512h_w_k3"}