{"f1_macro": 0.9263226544178925, "f1_weighted": 0.9651071924980281, "accuracy": 0.9660377358490566, "class_scores": {"English": 0.9827160493827161, "Germans": 0.8979591836734694, "French": 0.8846153846153846, "Belgium": 0.94}, "skipped_nodes": 239, "model_name": "GL_SAGEConv_9l_512h"}