{"f1_macro": 0.7134249580914929, "f1_weighted": 0.7961641392425997, "accuracy": 0.7607361963190185, "class_scores": {"Udmurts,Besermyan": 0.972972972972973, "Tatars,Volga-Tatars,Mishar-Tatars,Kryashens": 0.8051282051282052, "Chuvash": 0.7852760736196319, "Mari": 0.2903225806451613}, "skipped_nodes": 0, "model_name": "MaxIbdSumPerClassSize"}