{"f1_macro": 0.8712020004622867, "f1_weighted": 0.9233172826505356, "precision_macro": 0.9263593310745791, "precision_weighted": 0.9292179720859747, "recall_macro": 0.842624562038113, "recall_weighted": 0.9281609195402298, "accuracy": 0.9281609195402298, "class_scores": {"English": 0.9647812166488794, "Germans": 0.8584474885844748, "French": 0.7272727272727273, "Belgium": 0.9343065693430657}, "skipped_nodes": 73, "memory_allocated_MB": 17.06298828125, "memory_reserved_MB": 62.0, "model_name": "GL_GCNConv_3l_128h_w"}