{"f1_macro": 0.9417896888485124, "f1_weighted": 0.9557791056776859, "accuracy": 0.9568965517241379, "class_scores": {"Chechens": 0.972972972972973, "Kabardians, Circassians, Adyghes": 0.9642857142857143, "Karachays, Balkars": 0.9142857142857143, "Ingush": 0.9523809523809523, "Dagestan peoples": 0.9803921568627451, "Ossetians": 1.0, "Kumyks": 1.0, "Nogais": 0.75}, "skipped_nodes": 2, "model_name": "MaxIbdSum"}