{"f1_macro": 0.40249204757509877, "f1_weighted": 0.47006342255851014, "precision_macro": 0.5593231711724119, "precision_weighted": 0.5489913893994329, "recall_macro": 0.42265109980981963, "recall_weighted": 0.52, "accuracy": 0.52, "class_scores": {"Southern Russians": 0.5381294964028777, "Ukranians": 0.10588235294117647, "Northen Russians": 0.6486486486486487, "Belarusians": 0.3173076923076923}, "skipped_nodes": 0, "memory_allocated_MB": 35.6435546875, "memory_reserved_MB": 272.0, "f1_macro_score_only_mask_connect": 0.11904761904761904, "f1_macro_score_only_not_mask_connect": 0.0, "f1_macro_score_mixed_connect": 0.4063119136969506, "only_mask_connect_sum": 16.0, "only_not_mask_connect_sum": 2.0, "mixed_connect_sum": 907.0, "model_name": "GL_SAGEConv_3l_512h_de"}