{"f1_macro": 0.6931194011485982, "f1_weighted": 0.8090862841881604, "precision_macro": 0.6731909414328, "precision_weighted": 0.8718358088328365, "recall_macro": 0.7532351411106777, "recall_weighted": 0.7914110429447853, "accuracy": 0.7914110429447853, "class_scores": {"P0": 0.972972972972973, "P1": 0.8564476885644768, "P2": 0.6703296703296703, "P3": 0.2727272727272727}, "skipped_nodes": 0, "model_name": "LongestIbd"}