{"f1_macro": 0.9640422322775265, "f1_weighted": 0.9624838017547214, "precision_macro": 0.9707936507936509, "precision_weighted": 0.9628884417616811, "recall_macro": 0.9579103097549698, "recall_weighted": 0.9624413145539906, "accuracy": 0.9624413145539906, "class_scores": {"Swedes": 0.96, "Norwegians": 0.9615384615384616, "Danes": 0.9705882352941176}, "skipped_nodes": 2, "memory_allocated_MB": 26.396484375, "memory_reserved_MB": 68.0, "model_name": "GL_SAGEConv_3l_512h"}