{"f1_macro": 0.6881779717867342, "f1_weighted": 0.7068337527720998, "precision_macro": 0.6912338875459868, "precision_weighted": 0.7063408591999729, "recall_macro": 0.6865866373741655, "recall_weighted": 0.7084188911704312, "accuracy": 0.7084188911704312, "class_scores": {"P0": 0.7355242566510172, "P1": 0.5874439461883408, "P2": 0.8529411764705882, "P3": 0.5768025078369906}, "skipped_nodes": 0, "memory_allocated_MB": 40.6455078125, "memory_reserved_MB": 438.0, "model_name": "GL_TAGConv_3l_512h_w_k3_gnorm"}