{"f1_macro": 0.6928012159733858, "f1_weighted": 0.8268960503630315, "accuracy": 0.8269230769230769, "class_scores": {"Chechens": 0.8648648648648649, "Kabardians, Circassians, Adyghes": 0.8679245283018868, "Karachays, Balkars": 0.8108108108108109, "Ingush": 0.8571428571428571, "Dagestan peoples": 0.85, "Ossetians": 0.625, "Kumyks": 0.6666666666666666, "Nogais": 0.0}, "skipped_nodes": 14, "model_name": "GL_TAGConv_3l_512h_w_k3"}