{"f1_macro": 0.3002841048700182, "f1_weighted": 0.322739059271567, "accuracy": 0.4144144144144144, "class_scores": {"Chechens": 0.35294117647058826, "Kabardians, Circassians, Adyghes": 0.0, "Karachays, Balkars": 0.5396825396825397, "Ingush": 0.5263157894736842, "Dagestan peoples": 0.4, "Ossetians": 0.5833333333333334, "Kumyks": 0.0, "Nogais": 0.0}, "skipped_nodes": 7, "model_name": "GL_GINConv_9l_512h"}