{"f1_macro": 0.9041129346635437, "f1_weighted": 0.9417277808645312, "precision_macro": 0.9275369502523432, "precision_weighted": 0.9436350505180195, "recall_macro": 0.8884537557394758, "recall_weighted": 0.9438356164383561, "accuracy": 0.9438356164383561, "class_scores": {"English": 0.9722814498933902, "Germans": 0.924901185770751, "French": 0.7906976744186046, "Belgium": 0.9285714285714286}, "skipped_nodes": 39, "memory_allocated_MB": 58.544921875, "memory_reserved_MB": 248.0, "f1_macro_score_only_mask_connect": -100.0, "f1_macro_score_only_not_mask_connect": -100.0, "f1_macro_score_mixed_connect": -100.0, "only_mask_connect_sum": -100.0, "only_not_mask_connect_sum": -100.0, "mixed_connect_sum": -100.0, "model_name": "GL_GCNConv_9l_512h_w"}