{"f1_macro": 0.9138273157811623, "f1_weighted": 0.9812047833541818, "precision_macro": 0.9159069130044363, "precision_weighted": 0.9811435493855863, "recall_macro": 0.913447782546495, "recall_weighted": 0.9815950920245399, "accuracy": 0.9815950920245399, "class_scores": {"Udmurts,Besermyan": 0.972972972972973, "Tatars,Volga-Tatars,Mishar-Tatars,Kryashens": 0.9913793103448276, "Chuvash": 0.9850746268656716, "Mari": 0.7058823529411765}, "skipped_nodes": 0, "memory_allocated_MB": 187.0419921875, "memory_reserved_MB": 658.0, "f1_macro_score_only_mask_connect": NaN, "f1_macro_score_only_not_mask_connect": NaN, "f1_macro_score_mixed_connect": 0.9138273157811623, "only_mask_connect_sum": 0.0, "only_not_mask_connect_sum": 0.0, "mixed_connect_sum": 326.0, "model_name": "GL_TAGConv_9l_512h_w_k3"}