{"f1_macro": 0.5132731215236076, "f1_weighted": 0.5809974090211077, "precision_macro": 0.5504601578248054, "precision_weighted": 0.583121255917891, "recall_macro": 0.5100273142952864, "recall_weighted": 0.6029593094944513, "accuracy": 0.6029593094944513, "class_scores": {"Ukranians": 0.2696629213483146, "Southern Russians": 0.6350245499181669, "Northen Russians": 0.722662440570523, "Belarusians": 0.42574257425742573}, "skipped_nodes": 72, "memory_allocated_MB": 25.14208984375, "memory_reserved_MB": 104.0, "model_name": "GL_TAGConv_9l_128h_w_k3"}