{"f1_macro": 0.42933315832958324, "f1_weighted": 0.31869637967556214, "precision_macro": 0.5523090396445659, "precision_weighted": 0.8204500899487984, "recall_macro": 0.666531191745784, "recall_weighted": 0.3312883435582822, "accuracy": 0.3312883435582822, "class_scores": {"P0": 0.9230769230769231, "P1": 0.2546816479400749, "P2": 0.4049586776859504, "P3": 0.1346153846153846}, "skipped_nodes": 0, "model_name": "MaxIbdSumPerClassSize"}