{"f1_macro": 0.8486562220114852, "f1_weighted": 0.8763369747981702, "accuracy": 0.8813559322033898, "class_scores": {"P0": 0.972972972972973, "P1": 0.8070175438596491, "P2": 0.9444444444444444, "P3": 1.0, "P4": 0.8148148148148148, "P5": 1.0, "P6": 0.5, "P7": 0.75}, "skipped_nodes": 0, "model_name": "GL_SAGEConv_3l_512h"}