{"f1_macro": 0.1275221953188055, "f1_weighted": 0.17463494570202615, "precision_macro": 0.08559046587215602, "precision_weighted": 0.11721164557140326, "recall_macro": 0.25, "recall_weighted": 0.3423618634886241, "accuracy": 0.3423618634886241, "class_scores": {"Southern Russians": 0.0, "Ukranians": 0.0, "Northen Russians": 0.510088781275222, "Belarusians": 0.0}, "skipped_nodes": 2, "memory_allocated_MB": 54.0166015625, "memory_reserved_MB": 114.0, "model_name": "GL_MLP_9l_512h"}