{"f1_macro": 0.3589758022462042, "f1_weighted": 0.4778718203224902, "precision_macro": 0.3720475431001747, "precision_weighted": 0.45455526613421354, "recall_macro": 0.41871481052589543, "recall_weighted": 0.5654054054054054, "accuracy": 0.5654054054054054, "class_scores": {"Southern Russians": 0.5749086479902558, "Ukranians": 0.07777777777777778, "Northen Russians": 0.7832167832167832, "Belarusians": 0.0}, "skipped_nodes": 0, "memory_allocated_MB": 21.1767578125, "memory_reserved_MB": 156.0, "f1_macro_score_only_mask_connect": -100.0, "f1_macro_score_only_not_mask_connect": -100.0, "f1_macro_score_mixed_connect": -100.0, "only_mask_connect_sum": -100.0, "only_not_mask_connect_sum": -100.0, "mixed_connect_sum": -100.0, "model_name": "GL_GCNConv_3l_128h_w"}