{"f1_macro": 0.9100183824432438, "f1_weighted": 0.9099633628375969, "accuracy": 0.909952606635071, "class_scores": {"Swedes": 0.912751677852349, "Norwegians": 0.9082125603864735, "Danes": 0.9090909090909091}, "skipped_nodes": 4, "model_name": "GL_GINConv_3l_512h"}