{"f1_macro": 0.6403769269211548, "f1_weighted": 0.8025690128729518, "precision_macro": 0.619368954846896, "precision_weighted": 0.7825916216439094, "recall_macro": 0.6676286764705882, "recall_weighted": 0.8282828282828283, "accuracy": 0.8282828282828283, "class_scores": {"Chechens": 0.9090909090909091, "Kabardians, Circassians, Adyghes": 0.8461538461538461, "Karachays, Balkars": 0.8484848484848485, "Ingush": 0.9090909090909091, "Dagestan peoples": 0.8275862068965517, "Ossetians": 0.782608695652174, "Kumyks": 0.0, "Nogais": 0.0}, "skipped_nodes": 19, "memory_allocated_MB": 21.36474609375, "memory_reserved_MB": 52.0, "f1_macro_score_only_mask_connect": 0.18333333333333335, "f1_macro_score_only_not_mask_connect": 0.5857142857142857, "f1_macro_score_mixed_connect": 0.7585055338749921, "only_mask_connect_sum": 10.0, "only_not_mask_connect_sum": 20.0, "mixed_connect_sum": 69.0, "model_name": "GL_SAGEConv_9l_128h_de"}