{"f1_macro": 0.515646226017743, "f1_weighted": 0.5755758657299688, "precision_macro": 0.5859154449792933, "precision_weighted": 0.5957144095181933, "recall_macro": 0.5100925258987637, "recall_weighted": 0.6022471910112359, "accuracy": 0.6022471910112359, "class_scores": {"Ukranians": 0.30303030303030304, "Southern Russians": 0.65149359886202, "Northen Russians": 0.6962962962962963, "Belarusians": 0.4117647058823529}, "skipped_nodes": 25, "memory_allocated_MB": 86.5302734375, "memory_reserved_MB": 310.0, "model_name": "GL_SAGEConv_9l_512h"}