{"f1_macro": 0.09718875502008031, "f1_weighted": 0.14981391534725289, "accuracy": 0.3106457242582897, "class_scores": {"krasnodar": 0.012048192771084338, "yaroslavl": 0.0, "ryazan": 0.4738955823293173, "kaluga": 0.0, "vologda": 0.0}, "skipped_nodes": 3, "model_name": "GL_GINConv_9l_512h"}