{"f1_macro": 0.5822009347290246, "f1_weighted": 0.6584042736417451, "accuracy": 0.6042944785276073, "class_scores": {"P0": 0.8717948717948718, "P1": 0.6723646723646723, "P2": 0.6179775280898876, "P3": 0.16666666666666666}, "skipped_nodes": 0, "model_name": "MaxIbdSumPerClassSize"}