{"f1_macro": 0.9024198996332754, "f1_weighted": 0.9682865247370347, "precision_macro": 0.9493570155334862, "precision_weighted": 0.9688998298705985, "recall_macro": 0.8652783196774613, "recall_weighted": 0.9693251533742331, "accuracy": 0.9693251533742331, "class_scores": {"Udmurts,Besermyan": 0.9090909090909091, "Tatars,Volga-Tatars,Mishar-Tatars,Kryashens": 0.9808917197452229, "Chuvash": 0.9696969696969697, "Mari": 0.75}, "skipped_nodes": 0, "memory_allocated_MB": 0.00048828125, "memory_reserved_MB": 2.0, "f1_macro_score_only_mask_connect": NaN, "f1_macro_score_only_not_mask_connect": 0.9024198996332754, "f1_macro_score_mixed_connect": NaN, "only_mask_connect_sum": 0.0, "only_not_mask_connect_sum": 326.0, "mixed_connect_sum": 0.0, "model_name": "GL_LR"}