{"f1_macro": 0.24832140180306259, "f1_weighted": 0.31907413883507724, "precision_macro": 0.3054648618819492, "precision_weighted": 0.3395316299224774, "recall_macro": 0.29006858203889313, "recall_weighted": 0.3848648648648649, "accuracy": 0.3848648648648649, "class_scores": {"Southern Russians": 0.3642276422764228, "Ukranians": 0.12087912087912088, "Northen Russians": 0.5081788440567067, "Belarusians": 0.0}, "skipped_nodes": 0, "model_name": "AgglomerativeClustering"}