{"f1_macro": 0.5077796473961405, "f1_weighted": 0.5706275358921667, "precision_macro": 0.5909018341812278, "precision_weighted": 0.596468479393452, "recall_macro": 0.5042010967513924, "recall_weighted": 0.6021857923497268, "accuracy": 0.6021857923497268, "class_scores": {"Ukranians": 0.2926829268292683, "Southern Russians": 0.6211699164345403, "Northen Russians": 0.7334273624823695, "Belarusians": 0.3838383838383838}, "skipped_nodes": 8, "memory_allocated_MB": 16.96484375, "memory_reserved_MB": 100.0, "model_name": "GL_SAGEConv_3l_128h"}