{"f1_macro": 0.9565993687380197, "f1_weighted": 0.9873979309967738, "accuracy": 0.9877300613496932, "class_scores": {"Udmurts,Besermyan": 0.972972972972973, "Tatars,Volga-Tatars,Mishar-Tatars,Kryashens": 0.9935760171306209, "Chuvash": 0.9848484848484849, "Mari": 0.875}, "skipped_nodes": 0, "model_name": "GL_TAGConv_3l_512h_w_k3_gnorm"}