{"f1_macro": 0.9113344761311101, "f1_weighted": 0.9144584844610767, "precision_macro": 0.9336538461538462, "precision_weighted": 0.9177679547940211, "recall_macro": 0.8957261939786213, "recall_weighted": 0.9146919431279621, "accuracy": 0.9146919431279621, "class_scores": {"Swedes": 0.9161290322580645, "Norwegians": 0.9178743961352657, "Danes": 0.9}, "skipped_nodes": 4, "memory_allocated_MB": 86.82275390625, "memory_reserved_MB": 134.0, "f1_macro_score_only_mask_connect": 1.0, "f1_macro_score_only_not_mask_connect": 0.7403198653198654, "f1_macro_score_mixed_connect": 0.9342337324793464, "only_mask_connect_sum": 8.0, "only_not_mask_connect_sum": 28.0, "mixed_connect_sum": 175.0, "model_name": "GL_SAGEConv_9l_512h_de"}