{"f1_macro": 0.7153615970868481, "f1_weighted": 0.8255558526207311, "precision_macro": 0.7425147836912542, "precision_weighted": 0.8689518212993658, "recall_macro": 0.7935515873015873, "recall_weighted": 0.8073394495412844, "accuracy": 0.8073394495412844, "class_scores": {"Chechens": 0.7272727272727273, "Kabardians, Circassians, Adyghes": 0.9090909090909091, "Karachays, Balkars": 0.8648648648648649, "Ingush": 0.9, "Dagestan peoples": 0.7804878048780488, "Ossetians": 0.9411764705882353, "Kumyks": 0.2, "Nogais": 0.4}, "skipped_nodes": 9, "memory_allocated_MB": 37.0771484375, "memory_reserved_MB": 204.0, "model_name": "GL_GATConv_9l_128h"}