{"f1_macro": 0.8032662740050105, "f1_weighted": 0.8064185703034594, "precision_macro": 0.7711899211899212, "precision_weighted": 0.8496475746475747, "recall_macro": 0.892034032003606, "recall_weighted": 0.8103448275862069, "accuracy": 0.8103448275862069, "class_scores": {"Chechens": 0.8421052631578947, "Kabardians, Circassians, Adyghes": 0.723404255319149, "Karachays, Balkars": 0.8205128205128205, "Ingush": 0.8695652173913043, "Dagestan peoples": 0.8372093023255814, "Ossetians": 0.8333333333333334, "Kumyks": 0.6666666666666666, "Nogais": 0.8333333333333334}, "skipped_nodes": 2, "model_name": "MaxEdgeCountPerClassSize"}