{"f1_macro": 0.9326181376826859, "f1_weighted": 0.9472218081603545, "precision_macro": 0.9600063545017674, "precision_weighted": 0.9509774202754786, "recall_macro": 0.9145945945945946, "recall_weighted": 0.9488372093023256, "accuracy": 0.9488372093023256, "class_scores": {"Swedes": 0.9473684210526315, "Norwegians": 0.9716981132075472, "Danes": 0.8787878787878788}, "skipped_nodes": 0, "model_name": "RelationalNeighborClassifier"}