{"f1_macro": 0.3470115612782094, "f1_weighted": 0.38172331073242555, "accuracy": 0.4184027777777778, "class_scores": {"krasnodar": 0.47029702970297027, "yaroslavl": 0.21978021978021978, "ryazan": 0.4844124700239808, "kaluga": 0.05263157894736842, "vologda": 0.5079365079365079}, "skipped_nodes": 0, "model_name": "GL_TAGConv_3l_512h_w_k3_gnorm"}