{"f1_macro": 0.8884933944337969, "f1_weighted": 0.9224613891547302, "precision_macro": 0.9295995670995671, "precision_weighted": 0.9341917969036613, "recall_macro": 0.8737842617152962, "recall_weighted": 0.923728813559322, "accuracy": 0.923728813559322, "class_scores": {"Chechens": 0.9473684210526315, "Kabardians, Circassians, Adyghes": 0.9259259259259259, "Karachays, Balkars": 0.8947368421052632, "Ingush": 0.9523809523809523, "Dagestan peoples": 0.9803921568627451, "Ossetians": 0.8571428571428571, "Kumyks": 0.8, "Nogais": 0.75}, "skipped_nodes": 0, "memory_allocated_MB": 52.02734375, "memory_reserved_MB": 96.0, "model_name": "GL_GCNConv_9l_512h_w"}