{"f1_macro": 0.460713368431228, "f1_weighted": 0.5058339620689595, "precision_macro": 0.4603054902419126, "precision_weighted": 0.5048171494233831, "recall_macro": 0.4617229539537771, "recall_weighted": 0.5073349633251834, "accuracy": 0.5073349633251834, "class_scores": {"Ukranians": 0.29914529914529914, "Southern Russians": 0.5214285714285715, "Northen Russians": 0.6156405990016639, "Belarusians": 0.4066390041493776}, "skipped_nodes": 65, "memory_allocated_MB": 21.935546875, "memory_reserved_MB": 182.0, "model_name": "GL_GATConv_3l_128h"}