{"f1_macro": 0.2585178427855774, "f1_weighted": 0.06149082144996846, "precision_macro": 0.24643616973527113, "precision_weighted": 0.05763270491528365, "recall_macro": 0.3207070707070707, "recall_weighted": 0.0736196319018405, "accuracy": 0.0736196319018405, "class_scores": {"P0": 0.972972972972973, "P1": 0.0, "P2": 0.034782608695652174, "P3": 0.02631578947368421}, "skipped_nodes": 0, "model_name": "MaxEdgeCountPerClassSize"}