{"f1_macro": 0.6123982614863235, "f1_weighted": 0.8120665406734869, "precision_macro": 0.6289314516129032, "precision_weighted": 0.8252085217566072, "recall_macro": 0.6088972998619737, "recall_weighted": 0.8130841121495327, "accuracy": 0.8130841121495327, "class_scores": {"Chechens": 0.8484848484848485, "Kabardians, Circassians, Adyghes": 0.847457627118644, "Karachays, Balkars": 0.7857142857142857, "Ingush": 0.7777777777777778, "Dagestan peoples": 0.8571428571428571, "Ossetians": 0.782608695652174, "Kumyks": 0.0, "Nogais": 0.0}, "skipped_nodes": 11, "memory_allocated_MB": 41.478515625, "memory_reserved_MB": 72.0, "model_name": "GL_GINConv_3l_512h"}