{"f1_macro": 0.8602230368122709, "f1_weighted": 0.9252517750970947, "accuracy": 0.9295352323838081, "class_scores": {"English": 0.9705561613958561, "Germans": 0.85, "French": 0.7126436781609196, "Belgium": 0.9076923076923077}, "skipped_nodes": 102, "model_name": "GL_GINConv_3l_512h"}