{"f1_macro": 0.6012092113452476, "f1_weighted": 0.7458155042895158, "accuracy": 0.8232558139534883, "class_scores": {"P0": 0.9079754601226994, "P1": 0.8956521739130435, "P2": 0.0}, "skipped_nodes": 0, "model_name": "GL_GATConv_3l_512h"}