{"f1_macro": 0.1665948275862069, "f1_weighted": 0.30393623942745607, "precision_macro": 0.15782828282828282, "precision_weighted": 0.28006479893272346, "recall_macro": 0.2215909090909091, "recall_weighted": 0.42452830188679247, "accuracy": 0.42452830188679247, "class_scores": {"Chechens": 0.0, "Kabardians, Circassians, Adyghes": 0.4827586206896552, "Karachays, Balkars": 0.0, "Ingush": 0.0, "Dagestan peoples": 0.85, "Ossetians": 0.0, "Kumyks": 0.0, "Nogais": 0.0}, "skipped_nodes": 12, "memory_allocated_MB": 36.59765625, "memory_reserved_MB": 128.0, "model_name": "GL_GATConv_9l_128h"}