{"f1_macro": 0.9711492608488317, "f1_weighted": 0.9938650306748467, "precision_macro": 0.9711492608488317, "precision_weighted": 0.9938650306748467, "recall_macro": 0.9711492608488317, "recall_weighted": 0.9938650306748467, "accuracy": 0.9938650306748467, "class_scores": {"Udmurts,Besermyan": 1.0, "Tatars,Volga-Tatars,Mishar-Tatars,Kryashens": 0.9957081545064378, "Chuvash": 1.0, "Mari": 0.8888888888888888}, "skipped_nodes": 0, "memory_allocated_MB": 47.6396484375, "memory_reserved_MB": 220.0, "f1_macro_score_only_mask_connect": NaN, "f1_macro_score_only_not_mask_connect": NaN, "f1_macro_score_mixed_connect": 0.9711492608488317, "only_mask_connect_sum": 0.0, "only_not_mask_connect_sum": 0.0, "mixed_connect_sum": 326.0, "model_name": "GL_TAGConv_3l_128h_w_k3"}