{"f1_macro": 0.9129858144808312, "f1_weighted": 0.9182877535124432, "precision_macro": 0.9427910052910052, "precision_weighted": 0.9228611300979721, "recall_macro": 0.8914277760378605, "recall_weighted": 0.9186602870813397, "accuracy": 0.9186602870813397, "class_scores": {"Swedes": 0.9251700680272109, "Norwegians": 0.9209302325581395, "Danes": 0.8928571428571429}, "skipped_nodes": 6, "memory_allocated_MB": 96.7255859375, "memory_reserved_MB": 280.0, "model_name": "GL_GATConv_3l_512h"}