{"f1_macro": 0.9526226279985678, "f1_weighted": 0.9652739908379006, "precision_macro": 0.9709280303030303, "precision_weighted": 0.967942242942243, "recall_macro": 0.9440229885057472, "recall_weighted": 0.9658119658119658, "accuracy": 0.9658119658119658, "class_scores": {"P0": 0.9473684210526315, "P1": 0.9824561403508771, "P2": 1.0, "P3": 1.0, "P4": 0.9387755102040817, "P5": 0.9523809523809523, "P6": 0.8, "P7": 1.0}, "skipped_nodes": 1, "memory_allocated_MB": 27.43310546875, "memory_reserved_MB": 58.0, "model_name": "GL_SAGEConv_3l_512h"}