{"f1_macro": 0.49366409085554164, "f1_weighted": 0.5748521354859885, "precision_macro": 0.5140908778796306, "precision_weighted": 0.5660630989765405, "recall_macro": 0.5002872309831569, "recall_weighted": 0.6008708272859217, "accuracy": 0.6008708272859217, "class_scores": {"Northen Russians": 0.7054545454545454, "Ukranians": 0.11764705882352941, "Belarusians": 0.5251396648044693, "Southern Russians": 0.6264150943396226}, "skipped_nodes": 121, "memory_allocated_MB": 36.681640625, "memory_reserved_MB": 178.0, "model_name": "GL_TAGConv_3l_512h_nw_k3_gnorm_relu"}