{"f1_macro": 0.669566935356409, "f1_weighted": 0.7405181416482675, "precision_macro": 0.669992288413341, "precision_weighted": 0.893830967224574, "recall_macro": 0.8616421728009711, "recall_weighted": 0.696319018404908, "accuracy": 0.696319018404908, "class_scores": {"P0": 0.972972972972973, "P1": 0.7405405405405405, "P2": 0.7485380116959064, "P3": 0.21621621621621623}, "skipped_nodes": 0, "model_name": "MaxEdgeCountPerClassSize"}