{"f1_macro": 0.8726285019530744, "f1_weighted": 0.9009426059383038, "precision_macro": 0.9309523809523809, "precision_weighted": 0.9133845126835781, "recall_macro": 0.8473282991729594, "recall_weighted": 0.9065420560747663, "accuracy": 0.9065420560747663, "class_scores": {"Swedes": 0.9290322580645162, "Norwegians": 0.9302325581395349, "Danes": 0.7586206896551724}, "skipped_nodes": 1, "memory_allocated_MB": 101.50439453125, "memory_reserved_MB": 200.0, "model_name": "GL_GINConv_9l_512h"}