{"f1_macro": 0.7234904752678236, "f1_weighted": 0.7937961621060708, "accuracy": 0.8037383177570093, "class_scores": {"Swedes": 0.9139072847682119, "Norwegians": 0.8372093023255814, "Danes": 0.41935483870967744}, "skipped_nodes": 1, "model_name": "GL_GINConv_9l_512h"}