{"f1_macro": 0.9661403392672004, "f1_weighted": 0.9674249314760694, "precision_macro": 0.9690313390313391, "precision_weighted": 0.9674915523752734, "recall_macro": 0.9633843552290154, "recall_weighted": 0.9674418604651163, "accuracy": 0.9674418604651163, "class_scores": {"Swedes": 0.9733333333333334, "Norwegians": 0.966183574879227, "Danes": 0.958904109589041}, "skipped_nodes": 0, "memory_allocated_MB": 88.79248046875, "memory_reserved_MB": 176.0, "f1_macro_score_only_mask_connect": 1.0, "f1_macro_score_only_not_mask_connect": 0.48888888888888893, "f1_macro_score_mixed_connect": 0.971463479049686, "only_mask_connect_sum": 12.0, "only_not_mask_connect_sum": 5.0, "mixed_connect_sum": 198.0, "model_name": "GL_SAGEConv_9l_512h_de"}