{"f1_macro": 0.9425192166076225, "f1_weighted": 0.9604295351736402, "precision_macro": 0.9608654579088272, "precision_weighted": 0.9615110704046204, "recall_macro": 0.9272409207011514, "recall_weighted": 0.9611650485436893, "accuracy": 0.9611650485436893, "class_scores": {"English": 0.9775401069518717, "Germans": 0.9322033898305084, "French": 0.9051094890510949, "Belgium": 0.9552238805970149}, "skipped_nodes": 48, "memory_allocated_MB": 105.31298828125, "memory_reserved_MB": 1318.0, "f1_macro_score_only_mask_connect": -100.0, "f1_macro_score_only_not_mask_connect": -100.0, "f1_macro_score_mixed_connect": -100.0, "only_mask_connect_sum": -100.0, "only_not_mask_connect_sum": -100.0, "mixed_connect_sum": -100.0, "model_name": "GL_GATConv_3l_512h"}