{"f1_macro": 0.7041612128544977, "f1_weighted": 0.8376850171405524, "precision_macro": 0.8086492139959433, "precision_weighted": 0.8981364097363084, "recall_macro": 0.7110742705570292, "recall_weighted": 0.8620689655172413, "accuracy": 0.8620689655172413, "class_scores": {"Chechens": 0.72, "Kabardians, Circassians, Adyghes": 0.9655172413793104, "Karachays, Balkars": 0.9696969696969697, "Ingush": 0.18181818181818182, "Dagestan peoples": 0.96, "Ossetians": 0.9473684210526315, "Kumyks": 0.0, "Nogais": 0.8888888888888888}, "skipped_nodes": 2, "memory_allocated_MB": 18.51123046875, "memory_reserved_MB": 78.0, "model_name": "GL_GCNConv_9l_128h_w"}