{"f1_macro": 0.6546669620440113, "f1_weighted": 0.7552259591382593, "precision_macro": 0.7012195121951219, "precision_weighted": 0.932889420918749, "recall_macro": 0.6427038626609443, "recall_weighted": 0.6656441717791411, "accuracy": 0.6656441717791411, "class_scores": {"Udmurts,Besermyan": 1.0, "Tatars,Volga-Tatars,Mishar-Tatars,Kryashens": 0.726775956284153, "Chuvash": 0.8918918918918919, "Mari": 0.0}, "skipped_nodes": 0, "memory_allocated_MB": 19.083984375, "memory_reserved_MB": 66.0, "model_name": "GL_GCNConv_9l_128h_w"}