{"f1_macro": 0.9100207647978349, "f1_weighted": 0.9736477952881677, "precision_macro": 0.9887715742677824, "precision_weighted": 0.9759192951400064, "recall_macro": 0.8636363636363635, "recall_weighted": 0.9753846153846154, "accuracy": 0.9753846153846154, "class_scores": {"Udmurts,Besermyan": 0.9714285714285714, "Tatars,Volga-Tatars,Mishar-Tatars,Kryashens": 0.9851380042462845, "Chuvash": 0.9692307692307692, "Mari": 0.7142857142857143}, "skipped_nodes": 1, "memory_allocated_MB": 36.6845703125, "memory_reserved_MB": 266.0, "model_name": "GL_TAGConv_3l_512h_w_k3_gnorm"}