{"f1_macro": 0.4721391526307132, "f1_weighted": 0.5503809297407931, "precision_macro": 0.4870285509529027, "precision_weighted": 0.5468168080808409, "recall_macro": 0.46664275370092256, "recall_weighted": 0.5607064017660044, "accuracy": 0.5607064017660044, "class_scores": {"Southern Russians": 0.5855072463768116, "Ukranians": 0.17475728155339806, "Northen Russians": 0.6816901408450704, "Belarusians": 0.44660194174757284}, "skipped_nodes": 204, "model_name": "MaxSegmentCount"}