{"f1_macro": 0.1280290791599354, "f1_weighted": 0.1755036458105925, "precision_macro": 0.08604777415852334, "precision_weighted": 0.11795521906271092, "recall_macro": 0.25, "recall_weighted": 0.3427027027027027, "accuracy": 0.3427027027027027, "class_scores": {"Southern Russians": 0.5121163166397416, "Ukranians": 0.0, "Northen Russians": 0.0, "Belarusians": 0.0}, "skipped_nodes": 0, "memory_allocated_MB": 38.52001953125, "memory_reserved_MB": 3870.0, "model_name": "GL_GATConv_9l_128h"}