{"f1_macro": 0.9483187903736237, "f1_weighted": 0.9395483402216215, "accuracy": 0.9396551724137931, "class_scores": {"Chechens": 0.9230769230769231, "Kabardians, Circassians, Adyghes": 0.9180327868852459, "Karachays, Balkars": 0.896551724137931, "Ingush": 1.0, "Dagestan peoples": 0.96, "Ossetians": 1.0, "Kumyks": 1.0, "Nogais": 0.8888888888888888}, "skipped_nodes": 2, "model_name": "GL_TAGConv_9l_128h_w_k3"}