{"f1_macro": 0.49768340470480954, "f1_weighted": 0.5296845884784074, "accuracy": 0.5538194444444444, "class_scores": {"krasnodar": 0.5482866043613707, "yaroslavl": 0.20454545454545456, "ryazan": 0.6296296296296297, "kaluga": 0.5290322580645161, "vologda": 0.5769230769230769}, "skipped_nodes": 0, "model_name": "GL_TAGConv_3l_512h_w_k3"}