{"f1_macro": 0.8525650904739457, "f1_weighted": 0.9193972357995447, "accuracy": 0.9215686274509803, "class_scores": {"English": 0.967391304347826, "Germans": 0.8181818181818182, "French": 0.7155963302752294, "Belgium": 0.9090909090909091}, "skipped_nodes": 106, "model_name": "GL_TAGConv_9l_512h_w_k3"}