{"f1_macro": 0.6290626924299524, "f1_weighted": 0.8299794050554727, "accuracy": 0.8654708520179372, "class_scores": {"English": 0.9503695881731784, "Germans": 0.6956521739130435, "French": 0.0, "Belgium": 0.8702290076335878}, "skipped_nodes": 100, "model_name": "GL_GINConv_9l_512h"}