{"f1_macro": 0.4571961221015274, "f1_weighted": 0.5248228540369582, "precision_macro": 0.45654204102461143, "precision_weighted": 0.526545714606678, "recall_macro": 0.4580936074262481, "recall_weighted": 0.5233236151603499, "accuracy": 0.5233236151603499, "class_scores": {"Northen Russians": 0.6372360844529751, "Ukranians": 0.23469387755102042, "Belarusians": 0.3829787234042553, "Southern Russians": 0.5738758029978587}, "skipped_nodes": 124, "memory_allocated_MB": 339.9736328125, "memory_reserved_MB": 1432.0, "model_name": "GL_GATConv_9l_512h"}