{"f1_macro": 0.8759398496240601, "f1_weighted": 0.9269997026464466, "accuracy": 0.9322033898305084, "class_scores": {"P0": 1.0, "P1": 0.8928571428571429, "P2": 1.0, "P3": 1.0, "P4": 0.9122807017543859, "P5": 0.9523809523809523, "P6": 0.5, "P7": 0.75}, "skipped_nodes": 0, "model_name": "GL_SAGEConv_3l_512h"}