{"f1_macro": 0.63574959831912, "f1_weighted": 0.8735911415061087, "precision_macro": 0.6451702033598585, "precision_weighted": 0.8675725349575925, "recall_macro": 0.6335267915203537, "recall_weighted": 0.8827160493827161, "accuracy": 0.8827160493827161, "class_scores": {"P0": 0.8275862068965517, "P1": 0.9376344086021505, "P2": 0.7777777777777778, "P3": 0.0}, "skipped_nodes": 1, "model_name": "MaxIbdSum"}