{"f1_macro": 0.9394889599994724, "f1_weighted": 0.9430555320828696, "precision_macro": 0.9422053312893884, "precision_weighted": 0.9430811923172862, "recall_macro": 0.9369461606354811, "recall_weighted": 0.943127962085308, "accuracy": 0.943127962085308, "class_scores": {"Swedes": 0.9536423841059603, "Norwegians": 0.941747572815534, "Danes": 0.9230769230769231}, "skipped_nodes": 4, "memory_allocated_MB": 86.8525390625, "memory_reserved_MB": 144.0, "model_name": "GL_SAGEConv_9l_512h"}