{"f1_macro": 0.6699656177027642, "f1_weighted": 0.6796712545761535, "precision_macro": 0.6799180619104829, "precision_weighted": 0.6901076975026689, "recall_macro": 0.6833192816580822, "recall_weighted": 0.6914995224450812, "accuracy": 0.6914995224450812, "class_scores": {"P0": 0.7182866556836903, "P1": 0.4962025316455696, "P2": 0.8220472440944881, "P3": 0.6433260393873085}, "skipped_nodes": 0, "model_name": "MaxEdgeCountPerClassSize"}