{"f1_macro": 0.4531752346351607, "f1_weighted": 0.5485400620569626, "precision_macro": 0.4632527728293062, "precision_weighted": 0.5204850058867286, "recall_macro": 0.4741920355465311, "recall_weighted": 0.6028368794326241, "accuracy": 0.6028368794326241, "class_scores": {"Northen Russians": 0.7185430463576159, "Ukranians": 0.0, "Belarusians": 0.47297297297297297, "Southern Russians": 0.6211849192100538}, "skipped_nodes": 105, "memory_allocated_MB": 96.818359375, "memory_reserved_MB": 774.0, "model_name": "GL_GATConv_3l_512h"}