{"f1_macro": 0.8347742904109844, "f1_weighted": 0.901959329565935, "precision_macro": 0.8135619588744589, "precision_weighted": 0.922967456520088, "recall_macro": 0.8972160243407707, "recall_weighted": 0.8947368421052632, "accuracy": 0.8947368421052632, "class_scores": {"Chechens": 0.8823529411764706, "Kabardians, Circassians, Adyghes": 0.9454545454545454, "Karachays, Balkars": 0.8421052631578947, "Ingush": 0.9523809523809523, "Dagestan peoples": 0.9130434782608695, "Ossetians": 1.0, "Kumyks": 0.5714285714285714, "Nogais": 0.5714285714285714}, "skipped_nodes": 4, "memory_allocated_MB": 20.99755859375, "memory_reserved_MB": 82.0, "model_name": "GL_SAGEConv_9l_128h"}