{"f1_macro": 0.39880581753428973, "f1_weighted": 0.4112708276530416, "precision_macro": 0.4004379069984725, "precision_weighted": 0.4086451011226775, "recall_macro": 0.40218043908335555, "recall_weighted": 0.41883116883116883, "accuracy": 0.41883116883116883, "class_scores": {"P0": 0.48080133555926546, "P1": 0.28940568475452194, "P2": 0.5104761904761905, "P3": 0.314540059347181}, "skipped_nodes": 0, "model_name": "LongestIbd"}