{"f1_macro": 0.49536011386909473, "f1_weighted": 0.5379037563506945, "precision_macro": 0.494031124468724, "precision_weighted": 0.5435716823697742, "recall_macro": 0.5006796569296569, "recall_weighted": 0.5357142857142857, "accuracy": 0.5357142857142857, "class_scores": {"Northen Russians": 0.6582278481012658, "Ukranians": 0.38247011952191234, "Belarusians": 0.40930232558139534, "Southern Russians": 0.5314401622718052}, "skipped_nodes": 101, "memory_allocated_MB": 18.30810546875, "memory_reserved_MB": 56.0, "model_name": "GL_GINConv_3l_128h"}