{"f1_macro": 0.7034421115935421, "f1_weighted": 0.7889770352095921, "precision_macro": 0.6996877787689563, "precision_weighted": 0.9079409817045474, "recall_macro": 0.8760946373607318, "recall_weighted": 0.745398773006135, "accuracy": 0.745398773006135, "class_scores": {"P0": 1.0, "P1": 0.7958656330749354, "P2": 0.782608695652174, "P3": 0.23529411764705882}, "skipped_nodes": 0, "model_name": "MaxIbdSumPerClassSize"}