{"f1_macro": 0.5403565400708834, "f1_weighted": 0.6301680530340297, "accuracy": 0.5876923076923077, "class_scores": {"P0": 0.7441860465116279, "P1": 0.6473988439306358, "P2": 0.6031746031746031, "P3": 0.16666666666666666}, "skipped_nodes": 0, "model_name": "MaxIbdSumPerClassSize"}