{"f1_macro": 0.9822433679617671, "f1_weighted": 0.9859055037626178, "precision_macro": 0.9880229419703105, "precision_weighted": 0.9861492110938741, "recall_macro": 0.977037037037037, "recall_weighted": 0.985981308411215, "accuracy": 0.985981308411215, "class_scores": {"Swedes": 0.9801324503311258, "Norwegians": 0.9951690821256038, "Danes": 0.9714285714285714}, "skipped_nodes": 1, "memory_allocated_MB": 39.01611328125, "memory_reserved_MB": 128.0, "f1_macro_score_only_mask_connect": -100.0, "f1_macro_score_only_not_mask_connect": -100.0, "f1_macro_score_mixed_connect": -100.0, "only_mask_connect_sum": -100.0, "only_not_mask_connect_sum": -100.0, "mixed_connect_sum": -100.0, "model_name": "GL_TAGConv_3l_512h_w_k3"}