{"f1_macro": 0.93266002028166, "f1_weighted": 0.9785156590392008, "precision_macro": 0.9294642857142856, "precision_weighted": 0.9794588080631026, "recall_macro": 0.9390796375774917, "recall_weighted": 0.9785276073619632, "accuracy": 0.9785276073619632, "class_scores": {"Udmurts,Besermyan": 0.9473684210526315, "Tatars,Volga-Tatars,Mishar-Tatars,Kryashens": 0.9891540130151844, "Chuvash": 0.9705882352941176, "Mari": 0.8235294117647058}, "skipped_nodes": 0, "memory_allocated_MB": 36.64697265625, "memory_reserved_MB": 186.0, "model_name": "GL_TAGConv_3l_512h_w_k3_gnorm"}