{"f1_macro": 0.8900384605726339, "f1_weighted": 0.9774348988448395, "precision_macro": 0.9154052646699706, "precision_weighted": 0.9770716372123808, "recall_macro": 0.8701391598387307, "recall_weighted": 0.9785276073619632, "accuracy": 0.9785276073619632, "class_scores": {"P0": 0.9714285714285714, "P1": 0.9935760171306209, "P2": 0.9701492537313433, "P3": 0.625}, "skipped_nodes": 0, "memory_allocated_MB": 41.5029296875, "memory_reserved_MB": 184.0, "model_name": "GL_TAGConv_3l_512h_w_k3_gnorm"}