{"f1_macro": 0.6304295560369512, "f1_weighted": 0.6309311950786478, "precision_macro": 0.6426536960568809, "precision_weighted": 0.6415546657346609, "recall_macro": 0.637696201101729, "recall_weighted": 0.6396103896103896, "accuracy": 0.6396103896103896, "class_scores": {"P0": 0.5893536121673004, "P1": 0.5041095890410959, "P2": 0.7751937984496124, "P3": 0.6530612244897959}, "skipped_nodes": 0, "model_name": "MaxIbdSum"}