{"f1_macro": 0.7744950946412086, "f1_weighted": 0.8502484351380514, "accuracy": 0.8532110091743119, "class_scores": {"Chechens": 0.918918918918919, "Kabardians, Circassians, Adyghes": 0.8727272727272727, "Karachays, Balkars": 0.85, "Ingush": 0.8421052631578947, "Dagestan peoples": 0.8372093023255814, "Ossetians": 0.875, "Kumyks": 0.5, "Nogais": 0.5}, "skipped_nodes": 9, "model_name": "GL_GCNConv_9l_512h_w"}