{"f1_macro": 0.699174033055612, "f1_weighted": 0.8353039532550811, "accuracy": 0.8392857142857143, "class_scores": {"Chechens": 0.8888888888888888, "Kabardians, Circassians, Adyghes": 0.8421052631578947, "Karachays, Balkars": 0.8108108108108109, "Ingush": 0.8571428571428571, "Dagestan peoples": 0.9166666666666666, "Ossetians": 0.7777777777777778, "Kumyks": 0.0, "Nogais": 0.5}, "skipped_nodes": 6, "model_name": "GL_TAGConv_3l_512h_w_k3"}