{"f1_macro": 0.5037410283680827, "f1_weighted": 0.5918160127217543, "precision_macro": 0.5086028140616713, "precision_weighted": 0.8221238857567177, "recall_macro": 0.7464993280443925, "recall_weighted": 0.549079754601227, "accuracy": 0.549079754601227, "class_scores": {"P0": 0.6530612244897959, "P1": 0.6194690265486725, "P2": 0.5291005291005291, "P3": 0.21333333333333335}, "skipped_nodes": 0, "model_name": "MaxEdgeCountPerClassSize"}