{"f1_macro": 0.7223916322381795, "f1_weighted": 0.806161281017321, "precision_macro": 0.7152777777777778, "precision_weighted": 0.9180470347648263, "recall_macro": 0.9119521394199506, "recall_weighted": 0.7638036809815951, "accuracy": 0.7638036809815951, "class_scores": {"P0": 1.0, "P1": 0.8081841432225064, "P2": 0.8205128205128205, "P3": 0.2608695652173913}, "skipped_nodes": 0, "model_name": "MaxIbdSumPerClassSize"}