{"f1_macro": 0.5991025278273963, "f1_weighted": 0.640954335502198, "precision_macro": 0.6110537568010381, "precision_weighted": 0.6395411184763388, "recall_macro": 0.5930577124529124, "recall_weighted": 0.6468039003250271, "accuracy": 0.6468039003250271, "class_scores": {"Southern Russians": 0.6593406593406593, "Ukranians": 0.46357615894039733, "Northen Russians": 0.7671641791044777, "Belarusians": 0.5063291139240507}, "skipped_nodes": 2, "memory_allocated_MB": 36.6865234375, "memory_reserved_MB": 504.0, "model_name": "GL_TAGConv_3l_512h_w_k3_gnorm"}