{"f1_macro": 0.476759809351578, "f1_weighted": 0.6457553800955127, "precision_macro": 0.530715811965812, "precision_weighted": 0.7818906979183052, "recall_macro": 0.5011000563575672, "recall_weighted": 0.6104294478527608, "accuracy": 0.6104294478527608, "class_scores": {"P0": 0.7096774193548387, "P1": 0.7108753315649867, "P2": 0.4864864864864865, "P3": 0.0}, "skipped_nodes": 0, "model_name": "LongestIbd"}