{"f1_macro": 0.41559428849961433, "f1_weighted": 0.4694065141397335, "precision_macro": 0.4976338735616272, "precision_weighted": 0.5035262802447958, "recall_macro": 0.4297158514221211, "recall_weighted": 0.5135135135135135, "accuracy": 0.5135135135135135, "class_scores": {"Southern Russians": 0.46504065040650405, "Ukranians": 0.17801047120418848, "Northen Russians": 0.6707021791767555, "Belarusians": 0.3486238532110092}, "skipped_nodes": 0, "memory_allocated_MB": 17.6669921875, "memory_reserved_MB": 156.0, "model_name": "GL_GCNConv_3l_128h_w"}