{"f1_macro": 0.8705842620736238, "f1_weighted": 0.894560950649906, "precision_macro": 0.8639717301343749, "precision_weighted": 0.897343938271354, "recall_macro": 0.8810739247632452, "recall_weighted": 0.8944723618090452, "accuracy": 0.8944723618090452, "class_scores": {"Swedes": 0.8794326241134752, "Norwegians": 0.9238095238095239, "Danes": 0.8085106382978723}, "skipped_nodes": 16, "memory_allocated_MB": 102.40185546875, "memory_reserved_MB": 148.0, "model_name": "GL_GINConv_9l_512h"}