{"f1_macro": 0.3859550617405846, "f1_weighted": 0.4411308664218531, "precision_macro": 0.3928189119750161, "precision_weighted": 0.44587285921084446, "recall_macro": 0.385143113546193, "recall_weighted": 0.44047619047619047, "accuracy": 0.44047619047619047, "class_scores": {"Southern Russians": 0.4660493827160494, "Ukranians": 0.26022304832713755, "Northen Russians": 0.6025641025641025, "Belarusians": 0.21498371335504887}, "skipped_nodes": 1, "memory_allocated_MB": 58.98876953125, "memory_reserved_MB": 168.0, "f1_macro_score_only_mask_connect": 0.10526315789473684, "f1_macro_score_only_not_mask_connect": 0.5555555555555555, "f1_macro_score_mixed_connect": 0.3874917722007679, "only_mask_connect_sum": 15.0, "only_not_mask_connect_sum": 3.0, "mixed_connect_sum": 906.0, "model_name": "GL_MLP_9l_512h"}