{"f1_macro": 0.7742445403370231, "f1_weighted": 0.8778042926448878, "accuracy": 0.8711656441717791, "class_scores": {"P0": 0.8947368421052632, "P1": 0.9174311926605505, "P2": 0.7848101265822784, "P3": 0.5}, "skipped_nodes": 0, "model_name": "LongestIbd"}