{"f1_macro": 0.7110517049855285, "f1_weighted": 0.8237828613950248, "accuracy": 0.8389830508474576, "class_scores": {"Chechens": 0.918918918918919, "Kabardians, Circassians, Adyghes": 0.8307692307692308, "Karachays, Balkars": 0.75, "Ingush": 0.8333333333333334, "Dagestan peoples": 0.9803921568627451, "Ossetians": 0.625, "Kumyks": 0.0, "Nogais": 0.75}, "skipped_nodes": 0, "model_name": "GL_GINConv_3l_512h"}