{"f1_macro": 0.5774441411384087, "f1_weighted": 0.8406409415342893, "accuracy": 0.8562300319488818, "class_scores": {"P0": 0.6666666666666666, "P1": 0.9129511677282378, "P2": 0.7301587301587301, "P3": 0.0}, "skipped_nodes": 10, "model_name": "GL_TAGConv_3l_512h_w_k3_gnorm"}