{"f1_macro": 0.6726467121069355, "f1_weighted": 0.8625049078193749, "precision_macro": 0.665719696969697, "precision_weighted": 0.8696276490394138, "recall_macro": 0.6851470588235294, "recall_weighted": 0.8627450980392157, "accuracy": 0.8627450980392157, "class_scores": {"Chechens": 0.9411764705882353, "Kabardians, Circassians, Adyghes": 0.9130434782608695, "Karachays, Balkars": 0.9142857142857143, "Ingush": 0.9523809523809523, "Dagestan peoples": 0.8421052631578947, "Ossetians": 0.8181818181818182, "Kumyks": 0.0, "Nogais": 0.0}, "skipped_nodes": 16, "memory_allocated_MB": 38.71826171875, "memory_reserved_MB": 98.0, "f1_macro_score_only_mask_connect": 0.5636363636363637, "f1_macro_score_only_not_mask_connect": 0.5131868131868133, "f1_macro_score_mixed_connect": 0.791548134405277, "only_mask_connect_sum": 13.0, "only_not_mask_connect_sum": 21.0, "mixed_connect_sum": 68.0, "model_name": "GL_TAGConv_3l_512h_w_k3_gnorm"}