{"f1_macro": 0.9492986377966707, "f1_weighted": 0.958611522436649, "precision_macro": 0.9413315754779169, "precision_weighted": 0.9601569805767197, "recall_macro": 0.9590600309046912, "recall_weighted": 0.958139534883721, "accuracy": 0.958139534883721, "class_scores": {"Swedes": 0.9395973154362416, "Norwegians": 0.9852216748768473, "Danes": 0.9230769230769231}, "skipped_nodes": 0, "memory_allocated_MB": 39.1796875, "memory_reserved_MB": 198.0, "f1_macro_score_only_mask_connect": 0.871345029239766, "f1_macro_score_only_not_mask_connect": 0.5636363636363637, "f1_macro_score_mixed_connect": 0.9693156557637345, "only_mask_connect_sum": 12.0, "only_not_mask_connect_sum": 8.0, "mixed_connect_sum": 195.0, "model_name": "GL_TAGConv_3l_512h_w_k3_gnorm"}