{"f1_macro": 0.9418060090693219, "f1_weighted": 0.9595951645453229, "precision_macro": 0.9380167372454123, "precision_weighted": 0.960355190338554, "recall_macro": 0.9473787339421142, "recall_weighted": 0.9597222222222223, "accuracy": 0.9597222222222223, "class_scores": {"English": 0.9769484083424808, "Germans": 0.9294605809128631, "French": 0.9090909090909091, "Belgium": 0.9517241379310345}, "skipped_nodes": 49, "memory_allocated_MB": 19.126953125, "memory_reserved_MB": 76.0, "model_name": "GL_MLP_9l_128h"}