{"f1_macro": 0.9667798662382276, "f1_weighted": 0.9719677856079424, "accuracy": 0.9720930232558139, "class_scores": {"Swedes": 0.9795918367346939, "Norwegians": 0.976303317535545, "Danes": 0.9444444444444444}, "skipped_nodes": 0, "model_name": "GL_GATConv_3l_128h"}