{"f1_macro": 0.48240187358347586, "f1_weighted": 0.5533129096696618, "precision_macro": 0.4815452797197801, "precision_weighted": 0.5698594327029803, "recall_macro": 0.4907091917617629, "recall_weighted": 0.5433403805496829, "accuracy": 0.5433403805496829, "class_scores": {"Southern Russians": 0.5878594249201278, "Ukranians": 0.25757575757575757, "Northen Russians": 0.6685878962536023, "Belarusians": 0.4155844155844156}, "skipped_nodes": 184, "model_name": "MaxEdgeCountPerClassSize"}