{"f1_macro": 0.04525862068965517, "f1_weighted": 0.07375478927203065, "accuracy": 0.19444444444444445, "class_scores": {"Chechens": 0.0, "Kabardians, Circassians, Adyghes": 0.0, "Karachays, Balkars": 0.0, "Ingush": 0.0, "Dagestan peoples": 0.3620689655172414, "Ossetians": 0.0, "Kumyks": 0.0, "Nogais": 0.0}, "skipped_nodes": 10, "model_name": "GL_GATConv_9l_128h"}