{"f1_macro": 0.18045112781954886, "f1_weighted": 0.2793522267206478, "accuracy": 0.40384615384615385, "class_scores": {"Chechens": 0.0, "Kabardians, Circassians, Adyghes": 0.47368421052631576, "Karachays, Balkars": 0.0, "Ingush": 0.0, "Dagestan peoples": 0.7894736842105263, "Ossetians": 0.0, "Kumyks": 0.0, "Nogais": 0.0}, "skipped_nodes": 14, "model_name": "GL_GATConv_3l_128h"}