{"f1_macro": 0.5005290561492423, "f1_weighted": 0.5731752462747327, "precision_macro": 0.5521745709592208, "precision_weighted": 0.6039790860106861, "recall_macro": 0.5479193324794785, "recall_weighted": 0.6086486486486486, "accuracy": 0.6086486486486486, "class_scores": {"Southern Russians": 0.6625, "Ukranians": 0.09090909090909091, "Northen Russians": 0.7609022556390977, "Belarusians": 0.4878048780487805}, "skipped_nodes": 0, "memory_allocated_MB": 23.01318359375, "memory_reserved_MB": 100.0, "f1_macro_score_only_mask_connect": -100.0, "f1_macro_score_only_not_mask_connect": -100.0, "f1_macro_score_mixed_connect": -100.0, "only_mask_connect_sum": -100.0, "only_not_mask_connect_sum": -100.0, "mixed_connect_sum": -100.0, "model_name": "GL_MLP_9l_128h"}