{"f1_macro": 0.9062865497076023, "f1_weighted": 0.9618990980275547, "precision_macro": 0.9794354838709678, "precision_weighted": 0.9688901038819027, "recall_macro": 0.8791666666666667, "recall_weighted": 0.9661016949152542, "accuracy": 0.9661016949152542, "class_scores": {"P0": 0.9473684210526315, "P1": 0.9666666666666667, "P2": 1.0, "P3": 1.0, "P4": 1.0, "P5": 0.9473684210526315, "P6": 0.5, "P7": 0.8888888888888888}, "skipped_nodes": 0, "memory_allocated_MB": 26.59716796875, "memory_reserved_MB": 58.0, "model_name": "GL_SAGEConv_3l_512h"}