{"f1_macro": 0.7906878739251763, "f1_weighted": 0.9446447645439874, "precision_macro": 0.82584653458275, "precision_weighted": 0.9442197108379721, "recall_macro": 0.775202160458409, "recall_weighted": 0.9476923076923077, "accuracy": 0.9476923076923077, "class_scores": {"P0": 0.8235294117647058, "P1": 0.9763440860215054, "P2": 0.9343065693430657, "P3": 0.42857142857142855}, "skipped_nodes": 0, "memory_allocated_MB": 42.0751953125, "memory_reserved_MB": 196.0, "f1_macro_score_only_mask_connect": -100.0, "f1_macro_score_only_not_mask_connect": -100.0, "f1_macro_score_mixed_connect": -100.0, "only_mask_connect_sum": -100.0, "only_not_mask_connect_sum": -100.0, "mixed_connect_sum": -100.0, "model_name": "GL_TAGConv_3l_512h_w_k3_gnorm"}