{"f1_macro": 0.9663553827373974, "f1_weighted": 0.971774573153548, "precision_macro": 0.9786494538232374, "precision_weighted": 0.9727419690076442, "recall_macro": 0.9562832735648271, "recall_weighted": 0.9720930232558139, "accuracy": 0.9720930232558139, "class_scores": {"Swedes": 0.9801324503311258, "Norwegians": 0.9760765550239234, "Danes": 0.9428571428571428}, "skipped_nodes": 0, "memory_allocated_MB": 19.81494140625, "memory_reserved_MB": 178.0, "f1_macro_score_only_mask_connect": 0.9137254901960784, "f1_macro_score_only_not_mask_connect": 0.5185185185185185, "f1_macro_score_mixed_connect": 0.9776394337369947, "only_mask_connect_sum": 12.0, "only_not_mask_connect_sum": 7.0, "mixed_connect_sum": 196.0, "model_name": "GL_TAGConv_3l_128h_w_k3"}