{"f1_macro": 0.44323767051026774, "f1_weighted": 0.494293526786253, "precision_macro": 0.44167329093799684, "precision_weighted": 0.49902664709202177, "recall_macro": 0.4478208418907383, "recall_weighted": 0.4918793503480278, "accuracy": 0.4918793503480278, "class_scores": {"Ukranians": 0.28363636363636363, "Southern Russians": 0.5217391304347826, "Northen Russians": 0.6217105263157895, "Belarusians": 0.3458646616541353}, "skipped_nodes": 43, "memory_allocated_MB": 52.01416015625, "memory_reserved_MB": 222.0, "model_name": "GL_GCNConv_9l_512h_w"}