{"f1_macro": 0.8952266102457822, "f1_weighted": 0.9478549690276127, "precision_macro": 0.9435095895244611, "precision_weighted": 0.9505231032974366, "recall_macro": 0.8637662418263575, "recall_weighted": 0.9497568881685575, "accuracy": 0.9497568881685575, "class_scores": {"English": 0.9775784753363229, "Germans": 0.8641975308641975, "French": 0.8, "Belgium": 0.9391304347826087}, "skipped_nodes": 152, "memory_allocated_MB": 36.794921875, "memory_reserved_MB": 198.0, "model_name": "GL_GATConv_9l_128h"}