{"f1_macro": 0.6058305286147259, "f1_weighted": 0.6610916609932186, "precision_macro": 0.6048619271445358, "precision_weighted": 0.8704021973427147, "recall_macro": 0.8598809988294966, "recall_weighted": 0.6226993865030674, "accuracy": 0.6226993865030674, "class_scores": {"Udmurts,Besermyan": 0.8571428571428571, "Tatars,Volga-Tatars,Mishar-Tatars,Kryashens": 0.653179190751445, "Chuvash": 0.6961325966850829, "Mari": 0.21686746987951808}, "skipped_nodes": 0, "model_name": "MaxEdgeCountPerClassSize"}