{"f1_macro": 0.662112771743466, "f1_weighted": 0.8693777677070242, "precision_macro": 0.6741830065359478, "precision_weighted": 0.9035814325730294, "recall_macro": 0.6571332846003899, "recall_weighted": 0.8469387755102041, "accuracy": 0.8469387755102041, "class_scores": {"Chechens": 0.9090909090909091, "Kabardians, Circassians, Adyghes": 0.8979591836734694, "Karachays, Balkars": 0.8823529411764706, "Ingush": 0.7777777777777778, "Dagestan peoples": 0.8823529411764706, "Ossetians": 0.9473684210526315, "Kumyks": 0.0, "Nogais": 0.0}, "skipped_nodes": 20, "memory_allocated_MB": 158.28662109375, "memory_reserved_MB": 240.0, "model_name": "GL_TAGConv_9l_512h_w_k3"}