{"f1_macro": 0.9358343795282669, "f1_weighted": 0.9541683503092336, "precision_macro": 0.9364268354299666, "precision_weighted": 0.9550430446169978, "recall_macro": 0.9374997465120052, "recall_weighted": 0.9542302357836339, "accuracy": 0.9542302357836339, "class_scores": {"English": 0.9737991266375546, "Germans": 0.9083969465648855, "French": 0.8976377952755905, "Belgium": 0.9635036496350365}, "skipped_nodes": 48, "memory_allocated_MB": 17.38818359375, "memory_reserved_MB": 46.0, "model_name": "GL_MLP_3l_128h"}