{"f1_macro": 0.7601317799847211, "f1_weighted": 0.9453041860100685, "accuracy": 0.9538461538461539, "class_scores": {"Udmurts,Besermyan": 0.9411764705882353, "Tatars,Volga-Tatars,Mishar-Tatars,Kryashens": 0.9826839826839827, "Chuvash": 0.9166666666666666, "Mari": 0.2}, "skipped_nodes": 1, "model_name": "MaxSegmentCount"}