{"f1_macro": 0.6197251638952938, "f1_weighted": 0.6407971771344214, "precision_macro": 0.6367140795712223, "precision_weighted": 0.630570068501103, "recall_macro": 0.645266439909297, "recall_weighted": 0.6896551724137931, "accuracy": 0.6896551724137931, "class_scores": {"Chechens": 0.7368421052631579, "Kabardians, Circassians, Adyghes": 0.7346938775510204, "Karachays, Balkars": 0.7096774193548387, "Ingush": 0.0, "Dagestan peoples": 0.8235294117647058, "Ossetians": 0.3333333333333333, "Kumyks": 1.0, "Nogais": 0.0}, "skipped_nodes": 31, "memory_allocated_MB": 102.40966796875, "memory_reserved_MB": 146.0, "model_name": "GL_GINConv_9l_512h"}