{"f1_macro": 0.7004092261904762, "f1_weighted": 0.9214988679520887, "precision_macro": 0.7076041530625572, "precision_weighted": 0.9090242618527015, "recall_macro": 0.6944444444444444, "recall_weighted": 0.9355828220858896, "accuracy": 0.9355828220858896, "class_scores": {"P0": 0.9714285714285714, "P1": 0.9708333333333333, "P2": 0.859375, "P3": 0.0}, "skipped_nodes": 0, "model_name": "MaxSegmentCount"}