{"f1_macro": 0.3759707143685044, "f1_weighted": 0.6905531395922203, "accuracy": 0.7607361963190185, "class_scores": {"Udmurts,Besermyan": 0.36363636363636365, "Tatars,Volga-Tatars,Mishar-Tatars,Kryashens": 0.858195211786372, "Chuvash": 0.28205128205128205, "Mari": 0.0}, "skipped_nodes": 0, "model_name": "GL_GCNConv_3l_512h_w"}