{"f1_macro": 0.6810166515020665, "f1_weighted": 0.7577455536988631, "accuracy": 0.7239263803680982, "class_scores": {"Udmurts,Besermyan": 0.9230769230769231, "Tatars,Volga-Tatars,Mishar-Tatars,Kryashens": 0.7639257294429708, "Chuvash": 0.7558139534883721, "Mari": 0.28125}, "skipped_nodes": 0, "model_name": "MaxIbdSumPerClassSize"}