{"f1_macro": 0.8188208858598296, "f1_weighted": 0.8657453833060491, "precision_macro": 0.9121811045696665, "precision_weighted": 0.891256087781407, "recall_macro": 0.7955695501326571, "recall_weighted": 0.8790697674418605, "accuracy": 0.8790697674418605, "class_scores": {"Swedes": 0.9044585987261147, "Norwegians": 0.9223744292237442, "Danes": 0.6296296296296297}, "skipped_nodes": 0, "memory_allocated_MB": 18.7822265625, "memory_reserved_MB": 50.0, "f1_macro_score_only_mask_connect": 0.25925925925925924, "f1_macro_score_only_not_mask_connect": 0.48888888888888893, "f1_macro_score_mixed_connect": 0.8785994443536526, "only_mask_connect_sum": 12.0, "only_not_mask_connect_sum": 5.0, "mixed_connect_sum": 198.0, "model_name": "GL_SAGEConv_3l_128h_de"}