{"f1_macro": 0.4001292131680172, "f1_weighted": 0.41598398433094574, "precision_macro": 0.42943333759155167, "precision_weighted": 0.45814062106021824, "recall_macro": 0.44218082563951466, "recall_weighted": 0.4672489082969432, "accuracy": 0.4672489082969432, "class_scores": {"Ukranians": 0.2696629213483146, "Southern Russians": 0.24343675417661098, "Northen Russians": 0.6532066508313539, "Belarusians": 0.4342105263157895}, "skipped_nodes": 7, "memory_allocated_MB": 37.373046875, "memory_reserved_MB": 848.0, "model_name": "GL_GATConv_9l_128h"}