{"f1_macro": 0.1976436707776636, "f1_weighted": 0.2730918047268927, "precision_macro": 0.22499638632585706, "precision_weighted": 0.3108860959573998, "recall_macro": 0.2786624203821656, "recall_weighted": 0.385038503850385, "accuracy": 0.385038503850385, "class_scores": {"Southern Russians": 0.5267857142857143, "Ukranians": 0.0, "Northen Russians": 0.2637889688249401, "Belarusians": 0.0}, "skipped_nodes": 16, "memory_allocated_MB": 339.03271484375, "memory_reserved_MB": 958.0, "model_name": "GL_GATConv_9l_512h"}