{"f1_macro": 0.9673740075871495, "f1_weighted": 0.9793460201820625, "precision_macro": 0.9715301497038624, "precision_weighted": 0.9796470921460273, "recall_macro": 0.9643265773128473, "recall_weighted": 0.9795081967213115, "accuracy": 0.9795081967213115, "class_scores": {"P0": 0.9913419913419913, "P1": 0.9581749049429658, "P2": 0.9481481481481482, "P3": 0.971830985915493}, "skipped_nodes": 30, "memory_allocated_MB": 18.72412109375, "memory_reserved_MB": 44.0, "model_name": "GL_GINConv_3l_128h"}