{"f1_macro": 0.5204529891740162, "f1_weighted": 0.6452786988941352, "precision_macro": 0.5272747853239657, "precision_weighted": 0.824594857412708, "recall_macro": 0.6496828532102137, "recall_weighted": 0.595679012345679, "accuracy": 0.595679012345679, "class_scores": {"P0": 0.7027027027027027, "P1": 0.6815642458100558, "P2": 0.574468085106383, "P3": 0.12307692307692308}, "skipped_nodes": 1, "model_name": "MaxIbdSumPerClassSize"}