{"f1_macro": 0.7193475863796741, "f1_weighted": 0.7237708332486791, "precision_macro": 0.7210083622121034, "precision_weighted": 0.7250830935319558, "recall_macro": 0.7181970282141115, "recall_weighted": 0.7229437229437229, "accuracy": 0.7229437229437229, "class_scores": {"P0": 0.7072243346007605, "P1": 0.6387665198237885, "P2": 0.88, "P3": 0.6513994910941476}, "skipped_nodes": 0, "memory_allocated_MB": 39.001953125, "memory_reserved_MB": 480.0, "f1_macro_score_only_mask_connect": -100.0, "f1_macro_score_only_not_mask_connect": -100.0, "f1_macro_score_mixed_connect": -100.0, "only_mask_connect_sum": -100.0, "only_not_mask_connect_sum": -100.0, "mixed_connect_sum": -100.0, "model_name": "GL_TAGConv_3l_512h_w_k3_gnorm"}