{"f1_macro": 0.6174603734419934, "f1_weighted": 0.7580985976399118, "accuracy": 0.75, "class_scores": {"Chechens": 0.6896551724137931, "Kabardians, Circassians, Adyghes": 0.7169811320754716, "Karachays, Balkars": 0.8648648648648649, "Ingush": 0.8181818181818182, "Dagestan peoples": 0.85, "Ossetians": 0.6666666666666666, "Kumyks": 0.3333333333333333, "Nogais": 0.0}, "skipped_nodes": 14, "model_name": "GL_SAGEConv_9l_512h"}