{"f1_macro": 0.8357861295467407, "f1_weighted": 0.9671423264275869, "precision_macro": 0.831060606060606, "precision_weighted": 0.9680981595092025, "recall_macro": 0.8410987557983267, "recall_weighted": 0.9662576687116564, "accuracy": 0.9662576687116564, "class_scores": {"Udmurts,Besermyan": 1.0, "Tatars,Volga-Tatars,Mishar-Tatars,Kryashens": 0.9978494623655914, "Chuvash": 0.9242424242424242, "Mari": 0.42105263157894735}, "skipped_nodes": 0, "memory_allocated_MB": 19.85888671875, "memory_reserved_MB": 184.0, "model_name": "GL_GINConv_3l_128h"}