{"f1_macro": 0.690683471933472, "f1_weighted": 0.9246569008838947, "precision_macro": 0.7182459677419355, "precision_weighted": 0.9136280427468831, "recall_macro": 0.6706442103437812, "recall_weighted": 0.9386503067484663, "accuracy": 0.9386503067484663, "class_scores": {"Udmurts,Besermyan": 0.875, "Tatars,Volga-Tatars,Mishar-Tatars,Kryashens": 0.9646569646569647, "Chuvash": 0.9230769230769231, "Mari": 0.0}, "skipped_nodes": 0, "model_name": "MaxEdgeCount"}