{"f1_macro": 0.8493511584981542, "f1_weighted": 0.9204520443790831, "precision_macro": 0.9196978941769143, "precision_weighted": 0.9292759962270982, "recall_macro": 0.82120232708468, "recall_weighted": 0.9262536873156342, "accuracy": 0.9262536873156342, "class_scores": {"English": 0.9699570815450643, "Germans": 0.8365384615384616, "French": 0.6666666666666666, "Belgium": 0.9242424242424242}, "skipped_nodes": 91, "memory_allocated_MB": 26.45166015625, "memory_reserved_MB": 66.0, "model_name": "GL_SAGEConv_3l_512h"}