{"f1_macro": 0.9593711886668543, "f1_weighted": 0.9657924930957918, "precision_macro": 0.9648692810457516, "precision_weighted": 0.9688979039891819, "recall_macro": 0.9589375184202771, "recall_weighted": 0.9655172413793104, "accuracy": 0.9655172413793104, "class_scores": {"Chechens": 0.9444444444444444, "Kabardians, Circassians, Adyghes": 0.9824561403508771, "Karachays, Balkars": 0.9696969696969697, "Ingush": 0.9090909090909091, "Dagestan peoples": 0.9803921568627451, "Ossetians": 1.0, "Kumyks": 1.0, "Nogais": 0.8888888888888888}, "skipped_nodes": 2, "memory_allocated_MB": 338.63037109375, "memory_reserved_MB": 1032.0, "model_name": "GL_GATConv_9l_512h"}