{"f1_macro": 0.9530805083090073, "f1_weighted": 0.9787289078363293, "precision_macro": 0.9414586936825632, "precision_weighted": 0.9797691541564532, "recall_macro": 0.9657844539818788, "recall_weighted": 0.9785276073619632, "accuracy": 0.9785276073619632, "class_scores": {"Udmurts,Besermyan": 0.972972972972973, "Tatars,Volga-Tatars,Mishar-Tatars,Kryashens": 0.9869565217391304, "Chuvash": 0.9635036496350365, "Mari": 0.8888888888888888}, "skipped_nodes": 0, "memory_allocated_MB": 37.53564453125, "memory_reserved_MB": 168.0, "model_name": "GL_TAGConv_3l_512h_w_k3_gnorm"}