{"f1_macro": 0.9004297630812688, "f1_weighted": 0.9171458810818932, "accuracy": 0.9186602870813397, "class_scores": {"Swedes": 0.9403973509933775, "Norwegians": 0.9245283018867925, "Danes": 0.8363636363636363}, "skipped_nodes": 6, "model_name": "GL_SAGEConv_9l_128h"}