{"f1_macro": 0.19774469412785678, "f1_weighted": 0.2362741452081672, "accuracy": 0.2508896797153025, "class_scores": {"krasnodar": 0.2450592885375494, "yaroslavl": 0.10526315789473684, "ryazan": 0.37303370786516854, "kaluga": 0.14942528735632185, "vologda": 0.11594202898550725}, "skipped_nodes": 14, "model_name": "GL_TAGConv_3l_128h_w_k3"}