{"f1_macro": 0.7388438651561905, "f1_weighted": 0.8618730430866409, "accuracy": 0.8727272727272727, "class_scores": {"Chechens": 0.9, "Kabardians, Circassians, Adyghes": 0.9056603773584906, "Karachays, Balkars": 0.8205128205128205, "Ingush": 1.0, "Dagestan peoples": 0.8372093023255814, "Ossetians": 0.9473684210526315, "Kumyks": 0.0, "Nogais": 0.5}, "skipped_nodes": 8, "model_name": "GL_GCNConv_3l_128h_w"}