{"f1_macro": 0.620292303172738, "f1_weighted": 0.7912864910946753, "precision_macro": 0.6119236156000862, "precision_weighted": 0.7895792404442924, "recall_macro": 0.6382352941176471, "recall_weighted": 0.803921568627451, "accuracy": 0.803921568627451, "class_scores": {"Chechens": 0.8648648648648649, "Kabardians, Circassians, Adyghes": 0.8, "Karachays, Balkars": 0.75, "Ingush": 0.9, "Dagestan peoples": 0.8648648648648649, "Ossetians": 0.782608695652174, "Kumyks": 0.0, "Nogais": 0.0}, "skipped_nodes": 16, "memory_allocated_MB": 18.48876953125, "memory_reserved_MB": 72.0, "f1_macro_score_only_mask_connect": 0.4751515151515152, "f1_macro_score_only_not_mask_connect": 0.47472527472527476, "f1_macro_score_mixed_connect": 0.8560253565629908, "only_mask_connect_sum": 13.0, "only_not_mask_connect_sum": 21.0, "mixed_connect_sum": 68.0, "model_name": "GL_TAGConv_3l_128h_w_k3"}