{"f1_macro": 0.5513217210285427, "f1_weighted": 0.5956913154761506, "precision_macro": 0.5742996392662522, "precision_weighted": 0.6331091750203993, "recall_macro": 0.5625469526957961, "recall_weighted": 0.587709497206704, "accuracy": 0.587709497206704, "class_scores": {"Ukranians": 0.43137254901960786, "Southern Russians": 0.5931558935361216, "Northen Russians": 0.7392, "Belarusians": 0.44155844155844154}, "skipped_nodes": 20, "memory_allocated_MB": 52.10302734375, "memory_reserved_MB": 188.0, "model_name": "GL_MLP_9l_512h"}