{"f1_macro": 0.49166477862900465, "f1_weighted": 0.5603045691058595, "accuracy": 0.5246913580246914, "class_scores": {"Udmurts,Besermyan": 0.6530612244897959, "Tatars,Volga-Tatars,Mishar-Tatars,Kryashens": 0.5792682926829268, "Chuvash": 0.5151515151515151, "Mari": 0.2191780821917808}, "skipped_nodes": 2, "model_name": "MaxEdgeCountPerClassSize"}