{"f1_macro": 0.7736669374279426, "f1_weighted": 0.9540706102408231, "precision_macro": 0.9667672413793104, "precision_weighted": 0.9663999999999999, "recall_macro": 0.7606561302681992, "recall_weighted": 0.963076923076923, "accuracy": 0.963076923076923, "class_scores": {"Udmurts,Besermyan": 0.9714285714285714, "Tatars,Volga-Tatars,Mishar-Tatars,Kryashens": 0.9870689655172413, "Chuvash": 0.9361702127659575, "Mari": 0.2}, "skipped_nodes": 1, "model_name": "MaxIbdSum"}