{"f1_macro": 0.943450095415181, "f1_weighted": 0.9621113205687243, "accuracy": 0.9628610729023384, "class_scores": {"English": 0.979765708200213, "Germans": 0.9338842975206612, "French": 0.9172932330827067, "Belgium": 0.9428571428571428}, "skipped_nodes": 42, "model_name": "MaxIbdSum"}