{"f1_macro": 0.937667156626335, "f1_weighted": 0.9607795804323873, "precision_macro": 0.9492524559798916, "precision_weighted": 0.9620584365914113, "recall_macro": 0.9300891376451078, "recall_weighted": 0.9616963064295485, "accuracy": 0.9616963064295485, "class_scores": {"English": 0.9849137931034483, "Germans": 0.9176470588235294, "French": 0.8970588235294118, "Belgium": 0.951048951048951}, "skipped_nodes": 38, "memory_allocated_MB": 24.71240234375, "memory_reserved_MB": 80.0, "f1_macro_score_only_mask_connect": -100.0, "f1_macro_score_only_not_mask_connect": -100.0, "f1_macro_score_mixed_connect": -100.0, "only_mask_connect_sum": -100.0, "only_not_mask_connect_sum": -100.0, "mixed_connect_sum": -100.0, "model_name": "GL_TAGConv_3l_128h_w_k3"}