{"f1_macro": 0.8214849579366654, "f1_weighted": 0.9041440780287807, "precision_macro": 0.838609692249827, "precision_weighted": 0.9118415310745195, "recall_macro": 0.8215870926895426, "recall_weighted": 0.9065281899109793, "accuracy": 0.9065281899109793, "class_scores": {"English": 0.9683060109289617, "Germans": 0.7570621468926554, "French": 0.6554621848739496, "Belgium": 0.9051094890510949}, "skipped_nodes": 95, "memory_allocated_MB": 86.95068359375, "memory_reserved_MB": 204.0, "model_name": "GL_SAGEConv_9l_512h"}