{"f1_macro": 0.2886302294197031, "f1_weighted": 0.6232517348113086, "precision_macro": 0.45870607028753996, "precision_weighted": 0.6006566181226601, "recall_macro": 0.2922356613343738, "recall_weighted": 0.7177914110429447, "accuracy": 0.7177914110429447, "class_scores": {"P0": 0.2857142857142857, "P1": 0.8424908424908425, "P2": 0.02631578947368421, "P3": 0.0}, "skipped_nodes": 0, "model_name": "MaxEdgeCount"}