{"f1_macro": 0.26711924439197166, "f1_weighted": 0.06846249121765018, "precision_macro": 0.3122445187662579, "precision_weighted": 0.214780921636083, "recall_macro": 0.4743681449690033, "recall_weighted": 0.08588957055214724, "accuracy": 0.08588957055214724, "class_scores": {"Udmurts,Besermyan": 1.0, "Tatars,Volga-Tatars,Mishar-Tatars,Kryashens": 0.01652892561983471, "Chuvash": 0.0, "Mari": 0.05194805194805195}, "skipped_nodes": 0, "memory_allocated_MB": 23.2939453125, "memory_reserved_MB": 30.0, "model_name": "GL_GATConv_3l_128h"}