{"f1_macro": 0.5348940131196295, "f1_weighted": 0.6373045649593096, "precision_macro": 0.5388431897565288, "precision_weighted": 0.8270747930546855, "recall_macro": 0.7277939127584158, "recall_weighted": 0.5833333333333334, "accuracy": 0.5833333333333334, "class_scores": {"Udmurts,Besermyan": 0.7317073170731707, "Tatars,Volga-Tatars,Mishar-Tatars,Kryashens": 0.6685552407932012, "Chuvash": 0.5664739884393064, "Mari": 0.1728395061728395}, "skipped_nodes": 2, "model_name": "MaxIbdSumPerClassSize"}