{"f1_macro": 0.6786796536796537, "f1_weighted": 0.8006979911474293, "accuracy": 0.8089887640449438, "class_scores": {"Chechens": 0.8, "Kabardians, Circassians, Adyghes": 0.8181818181818182, "Karachays, Balkars": 0.8484848484848485, "Ingush": 0.75, "Dagestan peoples": 0.9090909090909091, "Ossetians": 0.625, "Kumyks": 0.0, "Nogais": 0.0}, "skipped_nodes": 29, "model_name": "GL_MLP_3l_512h"}