{"f1_macro": 0.5270469678719054, "f1_weighted": 0.6099267317622162, "precision_macro": 0.5566839527513685, "precision_weighted": 0.8515842020835778, "recall_macro": 0.735696851886, "recall_weighted": 0.5370370370370371, "accuracy": 0.5370370370370371, "class_scores": {"Udmurts,Besermyan": 0.7804878048780488, "Tatars,Volga-Tatars,Mishar-Tatars,Kryashens": 0.6312684365781711, "Chuvash": 0.5548387096774193, "Mari": 0.1415929203539823}, "skipped_nodes": 2, "model_name": "MaxIbdSumPerClassSize"}