{"f1_macro": 0.858707757296467, "f1_weighted": 0.917900796933055, "precision_macro": 0.8636278195488721, "precision_weighted": 0.9363537047747574, "recall_macro": 0.8774904214559387, "recall_weighted": 0.9145299145299145, "accuracy": 0.9145299145299145, "class_scores": {"P0": 0.8387096774193549, "P1": 0.9642857142857143, "P2": 0.9444444444444444, "P3": 0.8333333333333334, "P4": 1.0, "P5": 0.9, "P6": 0.5, "P7": 0.8888888888888888}, "skipped_nodes": 1, "memory_allocated_MB": 36.94091796875, "memory_reserved_MB": 252.0, "model_name": "GL_GATConv_9l_128h"}