{"f1_macro": 0.48048527416393966, "f1_weighted": 0.5492543813667606, "precision_macro": 0.5346667043063085, "precision_weighted": 0.5608628975984137, "recall_macro": 0.48109624580050675, "recall_weighted": 0.5772972972972973, "accuracy": 0.5772972972972973, "class_scores": {"Southern Russians": 0.5935828877005348, "Ukranians": 0.3888888888888889, "Northen Russians": 0.7283582089552239, "Belarusians": 0.2111111111111111}, "skipped_nodes": 0, "memory_allocated_MB": 168.28857421875, "memory_reserved_MB": 572.0, "f1_macro_score_only_mask_connect": 0.3970588235294118, "f1_macro_score_only_not_mask_connect": 0.3333333333333333, "f1_macro_score_mixed_connect": 0.4754440219541389, "only_mask_connect_sum": 16.0, "only_not_mask_connect_sum": 2.0, "mixed_connect_sum": 907.0, "model_name": "GL_TAGConv_9l_512h_w_k3"}