{"f1_macro": 0.2353980513128616, "f1_weighted": 0.2907617798570838, "accuracy": 0.3229166666666667, "class_scores": {"krasnodar": 0.3515850144092219, "yaroslavl": 0.11428571428571428, "ryazan": 0.4497816593886463, "kaluga": 0.1388888888888889, "vologda": 0.12244897959183673}, "skipped_nodes": 0, "model_name": "GL_SAGEConv_9l_128h"}