{"f1_macro": 0.5034223165287304, "f1_weighted": 0.5591990353274343, "precision_macro": 0.5324165228065144, "precision_weighted": 0.5592102009562137, "recall_macro": 0.49627034980879714, "recall_weighted": 0.5744400527009222, "accuracy": 0.5744400527009222, "class_scores": {"Northen Russians": 0.687603305785124, "Ukranians": 0.29239766081871343, "Belarusians": 0.455026455026455, "Southern Russians": 0.5786618444846293}, "skipped_nodes": 98, "memory_allocated_MB": 36.68359375, "memory_reserved_MB": 198.0, "model_name": "GL_TAGConv_3l_512h_nw_k3_gnorm_leaky_relu"}