{"f1_macro": 0.9090938790363768, "f1_weighted": 0.9217623304435807, "precision_macro": 0.949896480331263, "precision_weighted": 0.9290725237795181, "recall_macro": 0.8819566268645612, "recall_weighted": 0.9227053140096618, "accuracy": 0.9227053140096618, "class_scores": {"Swedes": 0.9379310344827586, "Norwegians": 0.926605504587156, "Danes": 0.8627450980392157}, "skipped_nodes": 8, "memory_allocated_MB": 16.5888671875, "memory_reserved_MB": 34.0, "model_name": "GL_GCNConv_3l_128h_w"}