{"f1_macro": 0.18401623167452313, "f1_weighted": 0.2563111312982408, "accuracy": 0.3408695652173913, "class_scores": {"krasnodar": 0.32167832167832167, "yaroslavl": 0.025974025974025976, "ryazan": 0.48576214405360135, "kaluga": 0.02, "vologda": 0.06666666666666667}, "skipped_nodes": 1, "model_name": "GL_GCNConv_9l_512h_w"}