{"f1_macro": 0.718796992481203, "f1_weighted": 0.8464340928950729, "precision_macro": 0.7244691816120387, "precision_weighted": 0.8690252276459174, "recall_macro": 0.7267573696145124, "recall_weighted": 0.8390804597701149, "accuracy": 0.8390804597701149, "class_scores": {"Chechens": 0.8, "Kabardians, Circassians, Adyghes": 0.8947368421052632, "Karachays, Balkars": 0.8888888888888888, "Ingush": 0.7368421052631579, "Dagestan peoples": 0.9333333333333333, "Ossetians": 0.7777777777777778, "Kumyks": 0.0, "Nogais": 0.0}, "skipped_nodes": 31, "memory_allocated_MB": 16.72900390625, "memory_reserved_MB": 40.0, "model_name": "GL_MLP_3l_128h"}