{"f1_macro": 0.8826840839545741, "f1_weighted": 0.9407051751428265, "precision_macro": 0.9272369953416149, "precision_weighted": 0.9428847683099368, "recall_macro": 0.8511190246042393, "recall_weighted": 0.9418416801292407, "accuracy": 0.9418416801292407, "class_scores": {"English": 0.9740112994350283, "Germans": 0.8491620111731844, "French": 0.8, "Belgium": 0.907563025210084}, "skipped_nodes": 150, "memory_allocated_MB": 339.384765625, "memory_reserved_MB": 928.0, "f1_macro_score_only_mask_connect": 0.7433034230641409, "f1_macro_score_only_not_mask_connect": 0.8708672574333138, "f1_macro_score_mixed_connect": 0.8862238329922856, "only_mask_connect_sum": 84.0, "only_not_mask_connect_sum": 161.0, "mixed_connect_sum": 374.0, "model_name": "GL_GATConv_9l_512h"}