{"f1_macro": 0.5598973378837548, "f1_weighted": 0.6550006003497613, "accuracy": 0.7008547008547008, "class_scores": {"P0": 0.9473684210526315, "P1": 0.676056338028169, "P2": 0.8205128205128205, "P3": 0.8333333333333334, "P4": 0.3783783783783784, "P5": 0.8235294117647058, "P6": 0.0, "P7": 0.0}, "skipped_nodes": 1, "model_name": "GL_GINConv_3l_512h"}