{"f1_macro": 0.4641001362221705, "f1_weighted": 0.5028667158867061, "precision_macro": 0.4664856650743747, "precision_weighted": 0.5204526071089414, "recall_macro": 0.47235267660748903, "recall_weighted": 0.495114006514658, "accuracy": 0.495114006514658, "class_scores": {"Southern Russians": 0.4778761061946903, "Ukranians": 0.35013262599469497, "Northen Russians": 0.6590538336052202, "Belarusians": 0.3693379790940767}, "skipped_nodes": 4, "memory_allocated_MB": 21.96826171875, "memory_reserved_MB": 76.0, "model_name": "GL_MLP_3l_512h"}