{"f1_macro": 0.4011768681193888, "f1_weighted": 0.48209324532522857, "precision_macro": 0.40491909206916626, "precision_weighted": 0.5009501966778988, "recall_macro": 0.4068265811081857, "recall_weighted": 0.4702467343976778, "accuracy": 0.4702467343976778, "class_scores": {"Northen Russians": 0.6223091976516634, "Ukranians": 0.18888888888888888, "Belarusians": 0.2857142857142857, "Southern Russians": 0.5077951002227171}, "skipped_nodes": 121, "memory_allocated_MB": 37.34716796875, "memory_reserved_MB": 178.0, "model_name": "GL_TAGConv_3l_512h_nw_k3_gnorm_relu"}