{"f1_macro": 0.8656623841664612, "f1_weighted": 0.9291949754561769, "precision_macro": 0.9272040962126191, "precision_weighted": 0.9364644829527714, "recall_macro": 0.8380549138361639, "recall_weighted": 0.9337349397590361, "accuracy": 0.9337349397590361, "class_scores": {"English": 0.9726775956284153, "Germans": 0.8527918781725888, "French": 0.7058823529411765, "Belgium": 0.9312977099236641}, "skipped_nodes": 105, "memory_allocated_MB": 17.60888671875, "memory_reserved_MB": 54.0, "model_name": "GL_TAGConv_3l_128h_w_k3"}