{"f1_macro": 0.9365015615015615, "f1_weighted": 0.9131406803820596, "accuracy": 0.9137931034482759, "class_scores": {"Chechens": 0.8717948717948718, "Kabardians, Circassians, Adyghes": 0.9285714285714286, "Karachays, Balkars": 0.918918918918919, "Ingush": 0.9090909090909091, "Dagestan peoples": 0.8636363636363636, "Ossetians": 1.0, "Kumyks": 1.0, "Nogais": 1.0}, "skipped_nodes": 2, "model_name": "MaxIbdSum"}