{"f1_macro": 0.5220390638657331, "f1_weighted": 0.5799381857937838, "precision_macro": 0.5293425466144458, "precision_weighted": 0.5776610968870145, "recall_macro": 0.5193690508866691, "recall_weighted": 0.5851528384279476, "accuracy": 0.5851528384279476, "class_scores": {"Southern Russians": 0.6081504702194357, "Ukranians": 0.3137254901960784, "Northen Russians": 0.673972602739726, "Belarusians": 0.49230769230769234}, "skipped_nodes": 199, "model_name": "LongestIbd"}