{"f1_macro": 0.6504429953105991, "f1_weighted": 0.7502378645841046, "precision_macro": 0.695899470899471, "precision_weighted": 0.7745507884121745, "recall_macro": 0.6339703425229741, "recall_weighted": 0.7524752475247525, "accuracy": 0.7524752475247525, "class_scores": {"Chechens": 0.7368421052631579, "Kabardians, Circassians, Adyghes": 0.7636363636363637, "Karachays, Balkars": 0.7857142857142857, "Ingush": 0.75, "Dagestan peoples": 0.7391304347826086, "Ossetians": 0.7777777777777778, "Kumyks": 0.0, "Nogais": 0.0}, "skipped_nodes": 17, "memory_allocated_MB": 17.8779296875, "memory_reserved_MB": 36.0, "model_name": "GL_GINConv_3l_128h"}