{"f1_macro": 0.9634740719177805, "f1_weighted": 0.966701297980134, "precision_macro": 0.9741436925647452, "precision_weighted": 0.967372815926071, "recall_macro": 0.9543355888986956, "recall_weighted": 0.966824644549763, "accuracy": 0.966824644549763, "class_scores": {"Swedes": 0.9668874172185431, "Norwegians": 0.9711538461538461, "Danes": 0.9523809523809523}, "skipped_nodes": 4, "memory_allocated_MB": 18.580078125, "memory_reserved_MB": 48.0, "f1_macro_score_only_mask_connect": 1.0, "f1_macro_score_only_not_mask_connect": 0.5079365079365079, "f1_macro_score_mixed_connect": 0.9702849664944383, "only_mask_connect_sum": 8.0, "only_not_mask_connect_sum": 7.0, "mixed_connect_sum": 196.0, "model_name": "GL_TAGConv_3l_128h_w_k3"}