{"f1_macro": 0.6141134678178095, "f1_weighted": 0.6574382575502616, "precision_macro": 0.6125097784641778, "precision_weighted": 0.6623579102396115, "recall_macro": 0.6193493832399317, "recall_weighted": 0.6551351351351351, "accuracy": 0.6551351351351351, "class_scores": {"Southern Russians": 0.6776315789473685, "Ukranians": 0.5, "Northen Russians": 0.7854889589905363, "Belarusians": 0.49333333333333335}, "skipped_nodes": 0, "memory_allocated_MB": 159.08642578125, "memory_reserved_MB": 708.0, "model_name": "GL_TAGConv_9l_512h_w_k3"}