{"f1_macro": 0.5046075442372071, "f1_weighted": 0.6604973696795792, "precision_macro": 0.5374368686868687, "precision_weighted": 0.7123663822692949, "recall_macro": 0.48628994360902256, "recall_weighted": 0.6310679611650486, "accuracy": 0.6310679611650486, "class_scores": {"Chechens": 0.6, "Kabardians, Circassians, Adyghes": 0.625, "Karachays, Balkars": 0.7647058823529411, "Ingush": 0.6, "Dagestan peoples": 0.7804878048780488, "Ossetians": 0.6666666666666666, "Kumyks": 0.0, "Nogais": 0.0}, "skipped_nodes": 15, "memory_allocated_MB": 101.98388671875, "memory_reserved_MB": 174.0, "model_name": "GL_GINConv_9l_512h"}