{"f1_macro": 0.7491288745579363, "f1_weighted": 0.9445580490789037, "precision_macro": 0.7414529914529915, "precision_weighted": 0.9520213937391852, "recall_macro": 0.7594724064681146, "recall_weighted": 0.9386503067484663, "accuracy": 0.9386503067484663, "class_scores": {"Udmurts,Besermyan": 1.0, "Tatars,Volga-Tatars,Mishar-Tatars,Kryashens": 0.9780701754385965, "Chuvash": 0.927536231884058, "Mari": 0.09090909090909091}, "skipped_nodes": 0, "memory_allocated_MB": 42.20947265625, "memory_reserved_MB": 92.0, "model_name": "GL_GINConv_3l_512h"}