{"f1_macro": 0.6416054453713256, "f1_weighted": 0.6178997261620536, "accuracy": 0.6610169491525424, "class_scores": {"P0": 0.9473684210526315, "P1": 0.42105263157894735, "P2": 0.8095238095238095, "P3": 0.7692307692307693, "P4": 0.42424242424242425, "P5": 0.6896551724137931, "P6": 0.5454545454545454, "P7": 0.5263157894736842}, "skipped_nodes": 0, "model_name": "MaxIbdSumPerClassSize"}