{"f1_macro": 0.8937324929971989, "f1_weighted": 0.9677185256314742, "precision_macro": 0.9361471861471863, "precision_weighted": 0.9683768244139761, "recall_macro": 0.8660661234190645, "recall_weighted": 0.9690402476780186, "accuracy": 0.9690402476780186, "class_scores": {"Udmurts,Besermyan": 0.9696969696969697, "Tatars,Volga-Tatars,Mishar-Tatars,Kryashens": 0.9826839826839827, "Chuvash": 0.9558823529411765, "Mari": 0.6666666666666666}, "skipped_nodes": 3, "memory_allocated_MB": 37.91552734375, "memory_reserved_MB": 288.0, "f1_macro_score_only_mask_connect": NaN, "f1_macro_score_only_not_mask_connect": 0.8937324929971989, "f1_macro_score_mixed_connect": NaN, "only_mask_connect_sum": 0.0, "only_not_mask_connect_sum": 323.0, "mixed_connect_sum": 0.0, "model_name": "GL_TAGConv_3l_512h_w_k3_gnorm"}