{"f1_macro": 0.7800286313481403, "f1_weighted": 0.9018230133776594, "precision_macro": 0.7985333411670942, "precision_weighted": 0.9002333042938672, "recall_macro": 0.7654443711158775, "recall_weighted": 0.9056910569105691, "accuracy": 0.9056910569105691, "class_scores": {"English": 0.9729119638826185, "Germans": 0.6956521739130435, "French": 0.5348837209302325, "Belgium": 0.9166666666666666}, "skipped_nodes": 154, "memory_allocated_MB": 17.8505859375, "memory_reserved_MB": 40.0, "model_name": "GL_TAGConv_3l_128h_w_k3"}