{"f1_macro": 0.46487598122817814, "f1_weighted": 0.5312892564996471, "precision_macro": 0.4643427603525629, "precision_weighted": 0.5338663520678113, "recall_macro": 0.4662766735939704, "recall_weighted": 0.5297766749379652, "accuracy": 0.5297766749379652, "class_scores": {"Ukranians": 0.23622047244094488, "Southern Russians": 0.5703971119133574, "Northen Russians": 0.682842287694974, "Belarusians": 0.3700440528634361}, "skipped_nodes": 77, "memory_allocated_MB": 17.43017578125, "memory_reserved_MB": 36.0, "model_name": "GL_SAGEConv_3l_128h"}