{"f1_macro": 0.6208607730879031, "f1_weighted": 0.7888292403432631, "precision_macro": 0.6062597125097124, "precision_weighted": 0.7799148830967014, "recall_macro": 0.6457526488856412, "recall_weighted": 0.8090909090909091, "accuracy": 0.8090909090909091, "class_scores": {"Chechens": 0.8717948717948718, "Kabardians, Circassians, Adyghes": 0.8148148148148148, "Karachays, Balkars": 0.8648648648648649, "Ingush": 0.782608695652174, "Dagestan peoples": 0.7906976744186046, "Ossetians": 0.8421052631578947, "Kumyks": 0.0, "Nogais": 0.0}, "skipped_nodes": 8, "memory_allocated_MB": 19.390625, "memory_reserved_MB": 50.0, "f1_macro_score_only_mask_connect": 0.33134920634920634, "f1_macro_score_only_not_mask_connect": 0.7777777777777778, "f1_macro_score_mixed_connect": 0.641713515242927, "only_mask_connect_sum": 21.0, "only_not_mask_connect_sum": 8.0, "mixed_connect_sum": 81.0, "model_name": "GL_GCNConv_9l_128h_w"}