{"f1_macro": 0.9548524075504773, "f1_weighted": 0.9576947945940549, "accuracy": 0.9577464788732394, "class_scores": {"Swedes": 0.9664429530201343, "Norwegians": 0.9569377990430622, "Danes": 0.9411764705882353}, "skipped_nodes": 2, "model_name": "GL_TAGConv_9l_128h_w_k3"}