{"f1_macro": 0.8715145094457465, "f1_weighted": 0.97321641308961, "precision_macro": 0.8607142857142858, "precision_weighted": 0.9746275197195442, "recall_macro": 0.8835240820219361, "recall_weighted": 0.9723926380368099, "accuracy": 0.9723926380368099, "class_scores": {"Udmurts,Besermyan": 1.0, "Tatars,Volga-Tatars,Mishar-Tatars,Kryashens": 0.9891540130151844, "Chuvash": 0.9705882352941176, "Mari": 0.5263157894736842}, "skipped_nodes": 0, "memory_allocated_MB": 44.58056640625, "memory_reserved_MB": 606.0, "model_name": "GL_GINConv_3l_512h"}