{"f1_macro": 0.7734649642923025, "f1_weighted": 0.9540648880477631, "precision_macro": 0.9683474205770912, "precision_weighted": 0.9656477479781065, "recall_macro": 0.757955087354229, "recall_weighted": 0.9631901840490797, "accuracy": 0.9631901840490797, "class_scores": {"P0": 0.9714285714285714, "P1": 0.9871794871794872, "P2": 0.935251798561151, "P3": 0.2}, "skipped_nodes": 0, "model_name": "MaxIbdSum"}