{"f1_macro": 0.8272100491035452, "f1_weighted": 0.9077291445708326, "accuracy": 0.9109792284866469, "class_scores": {"English": 0.9706840390879479, "Germans": 0.7586206896551724, "French": 0.6610169491525424, "Belgium": 0.9185185185185185}, "skipped_nodes": 95, "model_name": "GL_SAGEConv_9l_512h"}