{"f1_macro": 0.6679111566399702, "f1_weighted": 0.7204044234854259, "accuracy": 0.6779141104294478, "class_scores": {"P0": 1.0, "P1": 0.7197802197802198, "P2": 0.711864406779661, "P3": 0.24}, "skipped_nodes": 0, "model_name": "MaxEdgeCountPerClassSize"}