{"f1_macro": 0.15405682985279015, "f1_weighted": 0.21082806019471548, "precision_macro": 0.13434473129807153, "precision_weighted": 0.18395745542680808, "recall_macro": 0.2562891826059178, "recall_weighted": 0.35064935064935066, "accuracy": 0.35064935064935066, "class_scores": {"Southern Russians": 0.07729468599033816, "Ukranians": 0.0, "Northen Russians": 0.5389326334208224, "Belarusians": 0.0}, "skipped_nodes": 1, "memory_allocated_MB": 20.140625, "memory_reserved_MB": 272.0, "model_name": "GL_GCNConv_9l_128h_w"}