{"f1_macro": 0.8523829829810905, "f1_weighted": 0.9245292331305545, "precision_macro": 0.9081832146348275, "precision_weighted": 0.9301011774817076, "recall_macro": 0.8256149731474918, "recall_weighted": 0.9286775631500743, "accuracy": 0.9286775631500743, "class_scores": {"English": 0.975929978118162, "Germans": 0.8186046511627907, "French": 0.6746987951807228, "Belgium": 0.9402985074626866}, "skipped_nodes": 96, "memory_allocated_MB": 87.19921875, "memory_reserved_MB": 210.0, "f1_macro_score_only_mask_connect": 0.7087554474510996, "f1_macro_score_only_not_mask_connect": 0.990180978051598, "f1_macro_score_mixed_connect": 0.9087167080231597, "only_mask_connect_sum": 138.0, "only_not_mask_connect_sum": 72.0, "mixed_connect_sum": 463.0, "model_name": "GL_SAGEConv_9l_512h_de"}