{"f1_macro": 0.4654708127309978, "f1_weighted": 0.533425794606528, "precision_macro": 0.46368267717060585, "precision_weighted": 0.5424408414140265, "recall_macro": 0.4771944283087633, "recall_weighted": 0.5315712187958884, "accuracy": 0.5315712187958884, "class_scores": {"Northen Russians": 0.6819923371647509, "Ukranians": 0.26744186046511625, "Belarusians": 0.38497652582159625, "Southern Russians": 0.5274725274725275}, "skipped_nodes": 129, "memory_allocated_MB": 37.3427734375, "memory_reserved_MB": 178.0, "model_name": "GL_TAGConv_3l_512h_w_k3_gnorm_gelu"}