{"f1_macro": 0.8296856780989907, "f1_weighted": 0.9260550796887769, "accuracy": 0.9385964912280702, "class_scores": {"Chechens": 0.9444444444444444, "Kabardians, Circassians, Adyghes": 0.9824561403508771, "Karachays, Balkars": 0.9714285714285714, "Ingush": 0.9090909090909091, "Dagestan peoples": 0.9411764705882353, "Ossetians": 0.8888888888888888, "Kumyks": 0.0, "Nogais": 1.0}, "skipped_nodes": 4, "model_name": "GL_SAGEConv_3l_128h"}