{"f1_macro": 0.24140956857181103, "f1_weighted": 0.2987920396837709, "accuracy": 0.34991119005328597, "class_scores": {"krasnodar": 0.4065040650406504, "yaroslavl": 0.0, "ryazan": 0.45434298440979953, "kaluga": 0.05309734513274336, "vologda": 0.29310344827586204}, "skipped_nodes": 13, "model_name": "GL_SAGEConv_3l_512h"}