{"f1_macro": 0.9424710820657354, "f1_weighted": 0.96403696511598, "accuracy": 0.965034965034965, "class_scores": {"English": 0.9796355841371919, "Germans": 0.9583333333333334, "French": 0.8760330578512396, "Belgium": 0.9558823529411765}, "skipped_nodes": 54, "model_name": "GL_TAGConv_3l_128h_w_k3"}