{"f1_macro": 0.672724420402439, "f1_weighted": 0.8106749986205776, "precision_macro": 0.6805059523809525, "precision_weighted": 0.857699868938401, "recall_macro": 0.7178073841866945, "recall_weighted": 0.7889908256880734, "accuracy": 0.7889908256880734, "class_scores": {"Chechens": 0.7894736842105263, "Kabardians, Circassians, Adyghes": 0.8627450980392157, "Karachays, Balkars": 0.8947368421052632, "Ingush": 0.631578947368421, "Dagestan peoples": 0.8717948717948718, "Ossetians": 0.8235294117647058, "Kumyks": 0.2857142857142857, "Nogais": 0.2222222222222222}, "skipped_nodes": 9, "memory_allocated_MB": 340.8388671875, "memory_reserved_MB": 722.0, "model_name": "GL_GATConv_9l_512h"}