{"f1_macro": 0.6071161477411477, "f1_weighted": 0.7767541100874434, "precision_macro": 0.5958881578947368, "precision_weighted": 0.7670786815523657, "recall_macro": 0.6320220588235295, "recall_weighted": 0.797979797979798, "accuracy": 0.797979797979798, "class_scores": {"Chechens": 0.875, "Kabardians, Circassians, Adyghes": 0.8571428571428571, "Karachays, Balkars": 0.8888888888888888, "Ingush": 0.7692307692307693, "Dagestan peoples": 0.8, "Ossetians": 0.6666666666666666, "Kumyks": 0.0, "Nogais": 0.0}, "skipped_nodes": 19, "memory_allocated_MB": 17.60009765625, "memory_reserved_MB": 48.0, "f1_macro_score_only_mask_connect": 0.19913419913419914, "f1_macro_score_only_not_mask_connect": 0.5809523809523809, "f1_macro_score_mixed_connect": 0.6986374257925982, "only_mask_connect_sum": 10.0, "only_not_mask_connect_sum": 20.0, "mixed_connect_sum": 69.0, "model_name": "GL_SAGEConv_3l_128h_de"}