{"f1_macro": 0.574062991855093, "f1_weighted": 0.632628804334151, "precision_macro": 0.5921387372911308, "precision_weighted": 0.6308305949846713, "recall_macro": 0.5682133446889261, "recall_weighted": 0.6443243243243243, "accuracy": 0.6443243243243243, "class_scores": {"Southern Russians": 0.6924177396280401, "Ukranians": 0.3669064748201439, "Northen Russians": 0.7800312012480499, "Belarusians": 0.45689655172413796}, "skipped_nodes": 0, "memory_allocated_MB": 41.73193359375, "memory_reserved_MB": 480.0, "f1_macro_score_only_mask_connect": -100.0, "f1_macro_score_only_not_mask_connect": -100.0, "f1_macro_score_mixed_connect": -100.0, "only_mask_connect_sum": -100.0, "only_not_mask_connect_sum": -100.0, "mixed_connect_sum": -100.0, "model_name": "GL_TAGConv_3l_512h_nw_k3_gnorm"}