{"f1_macro": 0.8734185626026233, "f1_weighted": 0.9590555444976698, "precision_macro": 0.8999028114698016, "precision_weighted": 0.9592297357428912, "recall_macro": 0.8519353012887495, "recall_weighted": 0.96, "accuracy": 0.96, "class_scores": {"Udmurts,Besermyan": 0.8484848484848485, "Tatars,Volga-Tatars,Mishar-Tatars,Kryashens": 0.9763440860215054, "Chuvash": 0.9629629629629629, "Mari": 0.7058823529411765}, "skipped_nodes": 1, "memory_allocated_MB": 0.00048828125, "memory_reserved_MB": 2.0, "f1_macro_score_only_mask_connect": NaN, "f1_macro_score_only_not_mask_connect": 0.8734185626026233, "f1_macro_score_mixed_connect": NaN, "only_mask_connect_sum": 0.0, "only_not_mask_connect_sum": 325.0, "mixed_connect_sum": 0.0, "model_name": "GL_LR"}