{"f1_macro": 0.5091211868464471, "f1_weighted": 0.5670844390683011, "precision_macro": 0.5548071138823389, "precision_weighted": 0.5741715867866038, "recall_macro": 0.5021652209152209, "recall_weighted": 0.5859788359788359, "accuracy": 0.5859788359788359, "class_scores": {"Northen Russians": 0.6791171477079796, "Ukranians": 0.28205128205128205, "Belarusians": 0.4607329842931937, "Southern Russians": 0.6145833333333334}, "skipped_nodes": 101, "memory_allocated_MB": 36.68359375, "memory_reserved_MB": 198.0, "model_name": "GL_TAGConv_3l_512h_nw_k3_gnorm_gelu"}