{"f1_macro": 0.630775163490902, "f1_weighted": 0.6735421992401797, "precision_macro": 0.6287435794148182, "precision_weighted": 0.6848534345421862, "recall_macro": 0.6383392207194669, "recall_weighted": 0.667027027027027, "accuracy": 0.667027027027027, "class_scores": {"Southern Russians": 0.6844741235392321, "Ukranians": 0.5070422535211268, "Northen Russians": 0.8104575163398693, "Belarusians": 0.5211267605633803}, "skipped_nodes": 0, "memory_allocated_MB": 53.39794921875, "memory_reserved_MB": 210.0, "model_name": "GL_MLP_9l_512h"}