{"f1_macro": 0.8414297844515549, "f1_weighted": 0.9173391304968413, "precision_macro": 0.8585832012996479, "precision_weighted": 0.9243955354647396, "recall_macro": 0.8397853193396969, "recall_weighted": 0.9191616766467066, "accuracy": 0.9191616766467066, "class_scores": {"English": 0.9738562091503268, "Germans": 0.7906976744186046, "French": 0.6949152542372882, "Belgium": 0.90625}, "skipped_nodes": 101, "memory_allocated_MB": 25.65576171875, "memory_reserved_MB": 94.0, "model_name": "GL_TAGConv_9l_128h_w_k3"}