{"f1_macro": 0.799242962585604, "f1_weighted": 0.883495635377761, "precision_macro": 0.8108587709679214, "precision_weighted": 0.8841684798481747, "recall_macro": 0.7963647010982238, "recall_weighted": 0.8877697841726618, "accuracy": 0.8877697841726618, "class_scores": {"English": 0.9557713052858684, "Germans": 0.729064039408867, "French": 0.6491228070175439, "Belgium": 0.863013698630137}, "skipped_nodes": 74, "memory_allocated_MB": 22.1123046875, "memory_reserved_MB": 104.0, "model_name": "GL_GINConv_9l_128h"}