{"f1_macro": 0.5532620520844613, "f1_weighted": 0.6025106302376984, "precision_macro": 0.5511511989963679, "precision_weighted": 0.6096905444280025, "recall_macro": 0.5586418971309646, "recall_weighted": 0.5978378378378378, "accuracy": 0.5978378378378378, "class_scores": {"Southern Russians": 0.6194398682042833, "Ukranians": 0.36923076923076925, "Northen Russians": 0.7612903225806451, "Belarusians": 0.46308724832214765}, "skipped_nodes": 0, "memory_allocated_MB": 23.3154296875, "memory_reserved_MB": 340.0, "model_name": "GL_GCNConv_3l_512h_w"}