{"f1_macro": 0.3541218781146792, "f1_weighted": 0.16073806763507112, "precision_macro": 0.5475873473961897, "precision_weighted": 0.8071812872392601, "recall_macro": 0.5578261152295487, "recall_weighted": 0.20552147239263804, "accuracy": 0.20552147239263804, "class_scores": {"P0": 0.972972972972973, "P1": 0.06639004149377593, "P2": 0.28112449799196787, "P3": 0.096}, "skipped_nodes": 0, "model_name": "MaxIbdSumPerClassSize"}