{"f1_macro": 0.37614331672778295, "f1_weighted": 0.4525319484858979, "precision_macro": 0.3847963906166524, "precision_weighted": 0.4516762278115998, "recall_macro": 0.3997199816315937, "recall_weighted": 0.49404117009750814, "accuracy": 0.49404117009750814, "class_scores": {"Southern Russians": 0.5444191343963554, "Ukranians": 0.36900369003690037, "Northen Russians": 0.5911504424778761, "Belarusians": 0.0}, "skipped_nodes": 2, "memory_allocated_MB": 24.2451171875, "memory_reserved_MB": 106.0, "model_name": "GL_GINConv_9l_128h"}