{"f1_macro": 0.8835371328018388, "f1_weighted": 0.9727636752357071, "precision_macro": 0.978951367781155, "precision_weighted": 0.9764148656460365, "recall_macro": 0.8423613820609528, "recall_weighted": 0.9754601226993865, "accuracy": 0.9754601226993865, "class_scores": {"P0": 0.9714285714285714, "P1": 0.9914529914529915, "P2": 0.9558823529411765, "P3": 0.6153846153846154}, "skipped_nodes": 0, "memory_allocated_MB": 41.5087890625, "memory_reserved_MB": 184.0, "model_name": "GL_TAGConv_3l_512h_w_k3_gnorm"}