{"f1_macro": 0.6125033121356651, "f1_weighted": 0.8172257819316643, "precision_macro": 0.6527297430830039, "precision_weighted": 0.8665109593963349, "recall_macro": 0.5923116615067079, "recall_weighted": 0.7878787878787878, "accuracy": 0.7878787878787878, "class_scores": {"Chechens": 0.8235294117647058, "Kabardians, Circassians, Adyghes": 0.8333333333333334, "Karachays, Balkars": 0.8108108108108109, "Ingush": 0.8, "Dagestan peoples": 0.8823529411764706, "Ossetians": 0.75, "Kumyks": 0.0, "Nogais": 0.0}, "skipped_nodes": 19, "memory_allocated_MB": 18.05712890625, "memory_reserved_MB": 70.0, "model_name": "GL_TAGConv_3l_128h_w_k3"}