{"f1_macro": 0.7240685294259126, "f1_weighted": 0.8380471685990467, "precision_macro": 0.7161107897950004, "precision_weighted": 0.8429368167743231, "recall_macro": 0.7424095954171142, "recall_weighted": 0.8446601941747572, "accuracy": 0.8446601941747572, "class_scores": {"Chechens": 0.8108108108108109, "Kabardians, Circassians, Adyghes": 0.9019607843137255, "Karachays, Balkars": 0.8888888888888888, "Ingush": 0.782608695652174, "Dagestan peoples": 0.8421052631578947, "Ossetians": 0.8421052631578947, "Kumyks": 0.0, "Nogais": 0.0}, "skipped_nodes": 15, "memory_allocated_MB": 156.9619140625, "memory_reserved_MB": 206.0, "model_name": "GL_TAGConv_9l_512h_w_k3"}