{"f1_macro": 0.5800751669958141, "f1_weighted": 0.5800751669958141, "precision_macro": 0.5785741569355015, "precision_weighted": 0.5785741569355014, "recall_macro": 0.5822510822510822, "recall_weighted": 0.5822510822510822, "accuracy": 0.5822510822510822, "class_scores": {"P0": 0.5245202558635395, "P1": 0.46017699115044247, "P2": 0.7857142857142857, "P3": 0.549889135254989}, "skipped_nodes": 0, "memory_allocated_MB": 38.9951171875, "memory_reserved_MB": 482.0, "model_name": "GL_TAGConv_3l_512h_w_k3_gnorm"}