{"f1_macro": 0.9391933497536946, "f1_weighted": 0.9579773489679348, "precision_macro": 0.9577346333675447, "precision_weighted": 0.963465309683373, "recall_macro": 0.9315689079637577, "recall_weighted": 0.9570552147239264, "accuracy": 0.9570552147239264, "class_scores": {"Udmurts,Besermyan": 1.0, "Tatars,Volga-Tatars,Mishar-Tatars,Kryashens": 0.9714285714285714, "Chuvash": 0.9103448275862069, "Mari": 0.875}, "skipped_nodes": 0, "model_name": "LongestIbd"}