{"f1_macro": 0.5168826835867519, "f1_weighted": 0.5902725193526533, "precision_macro": 0.5594036469752971, "precision_weighted": 0.5910453080889372, "recall_macro": 0.5128088717833428, "recall_weighted": 0.613933236574746, "accuracy": 0.613933236574746, "class_scores": {"Northen Russians": 0.7110332749562172, "Ukranians": 0.1951219512195122, "Belarusians": 0.5269461077844312, "Southern Russians": 0.6344294003868471}, "skipped_nodes": 121, "memory_allocated_MB": 21.388671875, "memory_reserved_MB": 82.0, "model_name": "GL_GCNConv_3l_512h_w"}