{"f1_macro": 0.3180805993474727, "f1_weighted": 0.4303827287509201, "precision_macro": 0.3701850200068766, "precision_weighted": 0.4276857387270235, "recall_macro": 0.37975621325259945, "recall_weighted": 0.5178764897074756, "accuracy": 0.5178764897074756, "class_scores": {"Southern Russians": 0.5616438356164384, "Ukranians": 0.0, "Northen Russians": 0.6814814814814815, "Belarusians": 0.029197080291970802}, "skipped_nodes": 2, "memory_allocated_MB": 27.8173828125, "memory_reserved_MB": 108.0, "model_name": "GL_TAGConv_9l_128h_w_k3"}