{"f1_macro": 0.6177719736543266, "f1_weighted": 0.8189749413278826, "accuracy": 0.8222222222222222, "class_scores": {"Chechens": 0.8648648648648649, "Kabardians, Circassians, Adyghes": 0.8571428571428571, "Karachays, Balkars": 0.8235294117647058, "Ingush": 0.8, "Dagestan peoples": 0.8823529411764706, "Ossetians": 0.7142857142857143, "Kumyks": 0.0, "Nogais": 0.0}, "skipped_nodes": 28, "model_name": "GL_TAGConv_3l_128h_w_k3"}