{"f1_macro": 0.9536349041596418, "f1_weighted": 0.9533744219602225, "precision_macro": 0.96119341563786, "precision_weighted": 0.9552734510211145, "recall_macro": 0.9483603020496224, "recall_weighted": 0.9532710280373832, "accuracy": 0.9532710280373832, "class_scores": {"Swedes": 0.9487179487179487, "Norwegians": 0.9556650246305419, "Danes": 0.9565217391304348}, "skipped_nodes": 1, "memory_allocated_MB": 338.75, "memory_reserved_MB": 2188.0, "model_name": "GL_GATConv_9l_512h"}