{"f1_macro": 0.4377389363779618, "f1_weighted": 0.5018774953903452, "precision_macro": 0.5449534042571536, "precision_weighted": 0.5471404353772197, "recall_macro": 0.4415279112487526, "recall_weighted": 0.5378787878787878, "accuracy": 0.5378787878787878, "class_scores": {"Southern Russians": 0.5624178712220762, "Ukranians": 0.23711340206185566, "Northen Russians": 0.6657101865136298, "Belarusians": 0.2857142857142857}, "skipped_nodes": 1, "memory_allocated_MB": 89.21728515625, "memory_reserved_MB": 200.0, "f1_macro_score_only_mask_connect": 0.2708333333333333, "f1_macro_score_only_not_mask_connect": 0.27841117216117217, "f1_macro_score_mixed_connect": 0.435932440111101, "only_mask_connect_sum": 15.0, "only_not_mask_connect_sum": 35.0, "mixed_connect_sum": 874.0, "model_name": "GL_SAGEConv_9l_512h_de"}