{"f1_macro": 0.5336242892089601, "f1_weighted": 0.6362605001635463, "precision_macro": 0.5316824694297115, "precision_weighted": 0.8345975478521761, "recall_macro": 0.7413267361828331, "recall_weighted": 0.5907692307692308, "accuracy": 0.5907692307692308, "class_scores": {"P0": 0.6976744186046512, "P1": 0.6666666666666666, "P2": 0.572972972972973, "P3": 0.19718309859154928}, "skipped_nodes": 0, "model_name": "MaxIbdSumPerClassSize"}