{"f1_macro": 0.5849522447369906, "f1_weighted": 0.6344782689568721, "precision_macro": 0.5858467010051376, "precision_weighted": 0.6374858157331132, "recall_macro": 0.5944177879718526, "recall_weighted": 0.64, "accuracy": 0.64, "class_scores": {"Southern Russians": 0.6374367622259697, "Ukranians": 0.38571428571428573, "Northen Russians": 0.8101644245142003, "Belarusians": 0.5064935064935064}, "skipped_nodes": 0, "model_name": "MaxIbdSumPerClassSize"}