{"f1_macro": 0.906141834256253, "f1_weighted": 0.9421717164982273, "precision_macro": 0.9339420952491492, "precision_weighted": 0.9446314722919994, "recall_macro": 0.8838181355750696, "recall_weighted": 0.943884892086331, "accuracy": 0.943884892086331, "class_scores": {"English": 0.9722814498933902, "Germans": 0.8768472906403941, "French": 0.8421052631578947, "Belgium": 0.9333333333333333}, "skipped_nodes": 74, "memory_allocated_MB": 18.27685546875, "memory_reserved_MB": 184.0, "f1_macro_score_only_mask_connect": 0.8017687584779039, "f1_macro_score_only_not_mask_connect": 0.8886574074074074, "f1_macro_score_mixed_connect": 0.9616704925531603, "only_mask_connect_sum": 160.0, "only_not_mask_connect_sum": 46.0, "mixed_connect_sum": 489.0, "model_name": "GL_SAGEConv_3l_128h"}