{"f1_macro": 0.8818148915464552, "f1_weighted": 0.9310164151625325, "precision_macro": 0.8956575870537243, "precision_weighted": 0.932745665237181, "recall_macro": 0.8724714500840107, "recall_weighted": 0.9324712643678161, "accuracy": 0.9324712643678161, "class_scores": {"English": 0.9708108108108108, "Germans": 0.8640776699029126, "French": 0.7580645161290323, "Belgium": 0.9343065693430657}, "skipped_nodes": 73, "memory_allocated_MB": 339.04296875, "memory_reserved_MB": 1948.0, "model_name": "GL_GATConv_9l_512h"}