{"f1_macro": 0.9563275006092432, "f1_weighted": 0.9627167808505951, "precision_macro": 0.9532144181701243, "precision_weighted": 0.9629950972191381, "recall_macro": 0.9596476087738224, "recall_weighted": 0.9626168224299065, "accuracy": 0.9626168224299065, "class_scores": {"Swedes": 0.9668874172185431, "Norwegians": 0.9705882352941176, "Danes": 0.9315068493150684}, "skipped_nodes": 1, "memory_allocated_MB": 88.82275390625, "memory_reserved_MB": 258.0, "f1_macro_score_only_mask_connect": 0.6470588235294118, "f1_macro_score_only_not_mask_connect": 0.43333333333333335, "f1_macro_score_mixed_connect": 0.9667984898037316, "only_mask_connect_sum": 11.0, "only_not_mask_connect_sum": 5.0, "mixed_connect_sum": 198.0, "model_name": "GL_SAGEConv_9l_512h"}