{"f1_macro": 0.5334440184081388, "f1_weighted": 0.5775469831942681, "precision_macro": 0.5314942033185753, "precision_weighted": 0.5861715391319232, "recall_macro": 0.5410698022106359, "recall_weighted": 0.5731441048034934, "accuracy": 0.5731441048034934, "class_scores": {"Ukranians": 0.38961038961038963, "Southern Russians": 0.5805369127516778, "Northen Russians": 0.7249190938511327, "Belarusians": 0.43870967741935485}, "skipped_nodes": 7, "memory_allocated_MB": 37.7197265625, "memory_reserved_MB": 238.0, "model_name": "GL_TAGConv_3l_512h_nw_k3_gnorm_gelu"}