{"f1_macro": 0.6839505392652511, "f1_weighted": 0.9253963847723733, "precision_macro": 0.7024305555555556, "precision_weighted": 0.9146600204498978, "recall_macro": 0.6733591277582694, "recall_weighted": 0.9386503067484663, "accuracy": 0.9386503067484663, "class_scores": {"P0": 0.875, "P1": 0.9767441860465116, "P2": 0.8840579710144928, "P3": 0.0}, "skipped_nodes": 0, "model_name": "MaxIbdSum"}