{"f1_macro": 0.8906294967627156, "f1_weighted": 0.8943457946082709, "accuracy": 0.895, "class_scores": {"Swedes": 0.8840579710144928, "Norwegians": 0.9041095890410958, "Danes": 0.8837209302325582}, "skipped_nodes": 15, "model_name": "GL_GINConv_3l_128h"}