{"f1_macro": 0.9716516833562615, "f1_weighted": 0.97209700375953, "precision_macro": 0.9772267206477733, "precision_weighted": 0.9724107899444495, "recall_macro": 0.966620601183708, "recall_weighted": 0.9720930232558139, "accuracy": 0.9720930232558139, "class_scores": {"Swedes": 0.9668874172185431, "Norwegians": 0.9758454106280193, "Danes": 0.9722222222222222}, "skipped_nodes": 0, "memory_allocated_MB": 339.88623046875, "memory_reserved_MB": 2104.0, "f1_macro_score_only_mask_connect": 1.0, "f1_macro_score_only_not_mask_connect": 0.8, "f1_macro_score_mixed_connect": 0.9756775262492493, "only_mask_connect_sum": 12.0, "only_not_mask_connect_sum": 5.0, "mixed_connect_sum": 198.0, "model_name": "GL_GATConv_9l_512h"}