{"f1_macro": 0.7126724991994855, "f1_weighted": 0.7412567515506548, "precision_macro": 0.7439955501511332, "precision_weighted": 0.7497362186124165, "recall_macro": 0.6968712329616517, "recall_weighted": 0.745814307458143, "accuracy": 0.745814307458143, "class_scores": {"Southern Russians": 0.7595959595959596, "Ukranians": 0.5957446808510638, "Northen Russians": 0.8211920529801324, "Belarusians": 0.6741573033707865}, "skipped_nodes": 0, "memory_allocated_MB": 180.04638671875, "memory_reserved_MB": 59214.0, "model_name": "GL_TAGConv_3l_512h_w_k3_gnorm"}