{"f1_macro": 0.764321549553488, "f1_weighted": 0.9061486755710604, "precision_macro": 0.783095677542272, "precision_weighted": 0.9093328871406164, "recall_macro": 0.7526551469606666, "recall_weighted": 0.9059561128526645, "accuracy": 0.9059561128526645, "class_scores": {"Udmurts,Besermyan": 0.9032258064516129, "Tatars,Volga-Tatars,Mishar-Tatars,Kryashens": 0.9419642857142857, "Chuvash": 0.8591549295774648, "Mari": 0.35294117647058826}, "skipped_nodes": 7, "model_name": "MaxIbdSum"}