{"f1_macro": 0.6861019534835615, "f1_weighted": 0.6861019534835614, "precision_macro": 0.6862797940813486, "precision_weighted": 0.6862797940813486, "recall_macro": 0.6861471861471862, "recall_weighted": 0.6861471861471862, "accuracy": 0.6861471861471862, "class_scores": {"P0": 0.6535087719298246, "P1": 0.5739130434782609, "P2": 0.8347826086956521, "P3": 0.6822033898305084}, "skipped_nodes": 0, "memory_allocated_MB": 23.22412109375, "memory_reserved_MB": 100.0, "model_name": "GL_MLP_3l_512h"}