{"f1_macro": 0.7451417658847999, "f1_weighted": 0.8746819974190492, "accuracy": 0.8898305084745762, "class_scores": {"Chechens": 0.9230769230769231, "Kabardians, Circassians, Adyghes": 0.9122807017543859, "Karachays, Balkars": 0.8648648648648649, "Ingush": 0.9090909090909091, "Dagestan peoples": 0.9803921568627451, "Ossetians": 0.8, "Kumyks": 0.0, "Nogais": 0.5714285714285714}, "skipped_nodes": 0, "model_name": "GL_GCNConv_9l_128h_w"}