{"f1_macro": 0.40978211419417054, "f1_weighted": 0.5085656283733831, "precision_macro": 0.4036046425416965, "precision_weighted": 0.47453872634704974, "recall_macro": 0.4353570272244648, "recall_weighted": 0.5617021276595745, "accuracy": 0.5617021276595745, "class_scores": {"Northen Russians": 0.6950819672131148, "Ukranians": 0.0, "Belarusians": 0.3741935483870968, "Southern Russians": 0.5698529411764706}, "skipped_nodes": 105, "memory_allocated_MB": 36.5693359375, "memory_reserved_MB": 374.0, "model_name": "GL_GATConv_9l_128h"}