{"f1_macro": 0.5138608013575122, "f1_weighted": 0.6008504478545795, "precision_macro": 0.5305436035575755, "precision_weighted": 0.593721593040371, "recall_macro": 0.508296798359646, "recall_weighted": 0.6155143338954469, "accuracy": 0.6155143338954469, "class_scores": {"Northen Russians": 0.745417515274949, "Ukranians": 0.24806201550387597, "Belarusians": 0.42748091603053434, "Southern Russians": 0.6344827586206897}, "skipped_nodes": 145, "memory_allocated_MB": 36.67822265625, "memory_reserved_MB": 158.0, "model_name": "GL_TAGConv_3l_512h_w_k3_gnorm_gelu"}