{"f1_macro": 0.14332698709598404, "f1_weighted": 0.21697822609676712, "accuracy": 0.3350694444444444, "class_scores": {"krasnodar": 0.19858156028368795, "yaroslavl": 0.0, "ryazan": 0.5180533751962323, "kaluga": 0.0, "vologda": 0.0}, "skipped_nodes": 0, "model_name": "GL_GINConv_9l_128h"}