{"f1_macro": 0.6818183400155919, "f1_weighted": 0.8544196929587842, "accuracy": 0.8492307692307692, "class_scores": {"P0": 0.8125, "P1": 0.908675799086758, "P2": 0.7560975609756098, "P3": 0.25}, "skipped_nodes": 0, "model_name": "LongestIbd"}