{"f1_macro": 0.1471042471042471, "f1_weighted": 0.2321244996091622, "precision_macro": 0.3521897810218978, "precision_weighted": 0.34736465003806366, "recall_macro": 0.10175250357653791, "recall_weighted": 0.18098159509202455, "accuracy": 0.18098159509202455, "class_scores": {"P0": 0.2857142857142857, "P1": 0.3027027027027027, "P2": 0.0, "P3": 0.0}, "skipped_nodes": 0, "model_name": "MaxIbdSum"}