{"f1_macro": 0.5064287938781866, "f1_weighted": 0.5978367153709654, "precision_macro": 0.5174252805451649, "precision_weighted": 0.8317326396465307, "recall_macro": 0.7046597439916406, "recall_weighted": 0.5479876160990712, "accuracy": 0.5479876160990712, "class_scores": {"P0": 0.7142857142857143, "P1": 0.6272189349112426, "P2": 0.5263157894736842, "P3": 0.15789473684210525}, "skipped_nodes": 2, "model_name": "MaxIbdSumPerClassSize"}