{"f1_macro": 0.9082676426426427, "f1_weighted": 0.9320424748056327, "precision_macro": 0.8999756335282652, "precision_weighted": 0.9372541978728497, "recall_macro": 0.9211049132296596, "recall_weighted": 0.9298245614035088, "accuracy": 0.9298245614035088, "class_scores": {"Chechens": 0.918918918918919, "Kabardians, Circassians, Adyghes": 0.9285714285714286, "Karachays, Balkars": 0.8888888888888888, "Ingush": 1.0, "Dagestan peoples": 0.9583333333333334, "Ossetians": 1.0, "Kumyks": 1.0, "Nogais": 0.5714285714285714}, "skipped_nodes": 4, "memory_allocated_MB": 16.92724609375, "memory_reserved_MB": 26.0, "model_name": "GL_MLP_3l_128h"}