{"f1_macro": 0.8214326345066366, "f1_weighted": 0.9250217141183286, "accuracy": 0.9233128834355828, "class_scores": {"P0": 0.972972972972973, "P1": 0.9574944071588367, "P2": 0.8552631578947368, "P3": 0.5}, "skipped_nodes": 0, "model_name": "LongestIbd"}