{"f1_macro": 0.7096475659229209, "f1_weighted": 0.941751546186488, "precision_macro": 0.7066962573291687, "precision_weighted": 0.9328893389233529, "recall_macro": 0.71793037672866, "recall_weighted": 0.9539877300613497, "accuracy": 0.9539877300613497, "class_scores": {"Udmurts,Besermyan": 0.9411764705882353, "Tatars,Volga-Tatars,Mishar-Tatars,Kryashens": 0.9870689655172413, "Chuvash": 0.9103448275862069, "Mari": 0.0}, "skipped_nodes": 0, "memory_allocated_MB": 42.3291015625, "memory_reserved_MB": 258.0, "f1_macro_score_only_mask_connect": NaN, "f1_macro_score_only_not_mask_connect": NaN, "f1_macro_score_mixed_connect": 0.7096475659229209, "only_mask_connect_sum": 0.0, "only_not_mask_connect_sum": 0.0, "mixed_connect_sum": 326.0, "model_name": "GL_SAGEConv_3l_512h_de"}