{"f1_macro": 0.8933566219280504, "f1_weighted": 0.92354701013772, "precision_macro": 0.8561602870813396, "precision_weighted": 0.9389511844306808, "recall_macro": 0.9453981878874583, "recall_weighted": 0.9202453987730062, "accuracy": 0.9202453987730062, "class_scores": {"P0": 0.972972972972973, "P1": 0.9433106575963719, "P2": 0.8571428571428571, "P3": 0.8}, "skipped_nodes": 0, "model_name": "LongestIbd"}