{"f1_macro": 0.4201594691651719, "f1_weighted": 0.48713371867248045, "precision_macro": 0.42110639241861497, "precision_weighted": 0.4807403126649096, "recall_macro": 0.4221381096381096, "recall_weighted": 0.49603174603174605, "accuracy": 0.49603174603174605, "class_scores": {"Northen Russians": 0.634315424610052, "Ukranians": 0.18556701030927836, "Belarusians": 0.3380281690140845, "Southern Russians": 0.5227272727272727}, "skipped_nodes": 101, "memory_allocated_MB": 37.39208984375, "memory_reserved_MB": 200.0, "model_name": "GL_TAGConv_3l_512h_nw_k3_gnorm_gelu"}