{"f1_macro": 0.8515216148077314, "f1_weighted": 0.9210052287052831, "precision_macro": 0.9081570011840276, "precision_weighted": 0.9258099827795575, "recall_macro": 0.8232591764598848, "recall_weighted": 0.9257057949479941, "accuracy": 0.9257057949479941, "class_scores": {"English": 0.971677559912854, "Germans": 0.8038277511961722, "French": 0.6746987951807228, "Belgium": 0.9558823529411765}, "skipped_nodes": 96, "memory_allocated_MB": 17.0283203125, "memory_reserved_MB": 50.0, "f1_macro_score_only_mask_connect": 0.7268324129501138, "f1_macro_score_only_not_mask_connect": 0.9681512605042016, "f1_macro_score_mixed_connect": 0.8978766588602654, "only_mask_connect_sum": 138.0, "only_not_mask_connect_sum": 72.0, "mixed_connect_sum": 463.0, "model_name": "GL_GCNConv_3l_128h_w"}