{"f1_macro": 0.4108173076923077, "f1_weighted": 0.5204322007236117, "precision_macro": 0.4737030697726197, "precision_weighted": 0.6977101048994212, "recall_macro": 0.43703125677374605, "recall_weighted": 0.4815950920245399, "accuracy": 0.4815950920245399, "class_scores": {"P0": 0.6875, "P1": 0.5641025641025641, "P2": 0.39166666666666666, "P3": 0.0}, "skipped_nodes": 0, "model_name": "LongestIbd"}