{"f1_macro": 0.8470941014930784, "f1_weighted": 0.9157426655534955, "precision_macro": 0.9166651714960677, "precision_weighted": 0.9275404838922007, "recall_macro": 0.8274077705991917, "recall_weighted": 0.9224137931034483, "accuracy": 0.9224137931034483, "class_scores": {"English": 0.9686486486486486, "Germans": 0.8403361344537815, "French": 0.6373626373626373, "Belgium": 0.9420289855072463}, "skipped_nodes": 73, "memory_allocated_MB": 157.4072265625, "memory_reserved_MB": 404.0, "model_name": "GL_TAGConv_9l_512h_w_k3"}