{"f1_macro": 0.8380501741454331, "f1_weighted": 0.9683829840530098, "precision_macro": 0.9164648910411622, "precision_weighted": 0.9695516867451983, "recall_macro": 0.8017676767676768, "recall_weighted": 0.9723926380368099, "accuracy": 0.9723926380368099, "class_scores": {"Udmurts,Besermyan": 0.9411764705882353, "Tatars,Volga-Tatars,Mishar-Tatars,Kryashens": 0.9936034115138592, "Chuvash": 0.9558823529411765, "Mari": 0.46153846153846156}, "skipped_nodes": 0, "memory_allocated_MB": 128.001953125, "memory_reserved_MB": 888.0, "f1_macro_score_only_mask_connect": NaN, "f1_macro_score_only_not_mask_connect": NaN, "f1_macro_score_mixed_connect": 0.8380501741454331, "only_mask_connect_sum": 0.0, "only_not_mask_connect_sum": 0.0, "mixed_connect_sum": 326.0, "model_name": "GL_SAGEConv_9l_512h_de"}