{"f1_macro": 0.6728956010716446, "f1_weighted": 0.8542809856784447, "accuracy": 0.8738738738738738, "class_scores": {"Chechens": 0.8571428571428571, "Kabardians, Circassians, Adyghes": 0.9310344827586207, "Karachays, Balkars": 0.9142857142857143, "Ingush": 0.9473684210526315, "Dagestan peoples": 0.8444444444444444, "Ossetians": 0.8888888888888888, "Kumyks": 0.0, "Nogais": 0.0}, "skipped_nodes": 7, "model_name": "GL_GINConv_3l_128h"}