{"f1_macro": 0.9218740394496189, "f1_weighted": 0.9294033240555891, "accuracy": 0.9302325581395349, "class_scores": {"Swedes": 0.9261744966442953, "Norwegians": 0.9439252336448598, "Danes": 0.8955223880597015}, "skipped_nodes": 0, "model_name": "GL_GCNConv_9l_128h_w"}