{"f1_macro": 0.8849751468790423, "f1_weighted": 0.9407866424260454, "precision_macro": 0.9498527906405227, "precision_weighted": 0.944777937069618, "recall_macro": 0.8438388000888001, "recall_weighted": 0.9435483870967742, "accuracy": 0.9435483870967742, "class_scores": {"English": 0.9700332963374029, "Germans": 0.8571428571428571, "French": 0.7619047619047619, "Belgium": 0.9508196721311475}, "skipped_nodes": 149, "memory_allocated_MB": 18.49560546875, "memory_reserved_MB": 52.0, "model_name": "GL_GCNConv_9l_128h_w"}