{"f1_macro": 0.7944067293852863, "f1_weighted": 0.8647501156861224, "precision_macro": 0.9248426382047072, "precision_weighted": 0.8843614085457984, "recall_macro": 0.7283262256202017, "recall_weighted": 0.8772455089820359, "accuracy": 0.8772455089820359, "class_scores": {"English": 0.9249743062692704, "Germans": 0.6707317073170732, "French": 0.6666666666666666, "Belgium": 0.9152542372881356}, "skipped_nodes": 101, "memory_allocated_MB": 16.94482421875, "memory_reserved_MB": 50.0, "model_name": "GL_SAGEConv_3l_128h"}