{"f1_macro": 0.5742479742479742, "f1_weighted": 0.6995141310930785, "precision_macro": 0.5530035451680672, "precision_weighted": 0.755686666113814, "recall_macro": 0.6787974683544304, "recall_weighted": 0.6666666666666666, "accuracy": 0.6666666666666666, "class_scores": {"P0": 0.7777777777777778, "P1": 0.7902097902097902, "P2": 0.4909090909090909, "P3": 0.23809523809523808}, "skipped_nodes": 49, "memory_allocated_MB": 21.6845703125, "memory_reserved_MB": 48.0, "model_name": "GL_MLP_3l_512h"}