{"f1_macro": 0.6688974234321827, "f1_weighted": 0.8899737958966988, "precision_macro": 0.6867107839827132, "precision_weighted": 0.8782807834897283, "recall_macro": 0.6546093987081112, "recall_weighted": 0.9049079754601227, "accuracy": 0.9049079754601227, "class_scores": {"P0": 0.9411764705882353, "P1": 0.9504132231404959, "P2": 0.784, "P3": 0.0}, "skipped_nodes": 0, "model_name": "MaxSegmentCount"}