{"f1_macro": 0.738748252834291, "f1_weighted": 0.9589210495475712, "precision_macro": 0.7281749569144826, "precision_weighted": 0.9460724638790783, "recall_macro": 0.75, "recall_weighted": 0.9723926380368099, "accuracy": 0.9723926380368099, "class_scores": {"Udmurts,Besermyan": 1.0, "Tatars,Volga-Tatars,Mishar-Tatars,Kryashens": 0.9914893617021276, "Chuvash": 0.9635036496350365, "Mari": 0.0}, "skipped_nodes": 0, "memory_allocated_MB": 86.00732421875, "memory_reserved_MB": 864.0, "f1_macro_score_only_mask_connect": -100.0, "f1_macro_score_only_not_mask_connect": -100.0, "f1_macro_score_mixed_connect": -100.0, "only_mask_connect_sum": -100.0, "only_not_mask_connect_sum": -100.0, "mixed_connect_sum": -100.0, "model_name": "GL_GCNConv_9l_512h_w"}