{"f1_macro": 0.6663690476190476, "f1_weighted": 0.8068783068783068, "accuracy": 0.8198198198198198, "class_scores": {"Chechens": 0.75, "Kabardians, Circassians, Adyghes": 0.8888888888888888, "Karachays, Balkars": 0.9444444444444444, "Ingush": 0.5333333333333333, "Dagestan peoples": 0.8571428571428571, "Ossetians": 0.8571428571428571, "Kumyks": 0.0, "Nogais": 0.5}, "skipped_nodes": 7, "model_name": "GL_GCNConv_9l_128h_w"}