{"f1_macro": 0.4169858608786116, "f1_weighted": 0.67128152816903, "precision_macro": 0.3876744663382594, "precision_weighted": 0.6310845257643288, "recall_macro": 0.4690656565656566, "recall_weighted": 0.7428571428571429, "accuracy": 0.7428571428571429, "class_scores": {"Chechens": 0.6792452830188679, "Kabardians, Circassians, Adyghes": 0.8571428571428571, "Karachays, Balkars": 0.8947368421052632, "Ingush": 0.0, "Dagestan peoples": 0.9047619047619048, "Ossetians": 0.0, "Kumyks": 0.0, "Nogais": 0.0}, "skipped_nodes": 13, "memory_allocated_MB": 18.5068359375, "memory_reserved_MB": 46.0, "model_name": "GL_GCNConv_9l_128h_w"}