{"f1_macro": 0.21537046608494725, "f1_weighted": 0.23706274571252833, "precision_macro": 0.16488009954000454, "precision_weighted": 0.1753971743076722, "recall_macro": 0.32494246260069043, "recall_weighted": 0.37703141928494044, "accuracy": 0.37703141928494044, "class_scores": {"Southern Russians": 0.0, "Ukranians": 0.0, "Northen Russians": 0.5711592836946278, "Belarusians": 0.2903225806451613}, "skipped_nodes": 2, "memory_allocated_MB": 102.13427734375, "memory_reserved_MB": 234.0, "model_name": "GL_GINConv_9l_512h"}