{"f1_macro": 0.3819568190294642, "f1_weighted": 0.6919407940396533, "precision_macro": 0.42037259615384615, "precision_weighted": 0.7485646938013443, "recall_macro": 0.350509705348415, "recall_weighted": 0.6440129449838188, "accuracy": 0.6440129449838188, "class_scores": {"Udmurts,Besermyan": 0.0, "Tatars,Volga-Tatars,Mishar-Tatars,Kryashens": 0.7481662591687042, "Chuvash": 0.7796610169491526, "Mari": 0.0}, "skipped_nodes": 17, "memory_allocated_MB": 22.17041015625, "memory_reserved_MB": 48.0, "model_name": "GL_MLP_3l_512h"}