{"f1_macro": 0.6809769754546398, "f1_weighted": 0.9296244794988147, "precision_macro": 0.6905123155556656, "precision_weighted": 0.919577728785289, "recall_macro": 0.6765939501044272, "recall_weighted": 0.9415384615384615, "accuracy": 0.9415384615384615, "class_scores": {"P0": 0.8387096774193549, "P1": 0.9787234042553191, "P2": 0.9064748201438849, "P3": 0.0}, "skipped_nodes": 0, "memory_allocated_MB": 41.306640625, "memory_reserved_MB": 196.0, "f1_macro_score_only_mask_connect": -100.0, "f1_macro_score_only_not_mask_connect": -100.0, "f1_macro_score_mixed_connect": -100.0, "only_mask_connect_sum": -100.0, "only_not_mask_connect_sum": -100.0, "mixed_connect_sum": -100.0, "model_name": "GL_TAGConv_3l_512h_w_k3_gnorm"}