{"f1_macro": 0.44348756556426894, "f1_weighted": 0.5107106981548191, "precision_macro": 0.4801447691357811, "precision_weighted": 0.5286478485139363, "recall_macro": 0.44134901402423654, "recall_weighted": 0.5264864864864864, "accuracy": 0.5264864864864864, "class_scores": {"Southern Russians": 0.5829145728643216, "Ukranians": 0.32231404958677684, "Northen Russians": 0.6609294320137694, "Belarusians": 0.2077922077922078}, "skipped_nodes": 0, "memory_allocated_MB": 53.39794921875, "memory_reserved_MB": 748.0, "model_name": "GL_GCNConv_9l_512h_w"}