{"f1_macro": 0.2651504858470638, "f1_weighted": 0.32950592717225374, "accuracy": 0.40418118466898956, "class_scores": {"krasnodar": 0.4444444444444444, "yaroslavl": 0.0, "ryazan": 0.5133079847908745, "kaluga": 0.0, "vologda": 0.368}, "skipped_nodes": 2, "model_name": "GL_GINConv_3l_128h"}