{"f1_macro": 0.9785610418602746, "f1_weighted": 0.9788054337110557, "precision_macro": 0.9660087719298245, "precision_weighted": 0.9802227962544399, "recall_macro": 0.9924892703862661, "recall_weighted": 0.9785276073619632, "accuracy": 0.9785276073619632, "class_scores": {"Udmurts,Besermyan": 0.972972972972973, "Tatars,Volga-Tatars,Mishar-Tatars,Kryashens": 0.9847494553376906, "Chuvash": 0.9565217391304348, "Mari": 1.0}, "skipped_nodes": 0, "memory_allocated_MB": 39.27685546875, "memory_reserved_MB": 292.0, "f1_macro_score_only_mask_connect": NaN, "f1_macro_score_only_not_mask_connect": 0.9785610418602746, "f1_macro_score_mixed_connect": NaN, "only_mask_connect_sum": 0.0, "only_not_mask_connect_sum": 326.0, "mixed_connect_sum": 0.0, "model_name": "GL_TAGConv_3l_512h_w_k3_gnorm"}