{"f1_macro": 0.8944822151343891, "f1_weighted": 0.9303482526544911, "accuracy": 0.9304347826086956, "class_scores": {"Chechens": 0.972972972972973, "Kabardians, Circassians, Adyghes": 0.9285714285714286, "Karachays, Balkars": 1.0, "Ingush": 0.9523809523809523, "Dagestan peoples": 0.9130434782608695, "Ossetians": 0.8333333333333334, "Kumyks": 0.6666666666666666, "Nogais": 0.8888888888888888}, "skipped_nodes": 3, "model_name": "GL_TAGConv_3l_512h_w_k3"}