{"f1_macro": 0.4497020139011479, "f1_weighted": 0.47823539887672517, "precision_macro": 0.47179787142397756, "precision_weighted": 0.527665080914716, "recall_macro": 0.4751312186080596, "recall_weighted": 0.48791714614499426, "accuracy": 0.48791714614499426, "class_scores": {"Ukranians": 0.34402332361516036, "Southern Russians": 0.3891402714932127, "Northen Russians": 0.6521106259097526, "Belarusians": 0.41353383458646614}, "skipped_nodes": 36, "memory_allocated_MB": 102.125, "memory_reserved_MB": 388.0, "model_name": "GL_GINConv_9l_512h"}