{"f1_macro": 0.5151536693007618, "f1_weighted": 0.5288350283763963, "precision_macro": 0.5200783999261784, "precision_weighted": 0.5275565264619865, "recall_macro": 0.5159020533758066, "recall_weighted": 0.5357142857142857, "accuracy": 0.5357142857142857, "class_scores": {"P0": 0.5678627145085804, "P1": 0.37158469945355194, "P2": 0.6452830188679245, "P3": 0.4758842443729904}, "skipped_nodes": 0, "model_name": "LongestIbd"}