{"f1_macro": 0.8389893865055551, "f1_weighted": 0.957135969099775, "precision_macro": 0.8596133081387501, "precision_weighted": 0.9587322084647507, "recall_macro": 0.823421988121559, "recall_weighted": 0.9570552147239264, "accuracy": 0.9570552147239264, "class_scores": {"Udmurts,Besermyan": 0.9090909090909091, "Tatars,Volga-Tatars,Mishar-Tatars,Kryashens": 0.9830508474576272, "Chuvash": 0.9375, "Mari": 0.5263157894736842}, "skipped_nodes": 0, "memory_allocated_MB": 0.00048828125, "memory_reserved_MB": 2.0, "f1_macro_score_only_mask_connect": NaN, "f1_macro_score_only_not_mask_connect": 0.8389893865055551, "f1_macro_score_mixed_connect": NaN, "only_mask_connect_sum": 0.0, "only_not_mask_connect_sum": 326.0, "mixed_connect_sum": 0.0, "model_name": "GL_LR"}