{"f1_macro": 0.5118066072898055, "f1_weighted": 0.7145880508506205, "precision_macro": 0.9236317167435482, "precision_weighted": 0.823305620179269, "recall_macro": 0.458284914319397, "recall_weighted": 0.7674750356633381, "accuracy": 0.7674750356633381, "class_scores": {"English": 0.851024208566108, "Germans": 0.6850828729281768, "French": 0.34210526315789475, "Belgium": 0.16901408450704225}, "skipped_nodes": 68, "memory_allocated_MB": 16.619140625, "memory_reserved_MB": 62.0, "model_name": "GL_GCNConv_3l_128h_w"}