{"f1_macro": 0.9300661761012607, "f1_weighted": 0.9837588866767102, "precision_macro": 0.9, "precision_weighted": 0.9889570552147239, "recall_macro": 0.985417479516192, "recall_weighted": 0.9815950920245399, "accuracy": 0.9815950920245399, "class_scores": {"Udmurts,Besermyan": 1.0, "Tatars,Volga-Tatars,Mishar-Tatars,Kryashens": 0.9935205183585313, "Chuvash": 0.9767441860465116, "Mari": 0.75}, "skipped_nodes": 0, "memory_allocated_MB": 17.611328125, "memory_reserved_MB": 74.0, "model_name": "GL_SAGEConv_3l_128h"}