{"f1_macro": 0.6234182442924637, "f1_weighted": 0.7543251850979116, "precision_macro": 0.8833447254499885, "precision_weighted": 0.8454068275319516, "recall_macro": 0.651927152738118, "recall_weighted": 0.8113207547169812, "accuracy": 0.8113207547169812, "class_scores": {"Swedes": 0.8947368421052632, "Norwegians": 0.864406779661017, "Danes": 0.1111111111111111}, "skipped_nodes": 3, "memory_allocated_MB": 21.7978515625, "memory_reserved_MB": 56.0, "model_name": "GL_GINConv_9l_128h"}