{"f1_macro": 0.4951284701722798, "f1_weighted": 0.54002933378001, "precision_macro": 0.49936489831808506, "precision_weighted": 0.5363073555617018, "recall_macro": 0.49331275496210125, "recall_weighted": 0.5458515283842795, "accuracy": 0.5458515283842795, "class_scores": {"Ukranians": 0.34507042253521125, "Southern Russians": 0.5520504731861199, "Northen Russians": 0.6818181818181818, "Belarusians": 0.4015748031496063}, "skipped_nodes": 7, "memory_allocated_MB": 18.42333984375, "memory_reserved_MB": 104.0, "model_name": "GL_TAGConv_3l_128h_w_k3"}