{"f1_macro": 0.9089050044696934, "f1_weighted": 0.9192446993046384, "accuracy": 0.9195979899497487, "class_scores": {"Swedes": 0.9241379310344827, "Norwegians": 0.9245283018867925, "Danes": 0.8780487804878049}, "skipped_nodes": 16, "model_name": "GL_TAGConv_9l_128h_w_k3"}