{"f1_macro": 0.23091884641180416, "f1_weighted": 0.052383009714730096, "precision_macro": 0.23699479791916767, "precision_weighted": 0.05334403700130359, "recall_macro": 0.226010101010101, "recall_weighted": 0.05214723926380368, "accuracy": 0.05214723926380368, "class_scores": {"P0": 0.9142857142857143, "P1": 0.0, "P2": 0.009389671361502348, "P3": 0.0}, "skipped_nodes": 0, "model_name": "MaxEdgeCountPerClassSize"}