{"f1_macro": 0.9837023173475808, "f1_weighted": 0.9859664179409859, "precision_macro": 0.9892037786774628, "precision_weighted": 0.9861971565765935, "recall_macro": 0.9787457360272894, "recall_weighted": 0.986046511627907, "accuracy": 0.986046511627907, "class_scores": {"P0": 0.9933774834437086, "P1": 0.9855072463768116, "P2": 0.9722222222222222}, "skipped_nodes": 0, "memory_allocated_MB": 337.31591796875, "memory_reserved_MB": 2150.0, "model_name": "GL_GATConv_9l_512h"}