{"f1_macro": 0.947831453052807, "f1_weighted": 0.9673649222070496, "precision_macro": 0.961943540028857, "precision_weighted": 0.9681238975268847, "recall_macro": 0.9369273706197274, "recall_weighted": 0.9680998613037448, "accuracy": 0.9680998613037448, "class_scores": {"English": 0.9849785407725322, "Germans": 0.9397590361445783, "French": 0.896, "Belgium": 0.9705882352941176}, "skipped_nodes": 48, "memory_allocated_MB": 97.02734375, "memory_reserved_MB": 1176.0, "model_name": "GL_GATConv_3l_512h"}