{"f1_macro": 0.805806653607784, "f1_weighted": 0.9405243772487024, "precision_macro": 0.9476741044897077, "precision_weighted": 0.9553284805567975, "recall_macro": 0.7937529804482595, "recall_weighted": 0.9447852760736196, "accuracy": 0.9447852760736196, "class_scores": {"Udmurts,Besermyan": 1.0, "Tatars,Volga-Tatars,Mishar-Tatars,Kryashens": 0.9736842105263158, "Chuvash": 0.8859060402684564, "Mari": 0.36363636363636365}, "skipped_nodes": 0, "model_name": "MaxSegmentCount"}