{"f1_macro": 0.6028290025230788, "f1_weighted": 0.6615360057124354, "accuracy": 0.6024590163934426, "class_scores": {"Udmurts,Besermyan": 0.9523809523809523, "Tatars,Volga-Tatars,Mishar-Tatars,Kryashens": 0.7193675889328063, "Chuvash": 0.5306122448979592, "Mari": 0.208955223880597}, "skipped_nodes": 82, "model_name": "MaxIbdSumPerClassSize"}