{"f1_macro": 0.8448814260854882, "f1_weighted": 0.928584795265192, "precision_macro": 0.8988990289992277, "precision_weighted": 0.9311853579280998, "recall_macro": 0.8154852039442377, "recall_weighted": 0.9332273449920508, "accuracy": 0.9332273449920508, "class_scores": {"English": 0.9773755656108597, "Germans": 0.8248587570621468, "French": 0.6470588235294118, "Belgium": 0.9302325581395349}, "skipped_nodes": 140, "memory_allocated_MB": 18.767578125, "memory_reserved_MB": 78.0, "f1_macro_score_only_mask_connect": 0.6862719178569594, "f1_macro_score_only_not_mask_connect": 0.9038378552831023, "f1_macro_score_mixed_connect": 0.831828432796296, "only_mask_connect_sum": 94.0, "only_not_mask_connect_sum": 159.0, "mixed_connect_sum": 376.0, "model_name": "GL_GCNConv_9l_128h_w"}