{"f1_macro": 0.7999149593120062, "f1_weighted": 0.8796582355712319, "precision_macro": 0.8646037795882516, "precision_weighted": 0.9079978141078235, "recall_macro": 0.7893991310291418, "recall_weighted": 0.8719611021069692, "accuracy": 0.8719611021069692, "class_scores": {"English": 0.9331770222743259, "Germans": 0.6666666666666666, "French": 0.7213114754098361, "Belgium": 0.8785046728971962}, "skipped_nodes": 152, "memory_allocated_MB": 21.6142578125, "memory_reserved_MB": 40.0, "model_name": "GL_MLP_3l_512h"}