{"f1_macro": 0.560316331368963, "f1_weighted": 0.5197779332051058, "accuracy": 0.641860465116279, "class_scores": {"Swedes": 0.02631578947368421, "Norwegians": 0.7357142857142858, "Danes": 0.918918918918919}, "skipped_nodes": 0, "model_name": "GL_GATConv_9l_512h"}