{"f1_macro": 0.17304829380997022, "f1_weighted": 0.25816910151628286, "accuracy": 0.3410301953818828, "class_scores": {"krasnodar": 0.4045368620037807, "yaroslavl": 0.0, "ryazan": 0.46070460704607047, "kaluga": 0.0, "vologda": 0.0}, "skipped_nodes": 13, "model_name": "GL_GATConv_3l_512h"}