{"f1_macro": 0.9344970153403496, "f1_weighted": 0.9594404801908011, "precision_macro": 0.9398935519942111, "precision_weighted": 0.9610338914582701, "recall_macro": 0.9323868069060965, "recall_weighted": 0.9597222222222223, "accuracy": 0.9597222222222223, "class_scores": {"English": 0.9815016322089227, "Germans": 0.9322033898305084, "French": 0.9064748201438849, "Belgium": 0.9178082191780822}, "skipped_nodes": 49, "memory_allocated_MB": 25.14599609375, "memory_reserved_MB": 32.0, "model_name": "GL_SAGEConv_3l_512h"}