{"f1_macro": 0.8833168765680502, "f1_weighted": 0.9021869532894013, "accuracy": 0.9047619047619048, "class_scores": {"Swedes": 0.9154929577464789, "Norwegians": 0.9196428571428571, "Danes": 0.8148148148148148}, "skipped_nodes": 5, "model_name": "GL_GCNConv_3l_128h_w"}