{"f1_macro": 0.3412412439887424, "f1_weighted": 0.5745472847610349, "accuracy": 0.5613496932515337, "class_scores": {"Udmurts,Besermyan": 0.32432432432432434, "Tatars,Volga-Tatars,Mishar-Tatars,Kryashens": 0.7037861915367484, "Chuvash": 0.2535211267605634, "Mari": 0.08333333333333333}, "skipped_nodes": 0, "model_name": "LongestIbd"}