{"f1_macro": 0.8861614421769941, "f1_weighted": 0.9307725787227368, "precision_macro": 0.904369375026308, "precision_weighted": 0.9343486002183614, "recall_macro": 0.8754234834520068, "recall_weighted": 0.9324894514767933, "accuracy": 0.9324894514767933, "class_scores": {"English": 0.9732620320855615, "Germans": 0.8421052631578947, "French": 0.8062015503875969, "Belgium": 0.9230769230769231}, "skipped_nodes": 58, "memory_allocated_MB": 18.27099609375, "memory_reserved_MB": 184.0, "f1_macro_score_only_mask_connect": 0.787694679729888, "f1_macro_score_only_not_mask_connect": 0.9221362229102168, "f1_macro_score_mixed_connect": 0.9393267432880108, "only_mask_connect_sum": 176.0, "only_not_mask_connect_sum": 43.0, "mixed_connect_sum": 492.0, "model_name": "GL_SAGEConv_3l_128h"}