{"f1_macro": 0.03757225433526012, "f1_weighted": 0.10741515656583567, "precision_macro": 0.05752212389380531, "precision_weighted": 0.16444975297247408, "recall_macro": 0.027896995708154508, "recall_weighted": 0.07975460122699386, "accuracy": 0.07975460122699386, "class_scores": {"P0": 0.0, "P1": 0.15028901734104047, "P2": 0.0, "P3": 0.0}, "skipped_nodes": 0, "model_name": "MaxSegmentCount"}