{"f1_macro": 0.913704081802035, "f1_weighted": 0.9792793633636533, "precision_macro": 0.902985902985903, "precision_weighted": 0.9806386524177936, "recall_macro": 0.9282199679195388, "recall_weighted": 0.9785276073619632, "accuracy": 0.9785276073619632, "class_scores": {"Udmurts,Besermyan": 1.0, "Tatars,Volga-Tatars,Mishar-Tatars,Kryashens": 0.9935760171306209, "Chuvash": 0.9612403100775194, "Mari": 0.7}, "skipped_nodes": 0, "memory_allocated_MB": 100.24853515625, "memory_reserved_MB": 2918.0, "model_name": "GL_GATConv_3l_512h"}