{"f1_macro": 0.482891207692395, "f1_weighted": 0.543549137098459, "precision_macro": 0.48307098993403524, "precision_weighted": 0.5410271406783026, "recall_macro": 0.48409600761602367, "recall_weighted": 0.5475638051044084, "accuracy": 0.5475638051044084, "class_scores": {"Ukranians": 0.291497975708502, "Southern Russians": 0.5714285714285714, "Northen Russians": 0.694136291600634, "Belarusians": 0.3745019920318725}, "skipped_nodes": 43, "memory_allocated_MB": 17.486328125, "memory_reserved_MB": 56.0, "model_name": "GL_SAGEConv_3l_128h"}