{"f1_macro": 0.5254953262200984, "f1_weighted": 0.5951173145828429, "precision_macro": 0.563907200811359, "precision_weighted": 0.5959716415052185, "recall_macro": 0.5146169469696353, "recall_weighted": 0.6116838487972509, "accuracy": 0.6116838487972509, "class_scores": {"Northen Russians": 0.7280334728033473, "Ukranians": 0.2807017543859649, "Belarusians": 0.48175182481751827, "Southern Russians": 0.6114942528735632}, "skipped_nodes": 156, "memory_allocated_MB": 36.67822265625, "memory_reserved_MB": 158.0, "model_name": "GL_TAGConv_3l_512h_w_k3_gnorm_relu"}