{"f1_macro": 0.8606879318228002, "f1_weighted": 0.9349972081900157, "precision_macro": 0.8350128369704749, "precision_weighted": 0.944078848925396, "recall_macro": 0.8935654831577579, "recall_weighted": 0.9325153374233128, "accuracy": 0.9325153374233128, "class_scores": {"P0": 0.972972972972973, "P1": 0.9598214285714286, "P2": 0.8783783783783784, "P3": 0.631578947368421}, "skipped_nodes": 0, "model_name": "LongestIbd"}