{"f1_macro": 0.8482150851596277, "f1_weighted": 0.9099929811874464, "precision_macro": 0.8266304347826087, "precision_weighted": 0.9295412109895972, "recall_macro": 0.8839088307972428, "recall_weighted": 0.9049079754601227, "accuracy": 0.9049079754601227, "class_scores": {"P0": 1.0, "P1": 0.9384965831435079, "P2": 0.8227848101265823, "P3": 0.631578947368421}, "skipped_nodes": 0, "model_name": "LongestIbd"}