{"f1_macro": 0.34885037619359577, "f1_weighted": 0.37712836749476814, "accuracy": 0.3813953488372093, "class_scores": {"P0": 0.46632124352331605, "P1": 0.37333333333333335, "P2": 0.20689655172413793}, "skipped_nodes": 0, "model_name": "GL_TAGConv_3l_512h_w_k3_gnorm"}