{"f1_macro": 0.4143051268770154, "f1_weighted": 0.45063926317541697, "accuracy": 0.4739583333333333, "class_scores": {"krasnodar": 0.4931506849315068, "vologda-yaroslavl": 0.5116279069767442, "ryazan": 0.5263157894736842, "kaluga": 0.12612612612612611}, "skipped_nodes": 0, "model_name": "GL_TAGConv_3l_512h_w_k3"}