{"f1_macro": 0.9318736127431779, "f1_weighted": 0.9395387824629483, "accuracy": 0.9395348837209302, "class_scores": {"P0": 0.9324324324324325, "P1": 0.9565217391304348, "P2": 0.9066666666666666}, "skipped_nodes": 0, "model_name": "GL_TAGConv_3l_512h_w_k3"}