{"f1_macro": 0.8581560283687942, "f1_weighted": 0.8915171554533257, "accuracy": 0.895, "class_scores": {"Swedes": 0.9078014184397163, "Norwegians": 0.9099099099099099, "Danes": 0.7567567567567568}, "skipped_nodes": 15, "model_name": "GL_SAGEConv_3l_128h"}