{"f1_macro": 0.579800398024548, "f1_weighted": 0.6363355190467308, "precision_macro": 0.5775186104218362, "precision_weighted": 0.8497319185860646, "recall_macro": 0.8322928859409546, "recall_weighted": 0.598159509202454, "accuracy": 0.598159509202454, "class_scores": {"P0": 0.8372093023255814, "P1": 0.6492753623188405, "P2": 0.5894736842105263, "P3": 0.24324324324324326}, "skipped_nodes": 0, "model_name": "MaxIbdSumPerClassSize"}