{"f1_macro": 0.671542976058358, "f1_weighted": 0.7437647110573942, "precision_macro": 0.6535417806969531, "precision_weighted": 0.8881820410273973, "recall_macro": 0.8953537521134087, "recall_weighted": 0.7085889570552147, "accuracy": 0.7085889570552147, "class_scores": {"Udmurts,Besermyan": 0.9230769230769231, "Tatars,Volga-Tatars,Mishar-Tatars,Kryashens": 0.7473118279569892, "Chuvash": 0.7471264367816092, "Mari": 0.26865671641791045}, "skipped_nodes": 0, "model_name": "MaxIbdSumPerClassSize"}