{"f1_macro": 0.3172991975350662, "f1_weighted": 0.4324992431300855, "precision_macro": 0.3916023441966838, "precision_weighted": 0.4499103567169452, "recall_macro": 0.38517198343147707, "recall_weighted": 0.5266015200868621, "accuracy": 0.5266015200868621, "class_scores": {"Ukranians": 0.012658227848101266, "Southern Russians": 0.5474722564734895, "Northen Russians": 0.7090663058186739, "Belarusians": 0.0}, "skipped_nodes": 2, "memory_allocated_MB": 18.5224609375, "memory_reserved_MB": 108.0, "model_name": "GL_GCNConv_9l_128h_w"}