{"f1_macro": 0.4829923758609188, "f1_weighted": 0.5569921063781546, "precision_macro": 0.5830555762153136, "precision_weighted": 0.5860732672293086, "recall_macro": 0.4786945149346949, "recall_weighted": 0.587012987012987, "accuracy": 0.587012987012987, "class_scores": {"Northen Russians": 0.6835443037974683, "Ukranians": 0.21705426356589147, "Belarusians": 0.4157303370786517, "Southern Russians": 0.6156405990016639}, "skipped_nodes": 87, "memory_allocated_MB": 18.51953125, "memory_reserved_MB": 58.0, "model_name": "GL_GCNConv_9l_128h_w"}