{"f1_macro": 0.9016771235521235, "f1_weighted": 0.9324766977757776, "accuracy": 0.9294478527607362, "class_scores": {"Udmurts,Besermyan": 1.0, "Tatars,Volga-Tatars,Mishar-Tatars,Kryashens": 0.9553571428571429, "Chuvash": 0.8513513513513513, "Mari": 0.8}, "skipped_nodes": 0, "model_name": "LongestIbd"}