{"f1_macro": 0.9151861548857257, "f1_weighted": 0.9830534302926941, "accuracy": 0.9846625766871165, "class_scores": {"P0": 0.972972972972973, "P1": 0.9957081545064378, "P2": 0.9777777777777777, "P3": 0.7142857142857143}, "skipped_nodes": 0, "model_name": "GL_TAGConv_3l_512h_w_k3_gnorm"}