{"f1_macro": 0.8802285413902726, "f1_weighted": 0.9131309597651115, "accuracy": 0.9079754601226994, "class_scores": {"P0": 1.0, "P1": 0.9384965831435079, "P2": 0.8205128205128205, "P3": 0.7619047619047619}, "skipped_nodes": 0, "model_name": "LongestIbd"}