{"f1_macro": 0.9614774111951305, "f1_weighted": 0.9736564873729466, "precision_macro": 0.9762469861362267, "precision_weighted": 0.9743258430195796, "recall_macro": 0.9485774980468579, "recall_weighted": 0.9741144414168937, "accuracy": 0.9741144414168937, "class_scores": {"P0": 0.9850107066381156, "P1": 0.9635627530364372, "P2": 0.918918918918919, "P3": 0.9784172661870504}, "skipped_nodes": 28, "memory_allocated_MB": 51.44482421875, "memory_reserved_MB": 238.0, "model_name": "GL_GCNConv_9l_512h_w"}