{"f1_macro": 0.2488331839127179, "f1_weighted": 0.3093285337049344, "accuracy": 0.3652173913043478, "class_scores": {"krasnodar": 0.42891566265060244, "yaroslavl": 0.022988505747126436, "ryazan": 0.4657534246575342, "kaluga": 0.020202020202020204, "vologda": 0.3063063063063063}, "skipped_nodes": 1, "model_name": "GL_MLP_3l_512h"}