{"f1_macro": 0.6688691031944073, "f1_weighted": 0.6688691031944074, "precision_macro": 0.6827212484333873, "precision_weighted": 0.6827212484333873, "recall_macro": 0.6829652996845426, "recall_weighted": 0.6829652996845426, "accuracy": 0.6829652996845426, "class_scores": {"P0": 0.6500777604976672, "P1": 0.512, "P2": 0.810368349249659, "P3": 0.703030303030303}, "skipped_nodes": 0, "model_name": "MaxIbdSumPerClassSize"}