{"f1_macro": 0.4605329010731976, "f1_weighted": 0.5212768605383375, "accuracy": 0.4539877300613497, "class_scores": {"Udmurts,Besermyan": 0.6956521739130435, "Tatars,Volga-Tatars,Mishar-Tatars,Kryashens": 0.5375, "Chuvash": 0.46835443037974683, "Mari": 0.140625}, "skipped_nodes": 0, "model_name": "MaxEdgeCountPerClassSize"}