{"f1_macro": 0.9332409415923515, "f1_weighted": 0.9731282724642054, "precision_macro": 0.9126057485611261, "precision_weighted": 0.9746653865804938, "recall_macro": 0.9582086964061213, "recall_weighted": 0.9723926380368099, "accuracy": 0.9723926380368099, "class_scores": {"Udmurts,Besermyan": 1.0, "Tatars,Volga-Tatars,Mishar-Tatars,Kryashens": 0.9848156182212582, "Chuvash": 0.9481481481481482, "Mari": 0.8}, "skipped_nodes": 0, "memory_allocated_MB": 18.67919921875, "memory_reserved_MB": 44.0, "model_name": "GL_TAGConv_3l_128h_w_k3"}