{"f1_macro": 0.015151515151515152, "f1_weighted": 0.043316601598810185, "precision_macro": 0.02577319587628866, "precision_weighted": 0.07368287900828537, "recall_macro": 0.01072961373390558, "recall_weighted": 0.03067484662576687, "accuracy": 0.03067484662576687, "class_scores": {"P0": 0.0, "P1": 0.06060606060606061, "P2": 0.0, "P3": 0.0}, "skipped_nodes": 0, "model_name": "MaxSegmentCount"}