{"f1_macro": 0.18306245796364373, "f1_weighted": 0.2581522456369488, "accuracy": 0.33274021352313166, "class_scores": {"krasnodar": 0.3188405797101449, "yaroslavl": 0.0, "ryazan": 0.4807692307692308, "kaluga": 0.11570247933884298, "vologda": 0.0}, "skipped_nodes": 14, "model_name": "GL_SAGEConv_9l_128h"}