{"f1_macro": 0.7407548992226411, "f1_weighted": 0.8636561572045443, "precision_macro": 0.8186197026657553, "precision_weighted": 0.9092910408699885, "recall_macro": 0.7641782407407407, "recall_weighted": 0.8558558558558559, "accuracy": 0.8558558558558559, "class_scores": {"Chechens": 0.967741935483871, "Kabardians, Circassians, Adyghes": 0.9090909090909091, "Karachays, Balkars": 0.9444444444444444, "Ingush": 0.9523809523809523, "Dagestan peoples": 0.8571428571428571, "Ossetians": 0.7619047619047619, "Kumyks": 0.2, "Nogais": 0.3333333333333333}, "skipped_nodes": 7, "memory_allocated_MB": 29.16259765625, "memory_reserved_MB": 192.0, "f1_macro_score_only_mask_connect": 0.40392156862745093, "f1_macro_score_only_not_mask_connect": 0.6666666666666666, "f1_macro_score_mixed_connect": 0.7501281613123718, "only_mask_connect_sum": 22.0, "only_not_mask_connect_sum": 6.0, "mixed_connect_sum": 83.0, "model_name": "GL_SAGEConv_3l_512h"}