{"f1_macro": 0.480947322206102, "f1_weighted": 0.5165687534755126, "accuracy": 0.5399305555555556, "class_scores": {"krasnodar": 0.5924050632911393, "yaroslavl": 0.32989690721649484, "ryazan": 0.6111111111111112, "kaluga": 0.3088235294117647, "vologda": 0.5625}, "skipped_nodes": 0, "model_name": "GL_MLP_3l_512h"}