{"f1_macro": 0.8356454991928155, "f1_weighted": 0.9484011211439743, "precision_macro": 0.89875406283857, "precision_weighted": 0.9497098091507625, "recall_macro": 0.8002650208216984, "recall_weighted": 0.9507692307692308, "accuracy": 0.9507692307692308, "class_scores": {"P0": 0.875, "P1": 0.9764453961456103, "P2": 0.9197080291970803, "P3": 0.5714285714285714}, "skipped_nodes": 0, "memory_allocated_MB": 39.73193359375, "memory_reserved_MB": 134.0, "model_name": "GL_TAGConv_3l_512h_w_k3_gnorm"}