{"f1_macro": 0.5088504878328237, "f1_weighted": 0.5735406733462127, "precision_macro": 0.5665468960863698, "precision_weighted": 0.5856921367521368, "recall_macro": 0.5042271280183104, "recall_weighted": 0.5973333333333334, "accuracy": 0.5973333333333334, "class_scores": {"Northen Russians": 0.7035175879396985, "Ukranians": 0.2631578947368421, "Belarusians": 0.4482758620689655, "Southern Russians": 0.6204506065857885}, "skipped_nodes": 107, "memory_allocated_MB": 25.140625, "memory_reserved_MB": 104.0, "model_name": "GL_TAGConv_9l_128h_w_k3"}