{"f1_macro": 0.42707182116583847, "f1_weighted": 0.4888702414862037, "precision_macro": 0.5628490457810902, "precision_weighted": 0.5647696252756454, "recall_macro": 0.4489595888438387, "recall_weighted": 0.525974025974026, "accuracy": 0.525974025974026, "class_scores": {"Southern Russians": 0.5435114503816794, "Ukranians": 0.13872832369942195, "Northen Russians": 0.6630581867388363, "Belarusians": 0.36298932384341637}, "skipped_nodes": 1, "memory_allocated_MB": 32.232421875, "memory_reserved_MB": 152.0, "f1_macro_score_only_mask_connect": 0.12878787878787878, "f1_macro_score_only_not_mask_connect": 0.0, "f1_macro_score_mixed_connect": 0.43350648950372206, "only_mask_connect_sum": 15.0, "only_not_mask_connect_sum": 7.0, "mixed_connect_sum": 902.0, "model_name": "GL_SAGEConv_3l_512h_de"}