{"f1_macro": 0.5115015411319191, "f1_weighted": 0.5650256458384264, "precision_macro": 0.5260395468728802, "precision_weighted": 0.5676426621824809, "recall_macro": 0.5046662382429947, "recall_weighted": 0.5693848354792561, "accuracy": 0.5693848354792561, "class_scores": {"Northen Russians": 0.6782273603082851, "Ukranians": 0.3258426966292135, "Belarusians": 0.4606741573033708, "Southern Russians": 0.5812619502868069}, "skipped_nodes": 111, "memory_allocated_MB": 36.681640625, "memory_reserved_MB": 178.0, "model_name": "GL_TAGConv_3l_512h_w_k3_gnorm_relu"}