{"f1_macro": 0.9519983812992455, "f1_weighted": 0.9574969248912616, "precision_macro": 0.9681450624846851, "precision_weighted": 0.9591015579377421, "recall_macro": 0.9395505213951817, "recall_weighted": 0.9579439252336449, "accuracy": 0.9579439252336449, "class_scores": {"Swedes": 0.9736842105263158, "Norwegians": 0.9569377990430622, "Danes": 0.9253731343283582}, "skipped_nodes": 1, "memory_allocated_MB": 20.3544921875, "memory_reserved_MB": 28.0, "model_name": "GL_GATConv_3l_128h"}