{"f1_macro": 0.5708952676543169, "f1_weighted": 0.6189748811267454, "precision_macro": 0.5682599820754853, "precision_weighted": 0.6193652015477297, "recall_macro": 0.5785800289174262, "recall_weighted": 0.6227027027027027, "accuracy": 0.6227027027027027, "class_scores": {"Southern Russians": 0.6456953642384106, "Ukranians": 0.3424657534246575, "Northen Russians": 0.7701674277016742, "Belarusians": 0.5252525252525253}, "skipped_nodes": 0, "memory_allocated_MB": 24.1904296875, "memory_reserved_MB": 1054.0, "model_name": "GL_GATConv_3l_128h"}