{"f1_macro": 0.5735486424736145, "f1_weighted": 0.7248552072740201, "precision_macro": 0.6344246031746031, "precision_weighted": 0.837051337051337, "recall_macro": 0.6386959093982421, "recall_weighted": 0.6756756756756757, "accuracy": 0.6756756756756757, "class_scores": {"Chechens": 0.7692307692307693, "Kabardians, Circassians, Adyghes": 0.6808510638297872, "Karachays, Balkars": 0.9142857142857143, "Ingush": 0.6666666666666666, "Dagestan peoples": 0.7368421052631579, "Ossetians": 0.6666666666666666, "Kumyks": 0.0, "Nogais": 0.15384615384615385}, "skipped_nodes": 7, "memory_allocated_MB": 18.6806640625, "memory_reserved_MB": 62.0, "model_name": "GL_MLP_9l_128h"}