{"f1_macro": 0.9170286732786732, "f1_weighted": 0.942542052287815, "precision_macro": 0.9139423076923077, "precision_weighted": 0.951271186440678, "recall_macro": 0.9378168287651046, "recall_weighted": 0.940677966101695, "accuracy": 0.940677966101695, "class_scores": {"Chechens": 0.9714285714285714, "Kabardians, Circassians, Adyghes": 0.9454545454545454, "Karachays, Balkars": 0.918918918918919, "Ingush": 1.0, "Dagestan peoples": 0.9615384615384616, "Ossetians": 0.9, "Kumyks": 0.75, "Nogais": 0.8888888888888888}, "skipped_nodes": 0, "memory_allocated_MB": 38.43359375, "memory_reserved_MB": 84.0, "model_name": "GL_TAGConv_3l_512h_nw_k3_gnorm_gelu"}