{"f1_macro": 0.42146760423267443, "f1_weighted": 0.5153541899303243, "precision_macro": 0.6601435156886716, "precision_weighted": 0.6299604288679138, "recall_macro": 0.44605281357451076, "recall_weighted": 0.5709302325581396, "accuracy": 0.5709302325581396, "class_scores": {"Ukranians": 0.044444444444444446, "Southern Russians": 0.6008462623413258, "Northen Russians": 0.7072463768115942, "Belarusians": 0.3333333333333333}, "skipped_nodes": 45, "memory_allocated_MB": 18.52197265625, "memory_reserved_MB": 78.0, "model_name": "GL_GCNConv_9l_128h_w"}