{"f1_macro": 0.1096394424127162, "f1_weighted": 0.163207917603971, "accuracy": 0.313588850174216, "class_scores": {"krasnodar": 0.047337278106508875, "yaroslavl": 0.0, "ryazan": 0.47554347826086957, "kaluga": 0.0, "vologda": 0.02531645569620253}, "skipped_nodes": 2, "model_name": "GL_GINConv_9l_512h"}