{"f1_macro": 0.6805383686209957, "f1_weighted": 0.8212622151628527, "precision_macro": 0.6822781385281385, "precision_weighted": 0.8294789308550777, "recall_macro": 0.6932384186694531, "recall_weighted": 0.8256880733944955, "accuracy": 0.8256880733944955, "class_scores": {"Chechens": 0.7692307692307693, "Kabardians, Circassians, Adyghes": 0.847457627118644, "Karachays, Balkars": 0.918918918918919, "Ingush": 0.7619047619047619, "Dagestan peoples": 0.8717948717948718, "Ossetians": 0.875, "Kumyks": 0.0, "Nogais": 0.4}, "skipped_nodes": 9, "memory_allocated_MB": 97.736328125, "memory_reserved_MB": 246.0, "model_name": "GL_GATConv_3l_512h"}