{"f1_macro": 0.6453237159030244, "f1_weighted": 0.6989518710690416, "precision_macro": 0.6548429381173702, "precision_weighted": 0.6967908520616038, "recall_macro": 0.6401298348929394, "recall_weighted": 0.7048648648648649, "accuracy": 0.7048648648648649, "class_scores": {"Southern Russians": 0.7537091988130564, "Ukranians": 0.4879725085910653, "Northen Russians": 0.8296529968454258, "Belarusians": 0.5099601593625498}, "skipped_nodes": 0, "memory_allocated_MB": 45.94677734375, "memory_reserved_MB": 2920.0, "model_name": "GL_TAGConv_3l_512h_w_k3_gnorm"}