{"f1_macro": 0.9668577230466481, "f1_weighted": 0.9823086247407637, "accuracy": 0.9823129251700681, "class_scores": {"P0": 0.998914223669924, "P1": 0.9538461538461539, "P2": 0.922077922077922, "P3": 0.9925925925925926}, "skipped_nodes": 27, "model_name": "GL_TAGConv_3l_512h_w_k3_gnorm"}