{"f1_macro": 0.8579906952177694, "f1_weighted": 0.9246421156326926, "accuracy": 0.9263157894736842, "class_scores": {"English": 0.9716157205240175, "Germans": 0.8181818181818182, "French": 0.7037037037037037, "Belgium": 0.9384615384615385}, "skipped_nodes": 104, "model_name": "GL_TAGConv_3l_512h_w_k3"}