{"f1_macro": 0.8050730865946044, "f1_weighted": 0.9494530797369533, "precision_macro": 0.7884595990721962, "precision_weighted": 0.9563192585525144, "recall_macro": 0.8366172454155287, "recall_weighted": 0.9447852760736196, "accuracy": 0.9447852760736196, "class_scores": {"P0": 0.918918918918919, "P1": 0.9870689655172413, "P2": 0.8976377952755905, "P3": 0.4166666666666667}, "skipped_nodes": 0, "memory_allocated_MB": 22.02001953125, "memory_reserved_MB": 52.0, "model_name": "GL_MLP_3l_512h"}