{"f1_macro": 0.9055282112388255, "f1_weighted": 0.9182001089762966, "precision_macro": 0.9317929550345453, "precision_weighted": 0.9213882085050397, "recall_macro": 0.8873693796594996, "recall_weighted": 0.919431279620853, "accuracy": 0.919431279620853, "class_scores": {"Swedes": 0.9395973154362416, "Norwegians": 0.9245283018867925, "Danes": 0.8524590163934426}, "skipped_nodes": 4, "memory_allocated_MB": 37.130859375, "memory_reserved_MB": 156.0, "f1_macro_score_only_mask_connect": 0.611111111111111, "f1_macro_score_only_not_mask_connect": 0.7129629629629629, "f1_macro_score_mixed_connect": 0.9202543022159358, "only_mask_connect_sum": 8.0, "only_not_mask_connect_sum": 24.0, "mixed_connect_sum": 179.0, "model_name": "GL_GATConv_9l_128h"}