{"f1_macro": 0.9682829167071945, "f1_weighted": 0.9672903256498618, "precision_macro": 0.9689112189112189, "precision_weighted": 0.9673431519225912, "recall_macro": 0.9676986695433297, "recall_weighted": 0.9672897196261683, "accuracy": 0.9672897196261683, "class_scores": {"Swedes": 0.9664429530201343, "Norwegians": 0.966183574879227, "Danes": 0.9722222222222222}, "skipped_nodes": 1, "memory_allocated_MB": 41.74609375, "memory_reserved_MB": 204.0, "model_name": "GL_GINConv_3l_512h"}