{"f1_macro": 0.7370301600885683, "f1_weighted": 0.8306059283808536, "precision_macro": 0.7281150866677182, "precision_weighted": 0.833925833925834, "recall_macro": 0.7595635981665394, "recall_weighted": 0.8378378378378378, "accuracy": 0.8378378378378378, "class_scores": {"Chechens": 0.8421052631578947, "Kabardians, Circassians, Adyghes": 0.8518518518518519, "Karachays, Balkars": 0.8888888888888888, "Ingush": 0.8888888888888888, "Dagestan peoples": 0.8292682926829268, "Ossetians": 0.7619047619047619, "Kumyks": 0.0, "Nogais": 0.8333333333333334}, "skipped_nodes": 7, "memory_allocated_MB": 43.724609375, "memory_reserved_MB": 212.0, "f1_macro_score_only_mask_connect": 0.4569727891156462, "f1_macro_score_only_not_mask_connect": 0.6666666666666666, "f1_macro_score_mixed_connect": 0.762468678093678, "only_mask_connect_sum": 22.0, "only_not_mask_connect_sum": 6.0, "mixed_connect_sum": 83.0, "model_name": "GL_GINConv_3l_512h"}