{"f1_macro": 0.5725361580722712, "f1_weighted": 0.5491436962447748, "precision_macro": 0.6194508009153318, "precision_weighted": 0.8516151675534528, "recall_macro": 0.8239042788399011, "recall_weighted": 0.5276073619631901, "accuracy": 0.5276073619631901, "class_scores": {"P0": 0.972972972972973, "P1": 0.5253164556962026, "P2": 0.5610859728506787, "P3": 0.23076923076923078}, "skipped_nodes": 0, "model_name": "MaxEdgeCountPerClassSize"}