{"f1_macro": 0.7083695143477753, "f1_weighted": 0.868384501521987, "accuracy": 0.8738738738738738, "class_scores": {"Chechens": 0.8108108108108109, "Kabardians, Circassians, Adyghes": 0.9454545454545454, "Karachays, Balkars": 0.9696969696969697, "Ingush": 0.8695652173913043, "Dagestan peoples": 0.9047619047619048, "Ossetians": 0.8333333333333334, "Kumyks": 0.0, "Nogais": 0.3333333333333333}, "skipped_nodes": 7, "model_name": "GL_GATConv_3l_512h"}