{"f1_macro": 0.8413584937521108, "f1_weighted": 0.8759211626139819, "accuracy": 0.88, "class_scores": {"Swedes": 0.8794326241134752, "Norwegians": 0.9017857142857143, "Danes": 0.7428571428571429}, "skipped_nodes": 15, "model_name": "GL_GINConv_9l_128h"}