{"f1_macro": 0.7001323736245553, "f1_weighted": 0.9255398361876396, "accuracy": 0.9386503067484663, "class_scores": {"Udmurts,Besermyan": 0.9411764705882353, "Tatars,Volga-Tatars,Mishar-Tatars,Kryashens": 0.9704641350210971, "Chuvash": 0.8888888888888888, "Mari": 0.0}, "skipped_nodes": 0, "model_name": "MaxEdgeCount"}