{"f1_macro": 0.6608007871934916, "f1_weighted": 0.7233703263428873, "accuracy": 0.6779141104294478, "class_scores": {"P0": 0.972972972972973, "P1": 0.7162534435261708, "P2": 0.7514450867052023, "P3": 0.20253164556962025}, "skipped_nodes": 0, "model_name": "MaxIbdSumPerClassSize"}