{"f1_macro": 0.8846153846153847, "f1_weighted": 0.9764983482774893, "precision_macro": 0.8746448863636364, "precision_weighted": 0.9779611684327942, "recall_macro": 0.8977272727272727, "recall_weighted": 0.9754601226993865, "accuracy": 0.9754601226993865, "class_scores": {"P0": 1.0, "P1": 1.0, "P2": 0.9384615384615385, "P3": 0.6}, "skipped_nodes": 0, "memory_allocated_MB": 42.244140625, "memory_reserved_MB": 554.0, "model_name": "GL_GINConv_3l_512h"}