{"f1_macro": 0.05471698113207547, "f1_weighted": 0.02452830188679245, "precision_macro": 0.25882352941176473, "precision_weighted": 0.08044027426921689, "recall_macro": 0.03099666189794945, "recall_weighted": 0.015337423312883436, "accuracy": 0.015337423312883436, "class_scores": {"P0": 0.2, "P1": 0.018867924528301886, "P2": 0.0, "P3": 0.0}, "skipped_nodes": 0, "model_name": "MaxIbdSum"}