{"f1_macro": 0.9682068518948401, "f1_weighted": 0.9752301167247973, "accuracy": 0.9755434782608695, "class_scores": {"P0": 0.9860064585575888, "P1": 0.9416342412451362, "P2": 0.9523809523809523, "P3": 0.9928057553956835}, "skipped_nodes": 26, "model_name": "GL_TAGConv_3l_512h_w_k3"}