{"f1_macro": 0.5307983146380937, "f1_weighted": 0.6318102241981922, "precision_macro": 0.5222516112807196, "precision_weighted": 0.8315906222747295, "recall_macro": 0.7715276423028569, "recall_weighted": 0.5864197530864198, "accuracy": 0.5864197530864198, "class_scores": {"P0": 0.6818181818181818, "P1": 0.6666666666666666, "P2": 0.5524861878453039, "P3": 0.2222222222222222}, "skipped_nodes": 1, "model_name": "MaxIbdSumPerClassSize"}