{"f1_macro": 0.5280268437802684, "f1_weighted": 0.6300875318379123, "precision_macro": 0.520516067711652, "precision_weighted": 0.8305255350397338, "recall_macro": 0.7677397635149782, "recall_weighted": 0.5833333333333334, "accuracy": 0.5833333333333334, "class_scores": {"P0": 0.6818181818181818, "P1": 0.6666666666666666, "P2": 0.5444444444444444, "P3": 0.2191780821917808}, "skipped_nodes": 1, "model_name": "MaxIbdSumPerClassSize"}