{"f1_macro": 0.5445321488217719, "f1_weighted": 0.6633600274511259, "precision_macro": 0.5408388817296679, "precision_weighted": 0.837130731391378, "recall_macro": 0.7559590469916556, "recall_weighted": 0.6074766355140186, "accuracy": 0.6074766355140186, "class_scores": {"Udmurts,Besermyan": 0.7, "Tatars,Volga-Tatars,Mishar-Tatars,Kryashens": 0.7039106145251397, "Chuvash": 0.5766871165644172, "Mari": 0.19753086419753085}, "skipped_nodes": 5, "model_name": "MaxIbdSumPerClassSize"}