{"f1_macro": 0.6454066664122531, "f1_weighted": 0.6951680029508456, "precision_macro": 0.6523985315954463, "precision_weighted": 0.8772601253311174, "recall_macro": 0.8651807777344258, "recall_weighted": 0.6533742331288344, "accuracy": 0.6533742331288344, "class_scores": {"P0": 0.972972972972973, "P1": 0.6983240223463687, "P2": 0.6703296703296703, "P3": 0.24}, "skipped_nodes": 0, "model_name": "MaxEdgeCountPerClassSize"}