{"f1_macro": 0.9141304347826087, "f1_weighted": 0.922005496833872, "accuracy": 0.9210526315789473, "class_scores": {"Chechens": 0.85, "Kabardians, Circassians, Adyghes": 0.9642857142857143, "Karachays, Balkars": 0.9444444444444444, "Ingush": 0.9523809523809523, "Dagestan peoples": 0.9130434782608695, "Ossetians": 0.8888888888888888, "Kumyks": 0.8, "Nogais": 1.0}, "skipped_nodes": 4, "model_name": "MaxSegmentCount"}