{"f1_macro": 0.6015331890331891, "f1_weighted": 0.7526518431063887, "precision_macro": 0.6209997572983843, "precision_weighted": 0.7841727026873687, "recall_macro": 0.619882626963829, "recall_weighted": 0.7727272727272727, "accuracy": 0.7727272727272727, "class_scores": {"Chechens": 0.8333333333333334, "Kabardians, Circassians, Adyghes": 0.7555555555555555, "Karachays, Balkars": 0.85, "Ingush": 0.9090909090909091, "Dagestan peoples": 0.7142857142857143, "Ossetians": 0.75, "Kumyks": 0.0, "Nogais": 0.0}, "skipped_nodes": 8, "memory_allocated_MB": 17.5009765625, "memory_reserved_MB": 46.0, "f1_macro_score_only_mask_connect": 0.15, "f1_macro_score_only_not_mask_connect": 0.7333333333333333, "f1_macro_score_mixed_connect": 0.6356829638079639, "only_mask_connect_sum": 21.0, "only_not_mask_connect_sum": 8.0, "mixed_connect_sum": 81.0, "model_name": "GL_MLP_3l_128h"}