{"f1_macro": 0.5984041968798066, "f1_weighted": 0.7997072460487095, "precision_macro": 0.6187933905619665, "precision_weighted": 0.8445638247566197, "recall_macro": 0.5991520467836258, "recall_weighted": 0.7878787878787878, "accuracy": 0.7878787878787878, "class_scores": {"Chechens": 0.8108108108108109, "Kabardians, Circassians, Adyghes": 0.7804878048780488, "Karachays, Balkars": 0.8292682926829268, "Ingush": 0.7, "Dagestan peoples": 0.8888888888888888, "Ossetians": 0.7777777777777778, "Kumyks": 0.0, "Nogais": 0.0}, "skipped_nodes": 19, "memory_allocated_MB": 36.80712890625, "memory_reserved_MB": 82.0, "model_name": "GL_GATConv_9l_128h"}