{"f1_macro": 0.6235814339981006, "f1_weighted": 0.7640059223136932, "precision_macro": 0.6274455518641565, "precision_weighted": 0.8384780792042883, "recall_macro": 0.66548532535657, "recall_weighted": 0.745398773006135, "accuracy": 0.745398773006135, "class_scores": {"P0": 0.9444444444444444, "P1": 0.8197530864197531, "P2": 0.6051282051282051, "P3": 0.125}, "skipped_nodes": 0, "model_name": "LongestIbd"}