{"f1_macro": 0.3454660514608856, "f1_weighted": 0.4581129622302833, "precision_macro": 0.3681424754303053, "precision_weighted": 0.43744384759882166, "recall_macro": 0.3962242585751558, "recall_weighted": 0.5374301675977654, "accuracy": 0.5374301675977654, "class_scores": {"Ukranians": 0.0, "Southern Russians": 0.5805658056580566, "Northen Russians": 0.6960352422907489, "Belarusians": 0.10526315789473684}, "skipped_nodes": 20, "memory_allocated_MB": 18.5224609375, "memory_reserved_MB": 80.0, "model_name": "GL_GCNConv_9l_128h_w"}