{"f1_macro": 0.45691060731383315, "f1_weighted": 0.6510829506349219, "accuracy": 0.6944444444444444, "class_scores": {"Chechens": 0.7692307692307693, "Kabardians, Circassians, Adyghes": 0.7272727272727273, "Karachays, Balkars": 0.9032258064516129, "Ingush": 0.5555555555555556, "Dagestan peoples": 0.7, "Ossetians": 0.0, "Kumyks": 0.0, "Nogais": 0.0}, "skipped_nodes": 10, "model_name": "GL_MLP_9l_128h"}