{"f1_macro": 0.593072896282806, "f1_weighted": 0.6409148589367524, "precision_macro": 0.6030154173861672, "precision_weighted": 0.6419038981156956, "recall_macro": 0.5914715495318202, "recall_weighted": 0.6464864864864864, "accuracy": 0.6464864864864864, "class_scores": {"Southern Russians": 0.6933333333333334, "Ukranians": 0.4312267657992565, "Northen Russians": 0.7567567567567568, "Belarusians": 0.49097472924187724}, "skipped_nodes": 0, "memory_allocated_MB": 28.5546875, "memory_reserved_MB": 238.0, "model_name": "GL_SAGEConv_3l_512h"}