{"f1_macro": 0.6257633034461912, "f1_weighted": 0.6699224097058679, "precision_macro": 0.6259630280821818, "precision_weighted": 0.6857135810199353, "recall_macro": 0.6336489298108745, "recall_weighted": 0.6616216216216216, "accuracy": 0.6616216216216216, "class_scores": {"Southern Russians": 0.7079037800687286, "Ukranians": 0.46831955922865015, "Northen Russians": 0.7883683360258481, "Belarusians": 0.5384615384615384}, "skipped_nodes": 0, "memory_allocated_MB": 28.228515625, "memory_reserved_MB": 266.0, "model_name": "GL_SAGEConv_3l_512h"}