{"f1_macro": 0.46113575883835045, "f1_weighted": 0.5311904733811165, "precision_macro": 0.4674670664214714, "precision_weighted": 0.5421907711640619, "recall_macro": 0.46523295970351636, "recall_weighted": 0.5324675324675324, "accuracy": 0.5324675324675324, "class_scores": {"Northen Russians": 0.6918032786885245, "Ukranians": 0.2880658436213992, "Belarusians": 0.3188405797101449, "Southern Russians": 0.5458333333333333}, "skipped_nodes": 87, "memory_allocated_MB": 18.09814453125, "memory_reserved_MB": 56.0, "model_name": "GL_TAGConv_3l_128h_w_k3"}