{"f1_macro": 0.6146018772806137, "f1_weighted": 0.6813544194425738, "precision_macro": 0.6169810574081891, "precision_weighted": 0.8770100667621398, "recall_macro": 0.8522402132917154, "recall_weighted": 0.6319018404907976, "accuracy": 0.6319018404907976, "class_scores": {"Udmurts,Besermyan": 0.8780487804878049, "Tatars,Volga-Tatars,Mishar-Tatars,Kryashens": 0.6798866855524079, "Chuvash": 0.6982248520710059, "Mari": 0.20224719101123595}, "skipped_nodes": 0, "model_name": "MaxEdgeCountPerClassSize"}