{"f1_macro": 0.11101801424382068, "f1_weighted": 0.1289577234560413, "precision_macro": 0.3125, "precision_weighted": 0.2338957055214724, "recall_macro": 0.07063662374821172, "recall_weighted": 0.09202453987730061, "accuracy": 0.09202453987730061, "class_scores": {"P0": 0.2857142857142857, "P1": 0.15835777126099707, "P2": 0.0, "P3": 0.0}, "skipped_nodes": 0, "model_name": "MaxIbdSum"}