{"f1_macro": 0.6567459962670427, "f1_weighted": 0.7354293329269558, "precision_macro": 0.6305006587615283, "precision_weighted": 0.8784875966924514, "recall_macro": 0.8877779945376512, "recall_weighted": 0.7024539877300614, "accuracy": 0.7024539877300614, "class_scores": {"Udmurts,Besermyan": 0.8780487804878049, "Tatars,Volga-Tatars,Mishar-Tatars,Kryashens": 0.7473118279569892, "Chuvash": 0.7159090909090909, "Mari": 0.2857142857142857}, "skipped_nodes": 0, "model_name": "MaxIbdSumPerClassSize"}