{"f1_macro": 0.8357331645100152, "f1_weighted": 0.9236651826504761, "precision_macro": 0.8702573742047426, "precision_weighted": 0.9283799641367044, "recall_macro": 0.8149054223626127, "recall_weighted": 0.9263502454991817, "accuracy": 0.9263502454991817, "class_scores": {"English": 0.972972972972973, "Germans": 0.7786259541984732, "French": 0.6511627906976745, "Belgium": 0.9401709401709402}, "skipped_nodes": 158, "memory_allocated_MB": 51.42529296875, "memory_reserved_MB": 116.0, "model_name": "GL_GCNConv_9l_512h_w"}