{"f1_macro": 0.9365302144249513, "f1_weighted": 0.9474515673068928, "precision_macro": 0.9468763102725367, "precision_weighted": 0.947858356433873, "recall_macro": 0.9276610767872904, "recall_weighted": 0.9478672985781991, "accuracy": 0.9478672985781991, "class_scores": {"Swedes": 0.9733333333333334, "Norwegians": 0.9473684210526315, "Danes": 0.8888888888888888}, "skipped_nodes": 4, "memory_allocated_MB": 36.7275390625, "memory_reserved_MB": 154.0, "model_name": "GL_GATConv_9l_128h"}