{"f1_macro": 0.8838375506522123, "f1_weighted": 0.9636430531397892, "precision_macro": 0.9503984125030766, "precision_weighted": 0.9666839494223648, "recall_macro": 0.8423613820609529, "recall_weighted": 0.9662576687116564, "accuracy": 0.9662576687116564, "class_scores": {"Udmurts,Besermyan": 0.7586206896551724, "Tatars,Volga-Tatars,Mishar-Tatars,Kryashens": 0.9830508474576272, "Chuvash": 0.9701492537313433, "Mari": 0.8235294117647058}, "skipped_nodes": 0, "memory_allocated_MB": 0.00048828125, "memory_reserved_MB": 2.0, "f1_macro_score_only_mask_connect": NaN, "f1_macro_score_only_not_mask_connect": 0.8838375506522123, "f1_macro_score_mixed_connect": NaN, "only_mask_connect_sum": 0.0, "only_not_mask_connect_sum": 326.0, "mixed_connect_sum": 0.0, "model_name": "GL_LR"}