{"f1_macro": 0.5916617138208039, "f1_weighted": 0.6706269148143477, "precision_macro": 0.5868194159743949, "precision_weighted": 0.851964576823464, "recall_macro": 0.8062166731694629, "recall_weighted": 0.6288343558282209, "accuracy": 0.6288343558282209, "class_scores": {"P0": 0.8292682926829268, "P1": 0.6890756302521008, "P2": 0.6229508196721312, "P3": 0.22535211267605634}, "skipped_nodes": 0, "model_name": "MaxIbdSumPerClassSize"}