{"f1_macro": 0.33878975963314095, "f1_weighted": 0.4635920850585518, "precision_macro": 0.2929758580088939, "precision_weighted": 0.4008510145884984, "recall_macro": 0.41074851255839956, "recall_weighted": 0.5621621621621622, "accuracy": 0.5621621621621622, "class_scores": {"Southern Russians": 0.5924225028702641, "Ukranians": 0.0, "Northen Russians": 0.7627365356622998, "Belarusians": 0.0}, "skipped_nodes": 0, "memory_allocated_MB": 34.4853515625, "memory_reserved_MB": 196.0, "model_name": "GL_TAGConv_9l_128h_w_k3"}