{"f1_macro": 0.7027114845471625, "f1_weighted": 0.9376944339924524, "accuracy": 0.950920245398773, "class_scores": {"P0": 0.9090909090909091, "P1": 0.9808917197452229, "P2": 0.920863309352518, "P3": 0.0}, "skipped_nodes": 0, "model_name": "MaxIbdSum"}