{"f1_macro": 0.8817101574159064, "f1_weighted": 0.8999892287806979, "accuracy": 0.9, "class_scores": {"Swedes": 0.9090909090909091, "Norwegians": 0.909952606635071, "Danes": 0.8260869565217391}, "skipped_nodes": 15, "model_name": "GL_TAGConv_9l_512h_w_k3"}