{"f1_macro": 0.5453275808273417, "f1_weighted": 0.722997979010089, "accuracy": 0.7701149425287356, "class_scores": {"English": 0.851782363977486, "Germans": 0.6470588235294118, "French": 0.4691358024691358, "Belgium": 0.21333333333333335}, "skipped_nodes": 73, "model_name": "GL_GCNConv_3l_128h_w"}