{"f1_macro": 0.24512496236073472, "f1_weighted": 0.28117231673859955, "accuracy": 0.3854166666666667, "class_scores": {"krasnodar": 0.22439024390243903, "yaroslavl": 0.0, "ryazan": 0.5123456790123457, "kaluga": 0.0, "vologda": 0.4888888888888889}, "skipped_nodes": 0, "model_name": "GL_GINConv_3l_128h"}