{"f1_macro": 0.4821728426578523, "f1_weighted": 0.5247714436887602, "precision_macro": 0.48622047428579424, "precision_weighted": 0.5274478801076501, "recall_macro": 0.4829337374885539, "recall_weighted": 0.5269662921348315, "accuracy": 0.5269662921348315, "class_scores": {"Ukranians": 0.35668789808917195, "Southern Russians": 0.531951640759931, "Northen Russians": 0.655436447166922, "Belarusians": 0.38461538461538464}, "skipped_nodes": 25, "memory_allocated_MB": 157.56298828125, "memory_reserved_MB": 518.0, "model_name": "GL_TAGConv_9l_512h_w_k3"}