{"f1_macro": 0.5606832730154341, "f1_weighted": 0.6654302253331603, "precision_macro": 0.5488910520219817, "precision_weighted": 0.8441700140466745, "recall_macro": 0.7544489964017861, "recall_weighted": 0.6257668711656442, "accuracy": 0.6257668711656442, "class_scores": {"P0": 0.7391304347826086, "P1": 0.6890756302521008, "P2": 0.6270270270270271, "P3": 0.1875}, "skipped_nodes": 0, "model_name": "MaxIbdSumPerClassSize"}