{"f1_macro": 0.5591941644091131, "f1_weighted": 0.6633313997794713, "accuracy": 0.6226993865030674, "class_scores": {"P0": 0.7391304347826086, "P1": 0.6853932584269663, "P2": 0.6304347826086957, "P3": 0.18181818181818182}, "skipped_nodes": 0, "model_name": "MaxIbdSumPerClassSize"}