{"f1_macro": 0.6468462693027939, "f1_weighted": 0.8427331417305206, "precision_macro": 0.6664141414141413, "precision_weighted": 0.8747474747474748, "recall_macro": 0.6345486111111112, "recall_weighted": 0.8217821782178217, "accuracy": 0.8217821782178217, "class_scores": {"Chechens": 0.8421052631578947, "Kabardians, Circassians, Adyghes": 0.851063829787234, "Karachays, Balkars": 0.8823529411764706, "Ingush": 0.8421052631578947, "Dagestan peoples": 0.8571428571428571, "Ossetians": 0.9, "Kumyks": 0.0, "Nogais": 0.0}, "skipped_nodes": 17, "memory_allocated_MB": 158.2841796875, "memory_reserved_MB": 240.0, "model_name": "GL_TAGConv_9l_512h_w_k3"}