{"f1_macro": 0.4044127930892637, "f1_weighted": 0.6043898374805652, "precision_macro": 0.5089399509803921, "precision_weighted": 0.6610726154868727, "recall_macro": 0.43975074114526447, "recall_weighted": 0.6779661016949152, "accuracy": 0.6779661016949152, "class_scores": {"P0": 0.72, "P1": 0.7, "P2": 0.6923076923076923, "P3": 0.0, "P4": 0.9411764705882353, "P5": 0.18181818181818182, "P6": 0.0, "P7": 0.0}, "skipped_nodes": 0, "memory_allocated_MB": 101.60595703125, "memory_reserved_MB": 170.0, "model_name": "GL_GINConv_9l_512h"}