{"f1_macro": 0.8318190588252181, "f1_weighted": 0.9104114533149408, "precision_macro": 0.8966514486986943, "precision_weighted": 0.9257692532427713, "recall_macro": 0.8175604018957463, "recall_weighted": 0.9145299145299145, "accuracy": 0.9145299145299145, "class_scores": {"English": 0.9756637168141593, "Germans": 0.8029197080291971, "French": 0.6222222222222222, "Belgium": 0.9264705882352942}, "skipped_nodes": 67, "memory_allocated_MB": 19.16552734375, "memory_reserved_MB": 190.0, "f1_macro_score_only_mask_connect": 0.6665643145805199, "f1_macro_score_only_not_mask_connect": 0.9003968253968253, "f1_macro_score_mixed_connect": 0.9426788844192647, "only_mask_connect_sum": 167.0, "only_not_mask_connect_sum": 37.0, "mixed_connect_sum": 498.0, "model_name": "GL_GINConv_3l_128h"}