{"f1_macro": 0.91279632102062, "f1_weighted": 0.9270964460550576, "precision_macro": 0.9491891891891893, "precision_weighted": 0.9323466323466324, "recall_macro": 0.8891801510248113, "recall_weighted": 0.9285714285714286, "accuracy": 0.9285714285714286, "class_scores": {"Swedes": 0.9466666666666667, "Norwegians": 0.9345794392523364, "Danes": 0.8571428571428571}, "skipped_nodes": 5, "memory_allocated_MB": 17.09326171875, "memory_reserved_MB": 44.0, "model_name": "GL_SAGEConv_3l_128h"}