{"f1_macro": 0.7251728998722523, "f1_weighted": 0.9499544762088532, "accuracy": 0.9631901840490797, "class_scores": {"Udmurts,Besermyan": 0.9714285714285714, "Tatars,Volga-Tatars,Mishar-Tatars,Kryashens": 0.9872340425531915, "Chuvash": 0.9420289855072463, "Mari": 0.0}, "skipped_nodes": 0, "model_name": "MaxEdgeCount"}