{"f1_macro": 0.778512738427953, "f1_weighted": 0.8756501384393551, "precision_macro": 0.8892691050779287, "precision_weighted": 0.8919037595826034, "recall_macro": 0.7400497000597442, "recall_weighted": 0.8876080691642652, "accuracy": 0.8876080691642652, "class_scores": {"English": 0.9469302809573361, "Germans": 0.7887323943661971, "French": 0.5476190476190477, "Belgium": 0.8307692307692308}, "skipped_nodes": 75, "memory_allocated_MB": 102.04931640625, "memory_reserved_MB": 288.0, "model_name": "GL_GINConv_9l_512h"}