{"f1_macro": 0.8603134267747929, "f1_weighted": 0.9744881517399877, "precision_macro": 0.9284943951130424, "precision_weighted": 0.9749978943521116, "recall_macro": 0.8322603719599428, "recall_weighted": 0.9785276073619632, "accuracy": 0.9785276073619632, "class_scores": {"Udmurts,Besermyan": 1.0, "Tatars,Volga-Tatars,Mishar-Tatars,Kryashens": 0.9872340425531915, "Chuvash": 0.9924812030075187, "Mari": 0.46153846153846156}, "skipped_nodes": 0, "memory_allocated_MB": 187.166015625, "memory_reserved_MB": 976.0, "f1_macro_score_only_mask_connect": NaN, "f1_macro_score_only_not_mask_connect": NaN, "f1_macro_score_mixed_connect": 0.8603134267747929, "only_mask_connect_sum": 0.0, "only_not_mask_connect_sum": 0.0, "mixed_connect_sum": 326.0, "model_name": "GL_TAGConv_9l_512h_w_k3"}