{"f1_macro": 0.7007008636788048, "f1_weighted": 0.8643164134340605, "precision_macro": 0.7104897660818713, "precision_weighted": 0.895605174552543, "recall_macro": 0.766085385739991, "recall_weighted": 0.8484848484848485, "accuracy": 0.8484848484848485, "class_scores": {"Chechens": 0.8888888888888888, "Kabardians, Circassians, Adyghes": 0.88, "Karachays, Balkars": 0.8571428571428571, "Ingush": 0.8888888888888888, "Dagestan peoples": 0.8823529411764706, "Ossetians": 0.875, "Kumyks": 0.3333333333333333, "Nogais": 0.0}, "skipped_nodes": 19, "memory_allocated_MB": 18.0556640625, "memory_reserved_MB": 70.0, "model_name": "GL_TAGConv_3l_128h_w_k3"}