{"f1_macro": 0.4752904885945026, "f1_weighted": 0.5645222046519522, "precision_macro": 0.5024630376344086, "precision_weighted": 0.8213238213399504, "recall_macro": 0.7089537617554859, "recall_weighted": 0.49846153846153846, "accuracy": 0.49846153846153846, "class_scores": {"Udmurts,Besermyan": 0.68, "Tatars,Volga-Tatars,Mishar-Tatars,Kryashens": 0.5963855421686747, "Chuvash": 0.4779874213836478, "Mari": 0.14678899082568808}, "skipped_nodes": 1, "model_name": "MaxEdgeCountPerClassSize"}