{"f1_macro": 0.8523789082193608, "f1_weighted": 0.9560465446818834, "precision_macro": 0.8835124434389141, "precision_weighted": 0.9561672403742054, "recall_macro": 0.8261369055360472, "recall_weighted": 0.9570552147239264, "accuracy": 0.9570552147239264, "class_scores": {"Udmurts,Besermyan": 0.9090909090909091, "Tatars,Volga-Tatars,Mishar-Tatars,Kryashens": 0.9808917197452229, "Chuvash": 0.9312977099236641, "Mari": 0.5882352941176471}, "skipped_nodes": 0, "memory_allocated_MB": 0.00048828125, "memory_reserved_MB": 2.0, "f1_macro_score_only_mask_connect": NaN, "f1_macro_score_only_not_mask_connect": 0.8523789082193608, "f1_macro_score_mixed_connect": NaN, "only_mask_connect_sum": 0.0, "only_not_mask_connect_sum": 326.0, "mixed_connect_sum": 0.0, "model_name": "GL_LR"}