{"f1_macro": 0.6051184052757793, "f1_weighted": 0.9137436369922466, "accuracy": 0.9355828220858896, "class_scores": {"Udmurts,Besermyan": 0.5, "Tatars,Volga-Tatars,Mishar-Tatars,Kryashens": 0.9708333333333333, "Chuvash": 0.9496402877697842, "Mari": 0.0}, "skipped_nodes": 0, "model_name": "GL_GCNConv_3l_128h_w"}