{"f1_macro": 0.7556991175917007, "f1_weighted": 0.9315809169517608, "precision_macro": 0.7590747816593887, "precision_weighted": 0.9317929123278469, "recall_macro": 0.7540505407521313, "recall_weighted": 0.9323076923076923, "accuracy": 0.9323076923076923, "class_scores": {"P0": 0.9090909090909091, "P1": 0.9653679653679653, "P2": 0.9130434782608695, "P3": 0.23529411764705882}, "skipped_nodes": 0, "memory_allocated_MB": 42.1689453125, "memory_reserved_MB": 194.0, "f1_macro_score_only_mask_connect": -100.0, "f1_macro_score_only_not_mask_connect": -100.0, "f1_macro_score_mixed_connect": -100.0, "only_mask_connect_sum": -100.0, "only_not_mask_connect_sum": -100.0, "mixed_connect_sum": -100.0, "model_name": "GL_TAGConv_3l_512h_w_k3_gnorm"}