{"f1_macro": 0.8086409439165816, "f1_weighted": 0.9549511816308871, "precision_macro": 0.9588607594936709, "precision_weighted": 0.9666847868292303, "recall_macro": 0.7863018597997139, "recall_weighted": 0.9601226993865031, "accuracy": 0.9601226993865031, "class_scores": {"Udmurts,Besermyan": 0.9714285714285714, "Tatars,Volga-Tatars,Mishar-Tatars,Kryashens": 0.9891540130151844, "Chuvash": 0.9103448275862069, "Mari": 0.36363636363636365}, "skipped_nodes": 0, "model_name": "MaxSegmentCount"}