{"f1_macro": 0.758837069706635, "f1_weighted": 0.9535627378252077, "precision_macro": 0.7531115133175004, "precision_weighted": 0.951283735163719, "recall_macro": 0.7686250921229462, "recall_weighted": 0.9570552147239264, "accuracy": 0.9570552147239264, "class_scores": {"Udmurts,Besermyan": 0.972972972972973, "Tatars,Volga-Tatars,Mishar-Tatars,Kryashens": 0.987012987012987, "Chuvash": 0.9420289855072463, "Mari": 0.13333333333333333}, "skipped_nodes": 0, "memory_allocated_MB": 20.849609375, "memory_reserved_MB": 212.0, "model_name": "GL_GINConv_3l_128h"}