{"f1_macro": 0.7932028667322785, "f1_weighted": 0.8916089796120754, "precision_macro": 0.7945075757575758, "precision_weighted": 0.9142610313662944, "recall_macro": 0.8177681992337165, "recall_weighted": 0.8859649122807017, "accuracy": 0.8859649122807017, "class_scores": {"Chechens": 0.85, "Kabardians, Circassians, Adyghes": 0.9642857142857143, "Karachays, Balkars": 0.918918918918919, "Ingush": 0.8235294117647058, "Dagestan peoples": 0.8888888888888888, "Ossetians": 1.0, "Kumyks": 0.4, "Nogais": 0.5}, "skipped_nodes": 4, "memory_allocated_MB": 339.46142578125, "memory_reserved_MB": 1040.0, "model_name": "GL_GATConv_9l_512h"}