{"f1_macro": 0.5275189542804855, "f1_weighted": 0.5750562371235928, "precision_macro": 0.5281793621093884, "precision_weighted": 0.5785803175761571, "recall_macro": 0.5456260030257226, "recall_weighted": 0.5833333333333334, "accuracy": 0.5833333333333334, "class_scores": {"Southern Russians": 0.5797101449275363, "Ukranians": 0.2677165354330709, "Northen Russians": 0.7492163009404389, "Belarusians": 0.5134328358208955}, "skipped_nodes": 1, "memory_allocated_MB": 23.119140625, "memory_reserved_MB": 1150.0, "model_name": "GL_GATConv_3l_128h"}