{"f1_macro": 0.9512796327662315, "f1_weighted": 0.9651093631603983, "precision_macro": 0.9703746278385568, "precision_weighted": 0.966515171589442, "recall_macro": 0.9359173126614987, "recall_weighted": 0.9657534246575342, "accuracy": 0.9657534246575342, "class_scores": {"English": 0.9797225186766275, "Germans": 0.9354838709677419, "French": 0.9253731343283582, "Belgium": 0.9645390070921985}, "skipped_nodes": 39, "memory_allocated_MB": 24.42919921875, "memory_reserved_MB": 30.0, "model_name": "GL_SAGEConv_3l_512h"}