{"f1_macro": 0.38537183661607627, "f1_weighted": 0.5387005438618342, "accuracy": 0.5955056179775281, "class_scores": {"Chechens": 0.7027027027027027, "Kabardians, Circassians, Adyghes": 0.68, "Karachays, Balkars": 0.47619047619047616, "Ingush": 0.0, "Dagestan peoples": 0.8387096774193549, "Ossetians": 0.0, "Kumyks": 0.0, "Nogais": 0.0}, "skipped_nodes": 29, "model_name": "GL_GATConv_9l_128h"}