{"f1_macro": 0.389198278181329, "f1_weighted": 0.7572666996450486, "accuracy": 0.8112903225806452, "class_scores": {"English": 0.9694915254237289, "Germans": 0.5873015873015873, "French": 0.0, "Belgium": 0.0}, "skipped_nodes": 149, "model_name": "GL_GATConv_9l_128h"}