{"f1_macro": 0.6055715526303762, "f1_weighted": 0.7457913032829792, "precision_macro": 0.6437447786131997, "precision_weighted": 0.8283306536782207, "recall_macro": 0.6661195286195286, "recall_weighted": 0.7169811320754716, "accuracy": 0.7169811320754716, "class_scores": {"Chechens": 0.7692307692307693, "Kabardians, Circassians, Adyghes": 0.7111111111111111, "Karachays, Balkars": 0.9411764705882353, "Ingush": 0.6666666666666666, "Dagestan peoples": 0.7777777777777778, "Ossetians": 0.7058823529411765, "Kumyks": 0.0, "Nogais": 0.2727272727272727}, "skipped_nodes": 12, "memory_allocated_MB": 18.634765625, "memory_reserved_MB": 46.0, "model_name": "GL_MLP_9l_128h"}