{"f1_macro": 0.583817015182065, "f1_weighted": 0.6280767600171614, "precision_macro": 0.5855192445473629, "precision_weighted": 0.6502764947388049, "recall_macro": 0.5969939539812418, "recall_weighted": 0.6194594594594595, "accuracy": 0.6194594594594595, "class_scores": {"Southern Russians": 0.6236559139784946, "Ukranians": 0.4783861671469741, "Northen Russians": 0.782608695652174, "Belarusians": 0.4506172839506173}, "skipped_nodes": 0, "memory_allocated_MB": 39.08203125, "memory_reserved_MB": 478.0, "model_name": "GL_TAGConv_3l_512h_nw_k3_gnorm"}