{"f1_macro": 0.3005649717514124, "f1_weighted": 0.4117421185217795, "precision_macro": 0.261616751068207, "precision_weighted": 0.3583342282157363, "recall_macro": 0.36412370722357545, "recall_weighted": 0.4989177489177489, "accuracy": 0.4989177489177489, "class_scores": {"Southern Russians": 0.535593220338983, "Ukranians": 0.0, "Northen Russians": 0.6666666666666666, "Belarusians": 0.0}, "skipped_nodes": 1, "memory_allocated_MB": 22.099609375, "memory_reserved_MB": 84.0, "f1_macro_score_only_mask_connect": 0.23660714285714285, "f1_macro_score_only_not_mask_connect": 0.17877906976744184, "f1_macro_score_mixed_connect": 0.306420053412306, "only_mask_connect_sum": 15.0, "only_not_mask_connect_sum": 47.0, "mixed_connect_sum": 862.0, "model_name": "GL_GCNConv_9l_128h_w"}