{"f1_macro": 0.5163443566279948, "f1_weighted": 0.5696938853133641, "precision_macro": 0.5347344001028211, "precision_weighted": 0.5667132160269003, "recall_macro": 0.5121404616894761, "recall_weighted": 0.5837837837837838, "accuracy": 0.5837837837837838, "class_scores": {"Southern Russians": 0.6009104704097117, "Ukranians": 0.4, "Northen Russians": 0.7178002894356006, "Belarusians": 0.3466666666666667}, "skipped_nodes": 0, "memory_allocated_MB": 48.20166015625, "memory_reserved_MB": 428.0, "f1_macro_score_only_mask_connect": 0.39999999999999997, "f1_macro_score_only_not_mask_connect": 1.0, "f1_macro_score_mixed_connect": 0.5133325368490111, "only_mask_connect_sum": 16.0, "only_not_mask_connect_sum": 2.0, "mixed_connect_sum": 907.0, "model_name": "GL_TAGConv_3l_512h_w_k3"}