{"f1_macro": 0.77067715975279, "f1_weighted": 0.946355611092426, "accuracy": 0.9539877300613497, "class_scores": {"Udmurts,Besermyan": 1.0, "Tatars,Volga-Tatars,Mishar-Tatars,Kryashens": 0.9847494553376906, "Chuvash": 0.8979591836734694, "Mari": 0.2}, "skipped_nodes": 0, "model_name": "MaxSegmentCount"}