{"f1_macro": 0.8451957057185692, "f1_weighted": 0.9723413107206257, "precision_macro": 0.8791666666666667, "precision_weighted": 0.9720858895705521, "recall_macro": 0.8311874105865523, "recall_weighted": 0.9754601226993865, "accuracy": 0.9754601226993865, "class_scores": {"Udmurts,Besermyan": 1.0, "Tatars,Volga-Tatars,Mishar-Tatars,Kryashens": 0.9956896551724138, "Chuvash": 0.9565217391304348, "Mari": 0.42857142857142855}, "skipped_nodes": 0, "memory_allocated_MB": 36.37744140625, "memory_reserved_MB": 42.0, "model_name": "GL_GINConv_3l_512h"}