{"f1_macro": 0.6435991078421357, "f1_weighted": 0.8293540044604949, "precision_macro": 0.6045347450044736, "precision_weighted": 0.7973788795959745, "recall_macro": 0.6900869814436554, "recall_weighted": 0.8659942363112392, "accuracy": 0.8659942363112392, "class_scores": {"English": 0.9572649572649573, "Germans": 0.7171314741035857, "French": 0.0, "Belgium": 0.9}, "skipped_nodes": 75, "memory_allocated_MB": 21.6669921875, "memory_reserved_MB": 102.0, "model_name": "GL_GINConv_9l_128h"}