{"f1_macro": 0.8495154062031314, "f1_weighted": 0.9231401065906044, "precision_macro": 0.8782277382122307, "precision_weighted": 0.9251896353984327, "recall_macro": 0.8294073792663542, "recall_weighted": 0.9266347687400319, "accuracy": 0.9266347687400319, "class_scores": {"English": 0.971815107102593, "Germans": 0.7948717948717948, "French": 0.7045454545454546, "Belgium": 0.926829268292683}, "skipped_nodes": 142, "memory_allocated_MB": 51.67236328125, "memory_reserved_MB": 124.0, "model_name": "GL_GCNConv_9l_512h_w"}