{"f1_macro": 0.8139600152454869, "f1_weighted": 0.9080918355460386, "precision_macro": 0.8116883116883118, "precision_weighted": 0.9212605330919755, "recall_macro": 0.8420941122025091, "recall_weighted": 0.9027552674230146, "accuracy": 0.9027552674230146, "class_scores": {"English": 0.9585253456221198, "Germans": 0.7755102040816326, "French": 0.6095238095238096, "Belgium": 0.9122807017543859}, "skipped_nodes": 152, "memory_allocated_MB": 21.8427734375, "memory_reserved_MB": 68.0, "model_name": "GL_GINConv_9l_128h"}