{"f1_macro": 0.5235898022308575, "f1_weighted": 0.5785386630041628, "precision_macro": 0.5754127004272146, "precision_weighted": 0.5949315330967602, "recall_macro": 0.518330588546412, "recall_weighted": 0.5921348314606741, "accuracy": 0.5921348314606741, "class_scores": {"Ukranians": 0.43686006825938567, "Southern Russians": 0.6409155937052933, "Northen Russians": 0.6851549755301795, "Belarusians": 0.3314285714285714}, "skipped_nodes": 25, "model_name": "MaxEdgeCount"}