{"f1_macro": 0.912268006062193, "f1_weighted": 0.9243746896624098, "precision_macro": 0.9213705450733753, "precision_weighted": 0.9246251882363363, "recall_macro": 0.9044536908614579, "recall_weighted": 0.9248826291079812, "accuracy": 0.9248826291079812, "class_scores": {"Swedes": 0.9333333333333333, "Norwegians": 0.937799043062201, "Danes": 0.8656716417910447}, "skipped_nodes": 2, "memory_allocated_MB": 17.8671875, "memory_reserved_MB": 48.0, "f1_macro_score_only_mask_connect": 0.6444444444444445, "f1_macro_score_only_not_mask_connect": 0.6015873015873016, "f1_macro_score_mixed_connect": 0.918435104133442, "only_mask_connect_sum": 10.0, "only_not_mask_connect_sum": 12.0, "mixed_connect_sum": 191.0, "model_name": "GL_SAGEConv_3l_128h"}