{"f1_macro": 0.18439198696211118, "f1_weighted": 0.25216926821647995, "precision_macro": 0.1777196694280549, "precision_weighted": 0.24320330700806295, "recall_macro": 0.2760052709339935, "recall_weighted": 0.3772972972972973, "accuracy": 0.3772972972972973, "class_scores": {"Southern Russians": 0.18510158013544017, "Ukranians": 0.0, "Northen Russians": 0.5524663677130045, "Belarusians": 0.0}, "skipped_nodes": 0, "memory_allocated_MB": 20.15283203125, "memory_reserved_MB": 272.0, "model_name": "GL_GCNConv_9l_128h_w"}