{"f1_macro": 0.8328912471122064, "f1_weighted": 0.9148188066208548, "precision_macro": 0.9093821321485898, "precision_weighted": 0.9237479882034512, "recall_macro": 0.7982813496732707, "recall_weighted": 0.9197622585438335, "accuracy": 0.9197622585438335, "class_scores": {"English": 0.9705561613958561, "Germans": 0.8245614035087719, "French": 0.6493506493506493, "Belgium": 0.8870967741935484}, "skipped_nodes": 96, "memory_allocated_MB": 102.07275390625, "memory_reserved_MB": 278.0, "f1_macro_score_only_mask_connect": 0.6724237718802937, "f1_macro_score_only_not_mask_connect": 0.9155590062111801, "f1_macro_score_mixed_connect": 0.9176434167047434, "only_mask_connect_sum": 138.0, "only_not_mask_connect_sum": 69.0, "mixed_connect_sum": 466.0, "model_name": "GL_GINConv_9l_512h"}