{"f1_macro": 0.9336156884611573, "f1_weighted": 0.9607896586887263, "accuracy": 0.9611650485436893, "class_scores": {"English": 0.9837837837837838, "Germans": 0.9317269076305221, "French": 0.8769230769230769, "Belgium": 0.9420289855072463}, "skipped_nodes": 48, "model_name": "GL_TAGConv_3l_512h_w_k3_gnorm"}