{"f1_macro": 0.8140054275496238, "f1_weighted": 0.9604353789719102, "accuracy": 0.9662576687116564, "class_scores": {"Udmurts,Besermyan": 0.9714285714285714, "Tatars,Volga-Tatars,Mishar-Tatars,Kryashens": 0.9913793103448276, "Chuvash": 0.9295774647887324, "Mari": 0.36363636363636365}, "skipped_nodes": 0, "model_name": "MaxIbdSum"}