{"f1_macro": 0.7079774911753948, "f1_weighted": 0.7523515874108353, "accuracy": 0.7269938650306749, "class_scores": {"Udmurts,Besermyan": 1.0, "Tatars,Volga-Tatars,Mishar-Tatars,Kryashens": 0.7704485488126649, "Chuvash": 0.6701570680628273, "Mari": 0.391304347826087}, "skipped_nodes": 0, "model_name": "MaxIbdSumPerClassSize"}