{"f1_macro": 0.42944273453662724, "f1_weighted": 0.49450874760867336, "precision_macro": 0.5042945906432749, "precision_weighted": 0.718585189968787, "recall_macro": 0.4385485758876317, "recall_weighted": 0.4325153374233129, "accuracy": 0.4325153374233129, "class_scores": {"P0": 0.8823529411764706, "P1": 0.5400593471810089, "P2": 0.29535864978902954, "P3": 0.0}, "skipped_nodes": 0, "model_name": "LongestIbd"}