{"f1_macro": 0.2878682513888557, "f1_weighted": 0.2970088731028634, "precision_macro": 0.3165646853146853, "precision_weighted": 0.3607778715537336, "recall_macro": 0.37555555555555553, "recall_weighted": 0.39655172413793105, "accuracy": 0.39655172413793105, "class_scores": {"Chechens": 0.5964912280701754, "Kabardians, Circassians, Adyghes": 0.0, "Karachays, Balkars": 0.5573770491803278, "Ingush": 0.08695652173913043, "Dagestan peoples": 0.26666666666666666, "Ossetians": 0.5454545454545454, "Kumyks": 0.0, "Nogais": 0.25}, "skipped_nodes": 2, "memory_allocated_MB": 21.88720703125, "memory_reserved_MB": 86.0, "model_name": "GL_GINConv_9l_128h"}