{"f1_macro": 0.8562057411658817, "f1_weighted": 0.9163229132790123, "accuracy": 0.9223021582733812, "class_scores": {"English": 0.9595744680851064, "Germans": 0.8648648648648649, "French": 0.6739130434782609, "Belgium": 0.9264705882352942}, "skipped_nodes": 74, "model_name": "GL_GATConv_9l_128h"}