{"f1_macro": 0.5164507240139113, "f1_weighted": 0.7181813685620125, "accuracy": 0.7697841726618705, "class_scores": {"English": 0.8582159624413146, "Germans": 0.6263736263736264, "French": 0.4383561643835616, "Belgium": 0.14285714285714285}, "skipped_nodes": 74, "model_name": "GL_GCNConv_3l_128h_w"}