{"f1_macro": 0.7648826927085514, "f1_weighted": 0.8260858915121924, "precision_macro": 0.8977079796264856, "precision_weighted": 0.8648072364416824, "recall_macro": 0.7402576305603148, "recall_weighted": 0.8443396226415094, "accuracy": 0.8443396226415094, "class_scores": {"Swedes": 0.9006622516556292, "Norwegians": 0.8722466960352423, "Danes": 0.5217391304347826}, "skipped_nodes": 3, "memory_allocated_MB": 21.63818359375, "memory_reserved_MB": 56.0, "model_name": "GL_GINConv_9l_128h"}