{"f1_macro": 0.7903705621004382, "f1_weighted": 0.9033280825102727, "accuracy": 0.9152542372881356, "class_scores": {"Chechens": 0.9, "Kabardians, Circassians, Adyghes": 0.9454545454545454, "Karachays, Balkars": 0.8947368421052632, "Ingush": 0.9523809523809523, "Dagestan peoples": 0.9803921568627451, "Ossetians": 0.9, "Kumyks": 0.0, "Nogais": 0.75}, "skipped_nodes": 0, "model_name": "GL_GCNConv_9l_512h_w"}