{"f1_macro": 0.8917050691244238, "f1_weighted": 0.9626298003072197, "precision_macro": 0.8768955650929899, "precision_weighted": 0.968694618686035, "recall_macro": 0.9302181295715778, "recall_weighted": 0.96, "accuracy": 0.96, "class_scores": {"Udmurts,Besermyan": 0.9714285714285714, "Tatars,Volga-Tatars,Mishar-Tatars,Kryashens": 0.9763440860215054, "Chuvash": 0.9523809523809523, "Mari": 0.6666666666666666}, "skipped_nodes": 1, "memory_allocated_MB": 22.23828125, "memory_reserved_MB": 50.0, "model_name": "GL_MLP_3l_512h"}