{"f1_macro": 0.4885058791698945, "f1_weighted": 0.555189066013925, "precision_macro": 0.49126462781338, "precision_weighted": 0.5496789981489043, "recall_macro": 0.4901109748300562, "recall_weighted": 0.5641975308641975, "accuracy": 0.5641975308641975, "class_scores": {"Ukranians": 0.25120772946859904, "Southern Russians": 0.5989110707803993, "Northen Russians": 0.7022653721682848, "Belarusians": 0.4016393442622951}, "skipped_nodes": 73, "memory_allocated_MB": 21.90087890625, "memory_reserved_MB": 100.0, "model_name": "GL_GCNConv_3l_512h_w"}