{"f1_macro": 0.4920866693692781, "f1_weighted": 0.5753160607508434, "precision_macro": 0.6285714285714286, "precision_weighted": 0.6746173469387754, "recall_macro": 0.49222799752084745, "recall_weighted": 0.5892857142857143, "accuracy": 0.5892857142857143, "class_scores": {"Chechens": 0.6956521739130435, "Kabardians, Circassians, Adyghes": 0.56, "Karachays, Balkars": 0.6153846153846154, "Ingush": 0.45454545454545453, "Dagestan peoples": 0.6111111111111112, "Ossetians": 0.5, "Kumyks": 0.0, "Nogais": 0.5}, "skipped_nodes": 6, "memory_allocated_MB": 101.88818359375, "memory_reserved_MB": 174.0, "model_name": "GL_GINConv_9l_512h"}