{"f1_macro": 0.8086148286483915, "f1_weighted": 0.9124970266600126, "precision_macro": 0.9111005250172821, "precision_weighted": 0.9219461151602284, "recall_macro": 0.7698541347685154, "recall_weighted": 0.9214402618657938, "accuracy": 0.9214402618657938, "class_scores": {"English": 0.9642058165548099, "Germans": 0.8129032258064516, "French": 0.5263157894736842, "Belgium": 0.9310344827586207}, "skipped_nodes": 158, "memory_allocated_MB": 21.65380859375, "memory_reserved_MB": 60.0, "model_name": "GL_GINConv_9l_128h"}