{"f1_macro": 0.43784062736902496, "f1_weighted": 0.4427477941439762, "precision_macro": 0.4857234990619137, "precision_weighted": 0.445639213760937, "recall_macro": 0.4831349206349206, "recall_weighted": 0.514018691588785, "accuracy": 0.514018691588785, "class_scores": {"Chechens": 0.7272727272727273, "Kabardians, Circassians, Adyghes": 0.0, "Karachays, Balkars": 0.5862068965517241, "Ingush": 0.5454545454545454, "Dagestan peoples": 0.5882352941176471, "Ossetians": 0.5555555555555556, "Kumyks": 0.0, "Nogais": 0.5}, "skipped_nodes": 11, "memory_allocated_MB": 21.8662109375, "memory_reserved_MB": 54.0, "model_name": "GL_GINConv_9l_128h"}