{"f1_macro": 0.44421768707483, "f1_weighted": 0.6146520146520147, "accuracy": 0.6923076923076923, "class_scores": {"Chechens": 0.6666666666666666, "Kabardians, Circassians, Adyghes": 0.8, "Karachays, Balkars": 0.8333333333333334, "Ingush": 0.0, "Dagestan peoples": 0.8095238095238095, "Ossetians": 0.0, "Kumyks": 0.0, "Nogais": 0.0}, "skipped_nodes": 14, "model_name": "GL_SAGEConv_9l_128h"}