{"f1_macro": 0.40159633317528054, "f1_weighted": 0.6376546256245504, "precision_macro": 0.3669813902572523, "precision_weighted": 0.5888464416965472, "recall_macro": 0.4571150097465887, "recall_weighted": 0.7142857142857143, "accuracy": 0.7142857142857143, "class_scores": {"Chechens": 0.7111111111111111, "Kabardians, Circassians, Adyghes": 0.7719298245614035, "Karachays, Balkars": 0.8648648648648649, "Ingush": 0.0, "Dagestan peoples": 0.8648648648648649, "Ossetians": 0.0, "Kumyks": 0.0, "Nogais": 0.0}, "skipped_nodes": 20, "memory_allocated_MB": 18.5048828125, "memory_reserved_MB": 46.0, "model_name": "GL_GCNConv_9l_128h_w"}