{"f1_macro": 0.9615421047646112, "f1_weighted": 0.9623852807095485, "precision_macro": 0.9632010712383455, "precision_weighted": 0.9627466124344892, "recall_macro": 0.9603267067344738, "recall_weighted": 0.9624413145539906, "accuracy": 0.9624413145539906, "class_scores": {"Swedes": 0.9673202614379085, "Norwegians": 0.9607843137254902, "Danes": 0.9565217391304348}, "skipped_nodes": 2, "memory_allocated_MB": 37.24169921875, "memory_reserved_MB": 198.0, "model_name": "GL_TAGConv_3l_512h_w_k3"}