{"f1_macro": 0.9165507870518317, "f1_weighted": 0.9795930201115918, "precision_macro": 0.8876984126984127, "precision_weighted": 0.9820625182588373, "recall_macro": 0.954924784323926, "recall_weighted": 0.9785276073619632, "accuracy": 0.9785276073619632, "class_scores": {"P0": 0.9473684210526315, "P1": 0.9956896551724138, "P2": 0.9612403100775194, "P3": 0.7619047619047619}, "skipped_nodes": 0, "memory_allocated_MB": 22.16357421875, "memory_reserved_MB": 52.0, "model_name": "GL_MLP_3l_512h"}