{"f1_macro": 0.7920416616218623, "f1_weighted": 0.9003489455399378, "accuracy": 0.9102730819245773, "class_scores": {"P0": 0.978401727861771, "P1": 0.9240506329113924, "P2": 0.7857142857142857, "P3": 0.48}, "skipped_nodes": 0, "model_name": "GL_TAGConv_3l_512h_w_k3"}