{"f1_macro": 0.8216835866959069, "f1_weighted": 0.9635433151114152, "precision_macro": 0.9671052631578947, "precision_weighted": 0.9733613174039393, "recall_macro": 0.8023366714353839, "recall_weighted": 0.9693251533742331, "accuracy": 0.9693251533742331, "class_scores": {"Udmurts,Besermyan": 1.0, "Tatars,Volga-Tatars,Mishar-Tatars,Kryashens": 0.9935205183585313, "Chuvash": 0.9295774647887324, "Mari": 0.36363636363636365}, "skipped_nodes": 0, "model_name": "MaxSegmentCount"}