{"f1_macro": 0.8821619168044613, "f1_weighted": 0.89598528246233, "precision_macro": 0.8678344649587189, "precision_weighted": 0.9006722884125289, "recall_macro": 0.9028959181542958, "recall_weighted": 0.8947368421052632, "accuracy": 0.8947368421052632, "class_scores": {"Swedes": 0.8859060402684564, "Norwegians": 0.92, "Danes": 0.8405797101449275}, "skipped_nodes": 6, "memory_allocated_MB": 101.5, "memory_reserved_MB": 150.0, "model_name": "GL_GINConv_9l_512h"}