{"f1_macro": 0.7115739416475972, "f1_weighted": 0.8285899005714134, "precision_macro": 0.7412666281087334, "precision_weighted": 0.8699166945704342, "recall_macro": 0.7324971827811584, "recall_weighted": 0.8070175438596491, "accuracy": 0.8070175438596491, "class_scores": {"Chechens": 0.8125, "Kabardians, Circassians, Adyghes": 0.8771929824561403, "Karachays, Balkars": 0.8333333333333334, "Ingush": 0.8695652173913043, "Dagestan peoples": 0.8444444444444444, "Ossetians": 0.8888888888888888, "Kumyks": 0.16666666666666666, "Nogais": 0.4}, "skipped_nodes": 4, "memory_allocated_MB": 41.82080078125, "memory_reserved_MB": 112.0, "model_name": "GL_GINConv_3l_512h"}