{"f1_macro": 0.6969859338381781, "f1_weighted": 0.7599190852142811, "precision_macro": 0.6787781717251409, "precision_weighted": 0.8903508140178186, "recall_macro": 0.9055793991416309, "recall_weighted": 0.7300613496932515, "accuracy": 0.7300613496932515, "class_scores": {"Udmurts,Besermyan": 0.972972972972973, "Tatars,Volga-Tatars,Mishar-Tatars,Kryashens": 0.7671957671957672, "Chuvash": 0.7374301675977654, "Mari": 0.3103448275862069}, "skipped_nodes": 0, "model_name": "MaxIbdSumPerClassSize"}