{"f1_macro": 0.8720474583013598, "f1_weighted": 0.9341126205023059, "precision_macro": 0.9225331760710108, "precision_weighted": 0.939383215191354, "recall_macro": 0.8489871468737447, "recall_weighted": 0.9383458646616541, "accuracy": 0.9383458646616541, "class_scores": {"English": 0.9749182115594329, "Germans": 0.8775510204081632, "French": 0.7126436781609196, "Belgium": 0.9230769230769231}, "skipped_nodes": 104, "memory_allocated_MB": 21.77001953125, "memory_reserved_MB": 178.0, "model_name": "GL_GATConv_3l_128h"}