{"f1_macro": 0.7731892133207923, "f1_weighted": 0.8674948346000979, "precision_macro": 0.7700757575757576, "precision_weighted": 0.8800324675324676, "recall_macro": 0.7840862350687401, "recall_weighted": 0.8660714285714286, "accuracy": 0.8660714285714286, "class_scores": {"Chechens": 0.8947368421052632, "Kabardians, Circassians, Adyghes": 0.9259259259259259, "Karachays, Balkars": 0.8205128205128205, "Ingush": 0.9, "Dagestan peoples": 0.8636363636363636, "Ossetians": 0.9473684210526315, "Kumyks": 0.5, "Nogais": 0.3333333333333333}, "skipped_nodes": 6, "memory_allocated_MB": 20.94189453125, "memory_reserved_MB": 62.0, "model_name": "GL_SAGEConv_9l_128h"}