{"f1_macro": 0.7979671202816006, "f1_weighted": 0.931986176401938, "precision_macro": 0.7519457013574661, "precision_weighted": 0.9429386780667908, "recall_macro": 0.8724151385095591, "recall_weighted": 0.9263803680981595, "accuracy": 0.9263803680981595, "class_scores": {"Udmurts,Besermyan": 0.8372093023255814, "Tatars,Volga-Tatars,Mishar-Tatars,Kryashens": 0.9691629955947136, "Chuvash": 0.8854961832061069, "Mari": 0.5}, "skipped_nodes": 0, "memory_allocated_MB": 36.9052734375, "memory_reserved_MB": 370.0, "model_name": "GL_GATConv_9l_128h"}