{"f1_macro": 0.6512050653594771, "f1_weighted": 0.8516615260336344, "accuracy": 0.8539325842696629, "class_scores": {"Chechens": 0.8888888888888888, "Kabardians, Circassians, Adyghes": 0.8, "Karachays, Balkars": 0.8888888888888888, "Ingush": 0.9333333333333333, "Dagestan peoples": 0.875, "Ossetians": 0.8235294117647058, "Kumyks": 0.0, "Nogais": 0.0}, "skipped_nodes": 29, "model_name": "GL_SAGEConv_9l_512h"}