{"f1_macro": 0.9481276009300714, "f1_weighted": 0.9663721047844616, "accuracy": 0.9669876203576341, "class_scores": {"English": 0.9817792068595927, "Germans": 0.952, "French": 0.9090909090909091, "Belgium": 0.9496402877697842}, "skipped_nodes": 42, "model_name": "GL_GATConv_3l_512h"}