{"f1_macro": 0.9474427465502964, "f1_weighted": 0.9663760661233953, "precision_macro": 0.9648984667986047, "precision_weighted": 0.9676014196246056, "recall_macro": 0.9341454041390607, "recall_weighted": 0.9669876203576341, "accuracy": 0.9669876203576341, "class_scores": {"English": 0.9828326180257511, "Germans": 0.9482071713147411, "French": 0.9090909090909091, "Belgium": 0.9496402877697842}, "skipped_nodes": 42, "memory_allocated_MB": 81.45654296875, "memory_reserved_MB": 186.0, "model_name": "GL_GATConv_3l_512h"}