{"f1_macro": 0.9894218087818946, "f1_weighted": 0.9907156723501306, "accuracy": 0.9906976744186047, "class_scores": {"P0": 0.9868421052631579, "P1": 0.9951219512195122, "P2": 0.9863013698630136}, "skipped_nodes": 0, "model_name": "GL_TAGConv_3l_512h_w_k3_gnorm"}