{"f1_macro": 0.8810674013204542, "f1_weighted": 0.9285113700262461, "precision_macro": 0.8861601455868972, "precision_weighted": 0.9311919927206552, "recall_macro": 0.881833070828395, "recall_weighted": 0.9297520661157025, "accuracy": 0.9297520661157025, "class_scores": {"English": 0.9752421959095802, "Germans": 0.8461538461538461, "French": 0.7862068965517242, "Belgium": 0.9166666666666666}, "skipped_nodes": 43, "memory_allocated_MB": 98.1826171875, "memory_reserved_MB": 1318.0, "f1_macro_score_only_mask_connect": 0.8027044980512935, "f1_macro_score_only_not_mask_connect": 1.0, "f1_macro_score_mixed_connect": 0.9214020085512579, "only_mask_connect_sum": 191.0, "only_not_mask_connect_sum": 26.0, "mixed_connect_sum": 509.0, "model_name": "GL_GATConv_3l_512h"}