{"f1_macro": 0.3939110536265048, "f1_weighted": 0.7547589502128104, "accuracy": 0.803680981595092, "class_scores": {"Udmurts,Besermyan": 0.10526315789473684, "Tatars,Volga-Tatars,Mishar-Tatars,Kryashens": 0.8809073724007561, "Chuvash": 0.5894736842105263, "Mari": 0.0}, "skipped_nodes": 0, "model_name": "GL_GCNConv_3l_512h_w"}