{"f1_macro": 0.6302058665364197, "f1_weighted": 0.8474691556336683, "accuracy": 0.8739903069466882, "class_scores": {"English": 0.9561304836895388, "Germans": 0.6875, "French": 0.0, "Belgium": 0.8771929824561403}, "skipped_nodes": 150, "model_name": "GL_GINConv_9l_512h"}