{"f1_macro": 0.9180661881977672, "f1_weighted": 0.9319856008794458, "accuracy": 0.9322033898305084, "class_scores": {"Chechens": 0.8947368421052632, "Kabardians, Circassians, Adyghes": 0.9473684210526315, "Karachays, Balkars": 0.9444444444444444, "Ingush": 0.9090909090909091, "Dagestan peoples": 0.96, "Ossetians": 0.8888888888888888, "Kumyks": 0.8, "Nogais": 1.0}, "skipped_nodes": 0, "model_name": "MaxIbdSum"}