{"f1_macro": 0.7022098868873062, "f1_weighted": 0.9160835182340558, "precision_macro": 0.739089739089739, "precision_weighted": 0.9163747080413748, "recall_macro": 0.6807359307359307, "recall_weighted": 0.9197530864197531, "accuracy": 0.9197530864197531, "class_scores": {"Udmurts,Besermyan": 0.8387096774193549, "Tatars,Volga-Tatars,Mishar-Tatars,Kryashens": 0.9653679653679653, "Chuvash": 0.8714285714285714, "Mari": 0.13333333333333333}, "skipped_nodes": 2, "memory_allocated_MB": 36.64501953125, "memory_reserved_MB": 182.0, "model_name": "GL_TAGConv_3l_512h_w_k3_gnorm"}