{"f1_macro": 0.828819687580774, "f1_weighted": 0.9477475418667317, "precision_macro": 0.8964855072463769, "precision_weighted": 0.9508240802675585, "recall_macro": 0.8035409637909007, "recall_weighted": 0.9507692307692308, "accuracy": 0.9507692307692308, "class_scores": {"P0": 0.9696969696969697, "P1": 0.9762419006479481, "P2": 0.9078014184397163, "P3": 0.46153846153846156}, "skipped_nodes": 0, "model_name": "MaxIbdSum"}