{"f1_macro": 0.47293788371394685, "f1_weighted": 0.5117913989861604, "precision_macro": 0.4788890939252515, "precision_weighted": 0.506764086644494, "recall_macro": 0.47333258437278924, "recall_weighted": 0.5221621621621622, "accuracy": 0.5221621621621622, "class_scores": {"Southern Russians": 0.5462962962962963, "Ukranians": 0.24812030075187969, "Northen Russians": 0.6262924667651403, "Belarusians": 0.47104247104247104}, "skipped_nodes": 0, "model_name": "LongestIbd"}