{"f1_macro": 0.49869128386004724, "f1_weighted": 0.5945080567057712, "accuracy": 0.5337423312883436, "class_scores": {"P0": 0.723404255319149, "P1": 0.6172106824925816, "P2": 0.5454545454545454, "P3": 0.10869565217391304}, "skipped_nodes": 0, "model_name": "MaxIbdSumPerClassSize"}