{"f1_macro": 0.26295096141301266, "f1_weighted": 0.3070231200143076, "accuracy": 0.33158813263525305, "class_scores": {"krasnodar": 0.3624161073825503, "yaroslavl": 0.09615384615384616, "ryazan": 0.4425531914893617, "kaluga": 0.14012738853503184, "vologda": 0.27350427350427353}, "skipped_nodes": 3, "model_name": "GL_SAGEConv_3l_512h"}