{"f1_macro": 0.7162575628049557, "f1_weighted": 0.8638329246679105, "precision_macro": 0.7497225137830339, "precision_weighted": 0.8959737198036635, "recall_macro": 0.7554852059616125, "recall_weighted": 0.8617886178861789, "accuracy": 0.8617886178861789, "class_scores": {"English": 0.9569266589057043, "Germans": 0.5714285714285714, "French": 0.5396825396825397, "Belgium": 0.7969924812030075}, "skipped_nodes": 154, "memory_allocated_MB": 37.5166015625, "memory_reserved_MB": 110.0, "model_name": "GL_TAGConv_3l_512h_w_k3_gnorm"}