{"f1_macro": 0.3341673839040194, "f1_weighted": 0.530002874870875, "accuracy": 0.5980392156862745, "class_scores": {"Chechens": 0.7058823529411765, "Kabardians, Circassians, Adyghes": 0.6129032258064516, "Karachays, Balkars": 0.4827586206896552, "Ingush": 0.0, "Dagestan peoples": 0.8717948717948718, "Ossetians": 0.0, "Kumyks": 0.0, "Nogais": 0.0}, "skipped_nodes": 16, "model_name": "GL_GATConv_9l_128h"}