{"f1_macro": 0.8482023932808127, "f1_weighted": 0.9282976793418549, "precision_macro": 0.8753926141618531, "precision_weighted": 0.9277105205740631, "recall_macro": 0.8246709607596704, "recall_weighted": 0.9306451612903226, "accuracy": 0.9306451612903226, "class_scores": {"English": 0.9740112994350283, "Germans": 0.8263473053892215, "French": 0.7164179104477612, "Belgium": 0.8760330578512396}, "skipped_nodes": 149, "memory_allocated_MB": 21.75390625, "memory_reserved_MB": 74.0, "f1_macro_score_only_mask_connect": 0.6066787732041969, "f1_macro_score_only_not_mask_connect": 0.9037902614061555, "f1_macro_score_mixed_connect": 0.8827413273001509, "only_mask_connect_sum": 85.0, "only_not_mask_connect_sum": 152.0, "mixed_connect_sum": 383.0, "model_name": "GL_GCNConv_3l_512h_w"}