{"f1_macro": 0.7848868807070686, "f1_weighted": 0.9157907004210499, "precision_macro": 0.7750331564986737, "precision_weighted": 0.9155852842809366, "recall_macro": 0.8029234279918864, "recall_weighted": 0.9217391304347826, "accuracy": 0.9217391304347826, "class_scores": {"Chechens": 0.9473684210526315, "Kabardians, Circassians, Adyghes": 0.9310344827586207, "Karachays, Balkars": 0.9375, "Ingush": 0.9473684210526315, "Dagestan peoples": 0.9795918367346939, "Ossetians": 0.8695652173913043, "Kumyks": 0.0, "Nogais": 0.6666666666666666}, "skipped_nodes": 3, "memory_allocated_MB": 36.60205078125, "memory_reserved_MB": 246.0, "model_name": "GL_GATConv_9l_128h"}