{"f1_macro": 0.5085939889929548, "f1_weighted": 0.5695132365788232, "precision_macro": 0.5384239871831478, "precision_weighted": 0.5694693188667872, "recall_macro": 0.5029764465143284, "recall_weighted": 0.5866666666666667, "accuracy": 0.5866666666666667, "class_scores": {"Northen Russians": 0.7027027027027027, "Ukranians": 0.29239766081871343, "Belarusians": 0.43820224719101125, "Southern Russians": 0.6010733452593918}, "skipped_nodes": 107, "memory_allocated_MB": 36.68359375, "memory_reserved_MB": 198.0, "model_name": "GL_TAGConv_3l_512h_nw_k3_gnorm_leaky_relu"}