{"f1_macro": 0.9089832405400428, "f1_weighted": 0.9113911128958775, "precision_macro": 0.9285256410256411, "precision_weighted": 0.9147870237239397, "recall_macro": 0.89512405609493, "recall_weighted": 0.9112149532710281, "accuracy": 0.9112149532710281, "class_scores": {"Swedes": 0.8903225806451613, "Norwegians": 0.927536231884058, "Danes": 0.9090909090909091}, "skipped_nodes": 1, "memory_allocated_MB": 27.51123046875, "memory_reserved_MB": 64.0, "f1_macro_score_only_mask_connect": 0.9111111111111111, "f1_macro_score_only_not_mask_connect": 0.603030303030303, "f1_macro_score_mixed_connect": 0.9184976525821597, "only_mask_connect_sum": 11.0, "only_not_mask_connect_sum": 12.0, "mixed_connect_sum": 191.0, "model_name": "GL_SAGEConv_3l_512h"}