{"f1_macro": 0.6604756317884686, "f1_weighted": 0.7949729190594327, "precision_macro": 0.7354424367370038, "precision_weighted": 0.8237449188213196, "recall_macro": 0.6614592760180996, "recall_weighted": 0.8018018018018018, "accuracy": 0.8018018018018018, "class_scores": {"Chechens": 0.7777777777777778, "Kabardians, Circassians, Adyghes": 0.8070175438596491, "Karachays, Balkars": 0.9032258064516129, "Ingush": 0.8181818181818182, "Dagestan peoples": 0.8260869565217391, "Ossetians": 0.8181818181818182, "Kumyks": 0.0, "Nogais": 0.3333333333333333}, "skipped_nodes": 7, "memory_allocated_MB": 27.42626953125, "memory_reserved_MB": 188.0, "f1_macro_score_only_mask_connect": 0.45736135209819423, "f1_macro_score_only_not_mask_connect": 0.4666666666666666, "f1_macro_score_mixed_connect": 0.6450938254344478, "only_mask_connect_sum": 22.0, "only_not_mask_connect_sum": 7.0, "mixed_connect_sum": 82.0, "model_name": "GL_TAGConv_9l_128h_w_k3"}