{"f1_macro": 0.8575901419255849, "f1_weighted": 0.9126859375772165, "precision_macro": 0.8432971014492753, "precision_weighted": 0.9313817017871432, "recall_macro": 0.8849817921706333, "recall_weighted": 0.9079754601226994, "accuracy": 0.9079754601226994, "class_scores": {"P0": 1.0, "P1": 0.9409090909090909, "P2": 0.8227848101265823, "P3": 0.6666666666666666}, "skipped_nodes": 0, "model_name": "LongestIbd"}