{"f1_macro": 0.5107754391324594, "f1_weighted": 0.562471215634656, "precision_macro": 0.5295691210511982, "precision_weighted": 0.5746156848024495, "recall_macro": 0.5054555790905314, "recall_weighted": 0.5664864864864865, "accuracy": 0.5664864864864865, "class_scores": {"Southern Russians": 0.6118598382749326, "Ukranians": 0.43537414965986393, "Northen Russians": 0.6818181818181818, "Belarusians": 0.3140495867768595}, "skipped_nodes": 0, "memory_allocated_MB": 48.57275390625, "memory_reserved_MB": 186.0, "f1_macro_score_only_mask_connect": 0.20300751879699247, "f1_macro_score_only_not_mask_connect": 0.2857142857142857, "f1_macro_score_mixed_connect": 0.5098237782961754, "only_mask_connect_sum": 16.0, "only_not_mask_connect_sum": 5.0, "mixed_connect_sum": 904.0, "model_name": "GL_GINConv_3l_512h"}