{"f1_macro": 0.4364808294121, "f1_weighted": 0.5027132364213736, "precision_macro": 0.47304069854419606, "precision_weighted": 0.5050350780425432, "recall_macro": 0.440218932178657, "recall_weighted": 0.5313852813852814, "accuracy": 0.5313852813852814, "class_scores": {"Southern Russians": 0.5765027322404371, "Ukranians": 0.22707423580786026, "Northen Russians": 0.6607929515418502, "Belarusians": 0.2815533980582524}, "skipped_nodes": 1, "memory_allocated_MB": 20.50439453125, "memory_reserved_MB": 78.0, "f1_macro_score_only_mask_connect": 0.39880952380952384, "f1_macro_score_only_not_mask_connect": 0.3496031746031746, "f1_macro_score_mixed_connect": 0.43068323272371956, "only_mask_connect_sum": 15.0, "only_not_mask_connect_sum": 37.0, "mixed_connect_sum": 872.0, "model_name": "GL_SAGEConv_3l_128h"}