{"f1_macro": 0.29356156106284625, "f1_weighted": 0.36346637167273205, "accuracy": 0.4236111111111111, "class_scores": {"krasnodar": 0.5236907730673317, "yaroslavl": 0.23529411764705882, "ryazan": 0.497907949790795, "kaluga": 0.11214953271028037, "vologda": 0.09876543209876543}, "skipped_nodes": 0, "model_name": "GL_TAGConv_9l_512h_w_k3"}