{"f1_macro": 0.4576761194105262, "f1_weighted": 0.5510454436840627, "precision_macro": 0.6967833767448073, "precision_weighted": 0.6690074386147316, "recall_macro": 0.4812257618388909, "recall_weighted": 0.6151351351351352, "accuracy": 0.6151351351351352, "class_scores": {"Southern Russians": 0.6396063960639606, "Ukranians": 0.18994413407821228, "Northen Russians": 0.7845934379457917, "Belarusians": 0.21656050955414013}, "skipped_nodes": 0, "memory_allocated_MB": 20.7958984375, "memory_reserved_MB": 110.0, "f1_macro_score_only_mask_connect": -100.0, "f1_macro_score_only_not_mask_connect": -100.0, "f1_macro_score_mixed_connect": -100.0, "only_mask_connect_sum": -100.0, "only_not_mask_connect_sum": -100.0, "mixed_connect_sum": -100.0, "model_name": "GL_SAGEConv_3l_128h_de"}