{"f1_macro": 0.9123600403192852, "f1_weighted": 0.9143550135052447, "accuracy": 0.914572864321608, "class_scores": {"Swedes": 0.9078014184397163, "Norwegians": 0.92018779342723, "Danes": 0.9090909090909091}, "skipped_nodes": 16, "model_name": "GL_GINConv_3l_512h"}