{"f1_macro": 0.13333333333333333, "f1_weighted": 0.24928425357873207, "precision_macro": 0.3586206896551724, "precision_weighted": 0.3657499471123334, "recall_macro": 0.09537434430138293, "recall_weighted": 0.19938650306748465, "accuracy": 0.19938650306748465, "class_scores": {"P0": 0.2, "P1": 0.3333333333333333, "P2": 0.0, "P3": 0.0}, "skipped_nodes": 0, "model_name": "MaxIbdSum"}