{"f1_macro": 0.2162379907930227, "f1_weighted": 0.3269253694580897, "precision_macro": 0.38044448757763977, "precision_weighted": 0.42494022215447924, "recall_macro": 0.16228811722373954, "recall_weighted": 0.27300613496932513, "accuracy": 0.27300613496932513, "class_scores": {"P0": 0.43478260869565216, "P1": 0.4213197969543147, "P2": 0.008849557522123894, "P3": 0.0}, "skipped_nodes": 0, "model_name": "MaxIbdSum"}