{"f1_macro": 0.5476186409649622, "f1_weighted": 0.6336621889881289, "precision_macro": 0.5537143928035982, "precision_weighted": 0.8386532040728101, "recall_macro": 0.7471279316772879, "recall_weighted": 0.5828220858895705, "accuracy": 0.5828220858895705, "class_scores": {"P0": 0.7906976744186046, "P1": 0.6590257879656161, "P2": 0.56353591160221, "P3": 0.17721518987341772}, "skipped_nodes": 0, "model_name": "MaxIbdSumPerClassSize"}