{"f1_macro": 0.4955192187812508, "f1_weighted": 0.549835616047758, "precision_macro": 0.5265953903517182, "precision_weighted": 0.551880621868305, "recall_macro": 0.48621922102930276, "recall_weighted": 0.5626450116009281, "accuracy": 0.5626450116009281, "class_scores": {"Ukranians": 0.2975206611570248, "Southern Russians": 0.6156156156156156, "Northen Russians": 0.6518282988871225, "Belarusians": 0.41711229946524064}, "skipped_nodes": 43, "memory_allocated_MB": 36.68603515625, "memory_reserved_MB": 218.0, "model_name": "GL_TAGConv_3l_512h_nw_k3_gnorm_relu"}