{"f1_macro": 0.6990484843548354, "f1_weighted": 0.8204196135455933, "accuracy": 0.82, "class_scores": {"Chechens": 0.8205128205128205, "Kabardians, Circassians, Adyghes": 0.851063829787234, "Karachays, Balkars": 0.85, "Ingush": 0.7368421052631579, "Dagestan peoples": 0.8571428571428571, "Ossetians": 0.7777777777777778, "Kumyks": 0.0, "Nogais": 0.0}, "skipped_nodes": 18, "model_name": "GL_GCNConv_9l_512h_w"}