{"f1_macro": 0.965796092821023, "f1_weighted": 0.9813071244250778, "precision_macro": 0.9907574844283705, "precision_weighted": 0.9817165113367645, "recall_macro": 0.9431818181818182, "recall_weighted": 0.9815384615384616, "accuracy": 0.9815384615384616, "class_scores": {"Udmurts,Besermyan": 0.9714285714285714, "Tatars,Volga-Tatars,Mishar-Tatars,Kryashens": 0.9893390191897654, "Chuvash": 0.9612403100775194, "Mari": 0.9411764705882353}, "skipped_nodes": 1, "memory_allocated_MB": 36.64697265625, "memory_reserved_MB": 188.0, "model_name": "GL_TAGConv_3l_512h_w_k3_gnorm"}