{"f1_macro": 0.45892263406686096, "f1_weighted": 0.5165456729833792, "precision_macro": 0.4572658522351028, "precision_weighted": 0.5175139551064619, "recall_macro": 0.4633132713081926, "recall_weighted": 0.5177304964539007, "accuracy": 0.5177304964539007, "class_scores": {"Northen Russians": 0.6567717996289425, "Ukranians": 0.28125, "Belarusians": 0.3827751196172249, "Southern Russians": 0.5148936170212766}, "skipped_nodes": 105, "memory_allocated_MB": 21.81982421875, "memory_reserved_MB": 114.0, "model_name": "GL_GCNConv_3l_512h_w"}