{"f1_macro": 0.9667710036869656, "f1_weighted": 0.9766959543708883, "precision_macro": 0.9684944684944684, "precision_weighted": 0.9768482163831003, "recall_macro": 0.965292282573836, "recall_weighted": 0.9767441860465116, "accuracy": 0.9767441860465116, "class_scores": {"Swedes": 0.9736842105263158, "Norwegians": 0.9951219512195122, "Danes": 0.9315068493150684}, "skipped_nodes": 0, "memory_allocated_MB": 36.57373046875, "memory_reserved_MB": 154.0, "model_name": "GL_TAGConv_3l_512h_w_k3_gnorm_leaky_relu"}