{"f1_macro": 0.7275016458196182, "f1_weighted": 0.8445998199057153, "accuracy": 0.8505747126436781, "class_scores": {"Chechens": 0.8571428571428571, "Kabardians, Circassians, Adyghes": 0.85, "Karachays, Balkars": 0.8571428571428571, "Ingush": 0.875, "Dagestan peoples": 0.9032258064516129, "Ossetians": 0.75, "Kumyks": 0.0, "Nogais": 0.0}, "skipped_nodes": 31, "model_name": "GL_GINConv_3l_128h"}