{"f1_macro": 0.9591897196216206, "f1_weighted": 0.9753401350756711, "accuracy": 0.9756756756756757, "class_scores": {"P0": 0.9913793103448276, "P1": 0.9541984732824428, "P2": 0.9271523178807947, "P3": 0.9640287769784173}, "skipped_nodes": 22, "model_name": "GL_GATConv_3l_512h"}