{"f1_macro": 0.4175386142230715, "f1_weighted": 0.4876307486942415, "precision_macro": 0.5011491303793789, "precision_weighted": 0.5150238294909534, "recall_macro": 0.43139169627195495, "recall_weighted": 0.5346320346320347, "accuracy": 0.5346320346320347, "class_scores": {"Southern Russians": 0.5089820359281437, "Ukranians": 0.22885572139303484, "Northen Russians": 0.7052896725440806, "Belarusians": 0.22702702702702704}, "skipped_nodes": 1, "memory_allocated_MB": 17.6650390625, "memory_reserved_MB": 154.0, "model_name": "GL_GCNConv_3l_128h_w"}