{"f1_macro": 0.9065887146780053, "f1_weighted": 0.9262122079355669, "accuracy": 0.9278846153846154, "class_scores": {"Swedes": 0.96, "Norwegians": 0.9295774647887324, "Danes": 0.8301886792452831}, "skipped_nodes": 7, "model_name": "GL_GCNConv_3l_512h_w"}