{"f1_macro": 0.902831852517387, "f1_weighted": 0.9216567412322129, "precision_macro": 0.9378999045216823, "precision_weighted": 0.9267440448002683, "recall_macro": 0.8791801510248112, "recall_weighted": 0.9230769230769231, "accuracy": 0.9230769230769231, "class_scores": {"Swedes": 0.9523809523809523, "Norwegians": 0.9259259259259259, "Danes": 0.8301886792452831}, "skipped_nodes": 7, "memory_allocated_MB": 21.3349609375, "memory_reserved_MB": 50.0, "model_name": "GL_GCNConv_3l_512h_w"}