{"f1_macro": 0.432147541127552, "f1_weighted": 0.4667441702119863, "precision_macro": 0.43166750078382377, "precision_weighted": 0.4697496370620377, "recall_macro": 0.4339392960525805, "recall_weighted": 0.4648648648648649, "accuracy": 0.4648648648648649, "class_scores": {"Southern Russians": 0.47900466562986005, "Ukranians": 0.3022508038585209, "Northen Russians": 0.5779967159277504, "Belarusians": 0.3693379790940767}, "skipped_nodes": 0, "memory_allocated_MB": 22.0068359375, "memory_reserved_MB": 232.0, "model_name": "GL_GATConv_3l_128h"}