{"f1_macro": 0.9676095578752707, "f1_weighted": 0.967340664745977, "precision_macro": 0.972975244819905, "precision_weighted": 0.9677752154387668, "recall_macro": 0.9628838547285149, "recall_weighted": 0.9672897196261683, "accuracy": 0.9672897196261683, "class_scores": {"Swedes": 0.9605263157894737, "Norwegians": 0.970873786407767, "Danes": 0.9714285714285714}, "skipped_nodes": 1, "memory_allocated_MB": 22.17626953125, "memory_reserved_MB": 114.0, "f1_macro_score_only_mask_connect": 1.0, "f1_macro_score_only_not_mask_connect": 0.43333333333333335, "f1_macro_score_mixed_connect": 0.9757278390283316, "only_mask_connect_sum": 11.0, "only_not_mask_connect_sum": 5.0, "mixed_connect_sum": 198.0, "model_name": "GL_SAGEConv_9l_128h_de"}