{"f1_macro": 0.6961211979248462, "f1_weighted": 0.8322455308140347, "accuracy": 0.8426966292134831, "class_scores": {"Chechens": 0.7804878048780488, "Kabardians, Circassians, Adyghes": 0.9, "Karachays, Balkars": 0.9142857142857143, "Ingush": 0.5454545454545454, "Dagestan peoples": 0.9090909090909091, "Ossetians": 0.8235294117647058, "Kumyks": 0.0, "Nogais": 0.0}, "skipped_nodes": 29, "model_name": "GL_GCNConv_3l_512h_w"}