{"f1_macro": 0.8656848704886875, "f1_weighted": 0.9273379443978034, "accuracy": 0.9317507418397626, "class_scores": {"English": 0.9706840390879479, "Germans": 0.8529411764705882, "French": 0.7126436781609196, "Belgium": 0.9264705882352942}, "skipped_nodes": 95, "model_name": "GL_GCNConv_9l_512h_w"}