{"f1_macro": 0.8503650260960046, "f1_weighted": 0.9275225127808612, "precision_macro": 0.9116394096529716, "precision_weighted": 0.9330858776149673, "recall_macro": 0.823872226151027, "recall_weighted": 0.9322289156626506, "accuracy": 0.9322289156626506, "class_scores": {"English": 0.9778761061946902, "Germans": 0.8372093023255814, "French": 0.6666666666666666, "Belgium": 0.9197080291970803}, "skipped_nodes": 105, "memory_allocated_MB": 86.70556640625, "memory_reserved_MB": 212.0, "f1_macro_score_only_mask_connect": 0.6588070136557779, "f1_macro_score_only_not_mask_connect": 0.9546239837398374, "f1_macro_score_mixed_connect": 0.9310847077111938, "only_mask_connect_sum": 129.0, "only_not_mask_connect_sum": 66.0, "mixed_connect_sum": 469.0, "model_name": "GL_SAGEConv_9l_512h_de"}