{"f1_macro": 0.7559690893901421, "f1_weighted": 0.8808922305764411, "precision_macro": 0.7474657287157287, "precision_weighted": 0.9229043683589138, "recall_macro": 0.8600198412698412, "recall_weighted": 0.8636363636363636, "accuracy": 0.8636363636363636, "class_scores": {"Chechens": 0.9444444444444444, "Kabardians, Circassians, Adyghes": 0.88, "Karachays, Balkars": 0.8947368421052632, "Ingush": 0.9, "Dagestan peoples": 0.8571428571428571, "Ossetians": 0.9523809523809523, "Kumyks": 0.2857142857142857, "Nogais": 0.3333333333333333}, "skipped_nodes": 8, "memory_allocated_MB": 157.7236328125, "memory_reserved_MB": 228.0, "model_name": "GL_TAGConv_9l_512h_w_k3"}