{"f1_macro": 0.5623870634870745, "f1_weighted": 0.6525193153992342, "precision_macro": 0.5617037574584745, "precision_weighted": 0.8457843233280204, "recall_macro": 0.7811538128061734, "recall_weighted": 0.598159509202454, "accuracy": 0.598159509202454, "class_scores": {"P0": 0.8181818181818182, "P1": 0.6873239436619718, "P2": 0.5465116279069767, "P3": 0.19753086419753085}, "skipped_nodes": 0, "model_name": "MaxIbdSumPerClassSize"}