{"f1_macro": 0.8055675992151402, "f1_weighted": 0.8648767278506794, "precision_macro": 0.7750401867450477, "precision_weighted": 0.8997679954439298, "recall_macro": 0.8613116139940175, "recall_weighted": 0.8558282208588958, "accuracy": 0.8558282208588958, "class_scores": {"P0": 0.972972972972973, "P1": 0.8992974238875878, "P2": 0.75, "P3": 0.6}, "skipped_nodes": 0, "model_name": "LongestIbd"}