{"f1_macro": 0.4372915130737787, "f1_weighted": 0.5003686905836063, "precision_macro": 0.440170059834694, "precision_weighted": 0.4955554699773552, "recall_macro": 0.4385620166150043, "recall_weighted": 0.5091891891891892, "accuracy": 0.5091891891891892, "class_scores": {"Southern Russians": 0.5793304221251819, "Ukranians": 0.22302158273381295, "Northen Russians": 0.643312101910828, "Belarusians": 0.3035019455252918}, "skipped_nodes": 0, "memory_allocated_MB": 27.57568359375, "memory_reserved_MB": 124.0, "model_name": "GL_SAGEConv_3l_512h"}