{"f1_macro": 0.6332235550037619, "f1_weighted": 0.6985924570494983, "precision_macro": 0.6485101777654968, "precision_weighted": 0.843200451378235, "recall_macro": 0.7223739541336107, "recall_weighted": 0.6625766871165644, "accuracy": 0.6625766871165644, "class_scores": {"P0": 0.9411764705882353, "P1": 0.7433155080213903, "P2": 0.5258215962441315, "P3": 0.3225806451612903}, "skipped_nodes": 0, "model_name": "LongestIbd"}