{"f1_macro": 0.5606485115413686, "f1_weighted": 0.7079662194996402, "precision_macro": 0.6581150793650794, "precision_weighted": 0.8390898500072812, "recall_macro": 0.6071513819738972, "recall_weighted": 0.6422018348623854, "accuracy": 0.6422018348623854, "class_scores": {"Chechens": 0.75, "Kabardians, Circassians, Adyghes": 0.6938775510204082, "Karachays, Balkars": 0.8, "Ingush": 0.7, "Dagestan peoples": 0.7777777777777778, "Ossetians": 0.6153846153846154, "Kumyks": 0.0, "Nogais": 0.14814814814814814}, "skipped_nodes": 9, "memory_allocated_MB": 18.7021484375, "memory_reserved_MB": 48.0, "model_name": "GL_MLP_9l_128h"}