{"f1_macro": 0.5079441474890884, "f1_weighted": 0.5706645771715065, "precision_macro": 0.5261108211402983, "precision_weighted": 0.5685456501525912, "recall_macro": 0.5107494214428795, "recall_weighted": 0.5891891891891892, "accuracy": 0.5891891891891892, "class_scores": {"Southern Russians": 0.6242774566473989, "Ukranians": 0.2711864406779661, "Northen Russians": 0.7409638554216867, "Belarusians": 0.3953488372093023}, "skipped_nodes": 0, "memory_allocated_MB": 101.89990234375, "memory_reserved_MB": 426.0, "f1_macro_score_only_mask_connect": 0.6488095238095238, "f1_macro_score_only_not_mask_connect": 1.0, "f1_macro_score_mixed_connect": 0.49890079417626665, "only_mask_connect_sum": 16.0, "only_not_mask_connect_sum": 1.0, "mixed_connect_sum": 908.0, "model_name": "GL_SAGEConv_9l_512h_de"}