{"f1_macro": 0.8879832337364412, "f1_weighted": 0.9779777379965519, "precision_macro": 0.8941430020283976, "precision_weighted": 0.9776347391082517, "recall_macro": 0.8829550873542289, "recall_weighted": 0.9785276073619632, "accuracy": 0.9785276073619632, "class_scores": {"Udmurts,Besermyan": 1.0, "Tatars,Volga-Tatars,Mishar-Tatars,Kryashens": 0.9935483870967742, "Chuvash": 0.9701492537313433, "Mari": 0.5882352941176471}, "skipped_nodes": 0, "memory_allocated_MB": 52.93994140625, "memory_reserved_MB": 222.0, "f1_macro_score_only_mask_connect": -100.0, "f1_macro_score_only_not_mask_connect": -100.0, "f1_macro_score_mixed_connect": -100.0, "only_mask_connect_sum": -100.0, "only_not_mask_connect_sum": -100.0, "mixed_connect_sum": -100.0, "model_name": "GL_SAGEConv_9l_128h_de"}