{"f1_macro": 0.9271198459063584, "f1_weighted": 0.9835904893691179, "precision_macro": 0.9, "precision_weighted": 0.9889570552147239, "recall_macro": 0.9799876446872156, "recall_weighted": 0.9815950920245399, "accuracy": 0.9815950920245399, "class_scores": {"P0": 1.0, "P1": 0.9978494623655914, "P2": 0.9606299212598425, "P3": 0.75}, "skipped_nodes": 0, "memory_allocated_MB": 23.775390625, "memory_reserved_MB": 84.0, "model_name": "GL_MLP_3l_512h"}