{"f1_macro": 0.513656462585034, "f1_weighted": 0.6842451366511517, "precision_macro": 0.581195652173913, "precision_weighted": 0.7087643020594966, "recall_macro": 0.5408613445378151, "recall_weighted": 0.7192982456140351, "accuracy": 0.7192982456140351, "class_scores": {"Chechens": 0.6530612244897959, "Kabardians, Circassians, Adyghes": 0.88, "Karachays, Balkars": 0.8095238095238095, "Ingush": 0.0, "Dagestan peoples": 0.8333333333333334, "Ossetians": 0.6, "Kumyks": 0.0, "Nogais": 0.3333333333333333}, "skipped_nodes": 4, "memory_allocated_MB": 38.61376953125, "memory_reserved_MB": 256.0, "f1_macro_score_only_mask_connect": 0.3600250626566416, "f1_macro_score_only_not_mask_connect": 0.6, "f1_macro_score_mixed_connect": 0.488841190814875, "only_mask_connect_sum": 25.0, "only_not_mask_connect_sum": 4.0, "mixed_connect_sum": 85.0, "model_name": "GL_GATConv_9l_128h"}