{"f1_macro": 0.9578162634836027, "f1_weighted": 0.967911138284975, "precision_macro": 0.9769393239040853, "precision_weighted": 0.9692636487671757, "recall_macro": 0.9414672508706887, "recall_weighted": 0.9684931506849315, "accuracy": 0.9684931506849315, "class_scores": {"English": 0.979765708200213, "Germans": 0.9387755102040817, "French": 0.9343065693430657, "Belgium": 0.9784172661870504}, "skipped_nodes": 39, "memory_allocated_MB": 86.5234375, "memory_reserved_MB": 276.0, "model_name": "GL_SAGEConv_9l_512h"}