{"f1_macro": 0.9510652745946864, "f1_weighted": 0.9529111687355266, "precision_macro": 0.9556006233534746, "precision_weighted": 0.9535838055190792, "recall_macro": 0.9475666512559716, "recall_weighted": 0.9530516431924883, "accuracy": 0.9530516431924883, "class_scores": {"Swedes": 0.961038961038961, "Norwegians": 0.9509803921568627, "Danes": 0.9411764705882353}, "skipped_nodes": 2, "memory_allocated_MB": 51.77294921875, "memory_reserved_MB": 216.0, "model_name": "GL_GCNConv_9l_512h_w"}