{"f1_macro": 0.13793103448275862, "f1_weighted": 0.030463295959382273, "precision_macro": 0.18181818181818182, "precision_weighted": 0.04015616285554936, "recall_macro": 0.1111111111111111, "recall_weighted": 0.024539877300613498, "accuracy": 0.024539877300613498, "class_scores": {"P0": 0.5517241379310345, "P1": 0.0, "P2": 0.0, "P3": 0.0}, "skipped_nodes": 0, "model_name": "MaxEdgeCountPerClassSize"}