{"f1_macro": 0.6160368954525512, "f1_weighted": 0.6639401234002679, "precision_macro": 0.6246464375743408, "precision_weighted": 0.6614088851334791, "recall_macro": 0.610853548314809, "recall_weighted": 0.6691891891891892, "accuracy": 0.6691891891891892, "class_scores": {"Southern Russians": 0.7009063444108762, "Ukranians": 0.48135593220338985, "Northen Russians": 0.7919254658385093, "Belarusians": 0.4899598393574297}, "skipped_nodes": 0, "memory_allocated_MB": 41.74365234375, "memory_reserved_MB": 480.0, "f1_macro_score_only_mask_connect": -100.0, "f1_macro_score_only_not_mask_connect": -100.0, "f1_macro_score_mixed_connect": -100.0, "only_mask_connect_sum": -100.0, "only_not_mask_connect_sum": -100.0, "mixed_connect_sum": -100.0, "model_name": "GL_TAGConv_3l_512h_nw_k3_gnorm_relu"}