{"f1_macro": 0.9673282717356706, "f1_weighted": 0.967351682346571, "precision_macro": 0.961578947368421, "precision_weighted": 0.9678873585833744, "recall_macro": 0.9737216828478964, "recall_weighted": 0.9672897196261683, "accuracy": 0.9672897196261683, "class_scores": {"Swedes": 0.9536423841059603, "Norwegians": 0.9753694581280788, "Danes": 0.972972972972973}, "skipped_nodes": 1, "memory_allocated_MB": 41.3798828125, "memory_reserved_MB": 86.0, "model_name": "GL_GINConv_3l_512h"}