{"f1_macro": 0.8325231706526671, "f1_weighted": 0.860973152755807, "accuracy": 0.864321608040201, "class_scores": {"Swedes": 0.8489208633093526, "Norwegians": 0.8918918918918919, "Danes": 0.7567567567567568}, "skipped_nodes": 16, "model_name": "GL_GCNConv_3l_128h_w"}