{"f1_macro": 0.6336021252383959, "f1_weighted": 0.6630441025481487, "precision_macro": 0.6381118474570974, "precision_weighted": 0.6756555576507369, "recall_macro": 0.6498968222672741, "recall_weighted": 0.6677489177489178, "accuracy": 0.6677489177489178, "class_scores": {"P0": 0.693069306930693, "P1": 0.4823529411764706, "P2": 0.8380281690140845, "P3": 0.5209580838323353}, "skipped_nodes": 0, "model_name": "MaxIbdSumPerClassSize"}