{"f1_macro": 0.9460213032581453, "f1_weighted": 0.9736327999485894, "precision_macro": 0.9754784688995215, "precision_weighted": 0.976935345356398, "recall_macro": 0.9290229885057472, "recall_weighted": 0.9743589743589743, "accuracy": 0.9743589743589743, "class_scores": {"P0": 1.0, "P1": 0.9824561403508771, "P2": 0.9444444444444444, "P3": 1.0, "P4": 1.0, "P5": 0.9523809523809523, "P6": 0.8, "P7": 0.8888888888888888}, "skipped_nodes": 1, "memory_allocated_MB": 21.77978515625, "memory_reserved_MB": 52.0, "model_name": "GL_GCNConv_3l_512h_w"}