{"f1_macro": 0.41892379127011714, "f1_weighted": 0.489645844576315, "precision_macro": 0.3940414010767993, "precision_weighted": 0.47870348145038405, "recall_macro": 0.4813066674573465, "recall_weighted": 0.5232432432432432, "accuracy": 0.5232432432432432, "class_scores": {"Southern Russians": 0.5640243902439024, "Ukranians": 0.0, "Northen Russians": 0.6877076411960132, "Belarusians": 0.423963133640553}, "skipped_nodes": 0, "memory_allocated_MB": 19.80126953125, "memory_reserved_MB": 192.0, "model_name": "GL_GCNConv_9l_128h_w"}