{"f1_macro": 0.5750562511896021, "f1_weighted": 0.7680294855031546, "accuracy": 0.7864077669902912, "class_scores": {"Chechens": 0.7391304347826086, "Kabardians, Circassians, Adyghes": 0.875, "Karachays, Balkars": 0.8292682926829268, "Ingush": 0.46153846153846156, "Dagestan peoples": 0.8205128205128205, "Ossetians": 0.875, "Kumyks": 0.0, "Nogais": 0.0}, "skipped_nodes": 15, "model_name": "GL_SAGEConv_9l_512h"}