{"f1_macro": 0.39416759449947814, "f1_weighted": 0.4685888109717187, "precision_macro": 0.37582756173588094, "precision_weighted": 0.4586988602149175, "recall_macro": 0.43401145268233876, "recall_weighted": 0.4962080173347779, "accuracy": 0.4962080173347779, "class_scores": {"Southern Russians": 0.5244956772334294, "Ukranians": 0.41189931350114417, "Northen Russians": 0.6402753872633391, "Belarusians": 0.0}, "skipped_nodes": 2, "memory_allocated_MB": 105.99951171875, "memory_reserved_MB": 238.0, "f1_macro_score_only_mask_connect": 0.2388888888888889, "f1_macro_score_only_not_mask_connect": 0.15853658536585366, "f1_macro_score_mixed_connect": 0.39032916814761615, "only_mask_connect_sum": 14.0, "only_not_mask_connect_sum": 29.0, "mixed_connect_sum": 880.0, "model_name": "GL_GINConv_9l_512h"}