{"f1_macro": 0.5762937489600088, "f1_weighted": 0.7195746446062251, "precision_macro": 0.5419016138440599, "precision_weighted": 0.6688949563607582, "recall_macro": 0.6234304207119741, "recall_weighted": 0.7887323943661971, "accuracy": 0.7887323943661971, "class_scores": {"Swedes": 0.8859060402684564, "Norwegians": 0.8429752066115702, "Danes": 0.0}, "skipped_nodes": 2, "memory_allocated_MB": 101.79541015625, "memory_reserved_MB": 176.0, "model_name": "GL_GINConv_9l_512h"}