{"f1_macro": 0.919353914461938, "f1_weighted": 0.9506597860952256, "precision_macro": 0.9369732578428229, "precision_weighted": 0.9514079521819877, "recall_macro": 0.9052457204215515, "recall_weighted": 0.952112676056338, "accuracy": 0.952112676056338, "class_scores": {"English": 0.9785407725321889, "Germans": 0.8983050847457628, "French": 0.8376068376068376, "Belgium": 0.9629629629629629}, "skipped_nodes": 59, "memory_allocated_MB": 19.3486328125, "memory_reserved_MB": 66.0, "model_name": "GL_TAGConv_3l_128h_w_k3"}