{"f1_macro": 0.4535706354493829, "f1_weighted": 0.6547481246930777, "precision_macro": 0.6666549394877568, "precision_weighted": 0.705177510790687, "recall_macro": 0.4222972972972973, "recall_weighted": 0.7317073170731707, "accuracy": 0.7317073170731707, "class_scores": {"English": 0.8318264014466547, "Germans": 0.3157894736842105, "French": 0.6666666666666666, "Belgium": 0.0}, "skipped_nodes": 72, "model_name": "SpectralClustering"}