{"f1_macro": 0.4578545600642828, "f1_weighted": 0.752726598259335, "precision_macro": 0.6312063040644627, "precision_weighted": 0.7740896960285907, "recall_macro": 0.41287878787878785, "recall_weighted": 0.7975460122699386, "accuracy": 0.7975460122699386, "class_scores": {"P0": 0.5, "P1": 0.8893129770992366, "P2": 0.4421052631578947, "P3": 0.0}, "skipped_nodes": 0, "model_name": "MaxEdgeCount"}