{"f1_macro": 0.9348335365440629, "f1_weighted": 0.9481883271356955, "precision_macro": 0.9535141831852358, "precision_weighted": 0.9500893842999106, "recall_macro": 0.9252681992337164, "recall_weighted": 0.9487179487179487, "accuracy": 0.9487179487179487, "class_scores": {"P0": 0.918918918918919, "P1": 0.9473684210526315, "P2": 1.0, "P3": 0.9523809523809523, "P4": 0.96, "P5": 0.9, "P6": 0.8, "P7": 1.0}, "skipped_nodes": 1, "memory_allocated_MB": 22.62890625, "memory_reserved_MB": 112.0, "model_name": "GL_GATConv_3l_128h"}