{"f1_macro": 0.18965301023329434, "f1_weighted": 0.22030892934208535, "accuracy": 0.2517361111111111, "class_scores": {"krasnodar": 0.4017278617710583, "yaroslavl": 0.16574585635359115, "ryazan": 0.19591836734693877, "kaluga": 0.03418803418803419, "vologda": 0.1506849315068493}, "skipped_nodes": 0, "model_name": "GL_GATConv_3l_128h"}