{"f1_macro": 0.15803303303303304, "f1_weighted": 0.2869069069069069, "accuracy": 0.41, "class_scores": {"Chechens": 0.0, "Kabardians, Circassians, Adyghes": 0.4864864864864865, "Karachays, Balkars": 0.0, "Ingush": 0.0, "Dagestan peoples": 0.7777777777777778, "Ossetians": 0.0, "Kumyks": 0.0, "Nogais": 0.0}, "skipped_nodes": 18, "model_name": "GL_GATConv_9l_512h"}