{"f1_macro": 0.2513677811550152, "f1_weighted": 0.06052921103175639, "precision_macro": 0.2559171597633136, "precision_weighted": 0.06000653428685519, "recall_macro": 0.25126262626262624, "recall_weighted": 0.06441717791411043, "accuracy": 0.06441717791411043, "class_scores": {"P0": 0.9714285714285714, "P1": 0.0, "P2": 0.03404255319148936, "P3": 0.0}, "skipped_nodes": 0, "model_name": "MaxEdgeCountPerClassSize"}