{"f1_macro": 0.7270907420578473, "f1_weighted": 0.8857429105005282, "accuracy": 0.8947368421052632, "class_scores": {"Chechens": 0.85, "Kabardians, Circassians, Adyghes": 0.9473684210526315, "Karachays, Balkars": 0.918918918918919, "Ingush": 0.8421052631578947, "Dagestan peoples": 0.9583333333333334, "Ossetians": 0.9, "Kumyks": 0.0, "Nogais": 0.4}, "skipped_nodes": 4, "model_name": "GL_GATConv_3l_512h"}