{"f1_macro": 0.9653527238987838, "f1_weighted": 0.9797875801341736, "precision_macro": 0.9584098426797205, "precision_weighted": 0.9804074142788306, "recall_macro": 0.9734937057827084, "recall_weighted": 0.979757085020243, "accuracy": 0.979757085020243, "class_scores": {"P0": 0.9956427015250545, "P1": 0.9509433962264151, "P2": 0.9433962264150944, "P3": 0.9714285714285714}, "skipped_nodes": 21, "memory_allocated_MB": 38.43115234375, "memory_reserved_MB": 216.0, "model_name": "GL_TAGConv_3l_512h_w_k3_gnorm"}