{"f1_macro": 0.9050831009786234, "f1_weighted": 0.9768925435073226, "precision_macro": 0.9718902099847031, "precision_weighted": 0.9788765865307094, "recall_macro": 0.8701391598387307, "recall_weighted": 0.9785276073619632, "accuracy": 0.9785276073619632, "class_scores": {"P0": 0.9444444444444444, "P1": 0.9914529914529915, "P2": 0.9701492537313433, "P3": 0.7142857142857143}, "skipped_nodes": 0, "memory_allocated_MB": 36.6591796875, "memory_reserved_MB": 190.0, "model_name": "GL_TAGConv_3l_512h_w_k3_gnorm"}