{"f1_macro": 0.9056377607206736, "f1_weighted": 0.9296081999557796, "accuracy": 0.9302325581395349, "class_scores": {"P0": 0.918918918918919, "P1": 0.9760765550239234, "P2": 0.821917808219178}, "skipped_nodes": 0, "model_name": "GL_TAGConv_3l_512h_w_k3"}