{"f1_macro": 0.73659860269554, "f1_weighted": 0.8247698356902015, "precision_macro": 0.7172046703296704, "precision_weighted": 0.9130507146228006, "recall_macro": 0.9161789569514891, "recall_weighted": 0.7914110429447853, "accuracy": 0.7914110429447853, "class_scores": {"P0": 1.0, "P1": 0.8407960199004975, "P2": 0.7898089171974523, "P3": 0.3157894736842105}, "skipped_nodes": 0, "model_name": "MaxIbdSumPerClassSize"}