{"f1_macro": 0.7015170108193364, "f1_weighted": 0.7825817012006198, "precision_macro": 0.6850744284954811, "precision_weighted": 0.8984232052523948, "recall_macro": 0.9000845363506308, "recall_weighted": 0.745398773006135, "accuracy": 0.745398773006135, "class_scores": {"P0": 0.972972972972973, "P1": 0.7958656330749354, "P2": 0.7515151515151515, "P3": 0.2857142857142857}, "skipped_nodes": 0, "model_name": "MaxIbdSumPerClassSize"}