{"f1_macro": 0.5368395579508372, "f1_weighted": 0.651721539139802, "accuracy": 0.6042944785276073, "class_scores": {"P0": 0.6415094339622641, "P1": 0.6779661016949152, "P2": 0.6227544910179641, "P3": 0.20512820512820512}, "skipped_nodes": 0, "model_name": "MaxIbdSumPerClassSize"}