{"f1_macro": 0.45112781954887216, "f1_weighted": 0.6649291941510217, "precision_macro": 0.4137254901960784, "precision_weighted": 0.5892397449777457, "recall_macro": 0.4978540772532189, "recall_weighted": 0.7638036809815951, "accuracy": 0.7638036809815951, "class_scores": {"Udmurts,Besermyan": 0.9473684210526315, "Tatars,Volga-Tatars,Mishar-Tatars,Kryashens": 0.8571428571428571, "Chuvash": 0.0, "Mari": 0.0}, "skipped_nodes": 0, "memory_allocated_MB": 29.90234375, "memory_reserved_MB": 400.0, "f1_macro_score_only_mask_connect": NaN, "f1_macro_score_only_not_mask_connect": 1.0, "f1_macro_score_mixed_connect": 0.45099480544937764, "only_mask_connect_sum": 0.0, "only_not_mask_connect_sum": 1.0, "mixed_connect_sum": 325.0, "model_name": "GL_GATConv_3l_128h"}