{"f1_macro": 0.6866321111242957, "f1_weighted": 0.8300421326170779, "accuracy": 0.8378378378378378, "class_scores": {"Chechens": 0.8, "Kabardians, Circassians, Adyghes": 0.8771929824561403, "Karachays, Balkars": 0.9142857142857143, "Ingush": 0.8235294117647058, "Dagestan peoples": 0.8780487804878049, "Ossetians": 0.8, "Kumyks": 0.0, "Nogais": 0.4}, "skipped_nodes": 7, "model_name": "GL_GCNConv_9l_128h_w"}