{"f1_macro": 0.7771883753501401, "f1_weighted": 0.8576050840756723, "precision_macro": 0.7795133832605228, "precision_weighted": 0.8890727423908203, "recall_macro": 0.8322722567287784, "recall_weighted": 0.8558558558558559, "accuracy": 0.8558558558558559, "class_scores": {"Chechens": 0.9, "Kabardians, Circassians, Adyghes": 0.8627450980392157, "Karachays, Balkars": 0.9444444444444444, "Ingush": 0.8888888888888888, "Dagestan peoples": 0.85, "Ossetians": 0.8, "Kumyks": 0.5714285714285714, "Nogais": 0.4}, "skipped_nodes": 7, "memory_allocated_MB": 18.8134765625, "memory_reserved_MB": 50.0, "model_name": "GL_GCNConv_9l_128h_w"}