{"f1_macro": 0.8223113705062741, "f1_weighted": 0.8548924154563229, "precision_macro": 0.8238539841800712, "precision_weighted": 0.8733618951010255, "recall_macro": 0.8414652092721145, "recall_weighted": 0.8558558558558559, "accuracy": 0.8558558558558559, "class_scores": {"Chechens": 0.8205128205128205, "Kabardians, Circassians, Adyghes": 0.8627450980392157, "Karachays, Balkars": 0.9142857142857143, "Ingush": 0.8695652173913043, "Dagestan peoples": 0.8780487804878049, "Ossetians": 0.8333333333333334, "Kumyks": 1.0, "Nogais": 0.4}, "skipped_nodes": 7, "memory_allocated_MB": 18.27099609375, "memory_reserved_MB": 26.0, "model_name": "GL_GCNConv_9l_128h_w"}