{"f1_macro": 0.9809709069533985, "f1_weighted": 0.9937780947825329, "precision_macro": 0.9951437451437452, "precision_weighted": 0.993878139583661, "recall_macro": 0.9684343434343434, "recall_weighted": 0.9938650306748467, "accuracy": 0.9938650306748467, "class_scores": {"P0": 1.0, "P1": 0.9978586723768736, "P2": 0.9848484848484849, "P3": 0.9411764705882353}, "skipped_nodes": 0, "memory_allocated_MB": 0.00048828125, "memory_reserved_MB": 50.0, "f1_macro_score_only_mask_connect": -100.0, "f1_macro_score_only_not_mask_connect": -100.0, "f1_macro_score_mixed_connect": -100.0, "only_mask_connect_sum": -100.0, "only_not_mask_connect_sum": -100.0, "mixed_connect_sum": -100.0, "model_name": "GL_LR"}