{"f1_macro": 0.874375331493198, "f1_weighted": 0.9211213793791918, "precision_macro": 0.9090791038499337, "precision_weighted": 0.9247733910706122, "recall_macro": 0.854150889730804, "recall_weighted": 0.9236111111111112, "accuracy": 0.9236111111111112, "class_scores": {"English": 0.9687836383207751, "Germans": 0.8273092369477911, "French": 0.8, "Belgium": 0.9014084507042254}, "skipped_nodes": 49, "memory_allocated_MB": 103.27734375, "memory_reserved_MB": 324.0, "model_name": "GL_GINConv_9l_512h"}