{"f1_macro": 0.5506321339095333, "f1_weighted": 0.6948470217283689, "precision_macro": 0.5034201578372932, "precision_weighted": 0.6335678795977574, "recall_macro": 0.6080951708018456, "recall_weighted": 0.7694444444444445, "accuracy": 0.7694444444444445, "class_scores": {"English": 0.8999008919722498, "Germans": 0.0, "French": 0.4768211920529801, "Belgium": 0.8258064516129032}, "skipped_nodes": 49, "memory_allocated_MB": 85.14599609375, "memory_reserved_MB": 90.0, "model_name": "GL_GINConv_9l_512h"}