{"f1_macro": 0.854519590297656, "f1_weighted": 0.8504566013902684, "accuracy": 0.8558139534883721, "class_scores": {"Swedes": 0.7751937984496124, "Norwegians": 0.8869565217391304, "Danes": 0.9014084507042254}, "skipped_nodes": 0, "model_name": "GL_GATConv_9l_128h"}