{"f1_macro": 0.5737936021158613, "f1_weighted": 0.7341425939307216, "precision_macro": 0.5807494890375324, "precision_weighted": 0.7377921162785807, "recall_macro": 0.5869236156000861, "recall_weighted": 0.7547169811320755, "accuracy": 0.7547169811320755, "class_scores": {"Chechens": 0.7906976744186046, "Kabardians, Circassians, Adyghes": 0.7346938775510204, "Karachays, Balkars": 0.8, "Ingush": 0.7777777777777778, "Dagestan peoples": 0.8205128205128205, "Ossetians": 0.6666666666666666, "Kumyks": 0.0, "Nogais": 0.0}, "skipped_nodes": 12, "memory_allocated_MB": 21.38037109375, "memory_reserved_MB": 52.0, "f1_macro_score_only_mask_connect": 0.305982905982906, "f1_macro_score_only_not_mask_connect": 0.5142238713667285, "f1_macro_score_mixed_connect": 0.6085816144639674, "only_mask_connect_sum": 17.0, "only_not_mask_connect_sum": 19.0, "mixed_connect_sum": 70.0, "model_name": "GL_SAGEConv_9l_128h_de"}