{"f1_macro": 0.7186183598390086, "f1_weighted": 0.8659821535467782, "accuracy": 0.8813559322033898, "class_scores": {"P0": 0.8372093023255814, "P1": 0.9491525423728814, "P2": 0.9444444444444444, "P3": 0.8571428571428571, "P4": 0.9387755102040817, "P5": 0.8888888888888888, "P6": 0.0, "P7": 0.3333333333333333}, "skipped_nodes": 0, "model_name": "GL_GINConv_3l_512h"}