{"f1_macro": 0.23368774596648648, "f1_weighted": 0.2924432416619311, "accuracy": 0.33629893238434166, "class_scores": {"krasnodar": 0.38562091503267976, "yaroslavl": 0.17142857142857143, "ryazan": 0.45109780439121755, "kaluga": 0.04918032786885246, "vologda": 0.1111111111111111}, "skipped_nodes": 14, "model_name": "GL_GINConv_3l_128h"}