{"f1_macro": 0.4602460897544042, "f1_weighted": 0.5790243665420557, "precision_macro": 0.4732476080666851, "precision_weighted": 0.8081089610146437, "recall_macro": 0.6343141717605236, "recall_weighted": 0.5232198142414861, "accuracy": 0.5232198142414861, "class_scores": {"P0": 0.6190476190476191, "P1": 0.631578947368421, "P2": 0.44329896907216493, "P3": 0.14705882352941177}, "skipped_nodes": 2, "model_name": "MaxEdgeCountPerClassSize"}