{"f1_macro": 0.8097374386297106, "f1_weighted": 0.9003780218779577, "precision_macro": 0.8414027476261075, "precision_weighted": 0.8997478243112551, "recall_macro": 0.7951272905572149, "recall_weighted": 0.9077809798270894, "accuracy": 0.9077809798270894, "class_scores": {"English": 0.9669156883671292, "Germans": 0.8148148148148148, "French": 0.5454545454545454, "Belgium": 0.9117647058823529}, "skipped_nodes": 75, "memory_allocated_MB": 17.5703125, "memory_reserved_MB": 186.0, "model_name": "GL_SAGEConv_3l_128h"}