{"f1_macro": 0.3633111951879191, "f1_weighted": 0.4567749549388816, "precision_macro": 0.4799683125083168, "precision_weighted": 0.49833119653828717, "recall_macro": 0.394800221291342, "recall_weighted": 0.5192519251925193, "accuracy": 0.5192519251925193, "class_scores": {"Southern Russians": 0.5633802816901409, "Ukranians": 0.10465116279069768, "Northen Russians": 0.6544943820224719, "Belarusians": 0.13071895424836602}, "skipped_nodes": 16, "memory_allocated_MB": 22.29833984375, "memory_reserved_MB": 66.0, "model_name": "GL_GCNConv_3l_512h_w"}