{"f1_macro": 0.4883498128140174, "f1_weighted": 0.538921879851092, "precision_macro": 0.49031931869111406, "precision_weighted": 0.5539209897683512, "recall_macro": 0.49496261951830917, "recall_weighted": 0.5308108108108108, "accuracy": 0.5308108108108108, "class_scores": {"Southern Russians": 0.5463917525773195, "Ukranians": 0.3395061728395062, "Northen Russians": 0.706645056726094, "Belarusians": 0.36085626911314983}, "skipped_nodes": 0, "memory_allocated_MB": 38.55029296875, "memory_reserved_MB": 356.0, "model_name": "GL_TAGConv_3l_512h_w_k3_gnorm"}