{"f1_macro": 0.46290494184980924, "f1_weighted": 0.5244904913121209, "precision_macro": 0.5232583269768625, "precision_weighted": 0.5430810673373603, "recall_macro": 0.469750536539838, "recall_weighted": 0.5578378378378378, "accuracy": 0.5578378378378378, "class_scores": {"Southern Russians": 0.58777633289987, "Ukranians": 0.16326530612244897, "Northen Russians": 0.6898638426626323, "Belarusians": 0.4107142857142857}, "skipped_nodes": 0, "memory_allocated_MB": 159.28662109375, "memory_reserved_MB": 344.0, "model_name": "GL_TAGConv_9l_512h_w_k3"}