{"f1_macro": 0.6449521705743776, "f1_weighted": 0.7922852487493749, "precision_macro": 0.6570684523809524, "precision_weighted": 0.8187481628453851, "recall_macro": 0.6429656862745098, "recall_weighted": 0.7777777777777778, "accuracy": 0.7777777777777778, "class_scores": {"Chechens": 0.8125, "Kabardians, Circassians, Adyghes": 0.8301886792452831, "Karachays, Balkars": 0.9090909090909091, "Ingush": 0.9090909090909091, "Dagestan peoples": 0.7619047619047619, "Ossetians": 0.7368421052631579, "Kumyks": 0.0, "Nogais": 0.2}, "skipped_nodes": 10, "memory_allocated_MB": 88.1123046875, "memory_reserved_MB": 132.0, "f1_macro_score_only_mask_connect": 0.22777777777777777, "f1_macro_score_only_not_mask_connect": 0.5873015873015873, "f1_macro_score_mixed_connect": 0.7333515957170292, "only_mask_connect_sum": 19.0, "only_not_mask_connect_sum": 8.0, "mixed_connect_sum": 81.0, "model_name": "GL_SAGEConv_9l_512h_de"}