{"f1_macro": 0.7206684911860284, "f1_weighted": 0.820922823236578, "precision_macro": 0.826209043690569, "precision_weighted": 0.8833034786198853, "recall_macro": 0.7178144225390948, "recall_weighted": 0.8113475177304964, "accuracy": 0.8113475177304964, "class_scores": {"English": 0.9086651053864169, "Germans": 0.6457142857142857, "French": 0.5116279069767442, "Belgium": 0.8166666666666667}, "skipped_nodes": 64, "memory_allocated_MB": 22.78271484375, "memory_reserved_MB": 182.0, "f1_macro_score_only_mask_connect": 0.12882096069868995, "f1_macro_score_only_not_mask_connect": 1.0, "f1_macro_score_mixed_connect": 0.8938506931434994, "only_mask_connect_sum": 170.0, "only_not_mask_connect_sum": 35.0, "mixed_connect_sum": 500.0, "model_name": "GL_MLP_3l_512h"}