{"f1_macro": 0.2999314269785209, "f1_weighted": 0.40834940539932446, "precision_macro": 0.2978031418753069, "precision_weighted": 0.38298080112513105, "recall_macro": 0.35858822824741443, "recall_weighted": 0.4897297297297297, "accuracy": 0.4897297297297297, "class_scores": {"Southern Russians": 0.525027808676307, "Ukranians": 0.012121212121212121, "Northen Russians": 0.6625766871165644, "Belarusians": 0.0}, "skipped_nodes": 0, "memory_allocated_MB": 27.4638671875, "memory_reserved_MB": 104.0, "model_name": "GL_GINConv_9l_128h"}