{"f1_macro": 0.23701329534662868, "f1_weighted": 0.06120986489084648, "precision_macro": 0.46076686966517477, "precision_weighted": 0.7635501391610365, "recall_macro": 0.2902143755148047, "recall_weighted": 0.0705521472392638, "accuracy": 0.0705521472392638, "class_scores": {"P0": 0.9, "P1": 0.008547008547008548, "P2": 0.024691358024691357, "P3": 0.014814814814814815}, "skipped_nodes": 0, "model_name": "MaxIbdSumPerClassSize"}