{"f1_macro": 0.5412353885490618, "f1_weighted": 0.6229799649729417, "precision_macro": 0.5736922505088015, "precision_weighted": 0.6199848287482231, "recall_macro": 0.531987304792786, "recall_weighted": 0.6408094435075885, "accuracy": 0.6408094435075885, "class_scores": {"Northen Russians": 0.7550200803212851, "Ukranians": 0.2857142857142857, "Belarusians": 0.46511627906976744, "Southern Russians": 0.6590909090909091}, "skipped_nodes": 145, "memory_allocated_MB": 41.42724609375, "memory_reserved_MB": 144.0, "model_name": "GL_GINConv_3l_512h"}