{"f1_macro": 0.2654878108598617, "f1_weighted": 0.6482408945192729, "precision_macro": 0.4331761006289308, "precision_weighted": 0.7261353551722808, "recall_macro": 0.2803030303030303, "recall_weighted": 0.7392638036809815, "accuracy": 0.7392638036809815, "class_scores": {"Udmurts,Besermyan": 0.0, "Tatars,Volga-Tatars,Mishar-Tatars,Kryashens": 0.8457350272232305, "Chuvash": 0.21621621621621623, "Mari": 0.0}, "skipped_nodes": 0, "memory_allocated_MB": 21.89453125, "memory_reserved_MB": 52.0, "model_name": "GL_GINConv_9l_128h"}