{"f1_macro": 0.7824860476915272, "f1_weighted": 0.8278922257346915, "precision_macro": 0.8719130814028068, "precision_weighted": 0.8482823961423015, "recall_macro": 0.7494714131607335, "recall_weighted": 0.8365384615384616, "accuracy": 0.8365384615384616, "class_scores": {"Swedes": 0.863013698630137, "Norwegians": 0.8622222222222222, "Danes": 0.6222222222222222}, "skipped_nodes": 7, "memory_allocated_MB": 21.72509765625, "memory_reserved_MB": 54.0, "model_name": "GL_GINConv_9l_128h"}