{"f1_macro": 0.3156165247996108, "f1_weighted": 0.4220427660412342, "precision_macro": 0.6315729545214832, "precision_weighted": 0.5814688519527403, "recall_macro": 0.3756156711003176, "recall_weighted": 0.5092091007583965, "accuracy": 0.5092091007583965, "class_scores": {"Southern Russians": 0.5588235294117647, "Ukranians": 0.024844720496894408, "Northen Russians": 0.6493860845839018, "Belarusians": 0.029411764705882353}, "skipped_nodes": 2, "memory_allocated_MB": 19.60986328125, "memory_reserved_MB": 78.0, "model_name": "GL_SAGEConv_3l_128h"}