{"f1_macro": 0.6048945369396144, "f1_weighted": 0.6479145353474737, "precision_macro": 0.6167939768812845, "precision_weighted": 0.6469516375193537, "recall_macro": 0.599156802958689, "recall_weighted": 0.6533044420368364, "accuracy": 0.6533044420368364, "class_scores": {"Southern Russians": 0.6698113207547169, "Ukranians": 0.474025974025974, "Northen Russians": 0.7736131934032984, "Belarusians": 0.502127659574468}, "skipped_nodes": 2, "memory_allocated_MB": 36.6865234375, "memory_reserved_MB": 504.0, "model_name": "GL_TAGConv_3l_512h_w_k3_gnorm_gelu"}