{"f1_macro": 0.845879635483456, "f1_weighted": 0.9146490120913383, "accuracy": 0.9170437405731523, "class_scores": {"English": 0.96529284164859, "Germans": 0.8, "French": 0.7256637168141593, "Belgium": 0.8925619834710744}, "skipped_nodes": 106, "model_name": "GL_GCNConv_9l_512h_w"}