{"f1_macro": 0.8127936320845566, "f1_weighted": 0.8892372109087121, "precision_macro": 0.8550840345086294, "precision_weighted": 0.8933412545769259, "recall_macro": 0.7840021135972997, "recall_weighted": 0.8952654232424677, "accuracy": 0.8952654232424677, "class_scores": {"English": 0.9549738219895288, "Germans": 0.7513227513227513, "French": 0.6611570247933884, "Belgium": 0.8837209302325582}, "skipped_nodes": 72, "memory_allocated_MB": 22.1123046875, "memory_reserved_MB": 102.0, "model_name": "GL_GINConv_9l_128h"}