{"f1_macro": 0.8498683155204894, "f1_weighted": 0.8791795435727382, "precision_macro": 0.8908825093035619, "precision_weighted": 0.9078542865728222, "recall_macro": 0.855447796934866, "recall_weighted": 0.8782608695652174, "accuracy": 0.8782608695652174, "class_scores": {"Chechens": 0.918918918918919, "Kabardians, Circassians, Adyghes": 0.84, "Karachays, Balkars": 0.9714285714285714, "Ingush": 0.8, "Dagestan peoples": 0.9130434782608695, "Ossetians": 0.8, "Kumyks": 0.6666666666666666, "Nogais": 0.8888888888888888}, "skipped_nodes": 3, "model_name": "MaxIbdSumPerClassSize"}