{"f1_macro": 0.5112272586401704, "f1_weighted": 0.5976303844772538, "precision_macro": 0.5155672026208511, "precision_weighted": 0.8278421944911509, "recall_macro": 0.7572709857192615, "recall_weighted": 0.556923076923077, "accuracy": 0.556923076923077, "class_scores": {"Udmurts,Besermyan": 0.6530612244897959, "Tatars,Volga-Tatars,Mishar-Tatars,Kryashens": 0.6172106824925816, "Chuvash": 0.5668449197860963, "Mari": 0.2077922077922078}, "skipped_nodes": 1, "model_name": "MaxEdgeCountPerClassSize"}