{"f1_macro": 0.6878368014927801, "f1_weighted": 0.839444489077292, "precision_macro": 0.6791972719077182, "precision_weighted": 0.8445126945126946, "recall_macro": 0.7028495556143497, "recall_weighted": 0.8378378378378378, "accuracy": 0.8378378378378378, "class_scores": {"Chechens": 0.8888888888888888, "Kabardians, Circassians, Adyghes": 0.8620689655172413, "Karachays, Balkars": 0.8235294117647058, "Ingush": 0.9523809523809523, "Dagestan peoples": 0.8837209302325582, "Ossetians": 0.8421052631578947, "Kumyks": 0.0, "Nogais": 0.25}, "skipped_nodes": 7, "memory_allocated_MB": 18.125, "memory_reserved_MB": 180.0, "model_name": "GL_GINConv_3l_128h"}