{"f1_macro": 0.7488581845818573, "f1_weighted": 0.9449047214659955, "precision_macro": 0.8258180548810102, "precision_weighted": 0.9441293939380185, "recall_macro": 0.734818970594722, "recall_weighted": 0.9532710280373832, "accuracy": 0.9532710280373832, "class_scores": {"Udmurts,Besermyan": 0.9090909090909091, "Tatars,Volga-Tatars,Mishar-Tatars,Kryashens": 0.9848156182212582, "Chuvash": 0.9197080291970803, "Mari": 0.18181818181818182}, "skipped_nodes": 5, "memory_allocated_MB": 0.00048828125, "memory_reserved_MB": 2.0, "f1_macro_score_only_mask_connect": NaN, "f1_macro_score_only_not_mask_connect": 0.7488581845818573, "f1_macro_score_mixed_connect": NaN, "only_mask_connect_sum": 0.0, "only_not_mask_connect_sum": 321.0, "mixed_connect_sum": 0.0, "model_name": "GL_LR"}