{"f1_macro": 0.8289055973266499, "f1_weighted": 0.9001619545940877, "accuracy": 0.9035087719298246, "class_scores": {"Chechens": 0.9, "Kabardians, Circassians, Adyghes": 0.9285714285714286, "Karachays, Balkars": 0.8947368421052632, "Ingush": 1.0, "Dagestan peoples": 0.8888888888888888, "Ossetians": 0.9523809523809523, "Kumyks": 0.6666666666666666, "Nogais": 0.4}, "skipped_nodes": 4, "model_name": "GL_GCNConv_3l_128h_w"}