{"f1_macro": 0.9072382239566551, "f1_weighted": 0.9295675627153664, "precision_macro": 0.9417253998373544, "precision_weighted": 0.9352835103185734, "recall_macro": 0.8850326797385621, "recall_weighted": 0.9304347826086956, "accuracy": 0.9304347826086956, "class_scores": {"Chechens": 0.9032258064516129, "Kabardians, Circassians, Adyghes": 0.9666666666666667, "Karachays, Balkars": 0.9411764705882353, "Ingush": 1.0, "Dagestan peoples": 0.9056603773584906, "Ossetians": 0.9411764705882353, "Kumyks": 0.8, "Nogais": 0.8}, "skipped_nodes": 3, "memory_allocated_MB": 39.06201171875, "memory_reserved_MB": 116.0, "f1_macro_score_only_mask_connect": -100.0, "f1_macro_score_only_not_mask_connect": -100.0, "f1_macro_score_mixed_connect": -100.0, "only_mask_connect_sum": -100.0, "only_not_mask_connect_sum": -100.0, "mixed_connect_sum": -100.0, "model_name": "GL_TAGConv_3l_512h_nw_k3_gnorm_leaky_relu"}