{"f1_macro": 0.9605421626111281, "f1_weighted": 0.9738395041956377, "accuracy": 0.9740437158469946, "class_scores": {"P0": 0.985945945945946, "P1": 0.9578544061302682, "P2": 0.9333333333333333, "P3": 0.965034965034965}, "skipped_nodes": 30, "model_name": "GL_GINConv_3l_512h"}