{"f1_macro": 0.8677406770965066, "f1_weighted": 0.9358302290643004, "accuracy": 0.939443535188216, "class_scores": {"English": 0.9718785151856018, "Germans": 0.8609271523178808, "French": 0.7164179104477612, "Belgium": 0.9217391304347826}, "skipped_nodes": 158, "model_name": "GL_TAGConv_9l_512h_w_k3"}