{"f1_macro": 0.9547436261938952, "f1_weighted": 0.9699031640973745, "precision_macro": 0.961993345449657, "precision_weighted": 0.970583713214758, "recall_macro": 0.9494716760221875, "recall_weighted": 0.970310391363023, "accuracy": 0.970310391363023, "class_scores": {"P0": 0.9849462365591398, "P1": 0.9505703422053232, "P2": 0.918918918918919, "P3": 0.9645390070921985}, "skipped_nodes": 21, "memory_allocated_MB": 52.96240234375, "memory_reserved_MB": 238.0, "model_name": "GL_GCNConv_9l_512h_w"}