{"f1_macro": 0.7324970643763709, "f1_weighted": 0.8213313756674899, "precision_macro": 0.7084725400457667, "precision_weighted": 0.915040080863669, "recall_macro": 0.9232507478215632, "recall_weighted": 0.7883435582822086, "accuracy": 0.7883435582822086, "class_scores": {"P0": 0.972972972972973, "P1": 0.8291457286432161, "P2": 0.8227848101265823, "P3": 0.3050847457627119}, "skipped_nodes": 0, "model_name": "MaxIbdSumPerClassSize"}