{"f1_macro": 0.5165521795824789, "f1_weighted": 0.5411521235911078, "precision_macro": 0.5247476750455751, "precision_weighted": 0.5710053822235831, "recall_macro": 0.5317626312089871, "recall_weighted": 0.5367965367965368, "accuracy": 0.5367965367965368, "class_scores": {"P0": 0.5160075329566854, "P1": 0.4449648711943794, "P2": 0.7352941176470589, "P3": 0.3699421965317919}, "skipped_nodes": 0, "memory_allocated_MB": 39.04345703125, "memory_reserved_MB": 494.0, "model_name": "GL_TAGConv_3l_512h_w_k3_gnorm"}