{"f1_macro": 0.6257352941176471, "f1_weighted": 0.8201893290414136, "precision_macro": 0.641213768115942, "precision_weighted": 0.8582383565498805, "recall_macro": 0.6197094298245613, "recall_weighted": 0.7961165048543689, "accuracy": 0.7961165048543689, "class_scores": {"Chechens": 0.8333333333333334, "Kabardians, Circassians, Adyghes": 0.8235294117647058, "Karachays, Balkars": 0.8823529411764706, "Ingush": 0.8181818181818182, "Dagestan peoples": 0.8484848484848485, "Ossetians": 0.8, "Kumyks": 0.0, "Nogais": 0.0}, "skipped_nodes": 15, "memory_allocated_MB": 27.28759765625, "memory_reserved_MB": 80.0, "model_name": "GL_SAGEConv_3l_512h"}