{"f1_macro": 0.5982151424749863, "f1_weighted": 0.676546699423485, "precision_macro": 0.5956728521595281, "precision_weighted": 0.8596838395946114, "recall_macro": 0.7934007456539646, "recall_weighted": 0.6319018404907976, "accuracy": 0.6319018404907976, "class_scores": {"P0": 0.8780487804878049, "P1": 0.6946778711484594, "P2": 0.6229508196721312, "P3": 0.19718309859154928}, "skipped_nodes": 0, "model_name": "MaxIbdSumPerClassSize"}