{"f1_macro": 0.5881004594820385, "f1_weighted": 0.7721559249806472, "accuracy": 0.7798165137614679, "class_scores": {"Chechens": 0.6666666666666666, "Kabardians, Circassians, Adyghes": 0.8888888888888888, "Karachays, Balkars": 0.8421052631578947, "Ingush": 0.7, "Dagestan peoples": 0.75, "Ossetians": 0.8571428571428571, "Kumyks": 0.0, "Nogais": 0.0}, "skipped_nodes": 9, "model_name": "GL_GATConv_9l_512h"}