{"f1_macro": 0.4964716529475002, "f1_weighted": 0.5727141054251057, "precision_macro": 0.5350825108892087, "precision_weighted": 0.5735881090791439, "recall_macro": 0.4991783350167579, "recall_weighted": 0.6024636058230683, "accuracy": 0.6024636058230683, "class_scores": {"Ukranians": 0.21428571428571427, "Southern Russians": 0.6479663394109397, "Northen Russians": 0.7368421052631579, "Belarusians": 0.3867924528301887}, "skipped_nodes": 22, "memory_allocated_MB": 26.4716796875, "memory_reserved_MB": 118.0, "model_name": "GL_SAGEConv_3l_512h"}