{"f1_macro": 0.4026586034180056, "f1_weighted": 0.6337050318487156, "accuracy": 0.7129629629629629, "class_scores": {"Chechens": 0.7058823529411765, "Kabardians, Circassians, Adyghes": 0.7868852459016393, "Karachays, Balkars": 0.8648648648648649, "Ingush": 0.0, "Dagestan peoples": 0.8636363636363636, "Ossetians": 0.0, "Kumyks": 0.0, "Nogais": 0.0}, "skipped_nodes": 10, "model_name": "GL_GCNConv_9l_128h_w"}