{"f1_macro": 0.7794108438418507, "f1_weighted": 0.8739546045837523, "accuracy": 0.8692185007974481, "class_scores": {"English": 0.9408983451536643, "Germans": 0.6866952789699571, "French": 0.6567164179104478, "Belgium": 0.8333333333333334}, "skipped_nodes": 142, "model_name": "GL_MLP_9l_512h"}