{"f1_macro": 0.9505902765964686, "f1_weighted": 0.9659727007525715, "precision_macro": 0.9751984126984127, "precision_weighted": 0.9702044659671779, "recall_macro": 0.9367152961980548, "recall_weighted": 0.9661016949152542, "accuracy": 0.9661016949152542, "class_scores": {"P0": 0.9230769230769231, "P1": 0.9824561403508771, "P2": 0.9714285714285714, "P3": 0.9473684210526315, "P4": 0.9803921568627451, "P5": 1.0, "P6": 0.8, "P7": 1.0}, "skipped_nodes": 0, "memory_allocated_MB": 86.65576171875, "memory_reserved_MB": 144.0, "model_name": "GL_SAGEConv_9l_512h"}