{"f1_macro": 0.6485309285682206, "f1_weighted": 0.6494879129309229, "precision_macro": 0.657068715208098, "precision_weighted": 0.6581589675785797, "recall_macro": 0.661131765947015, "recall_weighted": 0.6612554112554112, "accuracy": 0.6612554112554112, "class_scores": {"P0": 0.6178217821782178, "P1": 0.5041551246537396, "P2": 0.7888888888888889, "P3": 0.6832579185520362}, "skipped_nodes": 0, "model_name": "MaxEdgeCountPerClassSize"}