{"f1_macro": 0.37115667635099625, "f1_weighted": 0.4553789863912125, "precision_macro": 0.48942433552145265, "precision_weighted": 0.5289283849061648, "recall_macro": 0.39778353619833584, "recall_weighted": 0.4821621621621622, "accuracy": 0.4821621621621622, "class_scores": {"Southern Russians": 0.47257383966244726, "Ukranians": 0.03680981595092025, "Northen Russians": 0.7413249211356467, "Belarusians": 0.23391812865497075}, "skipped_nodes": 0, "memory_allocated_MB": 26.18701171875, "memory_reserved_MB": 142.0, "f1_macro_score_only_mask_connect": -100.0, "f1_macro_score_only_not_mask_connect": -100.0, "f1_macro_score_mixed_connect": -100.0, "only_mask_connect_sum": -100.0, "only_not_mask_connect_sum": -100.0, "mixed_connect_sum": -100.0, "model_name": "GL_GINConv_9l_128h"}