{"f1_macro": 0.7723126193152421, "f1_weighted": 0.9477354225657283, "precision_macro": 0.9701680672268908, "precision_weighted": 0.9586224673918647, "recall_macro": 0.7530942471929597, "recall_weighted": 0.9570552147239264, "accuracy": 0.9570552147239264, "class_scores": {"P0": 0.9714285714285714, "P1": 0.9766454352441614, "P2": 0.9411764705882353, "P3": 0.2}, "skipped_nodes": 0, "model_name": "MaxIbdSum"}