{"f1_macro": 0.6082918674522174, "f1_weighted": 0.6094273490727888, "precision_macro": 0.6132098898478613, "precision_weighted": 0.6140164817806798, "recall_macro": 0.621062457410375, "recall_weighted": 0.6222943722943723, "accuracy": 0.6222943722943723, "class_scores": {"P0": 0.5892116182572614, "P1": 0.44324324324324327, "P2": 0.769811320754717, "P3": 0.630901287553648}, "skipped_nodes": 0, "model_name": "MaxIbdSumPerClassSize"}