{"f1_macro": 0.47298580074871327, "f1_weighted": 0.525012276658237, "precision_macro": 0.4713452151201155, "precision_weighted": 0.5276363264484131, "recall_macro": 0.47847784550722383, "recall_weighted": 0.5256723716381418, "accuracy": 0.5256723716381418, "class_scores": {"Ukranians": 0.2832618025751073, "Southern Russians": 0.5457943925233645, "Northen Russians": 0.6490939044481054, "Belarusians": 0.41379310344827586}, "skipped_nodes": 65, "memory_allocated_MB": 97.5654296875, "memory_reserved_MB": 796.0, "model_name": "GL_GATConv_3l_512h"}