{"f1_macro": 0.5683734780178075, "f1_weighted": 0.6167777359363652, "precision_macro": 0.5856329494011465, "precision_weighted": 0.6150280453123931, "recall_macro": 0.5622695249310786, "recall_weighted": 0.6273022751895991, "accuracy": 0.6273022751895991, "class_scores": {"Southern Russians": 0.6486486486486487, "Ukranians": 0.42105263157894735, "Northen Russians": 0.7511177347242921, "Belarusians": 0.45267489711934156}, "skipped_nodes": 2, "memory_allocated_MB": 36.6865234375, "memory_reserved_MB": 302.0, "model_name": "GL_TAGConv_3l_512h_nw_k3_gnorm_gelu"}