{"f1_macro": 0.6012238809408621, "f1_weighted": 0.7839337205790382, "accuracy": 0.7798165137614679, "class_scores": {"Chechens": 0.8205128205128205, "Kabardians, Circassians, Adyghes": 0.7924528301886793, "Karachays, Balkars": 0.7777777777777778, "Ingush": 0.8, "Dagestan peoples": 0.8571428571428571, "Ossetians": 0.7619047619047619, "Kumyks": 0.0, "Nogais": 0.0}, "skipped_nodes": 9, "model_name": "GL_SAGEConv_3l_512h"}