{"f1_macro": 0.4581895456119892, "f1_weighted": 0.5021118477244141, "precision_macro": 0.483592580079623, "precision_weighted": 0.5139821946615316, "recall_macro": 0.4517495951739128, "recall_weighted": 0.5091891891891892, "accuracy": 0.5091891891891892, "class_scores": {"Southern Russians": 0.5676392572944297, "Ukranians": 0.30405405405405406, "Northen Russians": 0.5916955017301038, "Belarusians": 0.36936936936936937}, "skipped_nodes": 0, "memory_allocated_MB": 17.82958984375, "memory_reserved_MB": 66.0, "model_name": "GL_SAGEConv_3l_128h"}