{"f1_macro": 0.8953235925595858, "f1_weighted": 0.9519559504197772, "accuracy": 0.950920245398773, "class_scores": {"Udmurts,Besermyan": 1.0, "Tatars,Volga-Tatars,Mishar-Tatars,Kryashens": 0.9713024282560706, "Chuvash": 0.9041095890410958, "Mari": 0.7058823529411765}, "skipped_nodes": 0, "model_name": "LongestIbd"}