{"f1_macro": 0.5471915544485554, "f1_weighted": 0.6018385665163152, "precision_macro": 0.573367093372597, "precision_weighted": 0.6052634583135409, "recall_macro": 0.5405341245892885, "recall_weighted": 0.6129729729729729, "accuracy": 0.6129729729729729, "class_scores": {"Southern Russians": 0.6544943820224719, "Ukranians": 0.43243243243243246, "Northen Russians": 0.7321711568938193, "Belarusians": 0.3696682464454976}, "skipped_nodes": 0, "memory_allocated_MB": 46.07177734375, "memory_reserved_MB": 360.0, "model_name": "GL_TAGConv_3l_512h_w_k3_gnorm"}