{"f1_macro": 0.8413377222812998, "f1_weighted": 0.9095753101849237, "precision_macro": 0.8692997938683584, "precision_weighted": 0.9107917505726925, "recall_macro": 0.8270152897884302, "recall_weighted": 0.9137931034482759, "accuracy": 0.9137931034482759, "class_scores": {"English": 0.9654427645788337, "Germans": 0.8127853881278538, "French": 0.6857142857142857, "Belgium": 0.9014084507042254}, "skipped_nodes": 73, "memory_allocated_MB": 101.54296875, "memory_reserved_MB": 278.0, "model_name": "GL_GINConv_9l_512h"}