{"f1_macro": 0.558026346854262, "f1_weighted": 0.605266927828715, "precision_macro": 0.5908789192242352, "precision_weighted": 0.6077245974795847, "recall_macro": 0.5500429718079577, "recall_weighted": 0.6217391304347826, "accuracy": 0.6217391304347826, "class_scores": {"Ukranians": 0.3387096774193548, "Southern Russians": 0.650887573964497, "Northen Russians": 0.7314949201741655, "Belarusians": 0.5110132158590308}, "skipped_nodes": 3, "model_name": "MaxIbdSum"}