{"f1_macro": 0.9049695095200491, "f1_weighted": 0.9769088814137398, "precision_macro": 0.8870587745587746, "precision_weighted": 0.9791735360753767, "recall_macro": 0.9298619239606364, "recall_weighted": 0.9754601226993865, "accuracy": 0.9754601226993865, "class_scores": {"Udmurts,Besermyan": 1.0, "Tatars,Volga-Tatars,Mishar-Tatars,Kryashens": 0.9913793103448276, "Chuvash": 0.9618320610687023, "Mari": 0.6666666666666666}, "skipped_nodes": 0, "memory_allocated_MB": 40.11767578125, "memory_reserved_MB": 100.0, "f1_macro_score_only_mask_connect": NaN, "f1_macro_score_only_not_mask_connect": 0.9049695095200491, "f1_macro_score_mixed_connect": NaN, "only_mask_connect_sum": 0.0, "only_not_mask_connect_sum": 326.0, "mixed_connect_sum": 0.0, "model_name": "GL_TAGConv_3l_512h_w_k3"}