{"f1_macro": 0.7962399478374266, "f1_weighted": 0.9366468745791459, "precision_macro": 0.8161764705882353, "precision_weighted": 0.9797004691447131, "recall_macro": 0.9053030303030303, "recall_weighted": 0.9233128834355828, "accuracy": 0.9233128834355828, "class_scores": {"P0": 1.0, "P1": 1.0, "P2": 0.7663551401869159, "P3": 0.4186046511627907}, "skipped_nodes": 0, "memory_allocated_MB": 25.1162109375, "memory_reserved_MB": 200.0, "model_name": "GL_TAGConv_9l_128h_w_k3"}