{"f1_macro": 0.47539815034692084, "f1_weighted": 0.6070159002409948, "accuracy": 0.56, "class_scores": {"P0": 0.5714285714285714, "P1": 0.6534090909090909, "P2": 0.5128205128205128, "P3": 0.16393442622950818}, "skipped_nodes": 0, "model_name": "MaxEdgeCountPerClassSize"}