{"f1_macro": 0.5308168156496956, "f1_weighted": 0.594270014949964, "precision_macro": 0.5638981678307521, "precision_weighted": 0.8581626018380688, "recall_macro": 0.7526878224303116, "recall_weighted": 0.5245398773006135, "accuracy": 0.5245398773006135, "class_scores": {"Udmurts,Besermyan": 0.8, "Tatars,Volga-Tatars,Mishar-Tatars,Kryashens": 0.5963855421686747, "Chuvash": 0.5935483870967742, "Mari": 0.13333333333333333}, "skipped_nodes": 0, "model_name": "MaxEdgeCountPerClassSize"}