{"f1_macro": 0.5092117314785818, "f1_weighted": 0.5643162496014915, "precision_macro": 0.5407922186123406, "precision_weighted": 0.5653372901011117, "recall_macro": 0.5008178774595176, "recall_weighted": 0.5797807551766139, "accuracy": 0.5797807551766139, "class_scores": {"Ukranians": 0.28865979381443296, "Southern Russians": 0.6012861736334405, "Northen Russians": 0.6869009584664537, "Belarusians": 0.46}, "skipped_nodes": 62, "memory_allocated_MB": 36.68505859375, "memory_reserved_MB": 198.0, "model_name": "GL_TAGConv_3l_512h_w_k3_gnorm"}