{"f1_macro": 0.8986991088559806, "f1_weighted": 0.979018371647677, "precision_macro": 0.8913419913419914, "precision_weighted": 0.9796789876789876, "recall_macro": 0.9069357366771159, "recall_weighted": 0.9784615384615385, "accuracy": 0.9784615384615385, "class_scores": {"Udmurts,Besermyan": 1.0, "Tatars,Volga-Tatars,Mishar-Tatars,Kryashens": 0.9935205183585313, "Chuvash": 0.9696969696969697, "Mari": 0.631578947368421}, "skipped_nodes": 1, "memory_allocated_MB": 39.4248046875, "memory_reserved_MB": 294.0, "f1_macro_score_only_mask_connect": NaN, "f1_macro_score_only_not_mask_connect": 0.8986991088559806, "f1_macro_score_mixed_connect": NaN, "only_mask_connect_sum": 0.0, "only_not_mask_connect_sum": 325.0, "mixed_connect_sum": 0.0, "model_name": "GL_TAGConv_3l_512h_w_k3_gnorm"}