{"f1_macro": 0.6193420751370378, "f1_weighted": 0.6695074200028773, "precision_macro": 0.6394737903373755, "precision_weighted": 0.668398968958363, "recall_macro": 0.6107795338286804, "recall_weighted": 0.6789189189189189, "accuracy": 0.6789189189189189, "class_scores": {"Southern Russians": 0.7125748502994012, "Ukranians": 0.4536082474226804, "Northen Russians": 0.8024132730015083, "Belarusians": 0.5087719298245614}, "skipped_nodes": 0, "memory_allocated_MB": 21.13330078125, "memory_reserved_MB": 78.0, "f1_macro_score_only_mask_connect": -100.0, "f1_macro_score_only_not_mask_connect": -100.0, "f1_macro_score_mixed_connect": -100.0, "only_mask_connect_sum": -100.0, "only_not_mask_connect_sum": -100.0, "mixed_connect_sum": -100.0, "model_name": "GL_MLP_3l_128h"}