{"f1_macro": 0.7528282620686406, "f1_weighted": 0.9398020057894577, "precision_macro": 0.8305274261603376, "precision_weighted": 0.9428133763136516, "recall_macro": 0.7423580786026202, "recall_weighted": 0.9472049689440993, "accuracy": 0.9472049689440993, "class_scores": {"Udmurts,Besermyan": 0.9411764705882353, "Tatars,Volga-Tatars,Mishar-Tatars,Kryashens": 0.9779735682819384, "Chuvash": 0.9103448275862069, "Mari": 0.18181818181818182}, "skipped_nodes": 4, "model_name": "MaxSegmentCount"}