{"f1_macro": 0.7779085497835497, "f1_weighted": 0.869529621612955, "precision_macro": 0.8453688418713994, "precision_weighted": 0.8867279118742603, "recall_macro": 0.7792774936061381, "recall_weighted": 0.8796296296296297, "accuracy": 0.8796296296296297, "class_scores": {"Chechens": 0.9696969696969697, "Kabardians, Circassians, Adyghes": 0.9166666666666666, "Karachays, Balkars": 0.9142857142857143, "Ingush": 0.9523809523809523, "Dagestan peoples": 0.875, "Ossetians": 0.7619047619047619, "Kumyks": 0.5, "Nogais": 0.3333333333333333}, "skipped_nodes": 10, "memory_allocated_MB": 39.0478515625, "memory_reserved_MB": 76.0, "f1_macro_score_only_mask_connect": 0.5444444444444444, "f1_macro_score_only_not_mask_connect": 0.5151515151515151, "f1_macro_score_mixed_connect": 0.8208977139242793, "only_mask_connect_sum": 19.0, "only_not_mask_connect_sum": 10.0, "mixed_connect_sum": 79.0, "model_name": "GL_TAGConv_3l_512h_w_k3_gnorm"}