{"f1_macro": 0.9213725839764244, "f1_weighted": 0.9475724986707055, "precision_macro": 0.9241872332960944, "precision_weighted": 0.9504819173794613, "recall_macro": 0.9250990057296933, "recall_weighted": 0.947945205479452, "accuracy": 0.947945205479452, "class_scores": {"English": 0.9730312837108953, "Germans": 0.9045643153526971, "French": 0.9, "Belgium": 0.9078947368421053}, "skipped_nodes": 39, "model_name": "MaxEdgeCountPerClassSize"}