{"f1_macro": 0.9037354802597674, "f1_weighted": 0.9832081667877723, "precision_macro": 0.936644375960951, "precision_weighted": 0.9833949565321766, "recall_macro": 0.8851010101010102, "recall_weighted": 0.9846625766871165, "accuracy": 0.9846625766871165, "class_scores": {"P0": 0.972972972972973, "P1": 0.9978586723768736, "P2": 0.9774436090225563, "P3": 0.6666666666666666}, "skipped_nodes": 0, "memory_allocated_MB": 36.6591796875, "memory_reserved_MB": 190.0, "model_name": "GL_TAGConv_3l_512h_w_k3_gnorm"}