{"f1_macro": 0.9037354802597674, "f1_weighted": 0.9832081667877723, "accuracy": 0.9846625766871165, "class_scores": {"P0": 0.972972972972973, "P1": 0.9978586723768736, "P2": 0.9774436090225563, "P3": 0.6666666666666666}, "skipped_nodes": 0, "model_name": "GL_TAGConv_3l_512h_w_k3_gnorm"}