{"f1_macro": 0.5559023271007328, "f1_weighted": 0.5771764171882278, "accuracy": 0.5868055555555556, "class_scores": {"krasnodar": 0.5853658536585366, "vologda-yaroslavl": 0.671280276816609, "ryazan": 0.6005509641873278, "kaluga": 0.366412213740458}, "skipped_nodes": 0, "model_name": "GL_TAGConv_3l_512h_w_k3_gnorm"}