{"f1_macro": 0.5519223288381743, "f1_weighted": 0.8242518963952282, "accuracy": 0.840625, "class_scores": {"P0": 0.6, "P1": 0.9045643153526971, "P2": 0.703125, "P3": 0.0}, "skipped_nodes": 5, "model_name": "MaxEdgeCount"}