{"f1_macro": 0.6046088802185047, "f1_weighted": 0.6487734980909833, "precision_macro": 0.6285572498259065, "precision_weighted": 0.6542460381948009, "recall_macro": 0.5945350904894954, "recall_weighted": 0.6558441558441559, "accuracy": 0.6558441558441559, "class_scores": {"Southern Russians": 0.6981919332406119, "Ukranians": 0.48056537102473496, "Northen Russians": 0.7504078303425775, "Belarusians": 0.4892703862660944}, "skipped_nodes": 1, "memory_allocated_MB": 41.822265625, "memory_reserved_MB": 486.0, "f1_macro_score_only_mask_connect": -100.0, "f1_macro_score_only_not_mask_connect": -100.0, "f1_macro_score_mixed_connect": -100.0, "only_mask_connect_sum": -100.0, "only_not_mask_connect_sum": -100.0, "mixed_connect_sum": -100.0, "model_name": "GL_TAGConv_3l_512h_w_k3_gnorm_leaky_relu"}