{"f1_macro": 0.9345334136714503, "f1_weighted": 0.9519848934448732, "precision_macro": 0.9696801266518877, "precision_weighted": 0.9552296826106751, "recall_macro": 0.9068949101950492, "recall_weighted": 0.953232462173315, "accuracy": 0.953232462173315, "class_scores": {"English": 0.9694415173867229, "Germans": 0.9205020920502092, "French": 0.8923076923076924, "Belgium": 0.9558823529411765}, "skipped_nodes": 42, "model_name": "MaxSegmentCount"}