{"f1_macro": 0.9679465164732011, "f1_weighted": 0.9761771269110292, "accuracy": 0.9767441860465116, "class_scores": {"P0": 1.0, "P1": 0.976303317535545, "P2": 0.927536231884058}, "skipped_nodes": 0, "model_name": "MaxEdgeCount"}