{"f1_macro": 0.5109004127966976, "f1_weighted": 0.6931236248223221, "accuracy": 0.7264150943396226, "class_scores": {"Chechens": 0.6666666666666666, "Kabardians, Circassians, Adyghes": 0.8333333333333334, "Karachays, Balkars": 0.8333333333333334, "Ingush": 0.16666666666666666, "Dagestan peoples": 0.7450980392156863, "Ossetians": 0.8421052631578947, "Kumyks": 0.0, "Nogais": 0.0}, "skipped_nodes": 12, "model_name": "GL_GINConv_3l_128h"}