{"f1_macro": 0.3971445038044178, "f1_weighted": 0.5095831753715211, "precision_macro": 0.387192204724751, "precision_weighted": 0.4773659532272269, "recall_macro": 0.44243747768763103, "recall_weighted": 0.5805405405405405, "accuracy": 0.5805405405405405, "class_scores": {"Southern Russians": 0.6263096623981373, "Ukranians": 0.0, "Northen Russians": 0.7905511811023622, "Belarusians": 0.1717171717171717}, "skipped_nodes": 0, "memory_allocated_MB": 24.52294921875, "memory_reserved_MB": 120.0, "model_name": "GL_SAGEConv_9l_128h"}