{"f1_macro": 0.13811011130115763, "f1_weighted": 0.29508470959913363, "accuracy": 0.26380368098159507, "class_scores": {"P0": 0.15126050420168066, "P1": 0.40117994100294985, "P2": 0.0, "P3": 0.0}, "skipped_nodes": 0, "model_name": "LongestIbd"}