{"f1_macro": 0.4471089545020214, "f1_weighted": 0.5121249973167951, "precision_macro": 0.44495286850205196, "precision_weighted": 0.5147497509209115, "recall_macro": 0.4536298169915191, "recall_weighted": 0.5120910384068279, "accuracy": 0.5120910384068279, "class_scores": {"Northen Russians": 0.6589147286821705, "Ukranians": 0.21839080459770116, "Belarusians": 0.39473684210526316, "Southern Russians": 0.5163934426229508}, "skipped_nodes": 107, "memory_allocated_MB": 157.345703125, "memory_reserved_MB": 442.0, "model_name": "GL_TAGConv_9l_512h_w_k3"}