{"f1_macro": 0.6342374556827677, "f1_weighted": 0.6342374556827677, "precision_macro": 0.6417954265590192, "precision_weighted": 0.6417954265590193, "recall_macro": 0.645021645021645, "recall_weighted": 0.645021645021645, "accuracy": 0.645021645021645, "class_scores": {"P0": 0.6247544204322201, "P1": 0.4693333333333333, "P2": 0.792, "P3": 0.6508620689655172}, "skipped_nodes": 0, "model_name": "MaxEdgeCountPerClassSize"}