{"f1_macro": 0.025297619047619048, "f1_weighted": 0.07232325445515629, "precision_macro": 0.0412621359223301, "precision_weighted": 0.1179641431889928, "recall_macro": 0.018240343347639486, "recall_weighted": 0.05214723926380368, "accuracy": 0.05214723926380368, "class_scores": {"P0": 0.0, "P1": 0.10119047619047619, "P2": 0.0, "P3": 0.0}, "skipped_nodes": 0, "model_name": "MaxSegmentCount"}