{"f1_macro": 0.7991797713780473, "f1_weighted": 0.9101989818091513, "precision_macro": 0.8134037418520177, "precision_weighted": 0.9031782718223397, "recall_macro": 0.7995689655172413, "recall_weighted": 0.923728813559322, "accuracy": 0.923728813559322, "class_scores": {"P0": 0.9230769230769231, "P1": 0.896551724137931, "P2": 0.9714285714285714, "P3": 0.9523809523809523, "P4": 1.0, "P5": 0.9, "P6": 0.0, "P7": 0.75}, "skipped_nodes": 0, "memory_allocated_MB": 16.97314453125, "memory_reserved_MB": 44.0, "model_name": "GL_SAGEConv_3l_128h"}