{"f1_macro": 0.9342183078066414, "f1_weighted": 0.9671742937876525, "accuracy": 0.9680451127819549, "class_scores": {"English": 0.9827586206896551, "Germans": 0.8979591836734694, "French": 0.9056603773584906, "Belgium": 0.9504950495049505}, "skipped_nodes": 237, "model_name": "GL_SAGEConv_9l_128h"}