{"f1_macro": 0.833457169722828, "f1_weighted": 0.9001577025638658, "precision_macro": 0.8776440052216423, "precision_weighted": 0.9146912453864147, "recall_macro": 0.8292937862472659, "recall_weighted": 0.9029126213592233, "accuracy": 0.9029126213592233, "class_scores": {"English": 0.9672489082969432, "Germans": 0.7737226277372263, "French": 0.6785714285714286, "Belgium": 0.9142857142857143}, "skipped_nodes": 48, "memory_allocated_MB": 28.6318359375, "memory_reserved_MB": 106.0, "f1_macro_score_only_mask_connect": -100.0, "f1_macro_score_only_not_mask_connect": -100.0, "f1_macro_score_mixed_connect": -100.0, "only_mask_connect_sum": -100.0, "only_not_mask_connect_sum": -100.0, "mixed_connect_sum": -100.0, "model_name": "GL_GINConv_9l_128h"}