{"f1_macro": 0.5589241827391076, "f1_weighted": 0.5745554385925882, "precision_macro": 0.5881035301286774, "precision_weighted": 0.7560420936239234, "recall_macro": 0.6568528633979278, "recall_weighted": 0.5429447852760736, "accuracy": 0.5429447852760736, "class_scores": {"P0": 0.8823529411764706, "P1": 0.5982905982905983, "P2": 0.4425531914893617, "P3": 0.3125}, "skipped_nodes": 0, "model_name": "LongestIbd"}