{"f1_macro": 0.650230341011367, "f1_weighted": 0.8447438580789255, "accuracy": 0.8748137108792846, "class_scores": {"English": 0.96, "Germans": 0.7248908296943232, "French": 0.0, "Belgium": 0.916030534351145}, "skipped_nodes": 98, "model_name": "GL_GINConv_9l_128h"}