{"f1_macro": 0.5102251981405981, "f1_weighted": 0.5918196177396908, "precision_macro": 0.537967915080921, "precision_weighted": 0.5894585769245555, "recall_macro": 0.5102151799687011, "recall_weighted": 0.6102564102564103, "accuracy": 0.6102564102564103, "class_scores": {"Northen Russians": 0.7245762711864406, "Ukranians": 0.21153846153846154, "Belarusians": 0.48226950354609927, "Southern Russians": 0.6225165562913907}, "skipped_nodes": 153, "memory_allocated_MB": 86.52197265625, "memory_reserved_MB": 238.0, "model_name": "GL_SAGEConv_9l_512h"}