{"f1_macro": 0.5280099748935119, "f1_weighted": 0.574087164124963, "precision_macro": 0.5278287222612463, "precision_weighted": 0.5831314802212161, "recall_macro": 0.5336511342512599, "recall_weighted": 0.5687973997833152, "accuracy": 0.5687973997833152, "class_scores": {"Southern Russians": 0.598705501618123, "Ukranians": 0.3870967741935484, "Northen Russians": 0.7095709570957096, "Belarusians": 0.4166666666666667}, "skipped_nodes": 2, "memory_allocated_MB": 42.52490234375, "memory_reserved_MB": 178.0, "model_name": "GL_GINConv_3l_512h"}