{"f1_macro": 0.58618061207244, "f1_weighted": 0.6316494872153711, "precision_macro": 0.5837783186456926, "precision_weighted": 0.6412662449110312, "recall_macro": 0.5952429024527106, "recall_weighted": 0.628385698808234, "accuracy": 0.628385698808234, "class_scores": {"Southern Russians": 0.6366782006920415, "Ukranians": 0.41846153846153844, "Northen Russians": 0.7862714508580343, "Belarusians": 0.5033112582781457}, "skipped_nodes": 2, "memory_allocated_MB": 38.59814453125, "memory_reserved_MB": 504.0, "model_name": "GL_TAGConv_3l_512h_w_k3_gnorm"}