{"f1_macro": 0.8840786524334762, "f1_weighted": 0.9111312748803243, "precision_macro": 0.9124537365146862, "precision_weighted": 0.9155925701115749, "recall_macro": 0.868675107145981, "recall_weighted": 0.9138755980861244, "accuracy": 0.9138755980861244, "class_scores": {"Swedes": 0.9299363057324841, "Norwegians": 0.9365853658536586, "Danes": 0.7857142857142857}, "skipped_nodes": 6, "memory_allocated_MB": 17.4658203125, "memory_reserved_MB": 48.0, "f1_macro_score_only_mask_connect": 0.47222222222222215, "f1_macro_score_only_not_mask_connect": 0.6894586894586894, "f1_macro_score_mixed_connect": 0.8760150524856408, "only_mask_connect_sum": 6.0, "only_not_mask_connect_sum": 25.0, "mixed_connect_sum": 178.0, "model_name": "GL_SAGEConv_3l_128h_de"}