{"f1_macro": 0.8585208711993327, "f1_weighted": 0.9300666905329232, "accuracy": 0.9333333333333333, "class_scores": {"English": 0.9705882352941176, "Germans": 0.8481012658227848, "French": 0.7246376811594203, "Belgium": 0.8907563025210085}, "skipped_nodes": 154, "model_name": "GL_GATConv_3l_128h"}