{"f1_macro": 0.9090476190476191, "f1_weighted": 0.9132554945054945, "precision_macro": 0.9262449077402349, "precision_weighted": 0.9146988884587735, "recall_macro": 0.89512405609493, "recall_weighted": 0.9134615384615384, "accuracy": 0.9134615384615384, "class_scores": {"Swedes": 0.92, "Norwegians": 0.9142857142857143, "Danes": 0.8928571428571429}, "skipped_nodes": 7, "memory_allocated_MB": 51.59716796875, "memory_reserved_MB": 114.0, "model_name": "GL_GCNConv_9l_512h_w"}