{"f1_macro": 0.8865178170110907, "f1_weighted": 0.9069014213627684, "accuracy": 0.9090909090909091, "class_scores": {"Swedes": 0.9370629370629371, "Norwegians": 0.9147982062780269, "Danes": 0.8076923076923077}, "skipped_nodes": 6, "model_name": "GL_GCNConv_3l_128h_w"}