{"f1_macro": 0.8669841892252271, "f1_weighted": 0.931923235478265, "accuracy": 0.9356287425149701, "class_scores": {"English": 0.9760348583877996, "Germans": 0.8599033816425121, "French": 0.7126436781609196, "Belgium": 0.9193548387096774}, "skipped_nodes": 101, "model_name": "GL_TAGConv_3l_128h_w_k3"}