{"f1_macro": 0.9287837483351377, "f1_weighted": 0.9373062179529759, "precision_macro": 0.9429203895632964, "precision_weighted": 0.9385437766517047, "recall_macro": 0.9179301945227407, "recall_weighted": 0.937799043062201, "accuracy": 0.937799043062201, "class_scores": {"Swedes": 0.948051948051948, "Norwegians": 0.941747572815534, "Danes": 0.896551724137931}, "skipped_nodes": 6, "memory_allocated_MB": 17.77880859375, "memory_reserved_MB": 70.0, "model_name": "GL_TAGConv_3l_128h_w_k3"}