{"f1_macro": 0.4356794365746731, "f1_weighted": 0.3148090760078985, "precision_macro": 0.5725458468176914, "precision_weighted": 0.8245540887778442, "recall_macro": 0.6578824727966359, "recall_weighted": 0.3220858895705521, "accuracy": 0.3220858895705521, "class_scores": {"P0": 0.972972972972973, "P1": 0.24812030075187969, "P2": 0.39662447257383965, "P3": 0.125}, "skipped_nodes": 0, "model_name": "MaxIbdSumPerClassSize"}