{"f1_macro": 0.920655245496291, "f1_weighted": 0.9332878958584794, "precision_macro": 0.9277113388495007, "precision_weighted": 0.9334147429687031, "recall_macro": 0.9143277434539571, "recall_weighted": 0.933649289099526, "accuracy": 0.933649289099526, "class_scores": {"Swedes": 0.9395973154362416, "Norwegians": 0.9473684210526315, "Danes": 0.875}, "skipped_nodes": 4, "memory_allocated_MB": 37.44140625, "memory_reserved_MB": 94.0, "f1_macro_score_only_mask_connect": 1.0, "f1_macro_score_only_not_mask_connect": 0.7579365079365079, "f1_macro_score_mixed_connect": 0.9241631623541172, "only_mask_connect_sum": 8.0, "only_not_mask_connect_sum": 22.0, "mixed_connect_sum": 181.0, "model_name": "GL_TAGConv_3l_512h_w_k3"}