{"f1_macro": 0.8109482864239843, "f1_weighted": 0.8995691635059855, "precision_macro": 0.8213920738932144, "precision_weighted": 0.8978618840670842, "recall_macro": 0.8023770500333001, "recall_weighted": 0.9021084337349398, "accuracy": 0.9021084337349398, "class_scores": {"English": 0.9646799116997793, "Germans": 0.7486631016042781, "French": 0.6213592233009708, "Belgium": 0.9090909090909091}, "skipped_nodes": 105, "memory_allocated_MB": 17.39892578125, "memory_reserved_MB": 52.0, "model_name": "GL_SAGEConv_3l_128h"}