{"f1_macro": 0.6466554213218468, "f1_weighted": 0.7925022556771762, "precision_macro": 0.645956881843273, "precision_weighted": 0.8245261665444013, "recall_macro": 0.7265972222222222, "recall_weighted": 0.7821782178217822, "accuracy": 0.7821782178217822, "class_scores": {"Chechens": 0.8, "Kabardians, Circassians, Adyghes": 0.7916666666666666, "Karachays, Balkars": 0.8, "Ingush": 0.782608695652174, "Dagestan peoples": 0.8235294117647058, "Ossetians": 0.8421052631578947, "Kumyks": 0.3333333333333333, "Nogais": 0.0}, "skipped_nodes": 17, "memory_allocated_MB": 18.0546875, "memory_reserved_MB": 70.0, "model_name": "GL_TAGConv_3l_128h_w_k3"}