{"f1_macro": 0.5101989536253613, "f1_weighted": 0.5704691411288307, "precision_macro": 0.545666689195656, "precision_weighted": 0.5782013058878646, "recall_macro": 0.5094673826519855, "recall_weighted": 0.588963963963964, "accuracy": 0.588963963963964, "class_scores": {"Ukranians": 0.28846153846153844, "Southern Russians": 0.6219686162624821, "Northen Russians": 0.7186009538950715, "Belarusians": 0.4117647058823529}, "skipped_nodes": 27, "memory_allocated_MB": 17.8955078125, "memory_reserved_MB": 56.0, "model_name": "GL_GINConv_3l_128h"}