{"f1_macro": 0.9254633581957167, "f1_weighted": 0.9509246714408666, "accuracy": 0.9521857923497268, "class_scores": {"English": 0.9723991507430998, "Germans": 0.933852140077821, "French": 0.8702290076335878, "Belgium": 0.9253731343283582}, "skipped_nodes": 37, "model_name": "GL_GINConv_3l_128h"}