{"f1_macro": 0.6234748045871071, "f1_weighted": 0.8428466628125011, "precision_macro": 0.6203884243454199, "precision_weighted": 0.8205061361881193, "recall_macro": 0.6390356700640593, "recall_weighted": 0.8724082934609251, "accuracy": 0.8724082934609251, "class_scores": {"English": 0.9618834080717489, "Germans": 0.6956521739130435, "French": 0.0, "Belgium": 0.8363636363636363}, "skipped_nodes": 142, "memory_allocated_MB": 21.40087890625, "memory_reserved_MB": 108.0, "model_name": "GL_GATConv_3l_128h"}