{"f1_macro": 0.515177014125102, "f1_weighted": 0.5727407064410377, "precision_macro": 0.5108048508339206, "precision_weighted": 0.5798953977930005, "recall_macro": 0.5246206212370006, "recall_weighted": 0.5694682675814752, "accuracy": 0.5694682675814752, "class_scores": {"Northen Russians": 0.7022222222222222, "Ukranians": 0.3493975903614458, "Belarusians": 0.4444444444444444, "Southern Russians": 0.5646437994722955}, "skipped_nodes": 155, "memory_allocated_MB": 36.94775390625, "memory_reserved_MB": 278.0, "model_name": "GL_GATConv_9l_128h"}