{"f1_macro": 0.762617953447025, "f1_weighted": 0.7862753729580693, "precision_macro": 0.7792846821247943, "precision_weighted": 0.8179958198529558, "recall_macro": 0.8055628803245436, "recall_weighted": 0.7844827586206896, "accuracy": 0.7844827586206896, "class_scores": {"Chechens": 0.8780487804878049, "Kabardians, Circassians, Adyghes": 0.7333333333333333, "Karachays, Balkars": 0.7741935483870968, "Ingush": 0.8571428571428571, "Dagestan peoples": 0.8095238095238095, "Ossetians": 0.7272727272727273, "Kumyks": 0.5714285714285714, "Nogais": 0.75}, "skipped_nodes": 2, "memory_allocated_MB": 41.81787109375, "memory_reserved_MB": 114.0, "model_name": "GL_GINConv_3l_512h"}