{"f1_macro": 0.4812232796724599, "f1_weighted": 0.8700894566523144, "precision_macro": 0.6758593601218815, "precision_weighted": 0.8928166472526997, "recall_macro": 0.5074511206485455, "recall_weighted": 0.901840490797546, "accuracy": 0.901840490797546, "class_scores": {"Udmurts,Besermyan": 0.10526315789473684, "Tatars,Volga-Tatars,Mishar-Tatars,Kryashens": 0.9680170575692963, "Chuvash": 0.8516129032258064, "Mari": 0.0}, "skipped_nodes": 0, "memory_allocated_MB": 37.63427734375, "memory_reserved_MB": 118.0, "f1_macro_score_only_mask_connect": NaN, "f1_macro_score_only_not_mask_connect": NaN, "f1_macro_score_mixed_connect": 0.4812232796724599, "only_mask_connect_sum": 0.0, "only_not_mask_connect_sum": 0.0, "mixed_connect_sum": 326.0, "model_name": "GL_SAGEConv_9l_128h_de"}