{"f1_macro": 0.4724176746321448, "f1_weighted": 0.5580755615123091, "precision_macro": 0.5244408553841069, "precision_weighted": 0.56976455596701, "recall_macro": 0.48433962241660755, "recall_weighted": 0.5902702702702702, "accuracy": 0.5902702702702702, "class_scores": {"Southern Russians": 0.6155878467635403, "Ukranians": 0.3586206896551724, "Northen Russians": 0.778816199376947, "Belarusians": 0.13664596273291926}, "skipped_nodes": 0, "memory_allocated_MB": 161.74365234375, "memory_reserved_MB": 712.0, "f1_macro_score_only_mask_connect": -100.0, "f1_macro_score_only_not_mask_connect": -100.0, "f1_macro_score_mixed_connect": -100.0, "only_mask_connect_sum": -100.0, "only_not_mask_connect_sum": -100.0, "mixed_connect_sum": -100.0, "model_name": "GL_TAGConv_9l_512h_w_k3"}