{"f1_macro": 0.6675244262088404, "f1_weighted": 0.7145232762698398, "precision_macro": 0.6801407860829134, "precision_weighted": 0.7150578133063379, "recall_macro": 0.6615895659465718, "recall_weighted": 0.7189189189189189, "accuracy": 0.7189189189189189, "class_scores": {"Southern Russians": 0.7603833865814696, "Ukranians": 0.5078369905956113, "Northen Russians": 0.8340807174887892, "Belarusians": 0.5677966101694916}, "skipped_nodes": 0, "memory_allocated_MB": 151.22509765625, "memory_reserved_MB": 73512.0, "model_name": "GL_TAGConv_3l_512h_w_k3_gnorm"}