{"f1_macro": 0.8511351608414384, "f1_weighted": 0.9259232344838915, "precision_macro": 0.903413453070567, "precision_weighted": 0.9290522283388394, "recall_macro": 0.8186291481744155, "recall_weighted": 0.9288025889967637, "accuracy": 0.9288025889967637, "class_scores": {"English": 0.9685393258426966, "Germans": 0.8363636363636363, "French": 0.7246376811594203, "Belgium": 0.875}, "skipped_nodes": 151, "memory_allocated_MB": 21.78515625, "memory_reserved_MB": 102.0, "model_name": "GL_GATConv_3l_128h"}