{"f1_macro": 0.4242587103821678, "f1_weighted": 0.5041190028655768, "precision_macro": 0.4463256522668948, "precision_weighted": 0.5386851440434883, "recall_macro": 0.42041594546817473, "recall_weighted": 0.48314606741573035, "accuracy": 0.48314606741573035, "class_scores": {"Northen Russians": 0.6681034482758621, "Ukranians": 0.18410041841004185, "Belarusians": 0.33962264150943394, "Southern Russians": 0.5052083333333334}, "skipped_nodes": 115, "memory_allocated_MB": 18.00048828125, "memory_reserved_MB": 36.0, "model_name": "GL_TAGConv_3l_128h_w_k3"}