{"f1_macro": 0.5569827404352576, "f1_weighted": 0.6293939941612887, "precision_macro": 0.5540479554442642, "precision_weighted": 0.8442811079158821, "recall_macro": 0.8194770985719262, "recall_weighted": 0.5907692307692308, "accuracy": 0.5907692307692308, "class_scores": {"Udmurts,Besermyan": 0.7391304347826086, "Tatars,Volga-Tatars,Mishar-Tatars,Kryashens": 0.6374269005847953, "Chuvash": 0.6263736263736264, "Mari": 0.225}, "skipped_nodes": 1, "model_name": "MaxIbdSumPerClassSize"}