{"f1_macro": 0.4368114893620548, "f1_weighted": 0.4837758204928005, "precision_macro": 0.4355652986291938, "precision_weighted": 0.48618811836885817, "recall_macro": 0.4392891604010025, "recall_weighted": 0.48259860788863107, "accuracy": 0.48259860788863107, "class_scores": {"Ukranians": 0.30711610486891383, "Southern Russians": 0.5060240963855421, "Northen Russians": 0.6032786885245902, "Belarusians": 0.3308270676691729}, "skipped_nodes": 43, "memory_allocated_MB": 37.478515625, "memory_reserved_MB": 210.0, "model_name": "GL_TAGConv_3l_512h_nw_k3_gnorm"}