{"f1_macro": 0.4757517196200458, "f1_weighted": 0.8097831558085634, "accuracy": 0.8006329113924051, "class_scores": {"Udmurts,Besermyan": 0.16, "Tatars,Volga-Tatars,Mishar-Tatars,Kryashens": 0.8697674418604651, "Chuvash": 0.8732394366197183, "Mari": 0.0}, "skipped_nodes": 10, "model_name": "GL_TAGConv_3l_512h_w_k3_gnorm"}