{"f1_macro": 0.4757517196200458, "f1_weighted": 0.8097831558085634, "precision_macro": 0.4614079136147399, "precision_weighted": 0.8258492425422747, "recall_macro": 0.5051262626262627, "recall_weighted": 0.8006329113924051, "accuracy": 0.8006329113924051, "class_scores": {"Udmurts,Besermyan": 0.16, "Tatars,Volga-Tatars,Mishar-Tatars,Kryashens": 0.8697674418604651, "Chuvash": 0.8732394366197183, "Mari": 0.0}, "skipped_nodes": 10, "memory_allocated_MB": 36.64453125, "memory_reserved_MB": 182.0, "model_name": "GL_TAGConv_3l_512h_w_k3_gnorm"}