{"f1_macro": 0.5896063281824871, "f1_weighted": 0.7334652136512971, "precision_macro": 0.55275963631707, "precision_weighted": 0.6808133987688456, "recall_macro": 0.6379719525350593, "recall_weighted": 0.8028169014084507, "accuracy": 0.8028169014084507, "class_scores": {"Swedes": 0.9271523178807947, "Norwegians": 0.8416666666666667, "Danes": 0.0}, "skipped_nodes": 2, "memory_allocated_MB": 101.7939453125, "memory_reserved_MB": 176.0, "model_name": "GL_GINConv_9l_512h"}