{"f1_macro": 0.28975483580746736, "f1_weighted": 0.36271145215453665, "accuracy": 0.4046511627906977, "class_scores": {"P0": 0.2916666666666667, "P1": 0.5263157894736842, "P2": 0.05128205128205128}, "skipped_nodes": 0, "model_name": "MaxIbdSum"}