{"f1_macro": 0.8331035923141186, "f1_weighted": 0.8961211508302922, "precision_macro": 0.8649535771246297, "precision_weighted": 0.9209911741075176, "recall_macro": 0.8472126436781608, "recall_weighted": 0.8947368421052632, "accuracy": 0.8947368421052632, "class_scores": {"Chechens": 0.9, "Kabardians, Circassians, Adyghes": 0.9473684210526315, "Karachays, Balkars": 0.9444444444444444, "Ingush": 1.0, "Dagestan peoples": 0.8095238095238095, "Ossetians": 0.9523809523809523, "Kumyks": 0.6666666666666666, "Nogais": 0.4444444444444444}, "skipped_nodes": 4, "memory_allocated_MB": 98.50439453125, "memory_reserved_MB": 448.0, "model_name": "GL_GATConv_3l_512h"}