{"f1_macro": 0.7237555327474501, "f1_weighted": 0.940377476331234, "precision_macro": 0.7204811649256093, "precision_weighted": 0.9274067471068153, "recall_macro": 0.7272727272727273, "recall_weighted": 0.9539877300613497, "accuracy": 0.9539877300613497, "class_scores": {"Udmurts,Besermyan": 1.0, "Tatars,Volga-Tatars,Mishar-Tatars,Kryashens": 0.9789915966386554, "Chuvash": 0.916030534351145, "Mari": 0.0}, "skipped_nodes": 0, "model_name": "MaxEdgeCount"}