{"f1_macro": 0.6760017878530609, "f1_weighted": 0.8010483122205023, "precision_macro": 0.7880252076862246, "precision_weighted": 0.8989082966445131, "recall_macro": 0.714554352602863, "recall_weighted": 0.7787356321839081, "accuracy": 0.7787356321839081, "class_scores": {"English": 0.9158016147635525, "Germans": 0.5316455696202531, "French": 0.44621513944223107, "Belgium": 0.8103448275862069}, "skipped_nodes": 73, "memory_allocated_MB": 18.95263671875, "memory_reserved_MB": 78.0, "model_name": "GL_MLP_9l_128h"}