{"f1_macro": 0.9532215926135659, "f1_weighted": 0.9725481925565039, "precision_macro": 0.9469427545469882, "precision_weighted": 0.973138858112153, "recall_macro": 0.9601202157718982, "recall_weighted": 0.9722222222222222, "accuracy": 0.9722222222222222, "class_scores": {"English": 0.9890350877192983, "Germans": 0.9516129032258065, "French": 0.8794326241134752, "Belgium": 0.9928057553956835}, "skipped_nodes": 49, "memory_allocated_MB": 45.060546875, "memory_reserved_MB": 50.0, "model_name": "GL_MLP_9l_512h"}