{"f1_macro": 0.7865699017226424, "f1_weighted": 0.8941083888602647, "precision_macro": 0.9021120477479695, "precision_weighted": 0.9103261186143844, "recall_macro": 0.7428489090941308, "recall_weighted": 0.9013452914798207, "accuracy": 0.9013452914798207, "class_scores": {"English": 0.9666307857911733, "Germans": 0.7623318385650224, "French": 0.5797101449275363, "Belgium": 0.8376068376068376}, "skipped_nodes": 100, "memory_allocated_MB": 17.14599609375, "memory_reserved_MB": 54.0, "f1_macro_score_only_mask_connect": 0.3737052382361645, "f1_macro_score_only_not_mask_connect": 0.8989595838335335, "f1_macro_score_mixed_connect": 0.8943015639575995, "only_mask_connect_sum": 134.0, "only_not_mask_connect_sum": 70.0, "mixed_connect_sum": 465.0, "model_name": "GL_SAGEConv_3l_128h_de"}