{"f1_macro": 0.8133212598984412, "f1_weighted": 0.854448789890026, "precision_macro": 0.8935475596390178, "precision_weighted": 0.8754815292447975, "recall_macro": 0.7868007813638882, "recall_weighted": 0.8651162790697674, "accuracy": 0.8651162790697674, "class_scores": {"Swedes": 0.8993288590604027, "Norwegians": 0.8977777777777778, "Danes": 0.6428571428571429}, "skipped_nodes": 0, "memory_allocated_MB": 21.64111328125, "memory_reserved_MB": 92.0, "model_name": "GL_GINConv_9l_128h"}