{"f1_macro": 0.023809523809523808, "f1_weighted": 0.0052585451358457495, "precision_macro": 0.08333333333333333, "precision_weighted": 0.018404907975460124, "recall_macro": 0.013888888888888888, "recall_weighted": 0.003067484662576687, "accuracy": 0.003067484662576687, "class_scores": {"P0": 0.09523809523809523, "P1": 0.0, "P2": 0.0, "P3": 0.0}, "skipped_nodes": 0, "model_name": "MaxIbdSumPerClassSize"}