{"f1_macro": 0.6241537650343425, "f1_weighted": 0.7259043989790485, "precision_macro": 0.613209146063082, "precision_weighted": 0.8540651653266994, "recall_macro": 0.7824051324051324, "recall_weighted": 0.6826923076923077, "accuracy": 0.6826923076923077, "class_scores": {"Udmurts,Besermyan": 0.875, "Tatars,Volga-Tatars,Mishar-Tatars,Kryashens": 0.7713498622589532, "Chuvash": 0.6046511627906976, "Mari": 0.24561403508771928}, "skipped_nodes": 14, "model_name": "MaxIbdSumPerClassSize"}