{"f1_macro": 0.8506607136956275, "f1_weighted": 0.8954262236696688, "precision_macro": 0.8410087719298245, "precision_weighted": 0.922707458831127, "recall_macro": 0.8812589413447782, "recall_weighted": 0.8895705521472392, "accuracy": 0.8895705521472392, "class_scores": {"P0": 0.972972972972973, "P1": 0.9237875288683602, "P2": 0.8, "P3": 0.7058823529411765}, "skipped_nodes": 0, "model_name": "LongestIbd"}