{"f1_macro": 0.8266743135954484, "f1_weighted": 0.9214928073974633, "precision_macro": 0.8978592498946482, "precision_weighted": 0.9280228199151992, "recall_macro": 0.7944420135436785, "recall_weighted": 0.9257503949447078, "accuracy": 0.9257503949447078, "class_scores": {"English": 0.9786276715410573, "Germans": 0.7958115183246073, "French": 0.6451612903225806, "Belgium": 0.8870967741935484}, "skipped_nodes": 136, "memory_allocated_MB": 21.9228515625, "memory_reserved_MB": 92.0, "f1_macro_score_only_mask_connect": 0.6281892538471485, "f1_macro_score_only_not_mask_connect": 0.9262023445361346, "f1_macro_score_mixed_connect": 0.8142134108426243, "only_mask_connect_sum": 98.0, "only_not_mask_connect_sum": 166.0, "mixed_connect_sum": 369.0, "model_name": "GL_GINConv_9l_128h"}