{"f1_macro": 0.8372538420906537, "f1_weighted": 0.907100395751137, "precision_macro": 0.8581228760996291, "precision_weighted": 0.9083351875251813, "recall_macro": 0.8296066168900404, "recall_weighted": 0.9106628242074928, "accuracy": 0.9106628242074928, "class_scores": {"English": 0.9599133261105092, "Germans": 0.8303571428571429, "French": 0.6601941747572816, "Belgium": 0.8985507246376812}, "skipped_nodes": 75, "memory_allocated_MB": 18.4619140625, "memory_reserved_MB": 192.0, "model_name": "GL_GINConv_3l_128h"}