{"f1_macro": 0.6453246753246753, "f1_weighted": 0.6701585531033384, "precision_macro": 0.6588766692851532, "precision_weighted": 0.870992149359756, "recall_macro": 0.8679607231109377, "recall_weighted": 0.6380368098159509, "accuracy": 0.6380368098159509, "class_scores": {"P0": 1.0, "P1": 0.6685714285714286, "P2": 0.64, "P3": 0.2727272727272727}, "skipped_nodes": 0, "model_name": "MaxEdgeCountPerClassSize"}