{"f1_macro": 0.865543998934925, "f1_weighted": 0.9142584422042779, "precision_macro": 0.8571969696969697, "precision_weighted": 0.9259968102073365, "recall_macro": 0.8994641649763353, "recall_weighted": 0.9122807017543859, "accuracy": 0.9122807017543859, "class_scores": {"Chechens": 1.0, "Kabardians, Circassians, Adyghes": 0.9032258064516129, "Karachays, Balkars": 0.875, "Ingush": 0.9523809523809523, "Dagestan peoples": 0.9130434782608695, "Ossetians": 0.9473684210526315, "Kumyks": 0.6666666666666666, "Nogais": 0.6666666666666666}, "skipped_nodes": 4, "memory_allocated_MB": 17.35693359375, "memory_reserved_MB": 46.0, "model_name": "GL_SAGEConv_3l_128h"}