{"f1_macro": 0.8716182663276657, "f1_weighted": 0.9687606323707616, "precision_macro": 0.8509528130671506, "precision_weighted": 0.9805262044470175, "recall_macro": 0.935985390384532, "recall_weighted": 0.9631901840490797, "accuracy": 0.9631901840490797, "class_scores": {"Udmurts,Besermyan": 1.0, "Tatars,Volga-Tatars,Mishar-Tatars,Kryashens": 0.9956896551724138, "Chuvash": 0.9193548387096774, "Mari": 0.5714285714285714}, "skipped_nodes": 0, "memory_allocated_MB": 17.8681640625, "memory_reserved_MB": 144.0, "model_name": "GL_GINConv_3l_128h"}