{"f1_macro": 0.8461667043167498, "f1_weighted": 0.9204390065881365, "precision_macro": 0.9109278386428974, "precision_weighted": 0.9280695872241611, "recall_macro": 0.8205499747207409, "recall_weighted": 0.9257057949479941, "accuracy": 0.9257057949479941, "class_scores": {"English": 0.9726775956284153, "Germans": 0.8130841121495327, "French": 0.65, "Belgium": 0.948905109489051}, "skipped_nodes": 96, "memory_allocated_MB": 102.0712890625, "memory_reserved_MB": 278.0, "f1_macro_score_only_mask_connect": 0.7108701469441892, "f1_macro_score_only_not_mask_connect": 0.990180978051598, "f1_macro_score_mixed_connect": 0.8661863846108753, "only_mask_connect_sum": 138.0, "only_not_mask_connect_sum": 72.0, "mixed_connect_sum": 463.0, "model_name": "GL_GINConv_9l_512h"}