{"f1_macro": 0.5196579408706041, "f1_weighted": 0.5631254941750407, "precision_macro": 0.5175248713524706, "precision_weighted": 0.5672608939846064, "recall_macro": 0.5278057934382713, "recall_weighted": 0.5654054054054054, "accuracy": 0.5654054054054054, "class_scores": {"Southern Russians": 0.5451388888888888, "Ukranians": 0.3536977491961415, "Northen Russians": 0.7368421052631579, "Belarusians": 0.4429530201342282}, "skipped_nodes": 0, "memory_allocated_MB": 98.8994140625, "memory_reserved_MB": 4512.0, "model_name": "GL_GATConv_3l_512h"}