{"f1_macro": 0.5468573795836201, "f1_weighted": 0.5938808944375468, "precision_macro": 0.5504808737573867, "precision_weighted": 0.6012122721125185, "recall_macro": 0.5487201565546066, "recall_weighted": 0.5924324324324325, "accuracy": 0.5924324324324325, "class_scores": {"Southern Russians": 0.6024096385542169, "Ukranians": 0.375, "Northen Russians": 0.7526555386949925, "Belarusians": 0.4573643410852713}, "skipped_nodes": 0, "memory_allocated_MB": 99.40087890625, "memory_reserved_MB": 5862.0, "model_name": "GL_GATConv_3l_512h"}