{"f1_macro": 0.6174530777437477, "f1_weighted": 0.6787671802954214, "precision_macro": 0.6207247917774233, "precision_weighted": 0.8737687661242715, "recall_macro": 0.8522402132917154, "recall_weighted": 0.6319018404907976, "accuracy": 0.6319018404907976, "class_scores": {"Udmurts,Besermyan": 0.9, "Tatars,Volga-Tatars,Mishar-Tatars,Kryashens": 0.6798866855524079, "Chuvash": 0.6781609195402298, "Mari": 0.21176470588235294}, "skipped_nodes": 0, "model_name": "MaxEdgeCountPerClassSize"}