{"f1_macro": 0.5501544384767234, "f1_weighted": 0.5981998936432942, "precision_macro": 0.5528118862542105, "precision_weighted": 0.6196948551536702, "recall_macro": 0.5597447070025579, "recall_weighted": 0.5876623376623377, "accuracy": 0.5876623376623377, "class_scores": {"Southern Russians": 0.6232394366197183, "Ukranians": 0.41260744985673353, "Northen Russians": 0.7397708674304418, "Belarusians": 0.425}, "skipped_nodes": 1, "memory_allocated_MB": 38.01904296875, "memory_reserved_MB": 302.0, "model_name": "GL_TAGConv_3l_512h_nw_k3_gnorm_relu"}