{"f1_macro": 0.8856713856713857, "f1_weighted": 0.902871049790481, "accuracy": 0.9052132701421801, "class_scores": {"Swedes": 0.9166666666666666, "Norwegians": 0.918918918918919, "Danes": 0.8214285714285714}, "skipped_nodes": 4, "model_name": "GL_GCNConv_3l_128h_w"}