{"f1_macro": 0.5417031008768707, "f1_weighted": 0.5995861758955775, "precision_macro": 0.599651023468504, "precision_weighted": 0.6140541345102081, "recall_macro": 0.531963892650128, "recall_weighted": 0.6185185185185185, "accuracy": 0.6185185185185185, "class_scores": {"Ukranians": 0.30952380952380953, "Southern Russians": 0.6363636363636364, "Northen Russians": 0.728171334431631, "Belarusians": 0.4927536231884058}, "skipped_nodes": 73, "memory_allocated_MB": 36.68505859375, "memory_reserved_MB": 208.0, "model_name": "GL_TAGConv_3l_512h_nw_k3_gnorm_leaky_relu"}