{"f1_macro": 0.8541476129504298, "f1_weighted": 0.9626568670247924, "accuracy": 0.9662576687116564, "class_scores": {"Udmurts,Besermyan": 1.0, "Tatars,Volga-Tatars,Mishar-Tatars,Kryashens": 0.987012987012987, "Chuvash": 0.9295774647887324, "Mari": 0.5}, "skipped_nodes": 0, "model_name": "MaxSegmentCount"}