{"f1_macro": 0.7523195136640515, "f1_weighted": 0.9321788230691668, "accuracy": 0.9386503067484663, "class_scores": {"Udmurts,Besermyan": 0.9714285714285714, "Tatars,Volga-Tatars,Mishar-Tatars,Kryashens": 0.971677559912854, "Chuvash": 0.8843537414965986, "Mari": 0.18181818181818182}, "skipped_nodes": 0, "model_name": "MaxSegmentCount"}