{"f1_macro": 0.5825190847644737, "f1_weighted": 0.7906351037459051, "precision_macro": 0.6168881428169354, "precision_weighted": 0.8206996607477974, "recall_macro": 0.5704174445880608, "recall_weighted": 0.770764119601329, "accuracy": 0.770764119601329, "class_scores": {"Udmurts,Besermyan": 0.896551724137931, "Tatars,Volga-Tatars,Mishar-Tatars,Kryashens": 0.9142857142857143, "Chuvash": 0.4727272727272727, "Mari": 0.046511627906976744}, "skipped_nodes": 25, "memory_allocated_MB": 21.92529296875, "memory_reserved_MB": 48.0, "model_name": "GL_MLP_3l_512h"}