{"f1_macro": 0.9462459630908525, "f1_weighted": 0.9432753288915346, "precision_macro": 0.937575134943556, "precision_weighted": 0.9440915875250534, "recall_macro": 0.9563322545846819, "recall_weighted": 0.9433962264150944, "accuracy": 0.9433962264150944, "class_scores": {"Swedes": 0.9403973509933775, "Norwegians": 0.9405940594059405, "Danes": 0.9577464788732394}, "skipped_nodes": 3, "memory_allocated_MB": 41.58349609375, "memory_reserved_MB": 84.0, "model_name": "GL_GINConv_3l_512h"}