{"f1_macro": 0.8471423820121375, "f1_weighted": 0.9369100905180924, "precision_macro": 0.8432171276998863, "precision_weighted": 0.9273973889358506, "recall_macro": 0.8531896551724139, "recall_weighted": 0.9487179487179487, "accuracy": 0.9487179487179487, "class_scores": {"P0": 0.9230769230769231, "P1": 0.9655172413793104, "P2": 1.0, "P3": 1.0, "P4": 0.9411764705882353, "P5": 0.9473684210526315, "P6": 0.0, "P7": 1.0}, "skipped_nodes": 1, "memory_allocated_MB": 18.51123046875, "memory_reserved_MB": 48.0, "model_name": "GL_GCNConv_9l_128h_w"}