{"f1_macro": 0.9591718121807382, "f1_weighted": 0.9626879485971886, "precision_macro": 0.9644977829188356, "precision_weighted": 0.9628874063512987, "recall_macro": 0.9543753462200065, "recall_weighted": 0.9627906976744186, "accuracy": 0.9627906976744186, "class_scores": {"Swedes": 0.9668874172185431, "Norwegians": 0.966183574879227, "Danes": 0.9444444444444444}, "skipped_nodes": 0, "memory_allocated_MB": 86.904296875, "memory_reserved_MB": 178.0, "model_name": "GL_SAGEConv_9l_512h"}