{"f1_macro": 0.4690058238808071, "f1_weighted": 0.5268444954180656, "precision_macro": 0.5191715160893243, "precision_weighted": 0.5418304856661021, "recall_macro": 0.4718378046476478, "recall_weighted": 0.551948051948052, "accuracy": 0.551948051948052, "class_scores": {"Southern Russians": 0.57856093979442, "Ukranians": 0.26666666666666666, "Northen Russians": 0.6797752808988764, "Belarusians": 0.3510204081632653}, "skipped_nodes": 1, "memory_allocated_MB": 25.16552734375, "memory_reserved_MB": 84.0, "f1_macro_score_only_mask_connect": 0.3380952380952381, "f1_macro_score_only_not_mask_connect": 0.5555555555555555, "f1_macro_score_mixed_connect": 0.46785915704077563, "only_mask_connect_sum": 15.0, "only_not_mask_connect_sum": 3.0, "mixed_connect_sum": 906.0, "model_name": "GL_TAGConv_3l_128h_w_k3"}