{"f1_macro": 0.9728267397832616, "f1_weighted": 0.9767452062780678, "precision_macro": 0.9714796738949586, "precision_weighted": 0.9769510004088566, "recall_macro": 0.9744214117029651, "recall_weighted": 0.9767441860465116, "accuracy": 0.9767441860465116, "class_scores": {"Swedes": 0.972972972972973, "Norwegians": 0.9855072463768116, "Danes": 0.96}, "skipped_nodes": 0, "memory_allocated_MB": 24.8017578125, "memory_reserved_MB": 30.0, "model_name": "GL_SAGEConv_3l_512h"}