{"f1_macro": 0.8830605422621368, "f1_weighted": 0.9271940238012599, "precision_macro": 0.8973033826003365, "precision_weighted": 0.9278842126117968, "recall_macro": 0.871417306949537, "recall_weighted": 0.928374655647383, "accuracy": 0.928374655647383, "class_scores": {"English": 0.9710610932475884, "Germans": 0.8477366255144033, "French": 0.8111888111888111, "Belgium": 0.9022556390977443}, "skipped_nodes": 43, "memory_allocated_MB": 27.5185546875, "memory_reserved_MB": 128.0, "f1_macro_score_only_mask_connect": 0.7704581559773203, "f1_macro_score_only_not_mask_connect": 1.0, "f1_macro_score_mixed_connect": 0.9430962176552824, "only_mask_connect_sum": 191.0, "only_not_mask_connect_sum": 26.0, "mixed_connect_sum": 509.0, "model_name": "GL_SAGEConv_3l_512h_de"}