{"f1_macro": 0.8660591846887351, "f1_weighted": 0.9723521010721651, "precision_macro": 0.8726689976689976, "precision_weighted": 0.9724057469456242, "recall_macro": 0.8598484848484849, "recall_weighted": 0.9723926380368099, "accuracy": 0.9723926380368099, "class_scores": {"P0": 0.9714285714285714, "P1": 0.9978586723768736, "P2": 0.9393939393939394, "P3": 0.5555555555555556}, "skipped_nodes": 0, "memory_allocated_MB": 56.7958984375, "memory_reserved_MB": 488.0, "model_name": "GL_TAGConv_3l_512h_w_k3_gnorm"}