{"f1_macro": 0.3603260869565218, "f1_weighted": 0.5281568374228728, "accuracy": 0.594059405940594, "class_scores": {"Chechens": 0.625, "Kabardians, Circassians, Adyghes": 0.5, "Karachays, Balkars": 0.7083333333333334, "Ingush": 0.0, "Dagestan peoples": 0.782608695652174, "Ossetians": 0.26666666666666666, "Kumyks": 0.0, "Nogais": 0.0}, "skipped_nodes": 17, "model_name": "GL_GINConv_9l_128h"}