{"f1_macro": 0.5698221030700626, "f1_weighted": 0.6222712244287169, "precision_macro": 0.5686333614185963, "precision_weighted": 0.6307215504530942, "recall_macro": 0.5760710607605665, "recall_weighted": 0.6172972972972973, "accuracy": 0.6172972972972973, "class_scores": {"Southern Russians": 0.656910569105691, "Ukranians": 0.38461538461538464, "Northen Russians": 0.7732463295269169, "Belarusians": 0.4645161290322581}, "skipped_nodes": 0, "memory_allocated_MB": 39.08203125, "memory_reserved_MB": 478.0, "model_name": "GL_TAGConv_3l_512h_nw_k3_gnorm_leaky_relu"}