{"f1_macro": 0.9216606862657118, "f1_weighted": 0.9808926908275736, "precision_macro": 0.9390161567019153, "precision_weighted": 0.9810794571785284, "recall_macro": 0.9107236154649948, "recall_weighted": 0.9815384615384616, "accuracy": 0.9815384615384616, "class_scores": {"Udmurts,Besermyan": 0.972972972972973, "Tatars,Volga-Tatars,Mishar-Tatars,Kryashens": 0.9935205183585313, "Chuvash": 0.9701492537313433, "Mari": 0.75}, "skipped_nodes": 1, "memory_allocated_MB": 36.646484375, "memory_reserved_MB": 184.0, "model_name": "GL_TAGConv_3l_512h_w_k3_gnorm"}