{"f1_macro": 0.583562164572593, "f1_weighted": 0.6253301505097373, "precision_macro": 0.5872827366469476, "precision_weighted": 0.6336748863098468, "recall_macro": 0.6011833687753345, "recall_weighted": 0.6341991341991342, "accuracy": 0.6341991341991342, "class_scores": {"Southern Russians": 0.6132404181184669, "Ukranians": 0.373134328358209, "Northen Russians": 0.794682422451994, "Belarusians": 0.5531914893617021}, "skipped_nodes": 1, "model_name": "MaxEdgeCountPerClassSize"}