{"f1_macro": 0.7710543553198836, "f1_weighted": 0.9399979472985066, "precision_macro": 0.8081285401435817, "precision_weighted": 0.9374737662061314, "recall_macro": 0.7474827165877406, "recall_weighted": 0.9446153846153846, "accuracy": 0.9446153846153846, "class_scores": {"P0": 0.9090909090909091, "P1": 0.9746835443037974, "P2": 0.9147286821705426, "P3": 0.2857142857142857}, "skipped_nodes": 0, "memory_allocated_MB": 39.041015625, "memory_reserved_MB": 132.0, "model_name": "GL_TAGConv_3l_512h_w_k3_gnorm"}