{"f1_macro": 0.8057769785129241, "f1_weighted": 0.947179719015162, "precision_macro": 0.852150275181683, "precision_weighted": 0.946470516767398, "recall_macro": 0.7790483731533971, "recall_weighted": 0.9507692307692308, "accuracy": 0.9507692307692308, "class_scores": {"P0": 0.8823529411764706, "P1": 0.9746835443037974, "P2": 0.9375, "P3": 0.42857142857142855}, "skipped_nodes": 0, "memory_allocated_MB": 39.041015625, "memory_reserved_MB": 132.0, "model_name": "GL_TAGConv_3l_512h_w_k3_gnorm"}