{"f1_macro": 0.6697831302776307, "f1_weighted": 0.9208377340470821, "precision_macro": 0.7100370636059302, "precision_weighted": 0.9108764409549545, "recall_macro": 0.6466543113538822, "recall_weighted": 0.9355828220858896, "accuracy": 0.9355828220858896, "class_scores": {"P0": 0.8, "P1": 0.9686847599164927, "P2": 0.9104477611940298, "P3": 0.0}, "skipped_nodes": 0, "model_name": "MaxSegmentCount"}