{"f1_macro": 0.5503434561470275, "f1_weighted": 0.5968978729241142, "precision_macro": 0.5524577528002186, "precision_weighted": 0.6045246065606072, "recall_macro": 0.5626214815456301, "recall_weighted": 0.5990853658536586, "accuracy": 0.5990853658536586, "class_scores": {"Southern Russians": 0.6009615384615384, "Ukranians": 0.3492063492063492, "Northen Russians": 0.7532467532467533, "Belarusians": 0.49795918367346936}, "skipped_nodes": 1, "model_name": "MaxEdgeCountPerClassSize"}