{"f1_macro": 0.7375627746390458, "f1_weighted": 0.9558088685545274, "precision_macro": 0.7292310957491965, "precision_weighted": 0.9427133149035001, "recall_macro": 0.7462121212121212, "recall_weighted": 0.9693251533742331, "accuracy": 0.9693251533742331, "class_scores": {"Udmurts,Besermyan": 1.0, "Tatars,Volga-Tatars,Mishar-Tatars,Kryashens": 0.9872881355932204, "Chuvash": 0.9629629629629629, "Mari": 0.0}, "skipped_nodes": 0, "memory_allocated_MB": 26.8583984375, "memory_reserved_MB": 84.0, "f1_macro_score_only_mask_connect": NaN, "f1_macro_score_only_not_mask_connect": NaN, "f1_macro_score_mixed_connect": 0.7375627746390458, "only_mask_connect_sum": 0.0, "only_not_mask_connect_sum": 0.0, "mixed_connect_sum": 326.0, "model_name": "GL_GCNConv_9l_128h_w"}