{"f1_macro": 0.3982861257347834, "f1_weighted": 0.42843912772439874, "precision_macro": 0.41355406450866194, "precision_weighted": 0.47264210253473826, "recall_macro": 0.41881966053518754, "recall_weighted": 0.41914191419141916, "accuracy": 0.41914191419141916, "class_scores": {"Southern Russians": 0.3869653767820774, "Ukranians": 0.30238726790450926, "Northen Russians": 0.5695142378559463, "Belarusians": 0.3342776203966006}, "skipped_nodes": 16, "memory_allocated_MB": 21.8837890625, "memory_reserved_MB": 62.0, "model_name": "GL_GINConv_9l_128h"}