{"f1_macro": 0.5212475233996038, "f1_weighted": 0.48730868410892436, "precision_macro": 0.49661056568489953, "precision_weighted": 0.4265615316872696, "recall_macro": 0.591358348639902, "recall_weighted": 0.6093023255813953, "accuracy": 0.6093023255813953, "class_scores": {"Swedes": 0.0, "Norwegians": 0.710801393728223, "Danes": 0.8529411764705882}, "skipped_nodes": 0, "model_name": "AgglomerativeClustering"}