{"f1_macro": 0.42058209646354205, "f1_weighted": 0.5104843099877697, "precision_macro": 0.4342022646278143, "precision_weighted": 0.49654688523109575, "recall_macro": 0.4471883360619734, "recall_weighted": 0.5632432432432433, "accuracy": 0.5632432432432433, "class_scores": {"Southern Russians": 0.582216808769793, "Ukranians": 0.379746835443038, "Northen Russians": 0.7203647416413373, "Belarusians": 0.0}, "skipped_nodes": 0, "memory_allocated_MB": 36.23486328125, "memory_reserved_MB": 190.0, "f1_macro_score_only_mask_connect": 0.48538961038961037, "f1_macro_score_only_not_mask_connect": 1.0, "f1_macro_score_mixed_connect": 0.41351174643908917, "only_mask_connect_sum": 16.0, "only_not_mask_connect_sum": 2.0, "mixed_connect_sum": 907.0, "model_name": "GL_TAGConv_9l_128h_w_k3"}