{"f1_macro": 0.9485971209458409, "f1_weighted": 0.9487973165698625, "precision_macro": 0.9571404862666998, "precision_weighted": 0.9498562185478073, "recall_macro": 0.9414994606256742, "recall_weighted": 0.9485981308411215, "accuracy": 0.9485981308411215, "class_scores": {"Swedes": 0.9281045751633987, "Norwegians": 0.9611650485436893, "Danes": 0.9565217391304348}, "skipped_nodes": 1, "memory_allocated_MB": 26.08544921875, "memory_reserved_MB": 62.0, "f1_macro_score_only_mask_connect": 0.8412698412698413, "f1_macro_score_only_not_mask_connect": 0.6919191919191919, "f1_macro_score_mixed_connect": 0.9755072463768116, "only_mask_connect_sum": 11.0, "only_not_mask_connect_sum": 12.0, "mixed_connect_sum": 191.0, "model_name": "GL_TAGConv_9l_128h_w_k3"}