{"f1_macro": 0.2626561637748318, "f1_weighted": 0.30627475948445215, "accuracy": 0.3310104529616725, "class_scores": {"krasnodar": 0.3024054982817869, "yaroslavl": 0.1, "ryazan": 0.48366013071895425, "kaluga": 0.17721518987341772, "vologda": 0.25}, "skipped_nodes": 2, "model_name": "GL_TAGConv_3l_512h_w_k3"}