{"f1_macro": 0.5345916362615774, "f1_weighted": 0.7224696910475594, "precision_macro": 0.5559329710144928, "precision_weighted": 0.7057270827776296, "recall_macro": 0.535862921056054, "recall_weighted": 0.7638036809815951, "accuracy": 0.7638036809815951, "class_scores": {"P0": 1.0, "P1": 0.8526522593320236, "P2": 0.2857142857142857, "P3": 0.0}, "skipped_nodes": 0, "model_name": "AgglomerativeClustering"}