{"f1_macro": 0.8533592600960821, "f1_weighted": 0.8778389567466476, "accuracy": 0.8815165876777251, "class_scores": {"Swedes": 0.9154929577464789, "Norwegians": 0.8898678414096917, "Danes": 0.7547169811320755}, "skipped_nodes": 4, "model_name": "GL_SAGEConv_3l_128h"}