{"f1_macro": 0.8719043238807357, "f1_weighted": 0.9357889320183505, "precision_macro": 0.9184819544779312, "precision_weighted": 0.9378891231512916, "recall_macro": 0.8405990553110542, "recall_weighted": 0.9388083735909822, "accuracy": 0.9388083735909822, "class_scores": {"English": 0.9741282339707537, "Germans": 0.8496732026143791, "French": 0.7532467532467533, "Belgium": 0.9105691056910569}, "skipped_nodes": 148, "memory_allocated_MB": 25.11669921875, "memory_reserved_MB": 70.0, "model_name": "GL_TAGConv_9l_128h_w_k3"}