{"f1_macro": 0.80766473612941, "f1_weighted": 0.8959031000697667, "precision_macro": 0.8340702172223912, "precision_weighted": 0.911036911036911, "recall_macro": 0.8161787541103398, "recall_weighted": 0.8918918918918919, "accuracy": 0.8918918918918919, "class_scores": {"Chechens": 0.9375, "Kabardians, Circassians, Adyghes": 0.9259259259259259, "Karachays, Balkars": 0.9142857142857143, "Ingush": 0.9523809523809523, "Dagestan peoples": 0.9130434782608695, "Ossetians": 0.8181818181818182, "Kumyks": 0.3333333333333333, "Nogais": 0.6666666666666666}, "skipped_nodes": 7, "memory_allocated_MB": 39.02587890625, "memory_reserved_MB": 76.0, "f1_macro_score_only_mask_connect": 0.46249999999999997, "f1_macro_score_only_not_mask_connect": 0.5925925925925926, "f1_macro_score_mixed_connect": 0.8326403478057889, "only_mask_connect_sum": 22.0, "only_not_mask_connect_sum": 11.0, "mixed_connect_sum": 78.0, "model_name": "GL_TAGConv_3l_512h_w_k3_gnorm"}