{"f1_macro": 0.5368792226258225, "f1_weighted": 0.6061648921009146, "precision_macro": 0.5720015917911502, "precision_weighted": 0.6125711859481884, "recall_macro": 0.5344601806239737, "recall_weighted": 0.6192109777015438, "accuracy": 0.6192109777015438, "class_scores": {"Northen Russians": 0.7158351409978309, "Ukranians": 0.3157894736842105, "Belarusians": 0.4645161290322581, "Southern Russians": 0.6513761467889908}, "skipped_nodes": 155, "memory_allocated_MB": 36.67822265625, "memory_reserved_MB": 158.0, "model_name": "GL_TAGConv_3l_512h_nw_k3_gnorm"}