{"f1_macro": 0.6024930173243807, "f1_weighted": 0.6500557222843961, "precision_macro": 0.6008884046901055, "precision_weighted": 0.6545538218480782, "recall_macro": 0.6071939100567919, "recall_weighted": 0.6475675675675676, "accuracy": 0.6475675675675676, "class_scores": {"Southern Russians": 0.6720516962843296, "Ukranians": 0.4560260586319218, "Northen Russians": 0.7936, "Belarusians": 0.4882943143812709}, "skipped_nodes": 0, "memory_allocated_MB": 39.11376953125, "memory_reserved_MB": 484.0, "model_name": "GL_TAGConv_3l_512h_nw_k3_gnorm_gelu"}