{"f1_macro": 0.5298026500632644, "f1_weighted": 0.5778976947395866, "precision_macro": 0.531048652466497, "precision_weighted": 0.5921884018887553, "recall_macro": 0.5342503058917766, "recall_weighted": 0.5686486486486486, "accuracy": 0.5686486486486486, "class_scores": {"Southern Russians": 0.59, "Ukranians": 0.3743016759776536, "Northen Russians": 0.7342192691029901, "Belarusians": 0.4206896551724138}, "skipped_nodes": 0, "memory_allocated_MB": 38.6123046875, "memory_reserved_MB": 620.0, "model_name": "GL_TAGConv_3l_512h_nw_k3_gnorm_gelu"}