{"f1_macro": 0.4946858547975935, "f1_weighted": 0.6435705134039171, "precision_macro": 0.5022507199799658, "precision_weighted": 0.7933087897707602, "recall_macro": 0.6284090909090909, "recall_weighted": 0.5816993464052288, "accuracy": 0.5816993464052288, "class_scores": {"Udmurts,Besermyan": 0.6470588235294118, "Tatars,Volga-Tatars,Mishar-Tatars,Kryashens": 0.7283236994219653, "Chuvash": 0.4294478527607362, "Mari": 0.17391304347826086}, "skipped_nodes": 20, "model_name": "MaxEdgeCountPerClassSize"}