{"f1_macro": 0.8946873188978453, "f1_weighted": 0.9293587157648976, "precision_macro": 0.9317893522405165, "precision_weighted": 0.9347968352950942, "recall_macro": 0.874424046365271, "recall_weighted": 0.9307479224376731, "accuracy": 0.9307479224376731, "class_scores": {"English": 0.9643243243243244, "Germans": 0.8592592592592593, "French": 0.8070175438596491, "Belgium": 0.9481481481481482}, "skipped_nodes": 47, "memory_allocated_MB": 108.62646484375, "memory_reserved_MB": 338.0, "f1_macro_score_only_mask_connect": -100.0, "f1_macro_score_only_not_mask_connect": -100.0, "f1_macro_score_mixed_connect": -100.0, "only_mask_connect_sum": -100.0, "only_not_mask_connect_sum": -100.0, "mixed_connect_sum": -100.0, "model_name": "GL_GINConv_9l_512h"}