{"f1_macro": 0.9306170429961731, "f1_weighted": 0.9548176333868383, "accuracy": 0.9559228650137741, "class_scores": {"English": 0.9752953813104189, "Germans": 0.943089430894309, "French": 0.8405797101449275, "Belgium": 0.9635036496350365}, "skipped_nodes": 43, "model_name": "GL_TAGConv_3l_512h_nw_k3_gnorm_relu"}