{"f1_macro": 0.4510173031826674, "f1_weighted": 0.5172294009457143, "precision_macro": 0.45461893952275906, "precision_weighted": 0.5128453290069817, "recall_macro": 0.4525037111759701, "recall_weighted": 0.5248796147672552, "accuracy": 0.5248796147672552, "class_scores": {"Northen Russians": 0.6533864541832669, "Ukranians": 0.22556390977443608, "Belarusians": 0.4088397790055249, "Southern Russians": 0.5162790697674419}, "skipped_nodes": 115, "memory_allocated_MB": 37.29248046875, "memory_reserved_MB": 158.0, "model_name": "GL_TAGConv_3l_512h_nw_k3_gnorm_gelu"}