{"f1_macro": 0.8014191201468528, "f1_weighted": 0.9125970323596315, "accuracy": 0.9077212806026366, "class_scores": {"English": 0.9579617834394905, "Germans": 0.7959183673469388, "French": 0.6027397260273972, "Belgium": 0.8490566037735849}, "skipped_nodes": 238, "model_name": "GL_TAGConv_3l_512h_w_k3_gnorm"}