{"f1_macro": 0.5871504073992513, "f1_weighted": 0.7324339119943178, "precision_macro": 0.5487012987012987, "precision_weighted": 0.6782055972196818, "recall_macro": 0.6367637540453074, "recall_weighted": 0.8028169014084507, "accuracy": 0.8028169014084507, "class_scores": {"Swedes": 0.9078947368421053, "Norwegians": 0.8535564853556485, "Danes": 0.0}, "skipped_nodes": 2, "memory_allocated_MB": 101.79638671875, "memory_reserved_MB": 176.0, "model_name": "GL_GINConv_9l_512h"}