{"f1_macro": 0.9548362789033465, "f1_weighted": 0.9577314137723709, "accuracy": 0.9577464788732394, "class_scores": {"Swedes": 0.9659863945578231, "Norwegians": 0.957345971563981, "Danes": 0.9411764705882353}, "skipped_nodes": 2, "model_name": "GL_TAGConv_3l_512h_w_k3"}