{"f1_macro": 0.736918747056797, "f1_weighted": 0.8241848790661231, "precision_macro": 0.7210470085470085, "precision_weighted": 0.9186841277332075, "recall_macro": 0.920535830407075, "recall_weighted": 0.7883435582822086, "accuracy": 0.7883435582822086, "class_scores": {"P0": 1.0, "P1": 0.8320802005012531, "P2": 0.8205128205128205, "P3": 0.29508196721311475}, "skipped_nodes": 0, "model_name": "MaxIbdSumPerClassSize"}