{"f1_macro": 0.7268616183879093, "f1_weighted": 0.8154448722010168, "precision_macro": 0.7150663942798774, "precision_weighted": 0.915491580866917, "recall_macro": 0.9108141500845364, "recall_weighted": 0.7760736196319018, "accuracy": 0.7760736196319018, "class_scores": {"P0": 1.0, "P1": 0.8261964735516373, "P2": 0.8, "P3": 0.28125}, "skipped_nodes": 0, "model_name": "MaxIbdSumPerClassSize"}