{"f1_macro": 0.8198463585564295, "f1_weighted": 0.8984127862797477, "precision_macro": 0.8151487862787532, "precision_weighted": 0.9092904261617636, "recall_macro": 0.8434566797342653, "recall_weighted": 0.8964028776978418, "accuracy": 0.8964028776978418, "class_scores": {"English": 0.9604395604395605, "Germans": 0.7843137254901961, "French": 0.656934306569343, "Belgium": 0.8776978417266187}, "skipped_nodes": 74, "memory_allocated_MB": 37.4111328125, "memory_reserved_MB": 168.0, "model_name": "GL_TAGConv_3l_512h_w_k3_gnorm"}