{"f1_macro": 0.8850714086804312, "f1_weighted": 0.9340134707954256, "precision_macro": 0.9151915227389766, "precision_weighted": 0.9357610266065672, "recall_macro": 0.8669162177185221, "recall_weighted": 0.9370629370629371, "accuracy": 0.9370629370629371, "class_scores": {"English": 0.9752953813104189, "Germans": 0.88, "French": 0.7368421052631579, "Belgium": 0.9481481481481482}, "skipped_nodes": 54, "memory_allocated_MB": 36.62109375, "memory_reserved_MB": 168.0, "model_name": "GL_TAGConv_3l_512h_w_k3"}