{"f1_macro": 0.45228185950141025, "f1_weighted": 0.5397569330083657, "accuracy": 0.475, "class_scores": {"Udmurts,Besermyan": 0.6808510638297872, "Tatars,Volga-Tatars,Mishar-Tatars,Kryashens": 0.5944272445820433, "Chuvash": 0.36363636363636365, "Mari": 0.1702127659574468}, "skipped_nodes": 6, "model_name": "MaxEdgeCountPerClassSize"}