{"f1_macro": 0.5500281001111704, "f1_weighted": 0.5992064801474277, "precision_macro": 0.5500774712409651, "precision_weighted": 0.5997350475365183, "recall_macro": 0.5535575095226855, "recall_weighted": 0.6021341463414634, "accuracy": 0.6021341463414634, "class_scores": {"Southern Russians": 0.6014319809069213, "Ukranians": 0.3880597014925373, "Northen Russians": 0.7599164926931107, "Belarusians": 0.4507042253521127}, "skipped_nodes": 1, "model_name": "MaxIbdSumPerClassSize"}