{"f1_macro": 0.9305773178573621, "f1_weighted": 0.9387833746625056, "precision_macro": 0.9269264069264068, "precision_weighted": 0.9392648860573388, "recall_macro": 0.9346011802779364, "recall_weighted": 0.9386792452830188, "accuracy": 0.9386792452830188, "class_scores": {"Swedes": 0.9473684210526315, "Norwegians": 0.9458128078817734, "Danes": 0.8985507246376812}, "skipped_nodes": 3, "memory_allocated_MB": 18.10546875, "memory_reserved_MB": 62.0, "model_name": "GL_GINConv_3l_128h"}