{"f1_macro": 0.6956993658002164, "f1_weighted": 0.7795554900042073, "precision_macro": 0.6701948051948052, "precision_weighted": 0.9001880328260696, "recall_macro": 0.9109442060085837, "recall_weighted": 0.745398773006135, "accuracy": 0.745398773006135, "class_scores": {"P0": 0.9230769230769231, "P1": 0.783289817232376, "P2": 0.7951807228915663, "P3": 0.28125}, "skipped_nodes": 0, "model_name": "MaxIbdSumPerClassSize"}