{"f1_macro": 0.8824442308462495, "f1_weighted": 0.9288022322505082, "precision_macro": 0.9038656029408515, "precision_weighted": 0.930091125512702, "recall_macro": 0.8711037951153805, "recall_weighted": 0.9314685314685315, "accuracy": 0.9314685314685315, "class_scores": {"English": 0.9655172413793104, "Germans": 0.8943089430894309, "French": 0.7413793103448276, "Belgium": 0.9285714285714286}, "skipped_nodes": 54, "memory_allocated_MB": 37.2412109375, "memory_reserved_MB": 688.0, "model_name": "GL_GATConv_9l_128h"}