{"f1_macro": 0.9824606195112224, "f1_weighted": 0.9939018461285296, "precision_macro": 0.9739316239316239, "precision_weighted": 0.9941848880499188, "recall_macro": 0.9924242424242424, "recall_weighted": 0.9938650306748467, "accuracy": 0.9938650306748467, "class_scores": {"Udmurts,Besermyan": 1.0, "Tatars,Volga-Tatars,Mishar-Tatars,Kryashens": 0.9978586723768736, "Chuvash": 0.9846153846153847, "Mari": 0.9473684210526315}, "skipped_nodes": 0, "memory_allocated_MB": 341.6103515625, "memory_reserved_MB": 10612.0, "model_name": "GL_GATConv_9l_512h"}