{"f1_macro": 0.8831233770389877, "f1_weighted": 0.9386973219551686, "accuracy": 0.9402261712439418, "class_scores": {"English": 0.9705215419501134, "Germans": 0.8452380952380952, "French": 0.78125, "Belgium": 0.9354838709677419}, "skipped_nodes": 150, "model_name": "GL_TAGConv_3l_512h_w_k3"}