{"f1_macro": 0.7660278005576513, "f1_weighted": 0.8869885388163303, "precision_macro": 0.800712400228242, "precision_weighted": 0.9162165973754882, "recall_macro": 0.8037771288178214, "recall_weighted": 0.8885298869143781, "accuracy": 0.8885298869143781, "class_scores": {"English": 0.9622857142857143, "Germans": 0.64, "French": 0.5961538461538461, "Belgium": 0.8656716417910447}, "skipped_nodes": 150, "memory_allocated_MB": 37.45703125, "memory_reserved_MB": 90.0, "model_name": "GL_TAGConv_3l_512h_w_k3"}