{"f1_macro": 0.8676922996475667, "f1_weighted": 0.9607460536122896, "precision_macro": 0.8467176927875618, "precision_weighted": 0.9622794833651399, "recall_macro": 0.89233934169279, "recall_weighted": 0.96, "accuracy": 0.96, "class_scores": {"Udmurts,Besermyan": 0.9230769230769231, "Tatars,Volga-Tatars,Mishar-Tatars,Kryashens": 0.9848156182212582, "Chuvash": 0.9312977099236641, "Mari": 0.631578947368421}, "skipped_nodes": 1, "memory_allocated_MB": 36.646484375, "memory_reserved_MB": 186.0, "model_name": "GL_TAGConv_3l_512h_w_k3_gnorm"}