{"f1_macro": 0.9650927224559763, "f1_weighted": 0.9762766778651184, "precision_macro": 0.9791666666666666, "precision_weighted": 0.9781976744186046, "recall_macro": 0.954954954954955, "recall_weighted": 0.9767441860465116, "accuracy": 0.9767441860465116, "class_scores": {"P0": 0.967741935483871, "P1": 1.0, "P2": 0.927536231884058}, "skipped_nodes": 0, "memory_allocated_MB": 102.34033203125, "memory_reserved_MB": 196.0, "model_name": "GL_GINConv_9l_512h"}