{"f1_macro": 0.7649367757438892, "f1_weighted": 0.9126126307168189, "precision_macro": 0.7677104899930987, "precision_weighted": 0.915904414695935, "recall_macro": 0.7657690441533237, "recall_weighted": 0.9099378881987578, "accuracy": 0.9099378881987578, "class_scores": {"Udmurts,Besermyan": 0.9714285714285714, "Tatars,Volga-Tatars,Mishar-Tatars,Kryashens": 0.9498910675381264, "Chuvash": 0.8527131782945736, "Mari": 0.2857142857142857}, "skipped_nodes": 4, "memory_allocated_MB": 21.9375, "memory_reserved_MB": 48.0, "model_name": "GL_MLP_3l_512h"}