{"f1_macro": 0.9010170011070091, "f1_weighted": 0.9397361268596731, "precision_macro": 0.9151921686676282, "precision_weighted": 0.9402079520914293, "recall_macro": 0.8900288565081913, "recall_weighted": 0.9410958904109589, "accuracy": 0.9410958904109589, "class_scores": {"English": 0.9742489270386266, "Germans": 0.9019607843137255, "French": 0.8148148148148148, "Belgium": 0.9130434782608695}, "skipped_nodes": 39, "memory_allocated_MB": 24.87109375, "memory_reserved_MB": 82.0, "f1_macro_score_only_mask_connect": -100.0, "f1_macro_score_only_not_mask_connect": -100.0, "f1_macro_score_mixed_connect": -100.0, "only_mask_connect_sum": -100.0, "only_not_mask_connect_sum": -100.0, "mixed_connect_sum": -100.0, "model_name": "GL_GINConv_3l_128h"}