{"f1_macro": 0.7160880241906515, "f1_weighted": 0.8526789991101476, "precision_macro": 0.7114041755346103, "precision_weighted": 0.9094133260711015, "recall_macro": 0.8120691897515931, "recall_weighted": 0.8159509202453987, "accuracy": 0.8159509202453987, "class_scores": {"Udmurts,Besermyan": 1.0, "Tatars,Volga-Tatars,Mishar-Tatars,Kryashens": 0.897196261682243, "Chuvash": 0.7407407407407407, "Mari": 0.22641509433962265}, "skipped_nodes": 0, "memory_allocated_MB": 39.52197265625, "memory_reserved_MB": 4164.0, "model_name": "GL_GATConv_9l_128h"}