{"f1_macro": 0.7202810903102823, "f1_weighted": 0.8249872525932612, "accuracy": 0.8170028818443804, "class_scores": {"English": 0.9138920780711826, "Germans": 0.6335403726708074, "French": 0.5301204819277109, "Belgium": 0.8035714285714286}, "skipped_nodes": 75, "model_name": "GL_MLP_9l_512h"}